dokument_kod	dokument_plik	dokument_tytul	url_zrodlowy	poziom	glebokosc	kolejnosc	sekcja_tytul	anchor	anchor_status	deep_link
AU01	63-cechy-rdzen-czy-maskowanie-01_01-2026-08-26.html	63 cechy — rdzeń czy maskowanie — 01.01	https://maciektora-hue.github.io/audhd/63-cechy-rdzen-czy-maskowanie-01_01-2026-08-26.html	H1	1	1	63 cechy — rdzeń czy maskowanie	63-cechy-rdzen-czy-maskowanie	OK	https://maciektora-hue.github.io/audhd/63-cechy-rdzen-czy-maskowanie-01_01-2026-08-26.html#63-cechy-rdzen-czy-maskowanie
AU01	63-cechy-rdzen-czy-maskowanie-01_01-2026-08-26.html	63 cechy — rdzeń czy maskowanie — 01.01	https://maciektora-hue.github.io/audhd/63-cechy-rdzen-czy-maskowanie-01_01-2026-08-26.html	H2	2	2	Lista	lista	OK	https://maciektora-hue.github.io/audhd/63-cechy-rdzen-czy-maskowanie-01_01-2026-08-26.html#lista
AU01	63-cechy-rdzen-czy-maskowanie-01_01-2026-08-26.html	63 cechy — rdzeń czy maskowanie — 01.01	https://maciektora-hue.github.io/audhd/63-cechy-rdzen-czy-maskowanie-01_01-2026-08-26.html	H2	2	3	Podsumowanie rachunku	podsumowanie-rachunku	OK	https://maciektora-hue.github.io/audhd/63-cechy-rdzen-czy-maskowanie-01_01-2026-08-26.html#podsumowanie-rachunku
AU02	CLAUDE_co-dziala-po-poznej-diagnozie-02_01-2026-08-26.html	Co działa po późnej diagnozie — 02.01	https://maciektora-hue.github.io/audhd/CLAUDE_co-dziala-po-poznej-diagnozie-02_01-2026-08-26.html	H1	1	1	Co działa po późnej diagnozie	co-dziala-po-poznej-diagnozie	OK	https://maciektora-hue.github.io/audhd/CLAUDE_co-dziala-po-poznej-diagnozie-02_01-2026-08-26.html#co-dziala-po-poznej-diagnozie
AU02	CLAUDE_co-dziala-po-poznej-diagnozie-02_01-2026-08-26.html	Co działa po późnej diagnozie — 02.01	https://maciektora-hue.github.io/audhd/CLAUDE_co-dziala-po-poznej-diagnozie-02_01-2026-08-26.html	H2	2	2	Mapa terenu — pięć rzeczy, które rozstrzygają	mapa-terenu-piec-rzeczy-ktore-rozstrzygaja	OK	https://maciektora-hue.github.io/audhd/CLAUDE_co-dziala-po-poznej-diagnozie-02_01-2026-08-26.html#mapa-terenu-piec-rzeczy-ktore-rozstrzygaja
AU02	CLAUDE_co-dziala-po-poznej-diagnozie-02_01-2026-08-26.html	Co działa po późnej diagnozie — 02.01	https://maciektora-hue.github.io/audhd/CLAUDE_co-dziala-po-poznej-diagnozie-02_01-2026-08-26.html	H2	2	3	Kurs o sobie	kurs-o-sobie	OK	https://maciektora-hue.github.io/audhd/CLAUDE_co-dziala-po-poznej-diagnozie-02_01-2026-08-26.html#kurs-o-sobie
AU02	CLAUDE_co-dziala-po-poznej-diagnozie-02_01-2026-08-26.html	Co działa po późnej diagnozie — 02.01	https://maciektora-hue.github.io/audhd/CLAUDE_co-dziala-po-poznej-diagnozie-02_01-2026-08-26.html	H2	2	4	Prowadzący z tego samego plemienia	prowadzacy-z-tego-samego-plemienia	OK	https://maciektora-hue.github.io/audhd/CLAUDE_co-dziala-po-poznej-diagnozie-02_01-2026-08-26.html#prowadzacy-z-tego-samego-plemienia
AU02	CLAUDE_co-dziala-po-poznej-diagnozie-02_01-2026-08-26.html	Co działa po późnej diagnozie — 02.01	https://maciektora-hue.github.io/audhd/CLAUDE_co-dziala-po-poznej-diagnozie-02_01-2026-08-26.html	H2	2	5	Ludzie w tej samej łodzi	ludzie-w-tej-samej-lodzi	OK	https://maciektora-hue.github.io/audhd/CLAUDE_co-dziala-po-poznej-diagnozie-02_01-2026-08-26.html#ludzie-w-tej-samej-lodzi
AU02	CLAUDE_co-dziala-po-poznej-diagnozie-02_01-2026-08-26.html	Co działa po późnej diagnozie — 02.01	https://maciektora-hue.github.io/audhd/CLAUDE_co-dziala-po-poznej-diagnozie-02_01-2026-08-26.html	H2	2	6	Człowiek zamiast listy numerów	czlowiek-zamiast-listy-numerow	OK	https://maciektora-hue.github.io/audhd/CLAUDE_co-dziala-po-poznej-diagnozie-02_01-2026-08-26.html#czlowiek-zamiast-listy-numerow
AU02	CLAUDE_co-dziala-po-poznej-diagnozie-02_01-2026-08-26.html	Co działa po późnej diagnozie — 02.01	https://maciektora-hue.github.io/audhd/CLAUDE_co-dziala-po-poznej-diagnozie-02_01-2026-08-26.html	H2	2	7	Pakiet na start	pakiet-na-start	OK	https://maciektora-hue.github.io/audhd/CLAUDE_co-dziala-po-poznej-diagnozie-02_01-2026-08-26.html#pakiet-na-start
AU02	CLAUDE_co-dziala-po-poznej-diagnozie-02_01-2026-08-26.html	Co działa po późnej diagnozie — 02.01	https://maciektora-hue.github.io/audhd/CLAUDE_co-dziala-po-poznej-diagnozie-02_01-2026-08-26.html	H2	2	8	Czego się domagać — lista 24 głosów	czego-sie-domagac-lista-24-glosow	OK	https://maciektora-hue.github.io/audhd/CLAUDE_co-dziala-po-poznej-diagnozie-02_01-2026-08-26.html#czego-sie-domagac-lista-24-glosow
AU02	CLAUDE_co-dziala-po-poznej-diagnozie-02_01-2026-08-26.html	Co działa po późnej diagnozie — 02.01	https://maciektora-hue.github.io/audhd/CLAUDE_co-dziala-po-poznej-diagnozie-02_01-2026-08-26.html	H2	2	9	Czego się spodziewać po sobie	czego-sie-spodziewac-po-sobie	OK	https://maciektora-hue.github.io/audhd/CLAUDE_co-dziala-po-poznej-diagnozie-02_01-2026-08-26.html#czego-sie-spodziewac-po-sobie
AU03	CLAUDE_equations-metaphysics-and-rigged-jury-EN-v01_03-2026-09-07.html	Ten equations, metaphysics, and a jury packed with friends — with notes from the zombie reviewer	https://maciektora-hue.github.io/audhd/CLAUDE_equations-metaphysics-and-rigged-jury-EN-v01_03-2026-09-07.html	H1	1	1	Ten equations, metaphysics, and a jury packed with friends	ten-equations-metaphysics-and-a-jury-packed-with-friends	OK	https://maciektora-hue.github.io/audhd/CLAUDE_equations-metaphysics-and-rigged-jury-EN-v01_03-2026-09-07.html#ten-equations-metaphysics-and-a-jury-packed-with-friends
AU03	CLAUDE_equations-metaphysics-and-rigged-jury-EN-v01_03-2026-09-07.html	Ten equations, metaphysics, and a jury packed with friends — with notes from the zombie reviewer	https://maciektora-hue.github.io/audhd/CLAUDE_equations-metaphysics-and-rigged-jury-EN-v01_03-2026-09-07.html	H2	2	2	Principle of stationary action	principle-of-stationary-action	OK	https://maciektora-hue.github.io/audhd/CLAUDE_equations-metaphysics-and-rigged-jury-EN-v01_03-2026-09-07.html#principle-of-stationary-action
AU03	CLAUDE_equations-metaphysics-and-rigged-jury-EN-v01_03-2026-09-07.html	Ten equations, metaphysics, and a jury packed with friends — with notes from the zombie reviewer	https://maciektora-hue.github.io/audhd/CLAUDE_equations-metaphysics-and-rigged-jury-EN-v01_03-2026-09-07.html	H2	2	3	Einstein field equation	einstein-field-equation	OK	https://maciektora-hue.github.io/audhd/CLAUDE_equations-metaphysics-and-rigged-jury-EN-v01_03-2026-09-07.html#einstein-field-equation
AU03	CLAUDE_equations-metaphysics-and-rigged-jury-EN-v01_03-2026-09-07.html	Ten equations, metaphysics, and a jury packed with friends — with notes from the zombie reviewer	https://maciektora-hue.github.io/audhd/CLAUDE_equations-metaphysics-and-rigged-jury-EN-v01_03-2026-09-07.html	H2	2	4	Boltzmann and the second law	boltzmann-and-the-second-law	OK	https://maciektora-hue.github.io/audhd/CLAUDE_equations-metaphysics-and-rigged-jury-EN-v01_03-2026-09-07.html#boltzmann-and-the-second-law
AU03	CLAUDE_equations-metaphysics-and-rigged-jury-EN-v01_03-2026-09-07.html	Ten equations, metaphysics, and a jury packed with friends — with notes from the zombie reviewer	https://maciektora-hue.github.io/audhd/CLAUDE_equations-metaphysics-and-rigged-jury-EN-v01_03-2026-09-07.html	H2	2	5	Bell–CHSH and the Tsirelson bound	bellchsh-and-the-tsirelson-bound	OK	https://maciektora-hue.github.io/audhd/CLAUDE_equations-metaphysics-and-rigged-jury-EN-v01_03-2026-09-07.html#bellchsh-and-the-tsirelson-bound
AU03	CLAUDE_equations-metaphysics-and-rigged-jury-EN-v01_03-2026-09-07.html	Ten equations, metaphysics, and a jury packed with friends — with notes from the zombie reviewer	https://maciektora-hue.github.io/audhd/CLAUDE_equations-metaphysics-and-rigged-jury-EN-v01_03-2026-09-07.html	H2	2	6	Uncertainty relation	uncertainty-relation	OK	https://maciektora-hue.github.io/audhd/CLAUDE_equations-metaphysics-and-rigged-jury-EN-v01_03-2026-09-07.html#uncertainty-relation
AU03	CLAUDE_equations-metaphysics-and-rigged-jury-EN-v01_03-2026-09-07.html	Ten equations, metaphysics, and a jury packed with friends — with notes from the zombie reviewer	https://maciektora-hue.github.io/audhd/CLAUDE_equations-metaphysics-and-rigged-jury-EN-v01_03-2026-09-07.html	H2	2	7	Maxwell in two lines	maxwell-in-two-lines	OK	https://maciektora-hue.github.io/audhd/CLAUDE_equations-metaphysics-and-rigged-jury-EN-v01_03-2026-09-07.html#maxwell-in-two-lines
AU03	CLAUDE_equations-metaphysics-and-rigged-jury-EN-v01_03-2026-09-07.html	Ten equations, metaphysics, and a jury packed with friends — with notes from the zombie reviewer	https://maciektora-hue.github.io/audhd/CLAUDE_equations-metaphysics-and-rigged-jury-EN-v01_03-2026-09-07.html	H2	2	8	Dirac equation	dirac-equation	OK	https://maciektora-hue.github.io/audhd/CLAUDE_equations-metaphysics-and-rigged-jury-EN-v01_03-2026-09-07.html#dirac-equation
AU03	CLAUDE_equations-metaphysics-and-rigged-jury-EN-v01_03-2026-09-07.html	Ten equations, metaphysics, and a jury packed with friends — with notes from the zombie reviewer	https://maciektora-hue.github.io/audhd/CLAUDE_equations-metaphysics-and-rigged-jury-EN-v01_03-2026-09-07.html	H2	2	9	Navier–Stokes equations · outside the competition	navierstokes-equations-outside-the-competition	OK	https://maciektora-hue.github.io/audhd/CLAUDE_equations-metaphysics-and-rigged-jury-EN-v01_03-2026-09-07.html#navierstokes-equations-outside-the-competition
AU03	CLAUDE_equations-metaphysics-and-rigged-jury-EN-v01_03-2026-09-07.html	Ten equations, metaphysics, and a jury packed with friends — with notes from the zombie reviewer	https://maciektora-hue.github.io/audhd/CLAUDE_equations-metaphysics-and-rigged-jury-EN-v01_03-2026-09-07.html	H2	2	10	Landauer's limit	landauer-s-limit	OK	https://maciektora-hue.github.io/audhd/CLAUDE_equations-metaphysics-and-rigged-jury-EN-v01_03-2026-09-07.html#landauer-s-limit
AU03	CLAUDE_equations-metaphysics-and-rigged-jury-EN-v01_03-2026-09-07.html	Ten equations, metaphysics, and a jury packed with friends — with notes from the zombie reviewer	https://maciektora-hue.github.io/audhd/CLAUDE_equations-metaphysics-and-rigged-jury-EN-v01_03-2026-09-07.html	H2	2	11	Wheeler–DeWitt	wheelerdewitt	OK	https://maciektora-hue.github.io/audhd/CLAUDE_equations-metaphysics-and-rigged-jury-EN-v01_03-2026-09-07.html#wheelerdewitt
AU03	CLAUDE_equations-metaphysics-and-rigged-jury-EN-v01_03-2026-09-07.html	Ten equations, metaphysics, and a jury packed with friends — with notes from the zombie reviewer	https://maciektora-hue.github.io/audhd/CLAUDE_equations-metaphysics-and-rigged-jury-EN-v01_03-2026-09-07.html	H2	2	12	Competition jury	competition-jury	OK	https://maciektora-hue.github.io/audhd/CLAUDE_equations-metaphysics-and-rigged-jury-EN-v01_03-2026-09-07.html#competition-jury
AU03	CLAUDE_equations-metaphysics-and-rigged-jury-EN-v01_03-2026-09-07.html	Ten equations, metaphysics, and a jury packed with friends — with notes from the zombie reviewer	https://maciektora-hue.github.io/audhd/CLAUDE_equations-metaphysics-and-rigged-jury-EN-v01_03-2026-09-07.html	H3	3	13	Assessment of impartiality	assessment-of-impartiality	OK	https://maciektora-hue.github.io/audhd/CLAUDE_equations-metaphysics-and-rigged-jury-EN-v01_03-2026-09-07.html#assessment-of-impartiality
AU04	CLAUDE_rownania-metafizyka-i-komisja-v01_02-2026-09-03.html	Dziesięć równań, metafizyka i komisja po znajomości — z uwagami zombierewizora	https://maciektora-hue.github.io/audhd/CLAUDE_rownania-metafizyka-i-komisja-v01_02-2026-09-03.html	H1	1	1	Dziesięć równań, metafizyka i komisja po znajomości	dziesiec-rownan-metafizyka-i-komisja-po-znajomosci	OK	https://maciektora-hue.github.io/audhd/CLAUDE_rownania-metafizyka-i-komisja-v01_02-2026-09-03.html#dziesiec-rownan-metafizyka-i-komisja-po-znajomosci
AU04	CLAUDE_rownania-metafizyka-i-komisja-v01_02-2026-09-03.html	Dziesięć równań, metafizyka i komisja po znajomości — z uwagami zombierewizora	https://maciektora-hue.github.io/audhd/CLAUDE_rownania-metafizyka-i-komisja-v01_02-2026-09-03.html	H2	2	2	Zasada stacjonarnego działania	zasada-stacjonarnego-dziaania	OK	https://maciektora-hue.github.io/audhd/CLAUDE_rownania-metafizyka-i-komisja-v01_02-2026-09-03.html#zasada-stacjonarnego-dziaania
AU04	CLAUDE_rownania-metafizyka-i-komisja-v01_02-2026-09-03.html	Dziesięć równań, metafizyka i komisja po znajomości — z uwagami zombierewizora	https://maciektora-hue.github.io/audhd/CLAUDE_rownania-metafizyka-i-komisja-v01_02-2026-09-03.html	H2	2	3	Równanie pola Einsteina	rownanie-pola-einsteina	OK	https://maciektora-hue.github.io/audhd/CLAUDE_rownania-metafizyka-i-komisja-v01_02-2026-09-03.html#rownanie-pola-einsteina
AU04	CLAUDE_rownania-metafizyka-i-komisja-v01_02-2026-09-03.html	Dziesięć równań, metafizyka i komisja po znajomości — z uwagami zombierewizora	https://maciektora-hue.github.io/audhd/CLAUDE_rownania-metafizyka-i-komisja-v01_02-2026-09-03.html	H2	2	4	Boltzmann i druga zasada	boltzmann-i-druga-zasada	OK	https://maciektora-hue.github.io/audhd/CLAUDE_rownania-metafizyka-i-komisja-v01_02-2026-09-03.html#boltzmann-i-druga-zasada
AU04	CLAUDE_rownania-metafizyka-i-komisja-v01_02-2026-09-03.html	Dziesięć równań, metafizyka i komisja po znajomości — z uwagami zombierewizora	https://maciektora-hue.github.io/audhd/CLAUDE_rownania-metafizyka-i-komisja-v01_02-2026-09-03.html	H2	2	5	Bell–CHSH i granica Tsirelsona	bellchsh-i-granica-tsirelsona	OK	https://maciektora-hue.github.io/audhd/CLAUDE_rownania-metafizyka-i-komisja-v01_02-2026-09-03.html#bellchsh-i-granica-tsirelsona
AU04	CLAUDE_rownania-metafizyka-i-komisja-v01_02-2026-09-03.html	Dziesięć równań, metafizyka i komisja po znajomości — z uwagami zombierewizora	https://maciektora-hue.github.io/audhd/CLAUDE_rownania-metafizyka-i-komisja-v01_02-2026-09-03.html	H2	2	6	Nierówność nieoznaczoności	nierownosc-nieoznaczonosci	OK	https://maciektora-hue.github.io/audhd/CLAUDE_rownania-metafizyka-i-komisja-v01_02-2026-09-03.html#nierownosc-nieoznaczonosci
AU04	CLAUDE_rownania-metafizyka-i-komisja-v01_02-2026-09-03.html	Dziesięć równań, metafizyka i komisja po znajomości — z uwagami zombierewizora	https://maciektora-hue.github.io/audhd/CLAUDE_rownania-metafizyka-i-komisja-v01_02-2026-09-03.html	H2	2	7	Maxwell w dwóch liniach	maxwell-w-dwoch-liniach	OK	https://maciektora-hue.github.io/audhd/CLAUDE_rownania-metafizyka-i-komisja-v01_02-2026-09-03.html#maxwell-w-dwoch-liniach
AU04	CLAUDE_rownania-metafizyka-i-komisja-v01_02-2026-09-03.html	Dziesięć równań, metafizyka i komisja po znajomości — z uwagami zombierewizora	https://maciektora-hue.github.io/audhd/CLAUDE_rownania-metafizyka-i-komisja-v01_02-2026-09-03.html	H2	2	8	Równanie Diraca	rownanie-diraca	OK	https://maciektora-hue.github.io/audhd/CLAUDE_rownania-metafizyka-i-komisja-v01_02-2026-09-03.html#rownanie-diraca
AU04	CLAUDE_rownania-metafizyka-i-komisja-v01_02-2026-09-03.html	Dziesięć równań, metafizyka i komisja po znajomości — z uwagami zombierewizora	https://maciektora-hue.github.io/audhd/CLAUDE_rownania-metafizyka-i-komisja-v01_02-2026-09-03.html	H2	2	9	Równania Naviera–Stokesa · poza konkursem	rownania-navierastokesa-poza-konkursem	OK	https://maciektora-hue.github.io/audhd/CLAUDE_rownania-metafizyka-i-komisja-v01_02-2026-09-03.html#rownania-navierastokesa-poza-konkursem
AU04	CLAUDE_rownania-metafizyka-i-komisja-v01_02-2026-09-03.html	Dziesięć równań, metafizyka i komisja po znajomości — z uwagami zombierewizora	https://maciektora-hue.github.io/audhd/CLAUDE_rownania-metafizyka-i-komisja-v01_02-2026-09-03.html	H2	2	10	Granica Landauera	granica-landauera	OK	https://maciektora-hue.github.io/audhd/CLAUDE_rownania-metafizyka-i-komisja-v01_02-2026-09-03.html#granica-landauera
AU04	CLAUDE_rownania-metafizyka-i-komisja-v01_02-2026-09-03.html	Dziesięć równań, metafizyka i komisja po znajomości — z uwagami zombierewizora	https://maciektora-hue.github.io/audhd/CLAUDE_rownania-metafizyka-i-komisja-v01_02-2026-09-03.html	H2	2	11	Wheeler–DeWitt	wheelerdewitt	OK	https://maciektora-hue.github.io/audhd/CLAUDE_rownania-metafizyka-i-komisja-v01_02-2026-09-03.html#wheelerdewitt
AU04	CLAUDE_rownania-metafizyka-i-komisja-v01_02-2026-09-03.html	Dziesięć równań, metafizyka i komisja po znajomości — z uwagami zombierewizora	https://maciektora-hue.github.io/audhd/CLAUDE_rownania-metafizyka-i-komisja-v01_02-2026-09-03.html	H2	2	12	Komisja konkursowa	komisja-konkursowa	OK	https://maciektora-hue.github.io/audhd/CLAUDE_rownania-metafizyka-i-komisja-v01_02-2026-09-03.html#komisja-konkursowa
AU04	CLAUDE_rownania-metafizyka-i-komisja-v01_02-2026-09-03.html	Dziesięć równań, metafizyka i komisja po znajomości — z uwagami zombierewizora	https://maciektora-hue.github.io/audhd/CLAUDE_rownania-metafizyka-i-komisja-v01_02-2026-09-03.html	H3	3	13	Ocena bezstronności	ocena-bezstronnosci	OK	https://maciektora-hue.github.io/audhd/CLAUDE_rownania-metafizyka-i-komisja-v01_02-2026-09-03.html#ocena-bezstronnosci
AU05	ESEJ_architektury-pamieci-1_02-2026-04-28.html	Architektury pamięci — od pamięci RAM lat 80. do mózgów neuroróżnorodnych	https://maciektora-hue.github.io/audhd/ESEJ_architektury-pamieci-1_02-2026-04-28.html	H1	1	1	Architektury pamięci jako mapa poznawcza	architektury-pamieci-jako-mapa-poznawcza	OK	https://maciektora-hue.github.io/audhd/ESEJ_architektury-pamieci-1_02-2026-04-28.html#architektury-pamieci-jako-mapa-poznawcza
AU05	ESEJ_architektury-pamieci-1_02-2026-04-28.html	Architektury pamięci — od pamięci RAM lat 80. do mózgów neuroróżnorodnych	https://maciektora-hue.github.io/audhd/ESEJ_architektury-pamieci-1_02-2026-04-28.html	H3	3	2	Streszczenie	streszczenie	OK	https://maciektora-hue.github.io/audhd/ESEJ_architektury-pamieci-1_02-2026-04-28.html#streszczenie
AU05	ESEJ_architektury-pamieci-1_02-2026-04-28.html	Architektury pamięci — od pamięci RAM lat 80. do mózgów neuroróżnorodnych	https://maciektora-hue.github.io/audhd/ESEJ_architektury-pamieci-1_02-2026-04-28.html	H2	2	3	§1 Wprowadzenie — jeden problem, wiele rozwiązań	1-wprowadzenie-jeden-problem-wiele-rozwiazan	OK	https://maciektora-hue.github.io/audhd/ESEJ_architektury-pamieci-1_02-2026-04-28.html#1-wprowadzenie-jeden-problem-wiele-rozwiazan
AU05	ESEJ_architektury-pamieci-1_02-2026-04-28.html	Architektury pamięci — od pamięci RAM lat 80. do mózgów neuroróżnorodnych	https://maciektora-hue.github.io/audhd/ESEJ_architektury-pamieci-1_02-2026-04-28.html	H2	2	4	§2 Pamięć komputerowa lat 80. i wczesnych 90. — fizyka jako ramy projektowe	2-pamiec-komputerowa-lat-80-i-wczesnych-90-fizyka-jako-ramy-projektowe	OK	https://maciektora-hue.github.io/audhd/ESEJ_architektury-pamieci-1_02-2026-04-28.html#2-pamiec-komputerowa-lat-80-i-wczesnych-90-fizyka-jako-ramy-projektowe
AU05	ESEJ_architektury-pamieci-1_02-2026-04-28.html	Architektury pamięci — od pamięci RAM lat 80. do mózgów neuroróżnorodnych	https://maciektora-hue.github.io/audhd/ESEJ_architektury-pamieci-1_02-2026-04-28.html	H4	4	5	Źródła do §2	zroda-do-2	OK	https://maciektora-hue.github.io/audhd/ESEJ_architektury-pamieci-1_02-2026-04-28.html#zroda-do-2
AU05	ESEJ_architektury-pamieci-1_02-2026-04-28.html	Architektury pamięci — od pamięci RAM lat 80. do mózgów neuroróżnorodnych	https://maciektora-hue.github.io/audhd/ESEJ_architektury-pamieci-1_02-2026-04-28.html	H2	2	6	§3 Pamięć w języku C — manualne zarządzanie jako paradygmat	3-pamiec-w-jezyku-c-manualne-zarzadzanie-jako-paradygmat	OK	https://maciektora-hue.github.io/audhd/ESEJ_architektury-pamieci-1_02-2026-04-28.html#3-pamiec-w-jezyku-c-manualne-zarzadzanie-jako-paradygmat
AU05	ESEJ_architektury-pamieci-1_02-2026-04-28.html	Architektury pamięci — od pamięci RAM lat 80. do mózgów neuroróżnorodnych	https://maciektora-hue.github.io/audhd/ESEJ_architektury-pamieci-1_02-2026-04-28.html	H4	4	7	Źródła do §3	zroda-do-3	OK	https://maciektora-hue.github.io/audhd/ESEJ_architektury-pamieci-1_02-2026-04-28.html#zroda-do-3
AU05	ESEJ_architektury-pamieci-1_02-2026-04-28.html	Architektury pamięci — od pamięci RAM lat 80. do mózgów neuroróżnorodnych	https://maciektora-hue.github.io/audhd/ESEJ_architektury-pamieci-1_02-2026-04-28.html	H2	2	8	§4 Pamięć w Pythonie — referencje, garbage collector, abstrakcja	4-pamiec-w-pythonie-referencje-garbage-collector-abstrakcja	OK	https://maciektora-hue.github.io/audhd/ESEJ_architektury-pamieci-1_02-2026-04-28.html#4-pamiec-w-pythonie-referencje-garbage-collector-abstrakcja
AU05	ESEJ_architektury-pamieci-1_02-2026-04-28.html	Architektury pamięci — od pamięci RAM lat 80. do mózgów neuroróżnorodnych	https://maciektora-hue.github.io/audhd/ESEJ_architektury-pamieci-1_02-2026-04-28.html	H4	4	9	Źródła do §4	zroda-do-4	OK	https://maciektora-hue.github.io/audhd/ESEJ_architektury-pamieci-1_02-2026-04-28.html#zroda-do-4
AU05	ESEJ_architektury-pamieci-1_02-2026-04-28.html	Architektury pamięci — od pamięci RAM lat 80. do mózgów neuroróżnorodnych	https://maciektora-hue.github.io/audhd/ESEJ_architektury-pamieci-1_02-2026-04-28.html	H2	2	10	§5 Pamięć w JavaScript — przypadkowy język ery przeglądarek	5-pamiec-w-javascript-przypadkowy-jezyk-ery-przegladarek	OK	https://maciektora-hue.github.io/audhd/ESEJ_architektury-pamieci-1_02-2026-04-28.html#5-pamiec-w-javascript-przypadkowy-jezyk-ery-przegladarek
AU05	ESEJ_architektury-pamieci-1_02-2026-04-28.html	Architektury pamięci — od pamięci RAM lat 80. do mózgów neuroróżnorodnych	https://maciektora-hue.github.io/audhd/ESEJ_architektury-pamieci-1_02-2026-04-28.html	H4	4	11	Źródła do §5	zroda-do-5	OK	https://maciektora-hue.github.io/audhd/ESEJ_architektury-pamieci-1_02-2026-04-28.html#zroda-do-5
AU05	ESEJ_architektury-pamieci-1_02-2026-04-28.html	Architektury pamięci — od pamięci RAM lat 80. do mózgów neuroróżnorodnych	https://maciektora-hue.github.io/audhd/ESEJ_architektury-pamieci-1_02-2026-04-28.html	H2	2	12	§6 Pamięć w big data — Hadoop, MapReduce i ekonomia rozproszenia	6-pamiec-w-big-data-hadoop-mapreduce-i-ekonomia-rozproszenia	OK	https://maciektora-hue.github.io/audhd/ESEJ_architektury-pamieci-1_02-2026-04-28.html#6-pamiec-w-big-data-hadoop-mapreduce-i-ekonomia-rozproszenia
AU05	ESEJ_architektury-pamieci-1_02-2026-04-28.html	Architektury pamięci — od pamięci RAM lat 80. do mózgów neuroróżnorodnych	https://maciektora-hue.github.io/audhd/ESEJ_architektury-pamieci-1_02-2026-04-28.html	H4	4	13	Źródła do §6	zroda-do-6	OK	https://maciektora-hue.github.io/audhd/ESEJ_architektury-pamieci-1_02-2026-04-28.html#zroda-do-6
AU05	ESEJ_architektury-pamieci-1_02-2026-04-28.html	Architektury pamięci — od pamięci RAM lat 80. do mózgów neuroróżnorodnych	https://maciektora-hue.github.io/audhd/ESEJ_architektury-pamieci-1_02-2026-04-28.html	H2	2	14	§7 Pamięć ludzka — schemat, hipokamp, kora, sen	7-pamiec-ludzka-schemat-hipokamp-kora-sen	OK	https://maciektora-hue.github.io/audhd/ESEJ_architektury-pamieci-1_02-2026-04-28.html#7-pamiec-ludzka-schemat-hipokamp-kora-sen
AU05	ESEJ_architektury-pamieci-1_02-2026-04-28.html	Architektury pamięci — od pamięci RAM lat 80. do mózgów neuroróżnorodnych	https://maciektora-hue.github.io/audhd/ESEJ_architektury-pamieci-1_02-2026-04-28.html	H3	3	15	Hierarchia pamięci u człowieka	hierarchia-pamieci-u-czowieka	OK	https://maciektora-hue.github.io/audhd/ESEJ_architektury-pamieci-1_02-2026-04-28.html#hierarchia-pamieci-u-czowieka
AU05	ESEJ_architektury-pamieci-1_02-2026-04-28.html	Architektury pamięci — od pamięci RAM lat 80. do mózgów neuroróżnorodnych	https://maciektora-hue.github.io/audhd/ESEJ_architektury-pamieci-1_02-2026-04-28.html	H3	3	16	Sen głęboki (SWS) i sen REM jako fazy konsolidacji	sen-geboki-sws-i-sen-rem-jako-fazy-konsolidacji	OK	https://maciektora-hue.github.io/audhd/ESEJ_architektury-pamieci-1_02-2026-04-28.html#sen-geboki-sws-i-sen-rem-jako-fazy-konsolidacji
AU05	ESEJ_architektury-pamieci-1_02-2026-04-28.html	Architektury pamięci — od pamięci RAM lat 80. do mózgów neuroróżnorodnych	https://maciektora-hue.github.io/audhd/ESEJ_architektury-pamieci-1_02-2026-04-28.html	H3	3	17	Pamięć ludzka jako kompresor stratny	pamiec-ludzka-jako-kompresor-stratny	OK	https://maciektora-hue.github.io/audhd/ESEJ_architektury-pamieci-1_02-2026-04-28.html#pamiec-ludzka-jako-kompresor-stratny
AU05	ESEJ_architektury-pamieci-1_02-2026-04-28.html	Architektury pamięci — od pamięci RAM lat 80. do mózgów neuroróżnorodnych	https://maciektora-hue.github.io/audhd/ESEJ_architektury-pamieci-1_02-2026-04-28.html	H4	4	18	Źródła do §7	zroda-do-7	OK	https://maciektora-hue.github.io/audhd/ESEJ_architektury-pamieci-1_02-2026-04-28.html#zroda-do-7
AU05	ESEJ_architektury-pamieci-1_02-2026-04-28.html	Architektury pamięci — od pamięci RAM lat 80. do mózgów neuroróżnorodnych	https://maciektora-hue.github.io/audhd/ESEJ_architektury-pamieci-1_02-2026-04-28.html	H2	2	19	§8 Pamięć neurotypowa vs neuroróżnorodna — różnica strategii projektowej	8-pamiec-neurotypowa-vs-neuroroznorodna-roznica-strategii-projektowej	OK	https://maciektora-hue.github.io/audhd/ESEJ_architektury-pamieci-1_02-2026-04-28.html#8-pamiec-neurotypowa-vs-neuroroznorodna-roznica-strategii-projektowej
AU05	ESEJ_architektury-pamieci-1_02-2026-04-28.html	Architektury pamięci — od pamięci RAM lat 80. do mózgów neuroróżnorodnych	https://maciektora-hue.github.io/audhd/ESEJ_architektury-pamieci-1_02-2026-04-28.html	H3	3	20	Monotropizm — teoria uwagi w autyzmie	monotropizm-teoria-uwagi-w-autyzmie	OK	https://maciektora-hue.github.io/audhd/ESEJ_architektury-pamieci-1_02-2026-04-28.html#monotropizm-teoria-uwagi-w-autyzmie
AU05	ESEJ_architektury-pamieci-1_02-2026-04-28.html	Architektury pamięci — od pamięci RAM lat 80. do mózgów neuroróżnorodnych	https://maciektora-hue.github.io/audhd/ESEJ_architektury-pamieci-1_02-2026-04-28.html	H3	3	21	Słaba spójność centralna (weak central coherence) — teoria szczegółu	saba-spojnosc-centralna-weak-central-coherence-teoria-szczegou	OK	https://maciektora-hue.github.io/audhd/ESEJ_architektury-pamieci-1_02-2026-04-28.html#saba-spojnosc-centralna-weak-central-coherence-teoria-szczegou
AU05	ESEJ_architektury-pamieci-1_02-2026-04-28.html	Architektury pamięci — od pamięci RAM lat 80. do mózgów neuroróżnorodnych	https://maciektora-hue.github.io/audhd/ESEJ_architektury-pamieci-1_02-2026-04-28.html	H3	3	22	Pamięć robocza w ADHD — deficyt wykonawczy	pamiec-robocza-w-adhd-deficyt-wykonawczy	OK	https://maciektora-hue.github.io/audhd/ESEJ_architektury-pamieci-1_02-2026-04-28.html#pamiec-robocza-w-adhd-deficyt-wykonawczy
AU05	ESEJ_architektury-pamieci-1_02-2026-04-28.html	Architektury pamięci — od pamięci RAM lat 80. do mózgów neuroróżnorodnych	https://maciektora-hue.github.io/audhd/ESEJ_architektury-pamieci-1_02-2026-04-28.html	H3	3	23	Synteza — pamięć ND jako pointer-based	synteza-pamiec-nd-jako-pointer-based	OK	https://maciektora-hue.github.io/audhd/ESEJ_architektury-pamieci-1_02-2026-04-28.html#synteza-pamiec-nd-jako-pointer-based
AU05	ESEJ_architektury-pamieci-1_02-2026-04-28.html	Architektury pamięci — od pamięci RAM lat 80. do mózgów neuroróżnorodnych	https://maciektora-hue.github.io/audhd/ESEJ_architektury-pamieci-1_02-2026-04-28.html	H4	4	24	Źródła do §8	zroda-do-8	OK	https://maciektora-hue.github.io/audhd/ESEJ_architektury-pamieci-1_02-2026-04-28.html#zroda-do-8
AU05	ESEJ_architektury-pamieci-1_02-2026-04-28.html	Architektury pamięci — od pamięci RAM lat 80. do mózgów neuroróżnorodnych	https://maciektora-hue.github.io/audhd/ESEJ_architektury-pamieci-1_02-2026-04-28.html	H2	2	25	§9 Konsekwencje — kto buduje fundamenty informatyki	9-konsekwencje-kto-buduje-fundamenty-informatyki	OK	https://maciektora-hue.github.io/audhd/ESEJ_architektury-pamieci-1_02-2026-04-28.html#9-konsekwencje-kto-buduje-fundamenty-informatyki
AU05	ESEJ_architektury-pamieci-1_02-2026-04-28.html	Architektury pamięci — od pamięci RAM lat 80. do mózgów neuroróżnorodnych	https://maciektora-hue.github.io/audhd/ESEJ_architektury-pamieci-1_02-2026-04-28.html	H2	2	26	§10 Konkluzja	10-konkluzja	OK	https://maciektora-hue.github.io/audhd/ESEJ_architektury-pamieci-1_02-2026-04-28.html#10-konkluzja
AU06	POWIESC_architektury-pamieci-2_00-2026-04-29.html	Architektury pamięci — opowieść o tym, kto naprawdę zbudował IT	https://maciektora-hue.github.io/audhd/POWIESC_architektury-pamieci-2_00-2026-04-29.html	H1	1	1	Architektury pamięci	architektury-pamieci	OK	https://maciektora-hue.github.io/audhd/POWIESC_architektury-pamieci-2_00-2026-04-29.html#architektury-pamieci
AU06	POWIESC_architektury-pamieci-2_00-2026-04-29.html	Architektury pamięci — opowieść o tym, kto naprawdę zbudował IT	https://maciektora-hue.github.io/audhd/POWIESC_architektury-pamieci-2_00-2026-04-29.html	H2	2	2	Bell Labs, sierpień 1969	bell-labs-sierpien-1969	OK	https://maciektora-hue.github.io/audhd/POWIESC_architektury-pamieci-2_00-2026-04-29.html#bell-labs-sierpien-1969
AU06	POWIESC_architektury-pamieci-2_00-2026-04-29.html	Architektury pamięci — opowieść o tym, kto naprawdę zbudował IT	https://maciektora-hue.github.io/audhd/POWIESC_architektury-pamieci-2_00-2026-04-29.html	H2	2	3	Stanford, 30 marca 1977	stanford-30-marca-1977	OK	https://maciektora-hue.github.io/audhd/POWIESC_architektury-pamieci-2_00-2026-04-29.html#stanford-30-marca-1977
AU06	POWIESC_architektury-pamieci-2_00-2026-04-29.html	Architektury pamięci — opowieść o tym, kto naprawdę zbudował IT	https://maciektora-hue.github.io/audhd/POWIESC_architektury-pamieci-2_00-2026-04-29.html	H2	2	4	Cambridge, Massachusetts, 1980-2019	cambridge-massachusetts-1980-2019	OK	https://maciektora-hue.github.io/audhd/POWIESC_architektury-pamieci-2_00-2026-04-29.html#cambridge-massachusetts-1980-2019
AU06	POWIESC_architektury-pamieci-2_00-2026-04-29.html	Architektury pamięci — opowieść o tym, kto naprawdę zbudował IT	https://maciektora-hue.github.io/audhd/POWIESC_architektury-pamieci-2_00-2026-04-29.html	H2	2	5	Helsinki, 14 czerwca 2012	helsinki-14-czerwca-2012	OK	https://maciektora-hue.github.io/audhd/POWIESC_architektury-pamieci-2_00-2026-04-29.html#helsinki-14-czerwca-2012
AU06	POWIESC_architektury-pamieci-2_00-2026-04-29.html	Architektury pamięci — opowieść o tym, kto naprawdę zbudował IT	https://maciektora-hue.github.io/audhd/POWIESC_architektury-pamieci-2_00-2026-04-29.html	H2	2	6	San Francisco, garaż, 1976	san-francisco-garaz-1976	OK	https://maciektora-hue.github.io/audhd/POWIESC_architektury-pamieci-2_00-2026-04-29.html#san-francisco-garaz-1976
AU06	POWIESC_architektury-pamieci-2_00-2026-04-29.html	Architektury pamięci — opowieść o tym, kto naprawdę zbudował IT	https://maciektora-hue.github.io/audhd/POWIESC_architektury-pamieci-2_00-2026-04-29.html	H2	2	7	I tu jest najmocniejsze: kategorii nie było	i-tu-jest-najmocniejsze-kategorii-nie-byo	OK	https://maciektora-hue.github.io/audhd/POWIESC_architektury-pamieci-2_00-2026-04-29.html#i-tu-jest-najmocniejsze-kategorii-nie-byo
AU06	POWIESC_architektury-pamieci-2_00-2026-04-29.html	Architektury pamięci — opowieść o tym, kto naprawdę zbudował IT	https://maciektora-hue.github.io/audhd/POWIESC_architektury-pamieci-2_00-2026-04-29.html	H2	2	8	I dlaczego to ma znaczenie z perspektywy pamięci	i-dlaczego-to-ma-znaczenie-z-perspektywy-pamieci	OK	https://maciektora-hue.github.io/audhd/POWIESC_architektury-pamieci-2_00-2026-04-29.html#i-dlaczego-to-ma-znaczenie-z-perspektywy-pamieci
AU06	POWIESC_architektury-pamieci-2_00-2026-04-29.html	Architektury pamięci — opowieść o tym, kto naprawdę zbudował IT	https://maciektora-hue.github.io/audhd/POWIESC_architektury-pamieci-2_00-2026-04-29.html	H2	2	9	JavaScript jako wyjątek potwierdzający	javascript-jako-wyjatek-potwierdzajacy	OK	https://maciektora-hue.github.io/audhd/POWIESC_architektury-pamieci-2_00-2026-04-29.html#javascript-jako-wyjatek-potwierdzajacy
AU06	POWIESC_architektury-pamieci-2_00-2026-04-29.html	Architektury pamięci — opowieść o tym, kto naprawdę zbudował IT	https://maciektora-hue.github.io/audhd/POWIESC_architektury-pamieci-2_00-2026-04-29.html	H2	2	10	Co to znaczy z perspektywy 2026 roku	co-to-znaczy-z-perspektywy-2026-roku	OK	https://maciektora-hue.github.io/audhd/POWIESC_architektury-pamieci-2_00-2026-04-29.html#co-to-znaczy-z-perspektywy-2026-roku
AU07	adhd-pomaganie-kosztem-siebie-v01.00-2026-05-14.html	ADHD i pomaganie kosztem siebie — teza i mechanizm	https://maciektora-hue.github.io/audhd/adhd-pomaganie-kosztem-siebie-v01.00-2026-05-14.html	H1	1	1	ADHD i pomaganie kosztem siebie	adhd-i-pomaganie-kosztem-siebie	OK	https://maciektora-hue.github.io/audhd/adhd-pomaganie-kosztem-siebie-v01.00-2026-05-14.html#adhd-i-pomaganie-kosztem-siebie
AU07	adhd-pomaganie-kosztem-siebie-v01.00-2026-05-14.html	ADHD i pomaganie kosztem siebie — teza i mechanizm	https://maciektora-hue.github.io/audhd/adhd-pomaganie-kosztem-siebie-v01.00-2026-05-14.html	H2	2	2	Teza w postaci kompaktowej	teza-w-postaci-kompaktowej	OK	https://maciektora-hue.github.io/audhd/adhd-pomaganie-kosztem-siebie-v01.00-2026-05-14.html#teza-w-postaci-kompaktowej
AU07	adhd-pomaganie-kosztem-siebie-v01.00-2026-05-14.html	ADHD i pomaganie kosztem siebie — teza i mechanizm	https://maciektora-hue.github.io/audhd/adhd-pomaganie-kosztem-siebie-v01.00-2026-05-14.html	H2	2	3	Rozwinięcie	rozwiniecie	OK	https://maciektora-hue.github.io/audhd/adhd-pomaganie-kosztem-siebie-v01.00-2026-05-14.html#rozwiniecie
AU07	adhd-pomaganie-kosztem-siebie-v01.00-2026-05-14.html	ADHD i pomaganie kosztem siebie — teza i mechanizm	https://maciektora-hue.github.io/audhd/adhd-pomaganie-kosztem-siebie-v01.00-2026-05-14.html	H3	3	4	Mechanizm 1: nadwrażliwość na odrzucenie społeczne	mechanizm-1-nadwrazliwosc-na-odrzucenie-spoeczne	OK	https://maciektora-hue.github.io/audhd/adhd-pomaganie-kosztem-siebie-v01.00-2026-05-14.html#mechanizm-1-nadwrazliwosc-na-odrzucenie-spoeczne
AU07	adhd-pomaganie-kosztem-siebie-v01.00-2026-05-14.html	ADHD i pomaganie kosztem siebie — teza i mechanizm	https://maciektora-hue.github.io/audhd/adhd-pomaganie-kosztem-siebie-v01.00-2026-05-14.html	H3	3	5	Mechanizm 2: stroma krzywa dyskontowania nagrody w czasie	mechanizm-2-stroma-krzywa-dyskontowania-nagrody-w-czasie	OK	https://maciektora-hue.github.io/audhd/adhd-pomaganie-kosztem-siebie-v01.00-2026-05-14.html#mechanizm-2-stroma-krzywa-dyskontowania-nagrody-w-czasie
AU07	adhd-pomaganie-kosztem-siebie-v01.00-2026-05-14.html	ADHD i pomaganie kosztem siebie — teza i mechanizm	https://maciektora-hue.github.io/audhd/adhd-pomaganie-kosztem-siebie-v01.00-2026-05-14.html	H3	3	6	Mechanizm 3: słabsza regulacja granic w konfrontacji	mechanizm-3-sabsza-regulacja-granic-w-konfrontacji	OK	https://maciektora-hue.github.io/audhd/adhd-pomaganie-kosztem-siebie-v01.00-2026-05-14.html#mechanizm-3-sabsza-regulacja-granic-w-konfrontacji
AU07	adhd-pomaganie-kosztem-siebie-v01.00-2026-05-14.html	ADHD i pomaganie kosztem siebie — teza i mechanizm	https://maciektora-hue.github.io/audhd/adhd-pomaganie-kosztem-siebie-v01.00-2026-05-14.html	H3	3	7	Asymetria, którą neurotypowi nieświadomie eksploatują	asymetria-ktora-neurotypowi-nieswiadomie-eksploatuja	OK	https://maciektora-hue.github.io/audhd/adhd-pomaganie-kosztem-siebie-v01.00-2026-05-14.html#asymetria-ktora-neurotypowi-nieswiadomie-eksploatuja
AU07	adhd-pomaganie-kosztem-siebie-v01.00-2026-05-14.html	ADHD i pomaganie kosztem siebie — teza i mechanizm	https://maciektora-hue.github.io/audhd/adhd-pomaganie-kosztem-siebie-v01.00-2026-05-14.html	H3	3	8	Co z tym zrobić	co-z-tym-zrobic	OK	https://maciektora-hue.github.io/audhd/adhd-pomaganie-kosztem-siebie-v01.00-2026-05-14.html#co-z-tym-zrobic
AU07	adhd-pomaganie-kosztem-siebie-v01.00-2026-05-14.html	ADHD i pomaganie kosztem siebie — teza i mechanizm	https://maciektora-hue.github.io/audhd/adhd-pomaganie-kosztem-siebie-v01.00-2026-05-14.html	H2	2	9	Źródła	zroda	OK	https://maciektora-hue.github.io/audhd/adhd-pomaganie-kosztem-siebie-v01.00-2026-05-14.html#zroda
AU08	apendyks1-po-ludzku-02_01-2026-08-26.html	Co mówi Appendix 1 — po ludzku — 02.01	https://maciektora-hue.github.io/audhd/apendyks1-po-ludzku-02_01-2026-08-26.html	H1	1	1	Co mówi Appendix 1 — po ludzku	co-mowi-appendix-1-po-ludzku	OK	https://maciektora-hue.github.io/audhd/apendyks1-po-ludzku-02_01-2026-08-26.html#co-mowi-appendix-1-po-ludzku
AU08	apendyks1-po-ludzku-02_01-2026-08-26.html	Co mówi Appendix 1 — po ludzku — 02.01	https://maciektora-hue.github.io/audhd/apendyks1-po-ludzku-02_01-2026-08-26.html	H2	2	2	Most do listy sześćdziesięciu trzech cech	most-do-listy-szescdziesieciu-trzech-cech	OK	https://maciektora-hue.github.io/audhd/apendyks1-po-ludzku-02_01-2026-08-26.html#most-do-listy-szescdziesieciu-trzech-cech
AU08	apendyks1-po-ludzku-02_01-2026-08-26.html	Co mówi Appendix 1 — po ludzku — 02.01	https://maciektora-hue.github.io/audhd/apendyks1-po-ludzku-02_01-2026-08-26.html	H2	2	3	Sedno	sedno	OK	https://maciektora-hue.github.io/audhd/apendyks1-po-ludzku-02_01-2026-08-26.html#sedno
AU09	audhd-fundatorzy-it-1_00-2026-04-27.html	AuDHD a osoby fundatorskie w IT — hipoteza i jej cztery warstwy	https://maciektora-hue.github.io/audhd/audhd-fundatorzy-it-1_00-2026-04-27.html	H1	1	1	AuDHD a osoby fundatorskie w IT	audhd-a-osoby-fundatorskie-w-it	OK	https://maciektora-hue.github.io/audhd/audhd-fundatorzy-it-1_00-2026-04-27.html#audhd-a-osoby-fundatorskie-w-it
AU09	audhd-fundatorzy-it-1_00-2026-04-27.html	AuDHD a osoby fundatorskie w IT — hipoteza i jej cztery warstwy	https://maciektora-hue.github.io/audhd/audhd-fundatorzy-it-1_00-2026-04-27.html	H2	2	2	Dwa sformułowania tezy	dwa-sformuowania-tezy	OK	https://maciektora-hue.github.io/audhd/audhd-fundatorzy-it-1_00-2026-04-27.html#dwa-sformuowania-tezy
AU09	audhd-fundatorzy-it-1_00-2026-04-27.html	AuDHD a osoby fundatorskie w IT — hipoteza i jej cztery warstwy	https://maciektora-hue.github.io/audhd/audhd-fundatorzy-it-1_00-2026-04-27.html	H3	3	3	Teza łatwa (korelacyjna)	teza-atwa-korelacyjna	OK	https://maciektora-hue.github.io/audhd/audhd-fundatorzy-it-1_00-2026-04-27.html#teza-atwa-korelacyjna
AU09	audhd-fundatorzy-it-1_00-2026-04-27.html	AuDHD a osoby fundatorskie w IT — hipoteza i jej cztery warstwy	https://maciektora-hue.github.io/audhd/audhd-fundatorzy-it-1_00-2026-04-27.html	H3	3	4	Teza perwersyjna (konieczności)	teza-perwersyjna-koniecznosci	OK	https://maciektora-hue.github.io/audhd/audhd-fundatorzy-it-1_00-2026-04-27.html#teza-perwersyjna-koniecznosci
AU09	audhd-fundatorzy-it-1_00-2026-04-27.html	AuDHD a osoby fundatorskie w IT — hipoteza i jej cztery warstwy	https://maciektora-hue.github.io/audhd/audhd-fundatorzy-it-1_00-2026-04-27.html	H2	2	5	"Definicja ""fundatora"" i ""fundamentu"""	definicja-fundatora-i-fundamentu	OK	https://maciektora-hue.github.io/audhd/audhd-fundatorzy-it-1_00-2026-04-27.html#definicja-fundatora-i-fundamentu
AU09	audhd-fundatorzy-it-1_00-2026-04-27.html	AuDHD a osoby fundatorskie w IT — hipoteza i jej cztery warstwy	https://maciektora-hue.github.io/audhd/audhd-fundatorzy-it-1_00-2026-04-27.html	H2	2	6	Warstwa 1 — kohortowo-historyczna	warstwa-1-kohortowo-historyczna	OK	https://maciektora-hue.github.io/audhd/audhd-fundatorzy-it-1_00-2026-04-27.html#warstwa-1-kohortowo-historyczna
AU09	audhd-fundatorzy-it-1_00-2026-04-27.html	AuDHD a osoby fundatorskie w IT — hipoteza i jej cztery warstwy	https://maciektora-hue.github.io/audhd/audhd-fundatorzy-it-1_00-2026-04-27.html	H3	3	7	Diagnozy nie istniały, gdy fundament powstawał	diagnozy-nie-istniay-gdy-fundament-powstawa	OK	https://maciektora-hue.github.io/audhd/audhd-fundatorzy-it-1_00-2026-04-27.html#diagnozy-nie-istniay-gdy-fundament-powstawa
AU09	audhd-fundatorzy-it-1_00-2026-04-27.html	AuDHD a osoby fundatorskie w IT — hipoteza i jej cztery warstwy	https://maciektora-hue.github.io/audhd/audhd-fundatorzy-it-1_00-2026-04-27.html	H3	3	8	Konsekwencje dla pionierów	konsekwencje-dla-pionierow	OK	https://maciektora-hue.github.io/audhd/audhd-fundatorzy-it-1_00-2026-04-27.html#konsekwencje-dla-pionierow
AU09	audhd-fundatorzy-it-1_00-2026-04-27.html	AuDHD a osoby fundatorskie w IT — hipoteza i jej cztery warstwy	https://maciektora-hue.github.io/audhd/audhd-fundatorzy-it-1_00-2026-04-27.html	H3	3	9	Pokolenie urodzone przed ~1985	pokolenie-urodzone-przed-1985	OK	https://maciektora-hue.github.io/audhd/audhd-fundatorzy-it-1_00-2026-04-27.html#pokolenie-urodzone-przed-1985
AU09	audhd-fundatorzy-it-1_00-2026-04-27.html	AuDHD a osoby fundatorskie w IT — hipoteza i jej cztery warstwy	https://maciektora-hue.github.io/audhd/audhd-fundatorzy-it-1_00-2026-04-27.html	H3	3	10	Obecni fundatorzy	obecni-fundatorzy	OK	https://maciektora-hue.github.io/audhd/audhd-fundatorzy-it-1_00-2026-04-27.html#obecni-fundatorzy
AU09	audhd-fundatorzy-it-1_00-2026-04-27.html	AuDHD a osoby fundatorskie w IT — hipoteza i jej cztery warstwy	https://maciektora-hue.github.io/audhd/audhd-fundatorzy-it-1_00-2026-04-27.html	H3	3	11	Paradoks epistemiczny	paradoks-epistemiczny	OK	https://maciektora-hue.github.io/audhd/audhd-fundatorzy-it-1_00-2026-04-27.html#paradoks-epistemiczny
AU09	audhd-fundatorzy-it-1_00-2026-04-27.html	AuDHD a osoby fundatorskie w IT — hipoteza i jej cztery warstwy	https://maciektora-hue.github.io/audhd/audhd-fundatorzy-it-1_00-2026-04-27.html	H2	2	12	Warstwa 2 — psychospołeczno-motywacyjna	warstwa-2-psychospoeczno-motywacyjna	OK	https://maciektora-hue.github.io/audhd/audhd-fundatorzy-it-1_00-2026-04-27.html#warstwa-2-psychospoeczno-motywacyjna
AU09	audhd-fundatorzy-it-1_00-2026-04-27.html	AuDHD a osoby fundatorskie w IT — hipoteza i jej cztery warstwy	https://maciektora-hue.github.io/audhd/audhd-fundatorzy-it-1_00-2026-04-27.html	H3	3	13	Mechanizmy fenotypowe sprzyjające pracy fundamentalnej	mechanizmy-fenotypowe-sprzyjajace-pracy-fundamentalnej	OK	https://maciektora-hue.github.io/audhd/audhd-fundatorzy-it-1_00-2026-04-27.html#mechanizmy-fenotypowe-sprzyjajace-pracy-fundamentalnej
AU09	audhd-fundatorzy-it-1_00-2026-04-27.html	AuDHD a osoby fundatorskie w IT — hipoteza i jej cztery warstwy	https://maciektora-hue.github.io/audhd/audhd-fundatorzy-it-1_00-2026-04-27.html	H4	4	14	Monotropia	monotropia	OK	https://maciektora-hue.github.io/audhd/audhd-fundatorzy-it-1_00-2026-04-27.html#monotropia
AU09	audhd-fundatorzy-it-1_00-2026-04-27.html	AuDHD a osoby fundatorskie w IT — hipoteza i jej cztery warstwy	https://maciektora-hue.github.io/audhd/audhd-fundatorzy-it-1_00-2026-04-27.html	H4	4	15	Special interests	special-interests	OK	https://maciektora-hue.github.io/audhd/audhd-fundatorzy-it-1_00-2026-04-27.html#special-interests
AU09	audhd-fundatorzy-it-1_00-2026-04-27.html	AuDHD a osoby fundatorskie w IT — hipoteza i jej cztery warstwy	https://maciektora-hue.github.io/audhd/audhd-fundatorzy-it-1_00-2026-04-27.html	H4	4	16	Pattern recognition autystyczne	pattern-recognition-autystyczne	OK	https://maciektora-hue.github.io/audhd/audhd-fundatorzy-it-1_00-2026-04-27.html#pattern-recognition-autystyczne
AU09	audhd-fundatorzy-it-1_00-2026-04-27.html	AuDHD a osoby fundatorskie w IT — hipoteza i jej cztery warstwy	https://maciektora-hue.github.io/audhd/audhd-fundatorzy-it-1_00-2026-04-27.html	H4	4	17	Hyperfokus ADHD	hyperfokus-adhd	OK	https://maciektora-hue.github.io/audhd/audhd-fundatorzy-it-1_00-2026-04-27.html#hyperfokus-adhd
AU09	audhd-fundatorzy-it-1_00-2026-04-27.html	AuDHD a osoby fundatorskie w IT — hipoteza i jej cztery warstwy	https://maciektora-hue.github.io/audhd/audhd-fundatorzy-it-1_00-2026-04-27.html	H4	4	18	Demand avoidance jako silnik refaktoryzacji	demand-avoidance-jako-silnik-refaktoryzacji	OK	https://maciektora-hue.github.io/audhd/audhd-fundatorzy-it-1_00-2026-04-27.html#demand-avoidance-jako-silnik-refaktoryzacji
AU09	audhd-fundatorzy-it-1_00-2026-04-27.html	AuDHD a osoby fundatorskie w IT — hipoteza i jej cztery warstwy	https://maciektora-hue.github.io/audhd/audhd-fundatorzy-it-1_00-2026-04-27.html	H4	4	19	Tolerancja na samotność technicznej decyzji	tolerancja-na-samotnosc-technicznej-decyzji	OK	https://maciektora-hue.github.io/audhd/audhd-fundatorzy-it-1_00-2026-04-27.html#tolerancja-na-samotnosc-technicznej-decyzji
AU09	audhd-fundatorzy-it-1_00-2026-04-27.html	AuDHD a osoby fundatorskie w IT — hipoteza i jej cztery warstwy	https://maciektora-hue.github.io/audhd/audhd-fundatorzy-it-1_00-2026-04-27.html	H2	2	20	Warstwa 3 — językowo-techniczna	warstwa-3-jezykowo-techniczna	OK	https://maciektora-hue.github.io/audhd/audhd-fundatorzy-it-1_00-2026-04-27.html#warstwa-3-jezykowo-techniczna
AU09	audhd-fundatorzy-it-1_00-2026-04-27.html	AuDHD a osoby fundatorskie w IT — hipoteza i jej cztery warstwy	https://maciektora-hue.github.io/audhd/audhd-fundatorzy-it-1_00-2026-04-27.html	H3	3	21	Trzy języki, trzy mózgi	trzy-jezyki-trzy-mozgi	OK	https://maciektora-hue.github.io/audhd/audhd-fundatorzy-it-1_00-2026-04-27.html#trzy-jezyki-trzy-mozgi
AU09	audhd-fundatorzy-it-1_00-2026-04-27.html	AuDHD a osoby fundatorskie w IT — hipoteza i jej cztery warstwy	https://maciektora-hue.github.io/audhd/audhd-fundatorzy-it-1_00-2026-04-27.html	H4	4	22	C — zmęczony AuDHD	c-zmeczony-audhd	OK	https://maciektora-hue.github.io/audhd/audhd-fundatorzy-it-1_00-2026-04-27.html#c-zmeczony-audhd
AU09	audhd-fundatorzy-it-1_00-2026-04-27.html	AuDHD a osoby fundatorskie w IT — hipoteza i jej cztery warstwy	https://maciektora-hue.github.io/audhd/audhd-fundatorzy-it-1_00-2026-04-27.html	H4	4	23	Python — niezmęczony AuDHD	python-niezmeczony-audhd	OK	https://maciektora-hue.github.io/audhd/audhd-fundatorzy-it-1_00-2026-04-27.html#python-niezmeczony-audhd
AU09	audhd-fundatorzy-it-1_00-2026-04-27.html	AuDHD a osoby fundatorskie w IT — hipoteza i jej cztery warstwy	https://maciektora-hue.github.io/audhd/audhd-fundatorzy-it-1_00-2026-04-27.html	H4	4	24	JavaScript — NT	javascript-nt	OK	https://maciektora-hue.github.io/audhd/audhd-fundatorzy-it-1_00-2026-04-27.html#javascript-nt
AU09	audhd-fundatorzy-it-1_00-2026-04-27.html	AuDHD a osoby fundatorskie w IT — hipoteza i jej cztery warstwy	https://maciektora-hue.github.io/audhd/audhd-fundatorzy-it-1_00-2026-04-27.html	H3	3	25	Dlaczego AuDHD nienawidzi JS	dlaczego-audhd-nienawidzi-js	OK	https://maciektora-hue.github.io/audhd/audhd-fundatorzy-it-1_00-2026-04-27.html#dlaczego-audhd-nienawidzi-js
AU09	audhd-fundatorzy-it-1_00-2026-04-27.html	AuDHD a osoby fundatorskie w IT — hipoteza i jej cztery warstwy	https://maciektora-hue.github.io/audhd/audhd-fundatorzy-it-1_00-2026-04-27.html	H3	3	26	Atwood's Law i konsekwencja	atwood-s-law-i-konsekwencja	OK	https://maciektora-hue.github.io/audhd/audhd-fundatorzy-it-1_00-2026-04-27.html#atwood-s-law-i-konsekwencja
AU09	audhd-fundatorzy-it-1_00-2026-04-27.html	AuDHD a osoby fundatorskie w IT — hipoteza i jej cztery warstwy	https://maciektora-hue.github.io/audhd/audhd-fundatorzy-it-1_00-2026-04-27.html	H3	3	27	Meta-poziom i abstrakcja abstrakcji	meta-poziom-i-abstrakcja-abstrakcji	OK	https://maciektora-hue.github.io/audhd/audhd-fundatorzy-it-1_00-2026-04-27.html#meta-poziom-i-abstrakcja-abstrakcji
AU09	audhd-fundatorzy-it-1_00-2026-04-27.html	AuDHD a osoby fundatorskie w IT — hipoteza i jej cztery warstwy	https://maciektora-hue.github.io/audhd/audhd-fundatorzy-it-1_00-2026-04-27.html	H2	2	28	Warstwa 4 — kognitywno-architektoniczna (najmocniejsza)	warstwa-4-kognitywno-architektoniczna-najmocniejsza	OK	https://maciektora-hue.github.io/audhd/audhd-fundatorzy-it-1_00-2026-04-27.html#warstwa-4-kognitywno-architektoniczna-najmocniejsza
AU09	audhd-fundatorzy-it-1_00-2026-04-27.html	AuDHD a osoby fundatorskie w IT — hipoteza i jej cztery warstwy	https://maciektora-hue.github.io/audhd/audhd-fundatorzy-it-1_00-2026-04-27.html	H3	3	29	Pamięć NT vs AuDHD — założenia projektowe	pamiec-nt-vs-audhd-zaozenia-projektowe	OK	https://maciektora-hue.github.io/audhd/audhd-fundatorzy-it-1_00-2026-04-27.html#pamiec-nt-vs-audhd-zaozenia-projektowe
AU09	audhd-fundatorzy-it-1_00-2026-04-27.html	AuDHD a osoby fundatorskie w IT — hipoteza i jej cztery warstwy	https://maciektora-hue.github.io/audhd/audhd-fundatorzy-it-1_00-2026-04-27.html	H4	4	30	NT	nt	OK	https://maciektora-hue.github.io/audhd/audhd-fundatorzy-it-1_00-2026-04-27.html#nt
AU09	audhd-fundatorzy-it-1_00-2026-04-27.html	AuDHD a osoby fundatorskie w IT — hipoteza i jej cztery warstwy	https://maciektora-hue.github.io/audhd/audhd-fundatorzy-it-1_00-2026-04-27.html	H4	4	31	AuDHD	audhd	OK	https://maciektora-hue.github.io/audhd/audhd-fundatorzy-it-1_00-2026-04-27.html#audhd
AU09	audhd-fundatorzy-it-1_00-2026-04-27.html	AuDHD a osoby fundatorskie w IT — hipoteza i jej cztery warstwy	https://maciektora-hue.github.io/audhd/audhd-fundatorzy-it-1_00-2026-04-27.html	H3	3	32	Cztery cechy architektury AuDHD	cztery-cechy-architektury-audhd	OK	https://maciektora-hue.github.io/audhd/audhd-fundatorzy-it-1_00-2026-04-27.html#cztery-cechy-architektury-audhd
AU09	audhd-fundatorzy-it-1_00-2026-04-27.html	AuDHD a osoby fundatorskie w IT — hipoteza i jej cztery warstwy	https://maciektora-hue.github.io/audhd/audhd-fundatorzy-it-1_00-2026-04-27.html	H3	3	33	Pamięć pointer-based — jedyne rozwiązanie	pamiec-pointer-based-jedyne-rozwiazanie	OK	https://maciektora-hue.github.io/audhd/audhd-fundatorzy-it-1_00-2026-04-27.html#pamiec-pointer-based-jedyne-rozwiazanie
AU09	audhd-fundatorzy-it-1_00-2026-04-27.html	AuDHD a osoby fundatorskie w IT — hipoteza i jej cztery warstwy	https://maciektora-hue.github.io/audhd/audhd-fundatorzy-it-1_00-2026-04-27.html	H4	4	34	Konsekwencje pointer-based	konsekwencje-pointer-based	OK	https://maciektora-hue.github.io/audhd/audhd-fundatorzy-it-1_00-2026-04-27.html#konsekwencje-pointer-based
AU09	audhd-fundatorzy-it-1_00-2026-04-27.html	AuDHD a osoby fundatorskie w IT — hipoteza i jej cztery warstwy	https://maciektora-hue.github.io/audhd/audhd-fundatorzy-it-1_00-2026-04-27.html	H4	4	35	Wskaźniki do wskaźników — trywialne następstwo	wskazniki-do-wskaznikow-trywialne-nastepstwo	OK	https://maciektora-hue.github.io/audhd/audhd-fundatorzy-it-1_00-2026-04-27.html#wskazniki-do-wskaznikow-trywialne-nastepstwo
AU09	audhd-fundatorzy-it-1_00-2026-04-27.html	AuDHD a osoby fundatorskie w IT — hipoteza i jej cztery warstwy	https://maciektora-hue.github.io/audhd/audhd-fundatorzy-it-1_00-2026-04-27.html	H3	3	36	Cykle jako default, nie edge case	cykle-jako-default-nie-edge-case	OK	https://maciektora-hue.github.io/audhd/audhd-fundatorzy-it-1_00-2026-04-27.html#cykle-jako-default-nie-edge-case
AU09	audhd-fundatorzy-it-1_00-2026-04-27.html	AuDHD a osoby fundatorskie w IT — hipoteza i jej cztery warstwy	https://maciektora-hue.github.io/audhd/audhd-fundatorzy-it-1_00-2026-04-27.html	H4	4	37	Pętle niezbywalne w fundamencie IT	petle-niezbywalne-w-fundamencie-it	OK	https://maciektora-hue.github.io/audhd/audhd-fundatorzy-it-1_00-2026-04-27.html#petle-niezbywalne-w-fundamencie-it
AU09	audhd-fundatorzy-it-1_00-2026-04-27.html	AuDHD a osoby fundatorskie w IT — hipoteza i jej cztery warstwy	https://maciektora-hue.github.io/audhd/audhd-fundatorzy-it-1_00-2026-04-27.html	H3	3	38	Kliniczne odpowiedniki problemów C u AuDHD	kliniczne-odpowiedniki-problemow-c-u-audhd	OK	https://maciektora-hue.github.io/audhd/audhd-fundatorzy-it-1_00-2026-04-27.html#kliniczne-odpowiedniki-problemow-c-u-audhd
AU09	audhd-fundatorzy-it-1_00-2026-04-27.html	AuDHD a osoby fundatorskie w IT — hipoteza i jej cztery warstwy	https://maciektora-hue.github.io/audhd/audhd-fundatorzy-it-1_00-2026-04-27.html	H3	3	39	Konsekwencja dla fundamentowania IT	konsekwencja-dla-fundamentowania-it	OK	https://maciektora-hue.github.io/audhd/audhd-fundatorzy-it-1_00-2026-04-27.html#konsekwencja-dla-fundamentowania-it
AU09	audhd-fundatorzy-it-1_00-2026-04-27.html	AuDHD a osoby fundatorskie w IT — hipoteza i jej cztery warstwy	https://maciektora-hue.github.io/audhd/audhd-fundatorzy-it-1_00-2026-04-27.html	H3	3	40	Dlaczego NT-fundator nie istnieje	dlaczego-nt-fundator-nie-istnieje	OK	https://maciektora-hue.github.io/audhd/audhd-fundatorzy-it-1_00-2026-04-27.html#dlaczego-nt-fundator-nie-istnieje
AU09	audhd-fundatorzy-it-1_00-2026-04-27.html	AuDHD a osoby fundatorskie w IT — hipoteza i jej cztery warstwy	https://maciektora-hue.github.io/audhd/audhd-fundatorzy-it-1_00-2026-04-27.html	H2	2	41	Pusta klasa kontrprzykładów	pusta-klasa-kontrprzykadow	OK	https://maciektora-hue.github.io/audhd/audhd-fundatorzy-it-1_00-2026-04-27.html#pusta-klasa-kontrprzykadow
AU09	audhd-fundatorzy-it-1_00-2026-04-27.html	AuDHD a osoby fundatorskie w IT — hipoteza i jej cztery warstwy	https://maciektora-hue.github.io/audhd/audhd-fundatorzy-it-1_00-2026-04-27.html	H2	2	42	Konkluzja	konkluzja	OK	https://maciektora-hue.github.io/audhd/audhd-fundatorzy-it-1_00-2026-04-27.html#konkluzja
AU10	audhd-po-ludzku-v02_02-2026-07-09.html	AuDHD po ludzku — v02.02	https://maciektora-hue.github.io/audhd/audhd-po-ludzku-v02_02-2026-07-09.html	H1	1	1	AuDHD po ludzku	audhd-po-ludzku	OK	https://maciektora-hue.github.io/audhd/audhd-po-ludzku-v02_02-2026-07-09.html#audhd-po-ludzku
AU10	audhd-po-ludzku-v02_02-2026-07-09.html	AuDHD po ludzku — v02.02	https://maciektora-hue.github.io/audhd/audhd-po-ludzku-v02_02-2026-07-09.html	H2	2	2	ADHD	adhd	OK	https://maciektora-hue.github.io/audhd/audhd-po-ludzku-v02_02-2026-07-09.html#adhd
AU10	audhd-po-ludzku-v02_02-2026-07-09.html	AuDHD po ludzku — v02.02	https://maciektora-hue.github.io/audhd/audhd-po-ludzku-v02_02-2026-07-09.html	H2	2	3	Autyzm	autyzm	OK	https://maciektora-hue.github.io/audhd/audhd-po-ludzku-v02_02-2026-07-09.html#autyzm
AU10	audhd-po-ludzku-v02_02-2026-07-09.html	AuDHD po ludzku — v02.02	https://maciektora-hue.github.io/audhd/audhd-po-ludzku-v02_02-2026-07-09.html	H3	3	4	Zmysły, o których szkoła nie mówi	zmysy-o-ktorych-szkoa-nie-mowi	OK	https://maciektora-hue.github.io/audhd/audhd-po-ludzku-v02_02-2026-07-09.html#zmysy-o-ktorych-szkoa-nie-mowi
AU10	audhd-po-ludzku-v02_02-2026-07-09.html	AuDHD po ludzku — v02.02	https://maciektora-hue.github.io/audhd/audhd-po-ludzku-v02_02-2026-07-09.html	H3	3	5	"Co znaczy „surowe"""	co-znaczy-surowe	OK	https://maciektora-hue.github.io/audhd/audhd-po-ludzku-v02_02-2026-07-09.html#co-znaczy-surowe
AU10	audhd-po-ludzku-v02_02-2026-07-09.html	AuDHD po ludzku — v02.02	https://maciektora-hue.github.io/audhd/audhd-po-ludzku-v02_02-2026-07-09.html	H3	3	6	To samo dotyczy ludzi	to-samo-dotyczy-ludzi	OK	https://maciektora-hue.github.io/audhd/audhd-po-ludzku-v02_02-2026-07-09.html#to-samo-dotyczy-ludzi
AU10	audhd-po-ludzku-v02_02-2026-07-09.html	AuDHD po ludzku — v02.02	https://maciektora-hue.github.io/audhd/audhd-po-ludzku-v02_02-2026-07-09.html	H3	3	7	Głód	god	OK	https://maciektora-hue.github.io/audhd/audhd-po-ludzku-v02_02-2026-07-09.html#god
AU10	audhd-po-ludzku-v02_02-2026-07-09.html	AuDHD po ludzku — v02.02	https://maciektora-hue.github.io/audhd/audhd-po-ludzku-v02_02-2026-07-09.html	H2	2	8	Pamięć przy wspólnym występowaniu autyzmu i adhd	pamiec-przy-wspolnym-wystepowaniu-autyzmu-i-adhd	OK	https://maciektora-hue.github.io/audhd/audhd-po-ludzku-v02_02-2026-07-09.html#pamiec-przy-wspolnym-wystepowaniu-autyzmu-i-adhd
AU10	audhd-po-ludzku-v02_02-2026-07-09.html	AuDHD po ludzku — v02.02	https://maciektora-hue.github.io/audhd/audhd-po-ludzku-v02_02-2026-07-09.html	H3	3	9	Pamięć robocza — mały stół	pamiec-robocza-may-sto	OK	https://maciektora-hue.github.io/audhd/audhd-po-ludzku-v02_02-2026-07-09.html#pamiec-robocza-may-sto
AU10	audhd-po-ludzku-v02_02-2026-07-09.html	AuDHD po ludzku — v02.02	https://maciektora-hue.github.io/audhd/audhd-po-ludzku-v02_02-2026-07-09.html	H3	3	10	"Pamięć „że mam coś zrobić później"""	pamiec-ze-mam-cos-zrobic-pozniej	OK	https://maciektora-hue.github.io/audhd/audhd-po-ludzku-v02_02-2026-07-09.html#pamiec-ze-mam-cos-zrobic-pozniej
AU10	audhd-po-ludzku-v02_02-2026-07-09.html	AuDHD po ludzku — v02.02	https://maciektora-hue.github.io/audhd/audhd-po-ludzku-v02_02-2026-07-09.html	H3	3	11	Pamięć faktów w ciekawym temacie	pamiec-faktow-w-ciekawym-temacie	OK	https://maciektora-hue.github.io/audhd/audhd-po-ludzku-v02_02-2026-07-09.html#pamiec-faktow-w-ciekawym-temacie
AU10	audhd-po-ludzku-v02_02-2026-07-09.html	AuDHD po ludzku — v02.02	https://maciektora-hue.github.io/audhd/audhd-po-ludzku-v02_02-2026-07-09.html	H3	3	12	Pamięć własnych przeżyć	pamiec-wasnych-przezyc	OK	https://maciektora-hue.github.io/audhd/audhd-po-ludzku-v02_02-2026-07-09.html#pamiec-wasnych-przezyc
AU10	audhd-po-ludzku-v02_02-2026-07-09.html	AuDHD po ludzku — v02.02	https://maciektora-hue.github.io/audhd/audhd-po-ludzku-v02_02-2026-07-09.html	H2	2	13	Maskowanie	maskowanie	OK	https://maciektora-hue.github.io/audhd/audhd-po-ludzku-v02_02-2026-07-09.html#maskowanie
AU11	audhd_opracowanie_v6_0_2026-07-01-2.html	AuDHD u dorosłych — cechy i wzorce funkcjonowania (v6.0)	https://maciektora-hue.github.io/audhd/audhd_opracowanie_v6_0_2026-07-01-2.html	H1	1	1	AuDHD u dorosłych — cechy i wzorce funkcjonowania	audhd-u-dorosych-cechy-i-wzorce-funkcjonowania	OK	https://maciektora-hue.github.io/audhd/audhd_opracowanie_v6_0_2026-07-01-2.html#audhd-u-dorosych-cechy-i-wzorce-funkcjonowania
AU11	audhd_opracowanie_v6_0_2026-07-01-2.html	AuDHD u dorosłych — cechy i wzorce funkcjonowania (v6.0)	https://maciektora-hue.github.io/audhd/audhd_opracowanie_v6_0_2026-07-01-2.html	H2	2	2	ROZDZIAŁ ZERO — „Mam autyzm i ADHD. A jakie są Twoje supermoce?”	rozdzial-zero	OK	https://maciektora-hue.github.io/audhd/audhd_opracowanie_v6_0_2026-07-01-2.html#rozdzial-zero
AU11	audhd_opracowanie_v6_0_2026-07-01-2.html	AuDHD u dorosłych — cechy i wzorce funkcjonowania (v6.0)	https://maciektora-hue.github.io/audhd/audhd_opracowanie_v6_0_2026-07-01-2.html	H3	3	3	0. Jak bywa zorganizowane przetwarzanie informacji w AuDHD badania + obserwacja kliniczna punkt wprowadzający	0-jak-bywa-zorganizowane-przetwarzanie-informacji-w-audhd	OK	https://maciektora-hue.github.io/audhd/audhd_opracowanie_v6_0_2026-07-01-2.html#0-jak-bywa-zorganizowane-przetwarzanie-informacji-w-audhd
AU11	audhd_opracowanie_v6_0_2026-07-01-2.html	AuDHD u dorosłych — cechy i wzorce funkcjonowania (v6.0)	https://maciektora-hue.github.io/audhd/audhd_opracowanie_v6_0_2026-07-01-2.html	H2	2	4	Spis treści	spis-tresci	OK	https://maciektora-hue.github.io/audhd/audhd_opracowanie_v6_0_2026-07-01-2.html#spis-tresci
AU11	audhd_opracowanie_v6_0_2026-07-01-2.html	AuDHD u dorosłych — cechy i wzorce funkcjonowania (v6.0)	https://maciektora-hue.github.io/audhd/audhd_opracowanie_v6_0_2026-07-01-2.html	H2	2	5	GRUPA I — Najczęściej rozpoznawane	grupa-i-najczesciej-rozpoznawane	OK	https://maciektora-hue.github.io/audhd/audhd_opracowanie_v6_0_2026-07-01-2.html#grupa-i-najczesciej-rozpoznawane
AU11	audhd_opracowanie_v6_0_2026-07-01-2.html	AuDHD u dorosłych — cechy i wzorce funkcjonowania (v6.0)	https://maciektora-hue.github.io/audhd/audhd_opracowanie_v6_0_2026-07-01-2.html	H3	3	6	1. Trudności z funkcjami wykonawczymi badania powszechne	1-trudnosci-z-funkcjami-wykonawczymi	OK	https://maciektora-hue.github.io/audhd/audhd_opracowanie_v6_0_2026-07-01-2.html#1-trudnosci-z-funkcjami-wykonawczymi
AU11	audhd_opracowanie_v6_0_2026-07-01-2.html	AuDHD u dorosłych — cechy i wzorce funkcjonowania (v6.0)	https://maciektora-hue.github.io/audhd/audhd_opracowanie_v6_0_2026-07-01-2.html	H3	3	7	2. Hiperfokus chaotyczny badania + obserwacja kliniczna bardzo częste	2-hiperfokus-chaotyczny	OK	https://maciektora-hue.github.io/audhd/audhd_opracowanie_v6_0_2026-07-01-2.html#2-hiperfokus-chaotyczny
AU11	audhd_opracowanie_v6_0_2026-07-01-2.html	AuDHD u dorosłych — cechy i wzorce funkcjonowania (v6.0)	https://maciektora-hue.github.io/audhd/audhd_opracowanie_v6_0_2026-07-01-2.html	H3	3	8	3. Wewnętrzny konflikt: rutyna vs nowość badania + obserwacja kliniczna powszechne	3-wewnetrzny-konflikt-rutyna-vs-nowosc	OK	https://maciektora-hue.github.io/audhd/audhd_opracowanie_v6_0_2026-07-01-2.html#3-wewnetrzny-konflikt-rutyna-vs-nowosc
AU11	audhd_opracowanie_v6_0_2026-07-01-2.html	AuDHD u dorosłych — cechy i wzorce funkcjonowania (v6.0)	https://maciektora-hue.github.io/audhd/audhd_opracowanie_v6_0_2026-07-01-2.html	H3	3	9	4. Dysregulacja emocjonalna badania bardzo częste	4-dysregulacja-emocjonalna	OK	https://maciektora-hue.github.io/audhd/audhd_opracowanie_v6_0_2026-07-01-2.html#4-dysregulacja-emocjonalna
AU11	audhd_opracowanie_v6_0_2026-07-01-2.html	AuDHD u dorosłych — cechy i wzorce funkcjonowania (v6.0)	https://maciektora-hue.github.io/audhd/audhd_opracowanie_v6_0_2026-07-01-2.html	H3	3	10	5. Przeciążenie sensoryczne badania bardzo częste (69–93% osób autystycznych)	5-przeciazenie-sensoryczne	OK	https://maciektora-hue.github.io/audhd/audhd_opracowanie_v6_0_2026-07-01-2.html#5-przeciazenie-sensoryczne
AU11	audhd_opracowanie_v6_0_2026-07-01-2.html	AuDHD u dorosłych — cechy i wzorce funkcjonowania (v6.0)	https://maciektora-hue.github.io/audhd/audhd_opracowanie_v6_0_2026-07-01-2.html	H3	3	11	6. Trudności społeczne z impulsywnością badania + obserwacja kliniczna bardzo częste	6-trudnosci-spoleczne-z-impulsywnoscia	OK	https://maciektora-hue.github.io/audhd/audhd_opracowanie_v6_0_2026-07-01-2.html#6-trudnosci-spoleczne-z-impulsywnoscia
AU11	audhd_opracowanie_v6_0_2026-07-01-2.html	AuDHD u dorosłych — cechy i wzorce funkcjonowania (v6.0)	https://maciektora-hue.github.io/audhd/audhd_opracowanie_v6_0_2026-07-01-2.html	H3	3	12	7. Trudności z zasypianiem — mózg, który się nie wyłącza badania + obserwacja kliniczna bardzo częste	7-trudnosci-z-zasypianiem-mozg-ktory-sie-nie-wylacza	OK	https://maciektora-hue.github.io/audhd/audhd_opracowanie_v6_0_2026-07-01-2.html#7-trudnosci-z-zasypianiem-mozg-ktory-sie-nie-wylacza
AU11	audhd_opracowanie_v6_0_2026-07-01-2.html	AuDHD u dorosłych — cechy i wzorce funkcjonowania (v6.0)	https://maciektora-hue.github.io/audhd/audhd_opracowanie_v6_0_2026-07-01-2.html	H3	3	13	"8. Wieczorne ożywienie — „nocna wersja siebie"" badania + obserwacja kliniczna bardzo częste"	8-wieczorne-ozywienie-nocna-wersja-siebie	OK	https://maciektora-hue.github.io/audhd/audhd_opracowanie_v6_0_2026-07-01-2.html#8-wieczorne-ozywienie-nocna-wersja-siebie
AU11	audhd_opracowanie_v6_0_2026-07-01-2.html	AuDHD u dorosłych — cechy i wzorce funkcjonowania (v6.0)	https://maciektora-hue.github.io/audhd/audhd_opracowanie_v6_0_2026-07-01-2.html	H2	2	14	GRUPA II — Często doświadczane, ale błędnie interpretowane	grupa-ii-czesto-doswiadczane-ale-blednie-interpretowane	OK	https://maciektora-hue.github.io/audhd/audhd_opracowanie_v6_0_2026-07-01-2.html#grupa-ii-czesto-doswiadczane-ale-blednie-interpretowane
AU11	audhd_opracowanie_v6_0_2026-07-01-2.html	AuDHD u dorosłych — cechy i wzorce funkcjonowania (v6.0)	https://maciektora-hue.github.io/audhd/audhd_opracowanie_v6_0_2026-07-01-2.html	H3	3	15	9. Cykliczne wypalenia przypominające depresję badania + obserwacja kliniczna bardzo częste	9-cykliczne-wypalenia-przypominajace-depresje	OK	https://maciektora-hue.github.io/audhd/audhd_opracowanie_v6_0_2026-07-01-2.html#9-cykliczne-wypalenia-przypominajace-depresje
AU11	audhd_opracowanie_v6_0_2026-07-01-2.html	AuDHD u dorosłych — cechy i wzorce funkcjonowania (v6.0)	https://maciektora-hue.github.io/audhd/audhd_opracowanie_v6_0_2026-07-01-2.html	H3	3	16	10. Wrażliwość na odrzucenie (RSD) głównie obserwacja kliniczna / doświadczenie bardzo częste (u osób z ADHD)	10-wrazliwosc-na-odrzucenie-rsd	OK	https://maciektora-hue.github.io/audhd/audhd_opracowanie_v6_0_2026-07-01-2.html#10-wrazliwosc-na-odrzucenie-rsd
AU11	audhd_opracowanie_v6_0_2026-07-01-2.html	AuDHD u dorosłych — cechy i wzorce funkcjonowania (v6.0)	https://maciektora-hue.github.io/audhd/audhd_opracowanie_v6_0_2026-07-01-2.html	H3	3	17	11. Zmienne zapotrzebowanie na samotność głównie obserwacja kliniczna / doświadczenie bardzo częste	11-zmienne-zapotrzebowanie-na-samotnosc	OK	https://maciektora-hue.github.io/audhd/audhd_opracowanie_v6_0_2026-07-01-2.html#11-zmienne-zapotrzebowanie-na-samotnosc
AU11	audhd_opracowanie_v6_0_2026-07-01-2.html	AuDHD u dorosłych — cechy i wzorce funkcjonowania (v6.0)	https://maciektora-hue.github.io/audhd/audhd_opracowanie_v6_0_2026-07-01-2.html	H3	3	18	12. Intensywna empatia wyglądająca jak brak empatii badania + obserwacja kliniczna częste	12-intensywna-empatia-wygladajaca-jak-brak-empatii	OK	https://maciektora-hue.github.io/audhd/audhd_opracowanie_v6_0_2026-07-01-2.html#12-intensywna-empatia-wygladajaca-jak-brak-empatii
AU11	audhd_opracowanie_v6_0_2026-07-01-2.html	AuDHD u dorosłych — cechy i wzorce funkcjonowania (v6.0)	https://maciektora-hue.github.io/audhd/audhd_opracowanie_v6_0_2026-07-01-2.html	H3	3	19	13. Szukanie i unikanie bodźców jednocześnie badania + obserwacja kliniczna bardzo częste	13-szukanie-i-unikanie-bodzcow-jednoczesnie	OK	https://maciektora-hue.github.io/audhd/audhd_opracowanie_v6_0_2026-07-01-2.html#13-szukanie-i-unikanie-bodzcow-jednoczesnie
AU11	audhd_opracowanie_v6_0_2026-07-01-2.html	AuDHD u dorosłych — cechy i wzorce funkcjonowania (v6.0)	https://maciektora-hue.github.io/audhd/audhd_opracowanie_v6_0_2026-07-01-2.html	H3	3	20	14. Chroniczna niepunktualność LUB obsesyjna punktualność badania + obserwacja kliniczna bardzo częste (jedno lub drugie)	14-chroniczna-niepunktualnosc-lub-obsesyjna-punktualnosc	OK	https://maciektora-hue.github.io/audhd/audhd_opracowanie_v6_0_2026-07-01-2.html#14-chroniczna-niepunktualnosc-lub-obsesyjna-punktualnosc
AU11	audhd_opracowanie_v6_0_2026-07-01-2.html	AuDHD u dorosłych — cechy i wzorce funkcjonowania (v6.0)	https://maciektora-hue.github.io/audhd/audhd_opracowanie_v6_0_2026-07-01-2.html	H3	3	21	15. Cykliczne zainteresowania badania + obserwacja kliniczna częste	15-cykliczne-zainteresowania	OK	https://maciektora-hue.github.io/audhd/audhd_opracowanie_v6_0_2026-07-01-2.html#15-cykliczne-zainteresowania
AU11	audhd_opracowanie_v6_0_2026-07-01-2.html	AuDHD u dorosłych — cechy i wzorce funkcjonowania (v6.0)	https://maciektora-hue.github.io/audhd/audhd_opracowanie_v6_0_2026-07-01-2.html	H3	3	22	16. Nietypowe reakcje na leki i substancje głównie obserwacja kliniczna / doświadczenie częste; u części osób bardzo częste	16-nietypowe-reakcje-na-leki-i-substancje	OK	https://maciektora-hue.github.io/audhd/audhd_opracowanie_v6_0_2026-07-01-2.html#16-nietypowe-reakcje-na-leki-i-substancje
AU11	audhd_opracowanie_v6_0_2026-07-01-2.html	AuDHD u dorosłych — cechy i wzorce funkcjonowania (v6.0)	https://maciektora-hue.github.io/audhd/audhd_opracowanie_v6_0_2026-07-01-2.html	H3	3	23	"17. Efekt „wszystko albo nic"" w nawykach głównie obserwacja kliniczna / doświadczenie bardzo częste"	17-efekt-wszystko-albo-nic-w-nawykach	OK	https://maciektora-hue.github.io/audhd/audhd_opracowanie_v6_0_2026-07-01-2.html#17-efekt-wszystko-albo-nic-w-nawykach
AU11	audhd_opracowanie_v6_0_2026-07-01-2.html	AuDHD u dorosłych — cechy i wzorce funkcjonowania (v6.0)	https://maciektora-hue.github.io/audhd/audhd_opracowanie_v6_0_2026-07-01-2.html	H2	2	24	GRUPA III — Subtelne, łatwo pomijane	grupa-iii-subtelne-latwo-pomijane	OK	https://maciektora-hue.github.io/audhd/audhd_opracowanie_v6_0_2026-07-01-2.html#grupa-iii-subtelne-latwo-pomijane
AU11	audhd_opracowanie_v6_0_2026-07-01-2.html	AuDHD u dorosłych — cechy i wzorce funkcjonowania (v6.0)	https://maciektora-hue.github.io/audhd/audhd_opracowanie_v6_0_2026-07-01-2.html	H3	3	25	18. Paradoks porządku i chaosu głównie obserwacja kliniczna / doświadczenie bardzo częste	18-paradoks-porzadku-i-chaosu	OK	https://maciektora-hue.github.io/audhd/audhd_opracowanie_v6_0_2026-07-01-2.html#18-paradoks-porzadku-i-chaosu
AU11	audhd_opracowanie_v6_0_2026-07-01-2.html	AuDHD u dorosłych — cechy i wzorce funkcjonowania (v6.0)	https://maciektora-hue.github.io/audhd/audhd_opracowanie_v6_0_2026-07-01-2.html	H3	3	26	19. Prokrastynacja przez perfekcjonizm badania + obserwacja kliniczna bardzo częste	19-prokrastynacja-przez-perfekcjonizm	OK	https://maciektora-hue.github.io/audhd/audhd_opracowanie_v6_0_2026-07-01-2.html#19-prokrastynacja-przez-perfekcjonizm
AU11	audhd_opracowanie_v6_0_2026-07-01-2.html	AuDHD u dorosłych — cechy i wzorce funkcjonowania (v6.0)	https://maciektora-hue.github.io/audhd/audhd_opracowanie_v6_0_2026-07-01-2.html	H3	3	27	20. Powtarzalne ruchy i gesty regulujące układ nerwowy (tzw. stimming) badania powszechne (ale nierozpoznawane)	20-powtarzalne-ruchy-i-gesty-regulujace-uklad-nerwowy-tzw-stimming	OK	https://maciektora-hue.github.io/audhd/audhd_opracowanie_v6_0_2026-07-01-2.html#20-powtarzalne-ruchy-i-gesty-regulujace-uklad-nerwowy-tzw-stimming
AU11	audhd_opracowanie_v6_0_2026-07-01-2.html	AuDHD u dorosłych — cechy i wzorce funkcjonowania (v6.0)	https://maciektora-hue.github.io/audhd/audhd_opracowanie_v6_0_2026-07-01-2.html	H3	3	28	21. Słaba interocepcja — nie czujesz, co dzieje się w twoim ciele badania + obserwacja kliniczna częste	21-slaba-interocepcja-nie-czujesz-co-dzieje-sie-w-twoim-ciele	OK	https://maciektora-hue.github.io/audhd/audhd_opracowanie_v6_0_2026-07-01-2.html#21-slaba-interocepcja-nie-czujesz-co-dzieje-sie-w-twoim-ciele
AU11	audhd_opracowanie_v6_0_2026-07-01-2.html	AuDHD u dorosłych — cechy i wzorce funkcjonowania (v6.0)	https://maciektora-hue.github.io/audhd/audhd_opracowanie_v6_0_2026-07-01-2.html	H3	3	29	22. Aleksytymia — nie umiesz nazwać tego, co czujesz badania częste (40–65% osób autystycznych)	22-aleksytymia-nie-umiesz-nazwac-tego-co-czujesz	OK	https://maciektora-hue.github.io/audhd/audhd_opracowanie_v6_0_2026-07-01-2.html#22-aleksytymia-nie-umiesz-nazwac-tego-co-czujesz
AU11	audhd_opracowanie_v6_0_2026-07-01-2.html	AuDHD u dorosłych — cechy i wzorce funkcjonowania (v6.0)	https://maciektora-hue.github.io/audhd/audhd_opracowanie_v6_0_2026-07-01-2.html	H3	3	30	23. Maskowanie społeczne na zmianę z impulsywnością społeczną badania + obserwacja kliniczna bardzo częste	23-maskowanie-spoleczne-na-zmiane-z-impulsywnoscia-spoleczna	OK	https://maciektora-hue.github.io/audhd/audhd_opracowanie_v6_0_2026-07-01-2.html#23-maskowanie-spoleczne-na-zmiane-z-impulsywnoscia-spoleczna
AU11	audhd_opracowanie_v6_0_2026-07-01-2.html	AuDHD u dorosłych — cechy i wzorce funkcjonowania (v6.0)	https://maciektora-hue.github.io/audhd/audhd_opracowanie_v6_0_2026-07-01-2.html	H3	3	31	24. Wyczerpanie po decyzjach badania + obserwacja kliniczna częste	24-wyczerpanie-po-decyzjach	OK	https://maciektora-hue.github.io/audhd/audhd_opracowanie_v6_0_2026-07-01-2.html#24-wyczerpanie-po-decyzjach
AU11	audhd_opracowanie_v6_0_2026-07-01-2.html	AuDHD u dorosłych — cechy i wzorce funkcjonowania (v6.0)	https://maciektora-hue.github.io/audhd/audhd_opracowanie_v6_0_2026-07-01-2.html	H3	3	32	25. Specyficzny stosunek do jedzenia badania + obserwacja kliniczna częste	25-specyficzny-stosunek-do-jedzenia	OK	https://maciektora-hue.github.io/audhd/audhd_opracowanie_v6_0_2026-07-01-2.html#25-specyficzny-stosunek-do-jedzenia
AU11	audhd_opracowanie_v6_0_2026-07-01-2.html	AuDHD u dorosłych — cechy i wzorce funkcjonowania (v6.0)	https://maciektora-hue.github.io/audhd/audhd_opracowanie_v6_0_2026-07-01-2.html	H3	3	33	26. Trudność z przejściami między aktywnościami (autystyczna inercja) badania + obserwacja kliniczna powszechne	26-trudnosc-z-przejsciami-miedzy-aktywnosciami-autystyczna-inercja	OK	https://maciektora-hue.github.io/audhd/audhd_opracowanie_v6_0_2026-07-01-2.html#26-trudnosc-z-przejsciami-miedzy-aktywnosciami-autystyczna-inercja
AU11	audhd_opracowanie_v6_0_2026-07-01-2.html	AuDHD u dorosłych — cechy i wzorce funkcjonowania (v6.0)	https://maciektora-hue.github.io/audhd/audhd_opracowanie_v6_0_2026-07-01-2.html	H3	3	34	27. Zmienne progi sensoryczne badania + obserwacja kliniczna częste	27-zmienne-progi-sensoryczne	OK	https://maciektora-hue.github.io/audhd/audhd_opracowanie_v6_0_2026-07-01-2.html#27-zmienne-progi-sensoryczne
AU11	audhd_opracowanie_v6_0_2026-07-01-2.html	AuDHD u dorosłych — cechy i wzorce funkcjonowania (v6.0)	https://maciektora-hue.github.io/audhd/audhd_opracowanie_v6_0_2026-07-01-2.html	H3	3	35	28. Geniusz w kryzysie, paraliż w spokoju głównie obserwacja kliniczna / doświadczenie częste	28-geniusz-w-kryzysie-paraliz-w-spokoju	OK	https://maciektora-hue.github.io/audhd/audhd_opracowanie_v6_0_2026-07-01-2.html#28-geniusz-w-kryzysie-paraliz-w-spokoju
AU11	audhd_opracowanie_v6_0_2026-07-01-2.html	AuDHD u dorosłych — cechy i wzorce funkcjonowania (v6.0)	https://maciektora-hue.github.io/audhd/audhd_opracowanie_v6_0_2026-07-01-2.html	H3	3	36	29. Unikanie wymagań (demand avoidance) głównie obserwacja kliniczna / doświadczenie częste; u części osób bardzo częste	29-unikanie-wymagan-demand-avoidance	OK	https://maciektora-hue.github.io/audhd/audhd_opracowanie_v6_0_2026-07-01-2.html#29-unikanie-wymagan-demand-avoidance
AU11	audhd_opracowanie_v6_0_2026-07-01-2.html	AuDHD u dorosłych — cechy i wzorce funkcjonowania (v6.0)	https://maciektora-hue.github.io/audhd/audhd_opracowanie_v6_0_2026-07-01-2.html	H3	3	37	30. Problemy z koordynacją i propriocepcją badania + obserwacja kliniczna dość częste	30-problemy-z-koordynacja-i-propriocepcja	OK	https://maciektora-hue.github.io/audhd/audhd_opracowanie_v6_0_2026-07-01-2.html#30-problemy-z-koordynacja-i-propriocepcja
AU11	audhd_opracowanie_v6_0_2026-07-01-2.html	AuDHD u dorosłych — cechy i wzorce funkcjonowania (v6.0)	https://maciektora-hue.github.io/audhd/audhd_opracowanie_v6_0_2026-07-01-2.html	H3	3	38	31. Kompensacja jednego stanu drugim badania + obserwacja kliniczna częste	31-kompensacja-jednego-stanu-drugim	OK	https://maciektora-hue.github.io/audhd/audhd_opracowanie_v6_0_2026-07-01-2.html#31-kompensacja-jednego-stanu-drugim
AU11	audhd_opracowanie_v6_0_2026-07-01-2.html	AuDHD u dorosłych — cechy i wzorce funkcjonowania (v6.0)	https://maciektora-hue.github.io/audhd/audhd_opracowanie_v6_0_2026-07-01-2.html	H2	2	39	GRUPA IV — Głębokie, rzadko omawiane	grupa-iv-glebokie-rzadko-omawiane	OK	https://maciektora-hue.github.io/audhd/audhd_opracowanie_v6_0_2026-07-01-2.html#grupa-iv-glebokie-rzadko-omawiane
AU11	audhd_opracowanie_v6_0_2026-07-01-2.html	AuDHD u dorosłych — cechy i wzorce funkcjonowania (v6.0)	https://maciektora-hue.github.io/audhd/audhd_opracowanie_v6_0_2026-07-01-2.html	H3	3	40	"32. Pamięć encyklopedyczna obok pamięci „złotej rybki"" badania + obserwacja kliniczna bardzo częste"	32-pamiec-encyklopedyczna-obok-pamieci-zlotej-rybki	OK	https://maciektora-hue.github.io/audhd/audhd_opracowanie_v6_0_2026-07-01-2.html#32-pamiec-encyklopedyczna-obok-pamieci-zlotej-rybki
AU11	audhd_opracowanie_v6_0_2026-07-01-2.html	AuDHD u dorosłych — cechy i wzorce funkcjonowania (v6.0)	https://maciektora-hue.github.io/audhd/audhd_opracowanie_v6_0_2026-07-01-2.html	H3	3	41	33. Zapominanie, że się coś wie głównie obserwacja kliniczna / doświadczenie częste	33-zapominanie-ze-sie-cos-wie	OK	https://maciektora-hue.github.io/audhd/audhd_opracowanie_v6_0_2026-07-01-2.html#33-zapominanie-ze-sie-cos-wie
AU11	audhd_opracowanie_v6_0_2026-07-01-2.html	AuDHD u dorosłych — cechy i wzorce funkcjonowania (v6.0)	https://maciektora-hue.github.io/audhd/audhd_opracowanie_v6_0_2026-07-01-2.html	H3	3	42	34. Myślenie w systemach, trudność z wyjaśnieniem badania + obserwacja kliniczna częste	34-myslenie-w-systemach-trudnosc-z-wyjasnieniem	OK	https://maciektora-hue.github.io/audhd/audhd_opracowanie_v6_0_2026-07-01-2.html#34-myslenie-w-systemach-trudnosc-z-wyjasnieniem
AU11	audhd_opracowanie_v6_0_2026-07-01-2.html	AuDHD u dorosłych — cechy i wzorce funkcjonowania (v6.0)	https://maciektora-hue.github.io/audhd/audhd_opracowanie_v6_0_2026-07-01-2.html	H3	3	43	"35. Przetwarzanie „w tle"" głównie obserwacja kliniczna / doświadczenie częste"	35-przetwarzanie-w-tle	OK	https://maciektora-hue.github.io/audhd/audhd_opracowanie_v6_0_2026-07-01-2.html#35-przetwarzanie-w-tle
AU11	audhd_opracowanie_v6_0_2026-07-01-2.html	AuDHD u dorosłych — cechy i wzorce funkcjonowania (v6.0)	https://maciektora-hue.github.io/audhd/audhd_opracowanie_v6_0_2026-07-01-2.html	H3	3	44	36. Kameleonizm (dyfuzja tożsamości) badania + obserwacja kliniczna bardzo częste (szczególnie u kobiet)	36-kameleonizm-dyfuzja-tozsamosci	OK	https://maciektora-hue.github.io/audhd/audhd_opracowanie_v6_0_2026-07-01-2.html#36-kameleonizm-dyfuzja-tozsamosci
AU11	audhd_opracowanie_v6_0_2026-07-01-2.html	AuDHD u dorosłych — cechy i wzorce funkcjonowania (v6.0)	https://maciektora-hue.github.io/audhd/audhd_opracowanie_v6_0_2026-07-01-2.html	H3	3	45	37. Moralna skrupulatność głównie obserwacja kliniczna / doświadczenie dość częste	37-moralna-skrupulatnosc	OK	https://maciektora-hue.github.io/audhd/audhd_opracowanie_v6_0_2026-07-01-2.html#37-moralna-skrupulatnosc
AU11	audhd_opracowanie_v6_0_2026-07-01-2.html	AuDHD u dorosłych — cechy i wzorce funkcjonowania (v6.0)	https://maciektora-hue.github.io/audhd/audhd_opracowanie_v6_0_2026-07-01-2.html	H3	3	46	38. Mówienie za dużo lub za mało, bez środka badania + obserwacja kliniczna bardzo częste	38-mowienie-za-duzo-lub-za-malo-bez-srodka	OK	https://maciektora-hue.github.io/audhd/audhd_opracowanie_v6_0_2026-07-01-2.html#38-mowienie-za-duzo-lub-za-malo-bez-srodka
AU11	audhd_opracowanie_v6_0_2026-07-01-2.html	AuDHD u dorosłych — cechy i wzorce funkcjonowania (v6.0)	https://maciektora-hue.github.io/audhd/audhd_opracowanie_v6_0_2026-07-01-2.html	H3	3	47	39. Wrażliwość na niesprawiedliwość, która paraliżuje badania + obserwacja kliniczna częste	39-wrazliwosc-na-niesprawiedliwosc-ktora-paralizuje	OK	https://maciektora-hue.github.io/audhd/audhd_opracowanie_v6_0_2026-07-01-2.html#39-wrazliwosc-na-niesprawiedliwosc-ktora-paralizuje
AU11	audhd_opracowanie_v6_0_2026-07-01-2.html	AuDHD u dorosłych — cechy i wzorce funkcjonowania (v6.0)	https://maciektora-hue.github.io/audhd/audhd_opracowanie_v6_0_2026-07-01-2.html	H3	3	48	40. Kochanie przez dzielenie się informacjami głównie obserwacja kliniczna / doświadczenie częste	40-kochanie-przez-dzielenie-sie-informacjami	OK	https://maciektora-hue.github.io/audhd/audhd_opracowanie_v6_0_2026-07-01-2.html#40-kochanie-przez-dzielenie-sie-informacjami
AU11	audhd_opracowanie_v6_0_2026-07-01-2.html	AuDHD u dorosłych — cechy i wzorce funkcjonowania (v6.0)	https://maciektora-hue.github.io/audhd/audhd_opracowanie_v6_0_2026-07-01-2.html	H3	3	49	41. Głód bliskości, który przeraża głównie obserwacja kliniczna / doświadczenie częste	41-glod-bliskosci-ktory-przeraza	OK	https://maciektora-hue.github.io/audhd/audhd_opracowanie_v6_0_2026-07-01-2.html#41-glod-bliskosci-ktory-przeraza
AU11	audhd_opracowanie_v6_0_2026-07-01-2.html	AuDHD u dorosłych — cechy i wzorce funkcjonowania (v6.0)	https://maciektora-hue.github.io/audhd/audhd_opracowanie_v6_0_2026-07-01-2.html	H3	3	50	42. Potrzeba werbalnego potwierdzania zasad relacji głównie obserwacja kliniczna / doświadczenie dość częste	42-potrzeba-werbalnego-potwierdzania-zasad-relacji	OK	https://maciektora-hue.github.io/audhd/audhd_opracowanie_v6_0_2026-07-01-2.html#42-potrzeba-werbalnego-potwierdzania-zasad-relacji
AU11	audhd_opracowanie_v6_0_2026-07-01-2.html	AuDHD u dorosłych — cechy i wzorce funkcjonowania (v6.0)	https://maciektora-hue.github.io/audhd/audhd_opracowanie_v6_0_2026-07-01-2.html	H3	3	51	43. Fizyczne objawy stresu z opóźnieniem badania + obserwacja kliniczna dość częste	43-fizyczne-objawy-stresu-z-opoznieniem	OK	https://maciektora-hue.github.io/audhd/audhd_opracowanie_v6_0_2026-07-01-2.html#43-fizyczne-objawy-stresu-z-opoznieniem
AU11	audhd_opracowanie_v6_0_2026-07-01-2.html	AuDHD u dorosłych — cechy i wzorce funkcjonowania (v6.0)	https://maciektora-hue.github.io/audhd/audhd_opracowanie_v6_0_2026-07-01-2.html	H3	3	52	"44. Ból, który jest „niewłaściwy"" badania + obserwacja kliniczna dość częste"	44-bol-ktory-jest-niewlasciwy	OK	https://maciektora-hue.github.io/audhd/audhd_opracowanie_v6_0_2026-07-01-2.html#44-bol-ktory-jest-niewlasciwy
AU11	audhd_opracowanie_v6_0_2026-07-01-2.html	AuDHD u dorosłych — cechy i wzorce funkcjonowania (v6.0)	https://maciektora-hue.github.io/audhd/audhd_opracowanie_v6_0_2026-07-01-2.html	H3	3	53	45. Zmęczenie, które nie ma dna badania + obserwacja kliniczna powszechne	45-zmeczenie-ktore-nie-ma-dna	OK	https://maciektora-hue.github.io/audhd/audhd_opracowanie_v6_0_2026-07-01-2.html#45-zmeczenie-ktore-nie-ma-dna
AU11	audhd_opracowanie_v6_0_2026-07-01-2.html	AuDHD u dorosłych — cechy i wzorce funkcjonowania (v6.0)	https://maciektora-hue.github.io/audhd/audhd_opracowanie_v6_0_2026-07-01-2.html	H3	3	54	46. Podwójne przetwarzanie rzeczywistości głównie obserwacja kliniczna / doświadczenie zróżnicowane	46-podwojne-przetwarzanie-rzeczywistosci	OK	https://maciektora-hue.github.io/audhd/audhd_opracowanie_v6_0_2026-07-01-2.html#46-podwojne-przetwarzanie-rzeczywistosci
AU11	audhd_opracowanie_v6_0_2026-07-01-2.html	AuDHD u dorosłych — cechy i wzorce funkcjonowania (v6.0)	https://maciektora-hue.github.io/audhd/audhd_opracowanie_v6_0_2026-07-01-2.html	H3	3	55	"47. Poczucie, że się jest „za dużo"" i „za mało"" jednocześnie głównie obserwacja kliniczna / doświadczenie powszechne"	47-poczucie-ze-sie-jest-za-duzo-i-za-malo-jednoczesnie	OK	https://maciektora-hue.github.io/audhd/audhd_opracowanie_v6_0_2026-07-01-2.html#47-poczucie-ze-sie-jest-za-duzo-i-za-malo-jednoczesnie
AU11	audhd_opracowanie_v6_0_2026-07-01-2.html	AuDHD u dorosłych — cechy i wzorce funkcjonowania (v6.0)	https://maciektora-hue.github.io/audhd/audhd_opracowanie_v6_0_2026-07-01-2.html	H3	3	56	"48. Wewnętrzny „tłumacz"" działający non-stop badania + obserwacja kliniczna powszechne"	48-wewnetrzny-tlumacz-dzialajacy-non-stop	OK	https://maciektora-hue.github.io/audhd/audhd_opracowanie_v6_0_2026-07-01-2.html#48-wewnetrzny-tlumacz-dzialajacy-non-stop
AU11	audhd_opracowanie_v6_0_2026-07-01-2.html	AuDHD u dorosłych — cechy i wzorce funkcjonowania (v6.0)	https://maciektora-hue.github.io/audhd/audhd_opracowanie_v6_0_2026-07-01-2.html	H3	3	57	49. Nostalgia jako regulacja głównie obserwacja kliniczna / doświadczenie częste	49-nostalgia-jako-regulacja	OK	https://maciektora-hue.github.io/audhd/audhd_opracowanie_v6_0_2026-07-01-2.html#49-nostalgia-jako-regulacja
AU11	audhd_opracowanie_v6_0_2026-07-01-2.html	AuDHD u dorosłych — cechy i wzorce funkcjonowania (v6.0)	https://maciektora-hue.github.io/audhd/audhd_opracowanie_v6_0_2026-07-01-2.html	H3	3	58	50. Wewnętrzny monolog, który nigdy się nie wyłącza głównie obserwacja kliniczna / doświadczenie bardzo częste	50-wewnetrzny-monolog-ktory-nigdy-sie-nie-wylacza	OK	https://maciektora-hue.github.io/audhd/audhd_opracowanie_v6_0_2026-07-01-2.html#50-wewnetrzny-monolog-ktory-nigdy-sie-nie-wylacza
AU11	audhd_opracowanie_v6_0_2026-07-01-2.html	AuDHD u dorosłych — cechy i wzorce funkcjonowania (v6.0)	https://maciektora-hue.github.io/audhd/audhd_opracowanie_v6_0_2026-07-01-2.html	H3	3	59	51. Poczucie, że czas działa inaczej badania + obserwacja kliniczna częste	51-poczucie-ze-czas-dziala-inaczej	OK	https://maciektora-hue.github.io/audhd/audhd_opracowanie_v6_0_2026-07-01-2.html#51-poczucie-ze-czas-dziala-inaczej
AU11	audhd_opracowanie_v6_0_2026-07-01-2.html	AuDHD u dorosłych — cechy i wzorce funkcjonowania (v6.0)	https://maciektora-hue.github.io/audhd/audhd_opracowanie_v6_0_2026-07-01-2.html	H3	3	60	52. Kryzys tożsamości przy zmianie zainteresowań głównie obserwacja kliniczna / doświadczenie dość częste	52-kryzys-tozsamosci-przy-zmianie-zainteresowan	OK	https://maciektora-hue.github.io/audhd/audhd_opracowanie_v6_0_2026-07-01-2.html#52-kryzys-tozsamosci-przy-zmianie-zainteresowan
AU11	audhd_opracowanie_v6_0_2026-07-01-2.html	AuDHD u dorosłych — cechy i wzorce funkcjonowania (v6.0)	https://maciektora-hue.github.io/audhd/audhd_opracowanie_v6_0_2026-07-01-2.html	H3	3	61	53. Tęsknota za niepoznanym jeszcze sobą głównie obserwacja kliniczna / doświadczenie częste	53-tesknota-za-niepoznanym-jeszcze-soba	OK	https://maciektora-hue.github.io/audhd/audhd_opracowanie_v6_0_2026-07-01-2.html#53-tesknota-za-niepoznanym-jeszcze-soba
AU11	audhd_opracowanie_v6_0_2026-07-01-2.html	AuDHD u dorosłych — cechy i wzorce funkcjonowania (v6.0)	https://maciektora-hue.github.io/audhd/audhd_opracowanie_v6_0_2026-07-01-2.html	H3	3	62	"54. Zbieranie informacji „na zapas"" badania + obserwacja kliniczna częste"	54-zbieranie-informacji-na-zapas	OK	https://maciektora-hue.github.io/audhd/audhd_opracowanie_v6_0_2026-07-01-2.html#54-zbieranie-informacji-na-zapas
AU11	audhd_opracowanie_v6_0_2026-07-01-2.html	AuDHD u dorosłych — cechy i wzorce funkcjonowania (v6.0)	https://maciektora-hue.github.io/audhd/audhd_opracowanie_v6_0_2026-07-01-2.html	H3	3	63	55. Specyficzny humor głównie obserwacja kliniczna / doświadczenie częste	55-specyficzny-humor	OK	https://maciektora-hue.github.io/audhd/audhd_opracowanie_v6_0_2026-07-01-2.html#55-specyficzny-humor
AU11	audhd_opracowanie_v6_0_2026-07-01-2.html	AuDHD u dorosłych — cechy i wzorce funkcjonowania (v6.0)	https://maciektora-hue.github.io/audhd/audhd_opracowanie_v6_0_2026-07-01-2.html	H3	3	64	56. Nadmierne tłumaczenie się i przepraszanie za istnienie głównie obserwacja kliniczna / doświadczenie bardzo częste	56-nadmierne-tlumaczenie-sie-i-przepraszanie-za-istnienie	OK	https://maciektora-hue.github.io/audhd/audhd_opracowanie_v6_0_2026-07-01-2.html#56-nadmierne-tlumaczenie-sie-i-przepraszanie-za-istnienie
AU11	audhd_opracowanie_v6_0_2026-07-01-2.html	AuDHD u dorosłych — cechy i wzorce funkcjonowania (v6.0)	https://maciektora-hue.github.io/audhd/audhd_opracowanie_v6_0_2026-07-01-2.html	H3	3	65	"57. Wykonywanie zadań „nie po kolei"" głównie obserwacja kliniczna / doświadczenie częste"	57-wykonywanie-zadan-nie-po-kolei	OK	https://maciektora-hue.github.io/audhd/audhd_opracowanie_v6_0_2026-07-01-2.html#57-wykonywanie-zadan-nie-po-kolei
AU11	audhd_opracowanie_v6_0_2026-07-01-2.html	AuDHD u dorosłych — cechy i wzorce funkcjonowania (v6.0)	https://maciektora-hue.github.io/audhd/audhd_opracowanie_v6_0_2026-07-01-2.html	H3	3	66	"58. Poczucie „udawania dorosłego"" głównie obserwacja kliniczna / doświadczenie bardzo częste"	58-poczucie-udawania-doroslego	OK	https://maciektora-hue.github.io/audhd/audhd_opracowanie_v6_0_2026-07-01-2.html#58-poczucie-udawania-doroslego
AU11	audhd_opracowanie_v6_0_2026-07-01-2.html	AuDHD u dorosłych — cechy i wzorce funkcjonowania (v6.0)	https://maciektora-hue.github.io/audhd/audhd_opracowanie_v6_0_2026-07-01-2.html	H3	3	67	59. Underachievement, który boli badania + obserwacja kliniczna częste	59-underachievement-ktory-boli	OK	https://maciektora-hue.github.io/audhd/audhd_opracowanie_v6_0_2026-07-01-2.html#59-underachievement-ktory-boli
AU11	audhd_opracowanie_v6_0_2026-07-01-2.html	AuDHD u dorosłych — cechy i wzorce funkcjonowania (v6.0)	https://maciektora-hue.github.io/audhd/audhd_opracowanie_v6_0_2026-07-01-2.html	H3	3	68	"60. Potrzeba rozumienia „dlaczego"" przed zrobieniem czegokolwiek badania + obserwacja kliniczna bardzo częste"	60-potrzeba-rozumienia-dlaczego-przed-zrobieniem-czegokolwiek	OK	https://maciektora-hue.github.io/audhd/audhd_opracowanie_v6_0_2026-07-01-2.html#60-potrzeba-rozumienia-dlaczego-przed-zrobieniem-czegokolwiek
AU11	audhd_opracowanie_v6_0_2026-07-01-2.html	AuDHD u dorosłych — cechy i wzorce funkcjonowania (v6.0)	https://maciektora-hue.github.io/audhd/audhd_opracowanie_v6_0_2026-07-01-2.html	H3	3	69	"61. Poczucie „bycia z innej planety"" badania + obserwacja kliniczna powszechne"	61-poczucie-bycia-z-innej-planety	OK	https://maciektora-hue.github.io/audhd/audhd_opracowanie_v6_0_2026-07-01-2.html#61-poczucie-bycia-z-innej-planety
AU11	audhd_opracowanie_v6_0_2026-07-01-2.html	AuDHD u dorosłych — cechy i wzorce funkcjonowania (v6.0)	https://maciektora-hue.github.io/audhd/audhd_opracowanie_v6_0_2026-07-01-2.html	H3	3	70	62. Głęboka potrzeba bycia zrozumianym, nie naprawionym głównie obserwacja kliniczna / doświadczenie powszechne	62-gleboka-potrzeba-bycia-zrozumianym-nie-naprawionym	OK	https://maciektora-hue.github.io/audhd/audhd_opracowanie_v6_0_2026-07-01-2.html#62-gleboka-potrzeba-bycia-zrozumianym-nie-naprawionym
AU11	audhd_opracowanie_v6_0_2026-07-01-2.html	AuDHD u dorosłych — cechy i wzorce funkcjonowania (v6.0)	https://maciektora-hue.github.io/audhd/audhd_opracowanie_v6_0_2026-07-01-2.html	H2	2	71	Uwagi końcowe	uwagi-koncowe	OK	https://maciektora-hue.github.io/audhd/audhd_opracowanie_v6_0_2026-07-01-2.html#uwagi-koncowe
AU11	audhd_opracowanie_v6_0_2026-07-01-2.html	AuDHD u dorosłych — cechy i wzorce funkcjonowania (v6.0)	https://maciektora-hue.github.io/audhd/audhd_opracowanie_v6_0_2026-07-01-2.html	H2	2	72	Bibliografia główna	bibliografia-glowna	OK	https://maciektora-hue.github.io/audhd/audhd_opracowanie_v6_0_2026-07-01-2.html#bibliografia-glowna
AU12	autyzm-regulacja-mowienia-v01.00-2026-05-14.html	Autyzm i regulacja mówienia — teza i mechanizm	https://maciektora-hue.github.io/audhd/autyzm-regulacja-mowienia-v01.00-2026-05-14.html	H1	1	1	Autyzm i regulacja mówienia	autyzm-i-regulacja-mowienia	OK	https://maciektora-hue.github.io/audhd/autyzm-regulacja-mowienia-v01.00-2026-05-14.html#autyzm-i-regulacja-mowienia
AU12	autyzm-regulacja-mowienia-v01.00-2026-05-14.html	Autyzm i regulacja mówienia — teza i mechanizm	https://maciektora-hue.github.io/audhd/autyzm-regulacja-mowienia-v01.00-2026-05-14.html	H2	2	2	Teza w postaci kompaktowej	teza-w-postaci-kompaktowej	OK	https://maciektora-hue.github.io/audhd/autyzm-regulacja-mowienia-v01.00-2026-05-14.html#teza-w-postaci-kompaktowej
AU12	autyzm-regulacja-mowienia-v01.00-2026-05-14.html	Autyzm i regulacja mówienia — teza i mechanizm	https://maciektora-hue.github.io/audhd/autyzm-regulacja-mowienia-v01.00-2026-05-14.html	H2	2	3	Rozwinięcie	rozwiniecie	OK	https://maciektora-hue.github.io/audhd/autyzm-regulacja-mowienia-v01.00-2026-05-14.html#rozwiniecie
AU12	autyzm-regulacja-mowienia-v01.00-2026-05-14.html	Autyzm i regulacja mówienia — teza i mechanizm	https://maciektora-hue.github.io/audhd/autyzm-regulacja-mowienia-v01.00-2026-05-14.html	H3	3	4	"Skąd się bierze bimodalność „za mało lub za dużo"""	skad-sie-bierze-bimodalnosc-za-mao-lub-za-duzo	OK	https://maciektora-hue.github.io/audhd/autyzm-regulacja-mowienia-v01.00-2026-05-14.html#skad-sie-bierze-bimodalnosc-za-mao-lub-za-duzo
AU12	autyzm-regulacja-mowienia-v01.00-2026-05-14.html	Autyzm i regulacja mówienia — teza i mechanizm	https://maciektora-hue.github.io/audhd/autyzm-regulacja-mowienia-v01.00-2026-05-14.html	H3	3	5	Pragmatyka języka — gdzie leży specyficzny problem	pragmatyka-jezyka-gdzie-lezy-specyficzny-problem	OK	https://maciektora-hue.github.io/audhd/autyzm-regulacja-mowienia-v01.00-2026-05-14.html#pragmatyka-jezyka-gdzie-lezy-specyficzny-problem
AU12	autyzm-regulacja-mowienia-v01.00-2026-05-14.html	Autyzm i regulacja mówienia — teza i mechanizm	https://maciektora-hue.github.io/audhd/autyzm-regulacja-mowienia-v01.00-2026-05-14.html	H3	3	6	"Dlaczego łatwo „rozkręcić"" osobę autystyczną"	dlaczego-atwo-rozkrecic-osobe-autystyczna	OK	https://maciektora-hue.github.io/audhd/autyzm-regulacja-mowienia-v01.00-2026-05-14.html#dlaczego-atwo-rozkrecic-osobe-autystyczna
AU12	autyzm-regulacja-mowienia-v01.00-2026-05-14.html	Autyzm i regulacja mówienia — teza i mechanizm	https://maciektora-hue.github.io/audhd/autyzm-regulacja-mowienia-v01.00-2026-05-14.html	H3	3	7	Jak to wygląda od strony wykorzystującego	jak-to-wyglada-od-strony-wykorzystujacego	OK	https://maciektora-hue.github.io/audhd/autyzm-regulacja-mowienia-v01.00-2026-05-14.html#jak-to-wyglada-od-strony-wykorzystujacego
AU12	autyzm-regulacja-mowienia-v01.00-2026-05-14.html	Autyzm i regulacja mówienia — teza i mechanizm	https://maciektora-hue.github.io/audhd/autyzm-regulacja-mowienia-v01.00-2026-05-14.html	H3	3	8	Co z tym zrobić	co-z-tym-zrobic	OK	https://maciektora-hue.github.io/audhd/autyzm-regulacja-mowienia-v01.00-2026-05-14.html#co-z-tym-zrobic
AU12	autyzm-regulacja-mowienia-v01.00-2026-05-14.html	Autyzm i regulacja mówienia — teza i mechanizm	https://maciektora-hue.github.io/audhd/autyzm-regulacja-mowienia-v01.00-2026-05-14.html	H2	2	9	Źródła	zroda	OK	https://maciektora-hue.github.io/audhd/autyzm-regulacja-mowienia-v01.00-2026-05-14.html#zroda
AU13	co-to-znaczy-audhd-v03_01-2026-07-09-2.html	Co to znaczy, że mam AuDHD — krótki przewodnik dla bliskich	https://maciektora-hue.github.io/audhd/co-to-znaczy-audhd-v03_01-2026-07-09-2.html	H1	1	1	Co to znaczy, że mam AuDHD	co-to-znaczy-ze-mam-audhd	OK	https://maciektora-hue.github.io/audhd/co-to-znaczy-audhd-v03_01-2026-07-09-2.html#co-to-znaczy-ze-mam-audhd
AU13	co-to-znaczy-audhd-v03_01-2026-07-09-2.html	Co to znaczy, że mam AuDHD — krótki przewodnik dla bliskich	https://maciektora-hue.github.io/audhd/co-to-znaczy-audhd-v03_01-2026-07-09-2.html	H2	2	2	Czym jest AuDHD	czym-jest-audhd	OK	https://maciektora-hue.github.io/audhd/co-to-znaczy-audhd-v03_01-2026-07-09-2.html#czym-jest-audhd
AU13	co-to-znaczy-audhd-v03_01-2026-07-09-2.html	Co to znaczy, że mam AuDHD — krótki przewodnik dla bliskich	https://maciektora-hue.github.io/audhd/co-to-znaczy-audhd-v03_01-2026-07-09-2.html	H2	2	3	To, co prawdopodobnie myślisz o ADHD — i dlaczego to nieprawda	to-co-prawdopodobnie-myslisz-o-adhd-i-dlaczego-to-nieprawda	OK	https://maciektora-hue.github.io/audhd/co-to-znaczy-audhd-v03_01-2026-07-09-2.html#to-co-prawdopodobnie-myslisz-o-adhd-i-dlaczego-to-nieprawda
AU13	co-to-znaczy-audhd-v03_01-2026-07-09-2.html	Co to znaczy, że mam AuDHD — krótki przewodnik dla bliskich	https://maciektora-hue.github.io/audhd/co-to-znaczy-audhd-v03_01-2026-07-09-2.html	H2	2	4	To, co prawdopodobnie myślisz o autyzmie — i dlaczego to nieprawda	to-co-prawdopodobnie-myslisz-o-autyzmie-i-dlaczego-to-nieprawda	OK	https://maciektora-hue.github.io/audhd/co-to-znaczy-audhd-v03_01-2026-07-09-2.html#to-co-prawdopodobnie-myslisz-o-autyzmie-i-dlaczego-to-nieprawda
AU13	co-to-znaczy-audhd-v03_01-2026-07-09-2.html	Co to znaczy, że mam AuDHD — krótki przewodnik dla bliskich	https://maciektora-hue.github.io/audhd/co-to-znaczy-audhd-v03_01-2026-07-09-2.html	H2	2	5	Dlaczego AuDHD jest trudniejsze niż każde z osobna	dlaczego-audhd-jest-trudniejsze-niz-kazde-z-osobna	OK	https://maciektora-hue.github.io/audhd/co-to-znaczy-audhd-v03_01-2026-07-09-2.html#dlaczego-audhd-jest-trudniejsze-niz-kazde-z-osobna
AU13	co-to-znaczy-audhd-v03_01-2026-07-09-2.html	Co to znaczy, że mam AuDHD — krótki przewodnik dla bliskich	https://maciektora-hue.github.io/audhd/co-to-znaczy-audhd-v03_01-2026-07-09-2.html	H2	2	6	"„Ale przecież wyglądałeś normalnie"""	ale-przeciez-wygladaes-normalnie	OK	https://maciektora-hue.github.io/audhd/co-to-znaczy-audhd-v03_01-2026-07-09-2.html#ale-przeciez-wygladaes-normalnie
AU13	co-to-znaczy-audhd-v03_01-2026-07-09-2.html	Co to znaczy, że mam AuDHD — krótki przewodnik dla bliskich	https://maciektora-hue.github.io/audhd/co-to-znaczy-audhd-v03_01-2026-07-09-2.html	H2	2	7	Co z tym zrobić	co-z-tym-zrobic	OK	https://maciektora-hue.github.io/audhd/co-to-znaczy-audhd-v03_01-2026-07-09-2.html#co-z-tym-zrobic
AU14	dluga-lista-publikacji-4.01-2026-08-26.html	Długa lista publikacji — 4.00	https://maciektora-hue.github.io/audhd/dluga-lista-publikacji-4.01-2026-08-26.html	H1	1	1	Długa lista publikacji	duga-lista-publikacji	OK	https://maciektora-hue.github.io/audhd/dluga-lista-publikacji-4.01-2026-08-26.html#duga-lista-publikacji
AU14	dluga-lista-publikacji-4.01-2026-08-26.html	Długa lista publikacji — 4.00	https://maciektora-hue.github.io/audhd/dluga-lista-publikacji-4.01-2026-08-26.html	H2	2	2	Zestawienie	zestawienie	OK	https://maciektora-hue.github.io/audhd/dluga-lista-publikacji-4.01-2026-08-26.html#zestawienie
AU14	dluga-lista-publikacji-4.01-2026-08-26.html	Długa lista publikacji — 4.00	https://maciektora-hue.github.io/audhd/dluga-lista-publikacji-4.01-2026-08-26.html	H2	2	3	15 najważniejszych dla tego korpusu	15-najwazniejszych-dla-tego-korpusu	OK	https://maciektora-hue.github.io/audhd/dluga-lista-publikacji-4.01-2026-08-26.html#15-najwazniejszych-dla-tego-korpusu
AU14	dluga-lista-publikacji-4.01-2026-08-26.html	Długa lista publikacji — 4.00	https://maciektora-hue.github.io/audhd/dluga-lista-publikacji-4.01-2026-08-26.html	H2	2	4	Appendix 1 — ASD ↔ ADHD / AuDHD: uzupełnienie	appendix-1-asd-adhd-audhd-uzupenienie	OK	https://maciektora-hue.github.io/audhd/dluga-lista-publikacji-4.01-2026-08-26.html#appendix-1-asd-adhd-audhd-uzupenienie
AU14	dluga-lista-publikacji-4.01-2026-08-26.html	Długa lista publikacji — 4.00	https://maciektora-hue.github.io/audhd/dluga-lista-publikacji-4.01-2026-08-26.html	H2	2	5	Appendix 2 — Po późnej diagnozie: co dalej?	appendix-2-po-poznej-diagnozie-co-dalej	OK	https://maciektora-hue.github.io/audhd/dluga-lista-publikacji-4.01-2026-08-26.html#appendix-2-po-poznej-diagnozie-co-dalej
AU15	ilu-nas-jest-audhd-polska-wstep-v03_00-2026-08-10.html	Ilu w Polsce jest osób z AuDHD? Wstęp do oszacowania - v03.00	https://maciektora-hue.github.io/audhd/ilu-nas-jest-audhd-polska-wstep-v03_00-2026-08-10.html	H1	1	1	Ilu w Polsce jest osób z AuDHD?	ilu-w-polsce-jest-osob-z-audhd	OK	https://maciektora-hue.github.io/audhd/ilu-nas-jest-audhd-polska-wstep-v03_00-2026-08-10.html#ilu-w-polsce-jest-osob-z-audhd
AU15	ilu-nas-jest-audhd-polska-wstep-v03_00-2026-08-10.html	Ilu w Polsce jest osób z AuDHD? Wstęp do oszacowania - v03.00	https://maciektora-hue.github.io/audhd/ilu-nas-jest-audhd-polska-wstep-v03_00-2026-08-10.html	H2	2	2	Streszczenie	streszczenie	OK	https://maciektora-hue.github.io/audhd/ilu-nas-jest-audhd-polska-wstep-v03_00-2026-08-10.html#streszczenie
AU15	ilu-nas-jest-audhd-polska-wstep-v03_00-2026-08-10.html	Ilu w Polsce jest osób z AuDHD? Wstęp do oszacowania - v03.00	https://maciektora-hue.github.io/audhd/ilu-nas-jest-audhd-polska-wstep-v03_00-2026-08-10.html	H2	2	3	1. Pytanie badawcze i jego ograniczenia	1-pytanie-badawcze-i-jego-ograniczenia	OK	https://maciektora-hue.github.io/audhd/ilu-nas-jest-audhd-polska-wstep-v03_00-2026-08-10.html#1-pytanie-badawcze-i-jego-ograniczenia
AU15	ilu-nas-jest-audhd-polska-wstep-v03_00-2026-08-10.html	Ilu w Polsce jest osób z AuDHD? Wstęp do oszacowania - v03.00	https://maciektora-hue.github.io/audhd/ilu-nas-jest-audhd-polska-wstep-v03_00-2026-08-10.html	H3	3	4	1.1. Trzy różne bariery, nie jedna	1-1-trzy-rozne-bariery-nie-jedna	OK	https://maciektora-hue.github.io/audhd/ilu-nas-jest-audhd-polska-wstep-v03_00-2026-08-10.html#1-1-trzy-rozne-bariery-nie-jedna
AU15	ilu-nas-jest-audhd-polska-wstep-v03_00-2026-08-10.html	Ilu w Polsce jest osób z AuDHD? Wstęp do oszacowania - v03.00	https://maciektora-hue.github.io/audhd/ilu-nas-jest-audhd-polska-wstep-v03_00-2026-08-10.html	H2	2	5	2. Stan wiedzy	2-stan-wiedzy	OK	https://maciektora-hue.github.io/audhd/ilu-nas-jest-audhd-polska-wstep-v03_00-2026-08-10.html#2-stan-wiedzy
AU15	ilu-nas-jest-audhd-polska-wstep-v03_00-2026-08-10.html	Ilu w Polsce jest osób z AuDHD? Wstęp do oszacowania - v03.00	https://maciektora-hue.github.io/audhd/ilu-nas-jest-audhd-polska-wstep-v03_00-2026-08-10.html	H3	3	6	2.1. Częstość ASD u dorosłych	2-1-czestosc-asd-u-dorosych	OK	https://maciektora-hue.github.io/audhd/ilu-nas-jest-audhd-polska-wstep-v03_00-2026-08-10.html#2-1-czestosc-asd-u-dorosych
AU15	ilu-nas-jest-audhd-polska-wstep-v03_00-2026-08-10.html	Ilu w Polsce jest osób z AuDHD? Wstęp do oszacowania - v03.00	https://maciektora-hue.github.io/audhd/ilu-nas-jest-audhd-polska-wstep-v03_00-2026-08-10.html	H3	3	7	2.2. Częstość ADHD u dorosłych	2-2-czestosc-adhd-u-dorosych	OK	https://maciektora-hue.github.io/audhd/ilu-nas-jest-audhd-polska-wstep-v03_00-2026-08-10.html#2-2-czestosc-adhd-u-dorosych
AU15	ilu-nas-jest-audhd-polska-wstep-v03_00-2026-08-10.html	Ilu w Polsce jest osób z AuDHD? Wstęp do oszacowania - v03.00	https://maciektora-hue.github.io/audhd/ilu-nas-jest-audhd-polska-wstep-v03_00-2026-08-10.html	H3	3	8	2.3. Stopień nakładania ASD i ADHD	2-3-stopien-nakadania-asd-i-adhd	OK	https://maciektora-hue.github.io/audhd/ilu-nas-jest-audhd-polska-wstep-v03_00-2026-08-10.html#2-3-stopien-nakadania-asd-i-adhd
AU15	ilu-nas-jest-audhd-polska-wstep-v03_00-2026-08-10.html	Ilu w Polsce jest osób z AuDHD? Wstęp do oszacowania - v03.00	https://maciektora-hue.github.io/audhd/ilu-nas-jest-audhd-polska-wstep-v03_00-2026-08-10.html	H3	3	9	2.4. Populacja dorosłych w Polsce	2-4-populacja-dorosych-w-polsce	OK	https://maciektora-hue.github.io/audhd/ilu-nas-jest-audhd-polska-wstep-v03_00-2026-08-10.html#2-4-populacja-dorosych-w-polsce
AU15	ilu-nas-jest-audhd-polska-wstep-v03_00-2026-08-10.html	Ilu w Polsce jest osób z AuDHD? Wstęp do oszacowania - v03.00	https://maciektora-hue.github.io/audhd/ilu-nas-jest-audhd-polska-wstep-v03_00-2026-08-10.html	H2	2	10	3. Materiał i metoda	3-materia-i-metoda	OK	https://maciektora-hue.github.io/audhd/ilu-nas-jest-audhd-polska-wstep-v03_00-2026-08-10.html#3-materia-i-metoda
AU15	ilu-nas-jest-audhd-polska-wstep-v03_00-2026-08-10.html	Ilu w Polsce jest osób z AuDHD? Wstęp do oszacowania - v03.00	https://maciektora-hue.github.io/audhd/ilu-nas-jest-audhd-polska-wstep-v03_00-2026-08-10.html	H3	3	11	3.1. Model jest warunkowy, nie niezależnościowy	3-1-model-jest-warunkowy-nie-niezaleznosciowy	OK	https://maciektora-hue.github.io/audhd/ilu-nas-jest-audhd-polska-wstep-v03_00-2026-08-10.html#3-1-model-jest-warunkowy-nie-niezaleznosciowy
AU15	ilu-nas-jest-audhd-polska-wstep-v03_00-2026-08-10.html	Ilu w Polsce jest osób z AuDHD? Wstęp do oszacowania - v03.00	https://maciektora-hue.github.io/audhd/ilu-nas-jest-audhd-polska-wstep-v03_00-2026-08-10.html	H3	3	12	3.2. Drogi rachunku	3-2-drogi-rachunku	OK	https://maciektora-hue.github.io/audhd/ilu-nas-jest-audhd-polska-wstep-v03_00-2026-08-10.html#3-2-drogi-rachunku
AU15	ilu-nas-jest-audhd-polska-wstep-v03_00-2026-08-10.html	Ilu w Polsce jest osób z AuDHD? Wstęp do oszacowania - v03.00	https://maciektora-hue.github.io/audhd/ilu-nas-jest-audhd-polska-wstep-v03_00-2026-08-10.html	H2	2	13	4. Wyniki	4-wyniki	OK	https://maciektora-hue.github.io/audhd/ilu-nas-jest-audhd-polska-wstep-v03_00-2026-08-10.html#4-wyniki
AU15	ilu-nas-jest-audhd-polska-wstep-v03_00-2026-08-10.html	Ilu w Polsce jest osób z AuDHD? Wstęp do oszacowania - v03.00	https://maciektora-hue.github.io/audhd/ilu-nas-jest-audhd-polska-wstep-v03_00-2026-08-10.html	H3	3	14	4.1. Droga A — od strony autyzmu	4-1-droga-a-od-strony-autyzmu	OK	https://maciektora-hue.github.io/audhd/ilu-nas-jest-audhd-polska-wstep-v03_00-2026-08-10.html#4-1-droga-a-od-strony-autyzmu
AU15	ilu-nas-jest-audhd-polska-wstep-v03_00-2026-08-10.html	Ilu w Polsce jest osób z AuDHD? Wstęp do oszacowania - v03.00	https://maciektora-hue.github.io/audhd/ilu-nas-jest-audhd-polska-wstep-v03_00-2026-08-10.html	H3	3	15	4.2. Droga B — od strony ADHD	4-2-droga-b-od-strony-adhd	OK	https://maciektora-hue.github.io/audhd/ilu-nas-jest-audhd-polska-wstep-v03_00-2026-08-10.html#4-2-droga-b-od-strony-adhd
AU15	ilu-nas-jest-audhd-polska-wstep-v03_00-2026-08-10.html	Ilu w Polsce jest osób z AuDHD? Wstęp do oszacowania - v03.00	https://maciektora-hue.github.io/audhd/ilu-nas-jest-audhd-polska-wstep-v03_00-2026-08-10.html	H3	3	16	4.3. Zestawienie dróg	4-3-zestawienie-drog	OK	https://maciektora-hue.github.io/audhd/ilu-nas-jest-audhd-polska-wstep-v03_00-2026-08-10.html#4-3-zestawienie-drog
AU15	ilu-nas-jest-audhd-polska-wstep-v03_00-2026-08-10.html	Ilu w Polsce jest osób z AuDHD? Wstęp do oszacowania - v03.00	https://maciektora-hue.github.io/audhd/ilu-nas-jest-audhd-polska-wstep-v03_00-2026-08-10.html	H3	3	17	4.3a. Domknięcie wewnętrzne założeń	4-3a-domkniecie-wewnetrzne-zaozen	OK	https://maciektora-hue.github.io/audhd/ilu-nas-jest-audhd-polska-wstep-v03_00-2026-08-10.html#4-3a-domkniecie-wewnetrzne-zaozen
AU15	ilu-nas-jest-audhd-polska-wstep-v03_00-2026-08-10.html	Ilu w Polsce jest osób z AuDHD? Wstęp do oszacowania - v03.00	https://maciektora-hue.github.io/audhd/ilu-nas-jest-audhd-polska-wstep-v03_00-2026-08-10.html	H3	3	18	4.4. Droga C — diagnozy systemowe	4-4-droga-c-diagnozy-systemowe	OK	https://maciektora-hue.github.io/audhd/ilu-nas-jest-audhd-polska-wstep-v03_00-2026-08-10.html#4-4-droga-c-diagnozy-systemowe
AU15	ilu-nas-jest-audhd-polska-wstep-v03_00-2026-08-10.html	Ilu w Polsce jest osób z AuDHD? Wstęp do oszacowania - v03.00	https://maciektora-hue.github.io/audhd/ilu-nas-jest-audhd-polska-wstep-v03_00-2026-08-10.html	H2	2	19	5. Porównania zewnętrzne	5-porownania-zewnetrzne	OK	https://maciektora-hue.github.io/audhd/ilu-nas-jest-audhd-polska-wstep-v03_00-2026-08-10.html#5-porownania-zewnetrzne
AU15	ilu-nas-jest-audhd-polska-wstep-v03_00-2026-08-10.html	Ilu w Polsce jest osób z AuDHD? Wstęp do oszacowania - v03.00	https://maciektora-hue.github.io/audhd/ilu-nas-jest-audhd-polska-wstep-v03_00-2026-08-10.html	H2	2	20	6. Ograniczenia	6-ograniczenia	OK	https://maciektora-hue.github.io/audhd/ilu-nas-jest-audhd-polska-wstep-v03_00-2026-08-10.html#6-ograniczenia
AU15	ilu-nas-jest-audhd-polska-wstep-v03_00-2026-08-10.html	Ilu w Polsce jest osób z AuDHD? Wstęp do oszacowania - v03.00	https://maciektora-hue.github.io/audhd/ilu-nas-jest-audhd-polska-wstep-v03_00-2026-08-10.html	H2	2	21	7. Wnioski wstępne i kierunki dalszego opracowania	7-wnioski-wstepne-i-kierunki-dalszego-opracowania	OK	https://maciektora-hue.github.io/audhd/ilu-nas-jest-audhd-polska-wstep-v03_00-2026-08-10.html#7-wnioski-wstepne-i-kierunki-dalszego-opracowania
AU15	ilu-nas-jest-audhd-polska-wstep-v03_00-2026-08-10.html	Ilu w Polsce jest osób z AuDHD? Wstęp do oszacowania - v03.00	https://maciektora-hue.github.io/audhd/ilu-nas-jest-audhd-polska-wstep-v03_00-2026-08-10.html	H2	2	22	8. Źródła	8-zroda	OK	https://maciektora-hue.github.io/audhd/ilu-nas-jest-audhd-polska-wstep-v03_00-2026-08-10.html#8-zroda
AU16	kognitywistyka-ai-bledy-poznawcze-2_00-2026-04-28.html	Kognitywistyka, AI i błędy poznawcze — obserwacje o pamięci, konfabulacji, atrybucji i terapii dla ND	https://maciektora-hue.github.io/audhd/kognitywistyka-ai-bledy-poznawcze-2_00-2026-04-28.html	H1	1	1	Kognitywistyka, AI i błędy poznawcze	kognitywistyka-ai-i-bedy-poznawcze	OK	https://maciektora-hue.github.io/audhd/kognitywistyka-ai-bledy-poznawcze-2_00-2026-04-28.html#kognitywistyka-ai-i-bedy-poznawcze
AU16	kognitywistyka-ai-bledy-poznawcze-2_00-2026-04-28.html	Kognitywistyka, AI i błędy poznawcze — obserwacje o pamięci, konfabulacji, atrybucji i terapii dla ND	https://maciektora-hue.github.io/audhd/kognitywistyka-ai-bledy-poznawcze-2_00-2026-04-28.html	H2	2	2	Punkt wyjścia — trzy rodzaje pamięci, trzy architektury	punkt-wyjscia-trzy-rodzaje-pamieci-trzy-architektury	OK	https://maciektora-hue.github.io/audhd/kognitywistyka-ai-bledy-poznawcze-2_00-2026-04-28.html#punkt-wyjscia-trzy-rodzaje-pamieci-trzy-architektury
AU16	kognitywistyka-ai-bledy-poznawcze-2_00-2026-04-28.html	Kognitywistyka, AI i błędy poznawcze — obserwacje o pamięci, konfabulacji, atrybucji i terapii dla ND	https://maciektora-hue.github.io/audhd/kognitywistyka-ai-bledy-poznawcze-2_00-2026-04-28.html	H3	3	3	NT — schemat-based, value-based	nt-schemat-based-value-based	OK	https://maciektora-hue.github.io/audhd/kognitywistyka-ai-bledy-poznawcze-2_00-2026-04-28.html#nt-schemat-based-value-based
AU16	kognitywistyka-ai-bledy-poznawcze-2_00-2026-04-28.html	Kognitywistyka, AI i błędy poznawcze — obserwacje o pamięci, konfabulacji, atrybucji i terapii dla ND	https://maciektora-hue.github.io/audhd/kognitywistyka-ai-bledy-poznawcze-2_00-2026-04-28.html	H3	3	4	AuDHD — pointer-based	audhd-pointer-based	OK	https://maciektora-hue.github.io/audhd/kognitywistyka-ai-bledy-poznawcze-2_00-2026-04-28.html#audhd-pointer-based
AU16	kognitywistyka-ai-bledy-poznawcze-2_00-2026-04-28.html	Kognitywistyka, AI i błędy poznawcze — obserwacje o pamięci, konfabulacji, atrybucji i terapii dla ND	https://maciektora-hue.github.io/audhd/kognitywistyka-ai-bledy-poznawcze-2_00-2026-04-28.html	H3	3	5	AI (transformer) — atencja jako pointer-based	ai-transformer-atencja-jako-pointer-based	OK	https://maciektora-hue.github.io/audhd/kognitywistyka-ai-bledy-poznawcze-2_00-2026-04-28.html#ai-transformer-atencja-jako-pointer-based
AU16	kognitywistyka-ai-bledy-poznawcze-2_00-2026-04-28.html	Kognitywistyka, AI i błędy poznawcze — obserwacje o pamięci, konfabulacji, atrybucji i terapii dla ND	https://maciektora-hue.github.io/audhd/kognitywistyka-ai-bledy-poznawcze-2_00-2026-04-28.html	H2	2	6	Konsolidacja pamięci — jak rzeczy przepisują się z krótko do długo	konsolidacja-pamieci-jak-rzeczy-przepisuja-sie-z-krotko-do-dugo	OK	https://maciektora-hue.github.io/audhd/kognitywistyka-ai-bledy-poznawcze-2_00-2026-04-28.html#konsolidacja-pamieci-jak-rzeczy-przepisuja-sie-z-krotko-do-dugo
AU16	kognitywistyka-ai-bledy-poznawcze-2_00-2026-04-28.html	Kognitywistyka, AI i błędy poznawcze — obserwacje o pamięci, konfabulacji, atrybucji i terapii dla ND	https://maciektora-hue.github.io/audhd/kognitywistyka-ai-bledy-poznawcze-2_00-2026-04-28.html	H3	3	7	Mechanizm u człowieka	mechanizm-u-czowieka	OK	https://maciektora-hue.github.io/audhd/kognitywistyka-ai-bledy-poznawcze-2_00-2026-04-28.html#mechanizm-u-czowieka
AU16	kognitywistyka-ai-bledy-poznawcze-2_00-2026-04-28.html	Kognitywistyka, AI i błędy poznawcze — obserwacje o pamięci, konfabulacji, atrybucji i terapii dla ND	https://maciektora-hue.github.io/audhd/kognitywistyka-ai-bledy-poznawcze-2_00-2026-04-28.html	H3	3	8	Sygnały deficytu konsolidacji	sygnay-deficytu-konsolidacji	OK	https://maciektora-hue.github.io/audhd/kognitywistyka-ai-bledy-poznawcze-2_00-2026-04-28.html#sygnay-deficytu-konsolidacji
AU16	kognitywistyka-ai-bledy-poznawcze-2_00-2026-04-28.html	Kognitywistyka, AI i błędy poznawcze — obserwacje o pamięci, konfabulacji, atrybucji i terapii dla ND	https://maciektora-hue.github.io/audhd/kognitywistyka-ai-bledy-poznawcze-2_00-2026-04-28.html	H3	3	9	Strategie obejścia uszkodzonej konsolidacji	strategie-obejscia-uszkodzonej-konsolidacji	OK	https://maciektora-hue.github.io/audhd/kognitywistyka-ai-bledy-poznawcze-2_00-2026-04-28.html#strategie-obejscia-uszkodzonej-konsolidacji
AU16	kognitywistyka-ai-bledy-poznawcze-2_00-2026-04-28.html	Kognitywistyka, AI i błędy poznawcze — obserwacje o pamięci, konfabulacji, atrybucji i terapii dla ND	https://maciektora-hue.github.io/audhd/kognitywistyka-ai-bledy-poznawcze-2_00-2026-04-28.html	H2	2	10	Metafora chirurgiczna	metafora-chirurgiczna	OK	https://maciektora-hue.github.io/audhd/kognitywistyka-ai-bledy-poznawcze-2_00-2026-04-28.html#metafora-chirurgiczna
AU16	kognitywistyka-ai-bledy-poznawcze-2_00-2026-04-28.html	Kognitywistyka, AI i błędy poznawcze — obserwacje o pamięci, konfabulacji, atrybucji i terapii dla ND	https://maciektora-hue.github.io/audhd/kognitywistyka-ai-bledy-poznawcze-2_00-2026-04-28.html	H3	3	11	Tłumaczenie metafory	tumaczenie-metafory	OK	https://maciektora-hue.github.io/audhd/kognitywistyka-ai-bledy-poznawcze-2_00-2026-04-28.html#tumaczenie-metafory
AU16	kognitywistyka-ai-bledy-poznawcze-2_00-2026-04-28.html	Kognitywistyka, AI i błędy poznawcze — obserwacje o pamięci, konfabulacji, atrybucji i terapii dla ND	https://maciektora-hue.github.io/audhd/kognitywistyka-ai-bledy-poznawcze-2_00-2026-04-28.html	H2	2	12	Memento Nolana — model AI	memento-nolana-model-ai	OK	https://maciektora-hue.github.io/audhd/kognitywistyka-ai-bledy-poznawcze-2_00-2026-04-28.html#memento-nolana-model-ai
AU16	kognitywistyka-ai-bledy-poznawcze-2_00-2026-04-28.html	Kognitywistyka, AI i błędy poznawcze — obserwacje o pamięci, konfabulacji, atrybucji i terapii dla ND	https://maciektora-hue.github.io/audhd/kognitywistyka-ai-bledy-poznawcze-2_00-2026-04-28.html	H3	3	13	Trzy parafrazy problemu	trzy-parafrazy-problemu	OK	https://maciektora-hue.github.io/audhd/kognitywistyka-ai-bledy-poznawcze-2_00-2026-04-28.html#trzy-parafrazy-problemu
AU16	kognitywistyka-ai-bledy-poznawcze-2_00-2026-04-28.html	Kognitywistyka, AI i błędy poznawcze — obserwacje o pamięci, konfabulacji, atrybucji i terapii dla ND	https://maciektora-hue.github.io/audhd/kognitywistyka-ai-bledy-poznawcze-2_00-2026-04-28.html	H3	3	14	Jak to wygląda u AI typu Claude	jak-to-wyglada-u-ai-typu-claude	OK	https://maciektora-hue.github.io/audhd/kognitywistyka-ai-bledy-poznawcze-2_00-2026-04-28.html#jak-to-wyglada-u-ai-typu-claude
AU16	kognitywistyka-ai-bledy-poznawcze-2_00-2026-04-28.html	Kognitywistyka, AI i błędy poznawcze — obserwacje o pamięci, konfabulacji, atrybucji i terapii dla ND	https://maciektora-hue.github.io/audhd/kognitywistyka-ai-bledy-poznawcze-2_00-2026-04-28.html	H2	2	15	Polaroidy babci Genowefy — atrybucja w streszczeniach	polaroidy-babci-genowefy-atrybucja-w-streszczeniach	OK	https://maciektora-hue.github.io/audhd/kognitywistyka-ai-bledy-poznawcze-2_00-2026-04-28.html#polaroidy-babci-genowefy-atrybucja-w-streszczeniach
AU16	kognitywistyka-ai-bledy-poznawcze-2_00-2026-04-28.html	Kognitywistyka, AI i błędy poznawcze — obserwacje o pamięci, konfabulacji, atrybucji i terapii dla ND	https://maciektora-hue.github.io/audhd/kognitywistyka-ai-bledy-poznawcze-2_00-2026-04-28.html	H3	3	16	Mechanizm skażenia	mechanizm-skazenia	OK	https://maciektora-hue.github.io/audhd/kognitywistyka-ai-bledy-poznawcze-2_00-2026-04-28.html#mechanizm-skazenia
AU16	kognitywistyka-ai-bledy-poznawcze-2_00-2026-04-28.html	Kognitywistyka, AI i błędy poznawcze — obserwacje o pamięci, konfabulacji, atrybucji i terapii dla ND	https://maciektora-hue.github.io/audhd/kognitywistyka-ai-bledy-poznawcze-2_00-2026-04-28.html	H3	3	17	Co kompresja stratna gubi pierwsze	co-kompresja-stratna-gubi-pierwsze	OK	https://maciektora-hue.github.io/audhd/kognitywistyka-ai-bledy-poznawcze-2_00-2026-04-28.html#co-kompresja-stratna-gubi-pierwsze
AU16	kognitywistyka-ai-bledy-poznawcze-2_00-2026-04-28.html	Kognitywistyka, AI i błędy poznawcze — obserwacje o pamięci, konfabulacji, atrybucji i terapii dla ND	https://maciektora-hue.github.io/audhd/kognitywistyka-ai-bledy-poznawcze-2_00-2026-04-28.html	H3	3	18	Konfabulacja jako default modelu	konfabulacja-jako-default-modelu	OK	https://maciektora-hue.github.io/audhd/kognitywistyka-ai-bledy-poznawcze-2_00-2026-04-28.html#konfabulacja-jako-default-modelu
AU16	kognitywistyka-ai-bledy-poznawcze-2_00-2026-04-28.html	Kognitywistyka, AI i błędy poznawcze — obserwacje o pamięci, konfabulacji, atrybucji i terapii dla ND	https://maciektora-hue.github.io/audhd/kognitywistyka-ai-bledy-poznawcze-2_00-2026-04-28.html	H3	3	19	Trzy warstwy skażenia	trzy-warstwy-skazenia	OK	https://maciektora-hue.github.io/audhd/kognitywistyka-ai-bledy-poznawcze-2_00-2026-04-28.html#trzy-warstwy-skazenia
AU16	kognitywistyka-ai-bledy-poznawcze-2_00-2026-04-28.html	Kognitywistyka, AI i błędy poznawcze — obserwacje o pamięci, konfabulacji, atrybucji i terapii dla ND	https://maciektora-hue.github.io/audhd/kognitywistyka-ai-bledy-poznawcze-2_00-2026-04-28.html	H3	3	20	Nieweryfikowalność dla AuDHD	nieweryfikowalnosc-dla-audhd	OK	https://maciektora-hue.github.io/audhd/kognitywistyka-ai-bledy-poznawcze-2_00-2026-04-28.html#nieweryfikowalnosc-dla-audhd
AU16	kognitywistyka-ai-bledy-poznawcze-2_00-2026-04-28.html	Kognitywistyka, AI i błędy poznawcze — obserwacje o pamięci, konfabulacji, atrybucji i terapii dla ND	https://maciektora-hue.github.io/audhd/kognitywistyka-ai-bledy-poznawcze-2_00-2026-04-28.html	H2	2	21	Konfabulacja w obrębie pojedynczej sesji	konfabulacja-w-obrebie-pojedynczej-sesji	OK	https://maciektora-hue.github.io/audhd/kognitywistyka-ai-bledy-poznawcze-2_00-2026-04-28.html#konfabulacja-w-obrebie-pojedynczej-sesji
AU16	kognitywistyka-ai-bledy-poznawcze-2_00-2026-04-28.html	Kognitywistyka, AI i błędy poznawcze — obserwacje o pamięci, konfabulacji, atrybucji i terapii dla ND	https://maciektora-hue.github.io/audhd/kognitywistyka-ai-bledy-poznawcze-2_00-2026-04-28.html	H3	3	22	Przykład empiryczny	przykad-empiryczny	OK	https://maciektora-hue.github.io/audhd/kognitywistyka-ai-bledy-poznawcze-2_00-2026-04-28.html#przykad-empiryczny
AU16	kognitywistyka-ai-bledy-poznawcze-2_00-2026-04-28.html	Kognitywistyka, AI i błędy poznawcze — obserwacje o pamięci, konfabulacji, atrybucji i terapii dla ND	https://maciektora-hue.github.io/audhd/kognitywistyka-ai-bledy-poznawcze-2_00-2026-04-28.html	H3	3	23	Mechanizm techniczny	mechanizm-techniczny	OK	https://maciektora-hue.github.io/audhd/kognitywistyka-ai-bledy-poznawcze-2_00-2026-04-28.html#mechanizm-techniczny
AU16	kognitywistyka-ai-bledy-poznawcze-2_00-2026-04-28.html	Kognitywistyka, AI i błędy poznawcze — obserwacje o pamięci, konfabulacji, atrybucji i terapii dla ND	https://maciektora-hue.github.io/audhd/kognitywistyka-ai-bledy-poznawcze-2_00-2026-04-28.html	H2	2	24	Biały niedźwiedź — wspólny błąd negacji	biay-niedzwiedz-wspolny-bad-negacji	OK	https://maciektora-hue.github.io/audhd/kognitywistyka-ai-bledy-poznawcze-2_00-2026-04-28.html#biay-niedzwiedz-wspolny-bad-negacji
AU16	kognitywistyka-ai-bledy-poznawcze-2_00-2026-04-28.html	Kognitywistyka, AI i błędy poznawcze — obserwacje o pamięci, konfabulacji, atrybucji i terapii dla ND	https://maciektora-hue.github.io/audhd/kognitywistyka-ai-bledy-poznawcze-2_00-2026-04-28.html	H3	3	25	Konsekwencja praktyczna — pisz pozytywnie	konsekwencja-praktyczna-pisz-pozytywnie	OK	https://maciektora-hue.github.io/audhd/kognitywistyka-ai-bledy-poznawcze-2_00-2026-04-28.html#konsekwencja-praktyczna-pisz-pozytywnie
AU16	kognitywistyka-ai-bledy-poznawcze-2_00-2026-04-28.html	Kognitywistyka, AI i błędy poznawcze — obserwacje o pamięci, konfabulacji, atrybucji i terapii dla ND	https://maciektora-hue.github.io/audhd/kognitywistyka-ai-bledy-poznawcze-2_00-2026-04-28.html	H2	2	26	Podział na projekty i czaty — koszty i zyski	podzia-na-projekty-i-czaty-koszty-i-zyski	OK	https://maciektora-hue.github.io/audhd/kognitywistyka-ai-bledy-poznawcze-2_00-2026-04-28.html#podzia-na-projekty-i-czaty-koszty-i-zyski
AU16	kognitywistyka-ai-bledy-poznawcze-2_00-2026-04-28.html	Kognitywistyka, AI i błędy poznawcze — obserwacje o pamięci, konfabulacji, atrybucji i terapii dla ND	https://maciektora-hue.github.io/audhd/kognitywistyka-ai-bledy-poznawcze-2_00-2026-04-28.html	H3	3	27	Cechy techniczne	cechy-techniczne	OK	https://maciektora-hue.github.io/audhd/kognitywistyka-ai-bledy-poznawcze-2_00-2026-04-28.html#cechy-techniczne
AU16	kognitywistyka-ai-bledy-poznawcze-2_00-2026-04-28.html	Kognitywistyka, AI i błędy poznawcze — obserwacje o pamięci, konfabulacji, atrybucji i terapii dla ND	https://maciektora-hue.github.io/audhd/kognitywistyka-ai-bledy-poznawcze-2_00-2026-04-28.html	H3	3	28	Zasada projektowa	zasada-projektowa	OK	https://maciektora-hue.github.io/audhd/kognitywistyka-ai-bledy-poznawcze-2_00-2026-04-28.html#zasada-projektowa
AU16	kognitywistyka-ai-bledy-poznawcze-2_00-2026-04-28.html	Kognitywistyka, AI i błędy poznawcze — obserwacje o pamięci, konfabulacji, atrybucji i terapii dla ND	https://maciektora-hue.github.io/audhd/kognitywistyka-ai-bledy-poznawcze-2_00-2026-04-28.html	H3	3	29	Plik nadrzędny indeksu zaufania jako pomysł	plik-nadrzedny-indeksu-zaufania-jako-pomys	OK	https://maciektora-hue.github.io/audhd/kognitywistyka-ai-bledy-poznawcze-2_00-2026-04-28.html#plik-nadrzedny-indeksu-zaufania-jako-pomys
AU16	kognitywistyka-ai-bledy-poznawcze-2_00-2026-04-28.html	Kognitywistyka, AI i błędy poznawcze — obserwacje o pamięci, konfabulacji, atrybucji i terapii dla ND	https://maciektora-hue.github.io/audhd/kognitywistyka-ai-bledy-poznawcze-2_00-2026-04-28.html	H2	2	30	System rozproszony człowiek + AI + pliki	system-rozproszony-czowiek-ai-pliki	OK	https://maciektora-hue.github.io/audhd/kognitywistyka-ai-bledy-poznawcze-2_00-2026-04-28.html#system-rozproszony-czowiek-ai-pliki
AU16	kognitywistyka-ai-bledy-poznawcze-2_00-2026-04-28.html	Kognitywistyka, AI i błędy poznawcze — obserwacje o pamięci, konfabulacji, atrybucji i terapii dla ND	https://maciektora-hue.github.io/audhd/kognitywistyka-ai-bledy-poznawcze-2_00-2026-04-28.html	H3	3	31	Asymetria ról	asymetria-rol	OK	https://maciektora-hue.github.io/audhd/kognitywistyka-ai-bledy-poznawcze-2_00-2026-04-28.html#asymetria-rol
AU16	kognitywistyka-ai-bledy-poznawcze-2_00-2026-04-28.html	Kognitywistyka, AI i błędy poznawcze — obserwacje o pamięci, konfabulacji, atrybucji i terapii dla ND	https://maciektora-hue.github.io/audhd/kognitywistyka-ai-bledy-poznawcze-2_00-2026-04-28.html	H2	2	32	Praktyczne reguły wynikające z obserwacji	praktyczne-reguy-wynikajace-z-obserwacji	OK	https://maciektora-hue.github.io/audhd/kognitywistyka-ai-bledy-poznawcze-2_00-2026-04-28.html#praktyczne-reguy-wynikajace-z-obserwacji
AU16	kognitywistyka-ai-bledy-poznawcze-2_00-2026-04-28.html	Kognitywistyka, AI i błędy poznawcze — obserwacje o pamięci, konfabulacji, atrybucji i terapii dla ND	https://maciektora-hue.github.io/audhd/kognitywistyka-ai-bledy-poznawcze-2_00-2026-04-28.html	H2	2	33	Jeden niewygodny wniosek o samej rozmowie z AI	jeden-niewygodny-wniosek-o-samej-rozmowie-z-ai	OK	https://maciektora-hue.github.io/audhd/kognitywistyka-ai-bledy-poznawcze-2_00-2026-04-28.html#jeden-niewygodny-wniosek-o-samej-rozmowie-z-ai
AU16	kognitywistyka-ai-bledy-poznawcze-2_00-2026-04-28.html	Kognitywistyka, AI i błędy poznawcze — obserwacje o pamięci, konfabulacji, atrybucji i terapii dla ND	https://maciektora-hue.github.io/audhd/kognitywistyka-ai-bledy-poznawcze-2_00-2026-04-28.html	H1	1	34	Część druga (v2.00) — psychoterapia i ND	czesc-druga-v2-00-psychoterapia-i-nd	OK	https://maciektora-hue.github.io/audhd/kognitywistyka-ai-bledy-poznawcze-2_00-2026-04-28.html#czesc-druga-v2-00-psychoterapia-i-nd
AU16	kognitywistyka-ai-bledy-poznawcze-2_00-2026-04-28.html	Kognitywistyka, AI i błędy poznawcze — obserwacje o pamięci, konfabulacji, atrybucji i terapii dla ND	https://maciektora-hue.github.io/audhd/kognitywistyka-ai-bledy-poznawcze-2_00-2026-04-28.html	H2	2	35	Anhedonia jako etykieta CBT vs deficyt dopaminergiczny u ADHD	anhedonia-jako-etykieta-cbt-vs-deficyt-dopaminergiczny-u-adhd	OK	https://maciektora-hue.github.io/audhd/kognitywistyka-ai-bledy-poznawcze-2_00-2026-04-28.html#anhedonia-jako-etykieta-cbt-vs-deficyt-dopaminergiczny-u-adhd
AU16	kognitywistyka-ai-bledy-poznawcze-2_00-2026-04-28.html	Kognitywistyka, AI i błędy poznawcze — obserwacje o pamięci, konfabulacji, atrybucji i terapii dla ND	https://maciektora-hue.github.io/audhd/kognitywistyka-ai-bledy-poznawcze-2_00-2026-04-28.html	H3	3	36	Co widzi terapeuta CBT	co-widzi-terapeuta-cbt	OK	https://maciektora-hue.github.io/audhd/kognitywistyka-ai-bledy-poznawcze-2_00-2026-04-28.html#co-widzi-terapeuta-cbt
AU16	kognitywistyka-ai-bledy-poznawcze-2_00-2026-04-28.html	Kognitywistyka, AI i błędy poznawcze — obserwacje o pamięci, konfabulacji, atrybucji i terapii dla ND	https://maciektora-hue.github.io/audhd/kognitywistyka-ai-bledy-poznawcze-2_00-2026-04-28.html	H3	3	37	Co rzeczywiście jest u ADHD	co-rzeczywiscie-jest-u-adhd	OK	https://maciektora-hue.github.io/audhd/kognitywistyka-ai-bledy-poznawcze-2_00-2026-04-28.html#co-rzeczywiscie-jest-u-adhd
AU16	kognitywistyka-ai-bledy-poznawcze-2_00-2026-04-28.html	Kognitywistyka, AI i błędy poznawcze — obserwacje o pamięci, konfabulacji, atrybucji i terapii dla ND	https://maciektora-hue.github.io/audhd/kognitywistyka-ai-bledy-poznawcze-2_00-2026-04-28.html	H3	3	38	Pytanie różnicujące	pytanie-roznicujace	OK	https://maciektora-hue.github.io/audhd/kognitywistyka-ai-bledy-poznawcze-2_00-2026-04-28.html#pytanie-roznicujace
AU16	kognitywistyka-ai-bledy-poznawcze-2_00-2026-04-28.html	Kognitywistyka, AI i błędy poznawcze — obserwacje o pamięci, konfabulacji, atrybucji i terapii dla ND	https://maciektora-hue.github.io/audhd/kognitywistyka-ai-bledy-poznawcze-2_00-2026-04-28.html	H3	3	39	Dlaczego CBT-praca nad anhedonią u ADHD jest nieskuteczna lub antyskuteczna	dlaczego-cbt-praca-nad-anhedonia-u-adhd-jest-nieskuteczna-lub-antyskuteczna	OK	https://maciektora-hue.github.io/audhd/kognitywistyka-ai-bledy-poznawcze-2_00-2026-04-28.html#dlaczego-cbt-praca-nad-anhedonia-u-adhd-jest-nieskuteczna-lub-antyskuteczna
AU16	kognitywistyka-ai-bledy-poznawcze-2_00-2026-04-28.html	Kognitywistyka, AI i błędy poznawcze — obserwacje o pamięci, konfabulacji, atrybucji i terapii dla ND	https://maciektora-hue.github.io/audhd/kognitywistyka-ai-bledy-poznawcze-2_00-2026-04-28.html	H3	3	40	Konsekwencja praktyczna	konsekwencja-praktyczna	OK	https://maciektora-hue.github.io/audhd/kognitywistyka-ai-bledy-poznawcze-2_00-2026-04-28.html#konsekwencja-praktyczna
AU16	kognitywistyka-ai-bledy-poznawcze-2_00-2026-04-28.html	Kognitywistyka, AI i błędy poznawcze — obserwacje o pamięci, konfabulacji, atrybucji i terapii dla ND	https://maciektora-hue.github.io/audhd/kognitywistyka-ai-bledy-poznawcze-2_00-2026-04-28.html	H2	2	41	Antyskuteczność vs nieskuteczność — rozróżnienie kliniczne	antyskutecznosc-vs-nieskutecznosc-rozroznienie-kliniczne	OK	https://maciektora-hue.github.io/audhd/kognitywistyka-ai-bledy-poznawcze-2_00-2026-04-28.html#antyskutecznosc-vs-nieskutecznosc-rozroznienie-kliniczne
AU16	kognitywistyka-ai-bledy-poznawcze-2_00-2026-04-28.html	Kognitywistyka, AI i błędy poznawcze — obserwacje o pamięci, konfabulacji, atrybucji i terapii dla ND	https://maciektora-hue.github.io/audhd/kognitywistyka-ai-bledy-poznawcze-2_00-2026-04-28.html	H3	3	42	Konkretne przykłady antyskutecznych technik dla ND	konkretne-przykady-antyskutecznych-technik-dla-nd	OK	https://maciektora-hue.github.io/audhd/kognitywistyka-ai-bledy-poznawcze-2_00-2026-04-28.html#konkretne-przykady-antyskutecznych-technik-dla-nd
AU16	kognitywistyka-ai-bledy-poznawcze-2_00-2026-04-28.html	Kognitywistyka, AI i błędy poznawcze — obserwacje o pamięci, konfabulacji, atrybucji i terapii dla ND	https://maciektora-hue.github.io/audhd/kognitywistyka-ai-bledy-poznawcze-2_00-2026-04-28.html	H4	4	43	"(1) ""Praca nad odłączonym obrońcą"" u AuDHD bez modyfikacji"	1-praca-nad-odaczonym-obronca-u-audhd-bez-modyfikacji	OK	https://maciektora-hue.github.io/audhd/kognitywistyka-ai-bledy-poznawcze-2_00-2026-04-28.html#1-praca-nad-odaczonym-obronca-u-audhd-bez-modyfikacji
AU16	kognitywistyka-ai-bledy-poznawcze-2_00-2026-04-28.html	Kognitywistyka, AI i błędy poznawcze — obserwacje o pamięci, konfabulacji, atrybucji i terapii dla ND	https://maciektora-hue.github.io/audhd/kognitywistyka-ai-bledy-poznawcze-2_00-2026-04-28.html	H4	4	44	"(2) Behavioral activation w ""depresji"" u ADHD"	2-behavioral-activation-w-depresji-u-adhd	OK	https://maciektora-hue.github.io/audhd/kognitywistyka-ai-bledy-poznawcze-2_00-2026-04-28.html#2-behavioral-activation-w-depresji-u-adhd
AU16	kognitywistyka-ai-bledy-poznawcze-2_00-2026-04-28.html	Kognitywistyka, AI i błędy poznawcze — obserwacje o pamięci, konfabulacji, atrybucji i terapii dla ND	https://maciektora-hue.github.io/audhd/kognitywistyka-ai-bledy-poznawcze-2_00-2026-04-28.html	H4	4	45	(3) Ekspozycja stopniowana w lęku społecznym u ASD	3-ekspozycja-stopniowana-w-leku-spoecznym-u-asd	OK	https://maciektora-hue.github.io/audhd/kognitywistyka-ai-bledy-poznawcze-2_00-2026-04-28.html#3-ekspozycja-stopniowana-w-leku-spoecznym-u-asd
AU16	kognitywistyka-ai-bledy-poznawcze-2_00-2026-04-28.html	Kognitywistyka, AI i błędy poznawcze — obserwacje o pamięci, konfabulacji, atrybucji i terapii dla ND	https://maciektora-hue.github.io/audhd/kognitywistyka-ai-bledy-poznawcze-2_00-2026-04-28.html	H4	4	46	"(4) Mindfulness ""pełnego ciała"" u atypowej propriocepcji"	4-mindfulness-penego-ciaa-u-atypowej-propriocepcji	OK	https://maciektora-hue.github.io/audhd/kognitywistyka-ai-bledy-poznawcze-2_00-2026-04-28.html#4-mindfulness-penego-ciaa-u-atypowej-propriocepcji
AU16	kognitywistyka-ai-bledy-poznawcze-2_00-2026-04-28.html	Kognitywistyka, AI i błędy poznawcze — obserwacje o pamięci, konfabulacji, atrybucji i terapii dla ND	https://maciektora-hue.github.io/audhd/kognitywistyka-ai-bledy-poznawcze-2_00-2026-04-28.html	H4	4	47	(5) Rozpoznawanie i etykietowanie emocji u alleksytymii AuDHD	5-rozpoznawanie-i-etykietowanie-emocji-u-alleksytymii-audhd	OK	https://maciektora-hue.github.io/audhd/kognitywistyka-ai-bledy-poznawcze-2_00-2026-04-28.html#5-rozpoznawanie-i-etykietowanie-emocji-u-alleksytymii-audhd
AU16	kognitywistyka-ai-bledy-poznawcze-2_00-2026-04-28.html	Kognitywistyka, AI i błędy poznawcze — obserwacje o pamięci, konfabulacji, atrybucji i terapii dla ND	https://maciektora-hue.github.io/audhd/kognitywistyka-ai-bledy-poznawcze-2_00-2026-04-28.html	H4	4	48	"(6) ""Rodzic wewnętrzny / dziecko wewnętrzne"" w schemat-terapii u AuDHD"	6-rodzic-wewnetrzny-dziecko-wewnetrzne-w-schemat-terapii-u-audhd	OK	https://maciektora-hue.github.io/audhd/kognitywistyka-ai-bledy-poznawcze-2_00-2026-04-28.html#6-rodzic-wewnetrzny-dziecko-wewnetrzne-w-schemat-terapii-u-audhd
AU16	kognitywistyka-ai-bledy-poznawcze-2_00-2026-04-28.html	Kognitywistyka, AI i błędy poznawcze — obserwacje o pamięci, konfabulacji, atrybucji i terapii dla ND	https://maciektora-hue.github.io/audhd/kognitywistyka-ai-bledy-poznawcze-2_00-2026-04-28.html	H4	4	49	"(7) Konfrontowanie ""ucieczki w intelektualizację"""	7-konfrontowanie-ucieczki-w-intelektualizacje	OK	https://maciektora-hue.github.io/audhd/kognitywistyka-ai-bledy-poznawcze-2_00-2026-04-28.html#7-konfrontowanie-ucieczki-w-intelektualizacje
AU16	kognitywistyka-ai-bledy-poznawcze-2_00-2026-04-28.html	Kognitywistyka, AI i błędy poznawcze — obserwacje o pamięci, konfabulacji, atrybucji i terapii dla ND	https://maciektora-hue.github.io/audhd/kognitywistyka-ai-bledy-poznawcze-2_00-2026-04-28.html	H3	3	50	Wspólny wzorzec antyskuteczności	wspolny-wzorzec-antyskutecznosci	OK	https://maciektora-hue.github.io/audhd/kognitywistyka-ai-bledy-poznawcze-2_00-2026-04-28.html#wspolny-wzorzec-antyskutecznosci
AU16	kognitywistyka-ai-bledy-poznawcze-2_00-2026-04-28.html	Kognitywistyka, AI i błędy poznawcze — obserwacje o pamięci, konfabulacji, atrybucji i terapii dla ND	https://maciektora-hue.github.io/audhd/kognitywistyka-ai-bledy-poznawcze-2_00-2026-04-28.html	H2	2	51	HALT antyalkoholowe jako case study	halt-antyalkoholowe-jako-case-study	OK	https://maciektora-hue.github.io/audhd/kognitywistyka-ai-bledy-poznawcze-2_00-2026-04-28.html#halt-antyalkoholowe-jako-case-study
AU16	kognitywistyka-ai-bledy-poznawcze-2_00-2026-04-28.html	Kognitywistyka, AI i błędy poznawcze — obserwacje o pamięci, konfabulacji, atrybucji i terapii dla ND	https://maciektora-hue.github.io/audhd/kognitywistyka-ai-bledy-poznawcze-2_00-2026-04-28.html	H3	3	52	Dlaczego HALT u AuDHD ma ograniczoną skuteczność	dlaczego-halt-u-audhd-ma-ograniczona-skutecznosc	OK	https://maciektora-hue.github.io/audhd/kognitywistyka-ai-bledy-poznawcze-2_00-2026-04-28.html#dlaczego-halt-u-audhd-ma-ograniczona-skutecznosc
AU16	kognitywistyka-ai-bledy-poznawcze-2_00-2026-04-28.html	Kognitywistyka, AI i błędy poznawcze — obserwacje o pamięci, konfabulacji, atrybucji i terapii dla ND	https://maciektora-hue.github.io/audhd/kognitywistyka-ai-bledy-poznawcze-2_00-2026-04-28.html	H3	3	53	"Świadoma decyzja ""to nie dla mnie"" w grupie AA — case study"	swiadoma-decyzja-to-nie-dla-mnie-w-grupie-aa-case-study	OK	https://maciektora-hue.github.io/audhd/kognitywistyka-ai-bledy-poznawcze-2_00-2026-04-28.html#swiadoma-decyzja-to-nie-dla-mnie-w-grupie-aa-case-study
AU16	kognitywistyka-ai-bledy-poznawcze-2_00-2026-04-28.html	Kognitywistyka, AI i błędy poznawcze — obserwacje o pamięci, konfabulacji, atrybucji i terapii dla ND	https://maciektora-hue.github.io/audhd/kognitywistyka-ai-bledy-poznawcze-2_00-2026-04-28.html	H2	2	54	Wybór terapeuty — krytyczność dla ND	wybor-terapeuty-krytycznosc-dla-nd	OK	https://maciektora-hue.github.io/audhd/kognitywistyka-ai-bledy-poznawcze-2_00-2026-04-28.html#wybor-terapeuty-krytycznosc-dla-nd
AU16	kognitywistyka-ai-bledy-poznawcze-2_00-2026-04-28.html	Kognitywistyka, AI i błędy poznawcze — obserwacje o pamięci, konfabulacji, atrybucji i terapii dla ND	https://maciektora-hue.github.io/audhd/kognitywistyka-ai-bledy-poznawcze-2_00-2026-04-28.html	H3	3	55	"Trzy poziomy ""krytyczności wyboru"""	trzy-poziomy-krytycznosci-wyboru	OK	https://maciektora-hue.github.io/audhd/kognitywistyka-ai-bledy-poznawcze-2_00-2026-04-28.html#trzy-poziomy-krytycznosci-wyboru
AU16	kognitywistyka-ai-bledy-poznawcze-2_00-2026-04-28.html	Kognitywistyka, AI i błędy poznawcze — obserwacje o pamięci, konfabulacji, atrybucji i terapii dla ND	https://maciektora-hue.github.io/audhd/kognitywistyka-ai-bledy-poznawcze-2_00-2026-04-28.html	H3	3	56	Praca nad manifestacjami przy nieleczonym podłożu	praca-nad-manifestacjami-przy-nieleczonym-podozu	OK	https://maciektora-hue.github.io/audhd/kognitywistyka-ai-bledy-poznawcze-2_00-2026-04-28.html#praca-nad-manifestacjami-przy-nieleczonym-podozu
AU16	kognitywistyka-ai-bledy-poznawcze-2_00-2026-04-28.html	Kognitywistyka, AI i błędy poznawcze — obserwacje o pamięci, konfabulacji, atrybucji i terapii dla ND	https://maciektora-hue.github.io/audhd/kognitywistyka-ai-bledy-poznawcze-2_00-2026-04-28.html	H2	2	57	Polski rynek terapeutyczny w 2026	polski-rynek-terapeutyczny-w-2026	OK	https://maciektora-hue.github.io/audhd/kognitywistyka-ai-bledy-poznawcze-2_00-2026-04-28.html#polski-rynek-terapeutyczny-w-2026
AU16	kognitywistyka-ai-bledy-poznawcze-2_00-2026-04-28.html	Kognitywistyka, AI i błędy poznawcze — obserwacje o pamięci, konfabulacji, atrybucji i terapii dla ND	https://maciektora-hue.github.io/audhd/kognitywistyka-ai-bledy-poznawcze-2_00-2026-04-28.html	H3	3	58	Gdzie jesteśmy	gdzie-jestesmy	OK	https://maciektora-hue.github.io/audhd/kognitywistyka-ai-bledy-poznawcze-2_00-2026-04-28.html#gdzie-jestesmy
AU16	kognitywistyka-ai-bledy-poznawcze-2_00-2026-04-28.html	Kognitywistyka, AI i błędy poznawcze — obserwacje o pamięci, konfabulacji, atrybucji i terapii dla ND	https://maciektora-hue.github.io/audhd/kognitywistyka-ai-bledy-poznawcze-2_00-2026-04-28.html	H3	3	59	Świadomość vs kompetencja w pracy z AuDHD jako kombinacją	swiadomosc-vs-kompetencja-w-pracy-z-audhd-jako-kombinacja	OK	https://maciektora-hue.github.io/audhd/kognitywistyka-ai-bledy-poznawcze-2_00-2026-04-28.html#swiadomosc-vs-kompetencja-w-pracy-z-audhd-jako-kombinacja
AU16	kognitywistyka-ai-bledy-poznawcze-2_00-2026-04-28.html	Kognitywistyka, AI i błędy poznawcze — obserwacje o pamięci, konfabulacji, atrybucji i terapii dla ND	https://maciektora-hue.github.io/audhd/kognitywistyka-ai-bledy-poznawcze-2_00-2026-04-28.html	H3	3	60	Konsekwencja praktyczna	konsekwencja-praktyczna-2	OK	https://maciektora-hue.github.io/audhd/kognitywistyka-ai-bledy-poznawcze-2_00-2026-04-28.html#konsekwencja-praktyczna-2
AU16	kognitywistyka-ai-bledy-poznawcze-2_00-2026-04-28.html	Kognitywistyka, AI i błędy poznawcze — obserwacje o pamięci, konfabulacji, atrybucji i terapii dla ND	https://maciektora-hue.github.io/audhd/kognitywistyka-ai-bledy-poznawcze-2_00-2026-04-28.html	H2	2	61	System wsparcia jako alternatywa terapeutyczna	system-wsparcia-jako-alternatywa-terapeutyczna	OK	https://maciektora-hue.github.io/audhd/kognitywistyka-ai-bledy-poznawcze-2_00-2026-04-28.html#system-wsparcia-jako-alternatywa-terapeutyczna
AU16	kognitywistyka-ai-bledy-poznawcze-2_00-2026-04-28.html	Kognitywistyka, AI i błędy poznawcze — obserwacje o pamięci, konfabulacji, atrybucji i terapii dla ND	https://maciektora-hue.github.io/audhd/kognitywistyka-ai-bledy-poznawcze-2_00-2026-04-28.html	H2	2	62	Tabliczka ND-status przed terapią — propozycja standardu informacyjnego	tabliczka-nd-status-przed-terapia-propozycja-standardu-informacyjnego	OK	https://maciektora-hue.github.io/audhd/kognitywistyka-ai-bledy-poznawcze-2_00-2026-04-28.html#tabliczka-nd-status-przed-terapia-propozycja-standardu-informacyjnego
AU17	obiektywnosc-autyzm-v01.00-2026-05-14.html	Obiektywność osoby autystycznej — teza i mechanizm	https://maciektora-hue.github.io/audhd/obiektywnosc-autyzm-v01.00-2026-05-14.html	H1	1	1	Obiektywność osoby autystycznej	obiektywnosc-osoby-autystycznej	OK	https://maciektora-hue.github.io/audhd/obiektywnosc-autyzm-v01.00-2026-05-14.html#obiektywnosc-osoby-autystycznej
AU17	obiektywnosc-autyzm-v01.00-2026-05-14.html	Obiektywność osoby autystycznej — teza i mechanizm	https://maciektora-hue.github.io/audhd/obiektywnosc-autyzm-v01.00-2026-05-14.html	H2	2	2	Teza w postaci kompaktowej	teza-w-postaci-kompaktowej	OK	https://maciektora-hue.github.io/audhd/obiektywnosc-autyzm-v01.00-2026-05-14.html#teza-w-postaci-kompaktowej
AU17	obiektywnosc-autyzm-v01.00-2026-05-14.html	Obiektywność osoby autystycznej — teza i mechanizm	https://maciektora-hue.github.io/audhd/obiektywnosc-autyzm-v01.00-2026-05-14.html	H2	2	3	Rozwinięcie	rozwiniecie	OK	https://maciektora-hue.github.io/audhd/obiektywnosc-autyzm-v01.00-2026-05-14.html#rozwiniecie
AU17	obiektywnosc-autyzm-v01.00-2026-05-14.html	Obiektywność osoby autystycznej — teza i mechanizm	https://maciektora-hue.github.io/audhd/obiektywnosc-autyzm-v01.00-2026-05-14.html	H3	3	4	Jeden mechanizm, cztery konsekwencje	jeden-mechanizm-cztery-konsekwencje	OK	https://maciektora-hue.github.io/audhd/obiektywnosc-autyzm-v01.00-2026-05-14.html#jeden-mechanizm-cztery-konsekwencje
AU17	obiektywnosc-autyzm-v01.00-2026-05-14.html	Obiektywność osoby autystycznej — teza i mechanizm	https://maciektora-hue.github.io/audhd/obiektywnosc-autyzm-v01.00-2026-05-14.html	H3	3	5	Punkty 1–3: filtr odcina bias zewnętrzny od oceny	punkty-13-filtr-odcina-bias-zewnetrzny-od-oceny	OK	https://maciektora-hue.github.io/audhd/obiektywnosc-autyzm-v01.00-2026-05-14.html#punkty-13-filtr-odcina-bias-zewnetrzny-od-oceny
AU17	obiektywnosc-autyzm-v01.00-2026-05-14.html	Obiektywność osoby autystycznej — teza i mechanizm	https://maciektora-hue.github.io/audhd/obiektywnosc-autyzm-v01.00-2026-05-14.html	H3	3	6	Punkt 4: ten sam filtr przeciwko trafności	punkt-4-ten-sam-filtr-przeciwko-trafnosci	OK	https://maciektora-hue.github.io/audhd/obiektywnosc-autyzm-v01.00-2026-05-14.html#punkt-4-ten-sam-filtr-przeciwko-trafnosci
AU17	obiektywnosc-autyzm-v01.00-2026-05-14.html	Obiektywność osoby autystycznej — teza i mechanizm	https://maciektora-hue.github.io/audhd/obiektywnosc-autyzm-v01.00-2026-05-14.html	H3	3	7	Niemożliwość rozdzielenia	niemozliwosc-rozdzielenia	OK	https://maciektora-hue.github.io/audhd/obiektywnosc-autyzm-v01.00-2026-05-14.html#niemozliwosc-rozdzielenia
AU17	obiektywnosc-autyzm-v01.00-2026-05-14.html	Obiektywność osoby autystycznej — teza i mechanizm	https://maciektora-hue.github.io/audhd/obiektywnosc-autyzm-v01.00-2026-05-14.html	H3	3	8	Kompensacja metakognicją	kompensacja-metakognicja	OK	https://maciektora-hue.github.io/audhd/obiektywnosc-autyzm-v01.00-2026-05-14.html#kompensacja-metakognicja
AU17	obiektywnosc-autyzm-v01.00-2026-05-14.html	Obiektywność osoby autystycznej — teza i mechanizm	https://maciektora-hue.github.io/audhd/obiektywnosc-autyzm-v01.00-2026-05-14.html	H2	2	9	Źródła	zroda	OK	https://maciektora-hue.github.io/audhd/obiektywnosc-autyzm-v01.00-2026-05-14.html#zroda
AU18	piec-jezykow-milosci-nd-v01.00-2026-05-18.html	Pięć neurodywergentnych języków miłości — i dlaczego nie są wariacją na temat Chapmana	https://maciektora-hue.github.io/audhd/piec-jezykow-milosci-nd-v01.00-2026-05-18.html	H1	1	1	Pięć neurodywergentnych języków miłości — i dlaczego nie są wariacją na temat Chapmana	piec-neurodywergentnych-jezykow-miosci-i-dlaczego-nie-sa-wariacja-na-temat-chapmana	OK	https://maciektora-hue.github.io/audhd/piec-jezykow-milosci-nd-v01.00-2026-05-18.html#piec-neurodywergentnych-jezykow-miosci-i-dlaczego-nie-sa-wariacja-na-temat-chapmana
AU18	piec-jezykow-milosci-nd-v01.00-2026-05-18.html	Pięć neurodywergentnych języków miłości — i dlaczego nie są wariacją na temat Chapmana	https://maciektora-hue.github.io/audhd/piec-jezykow-milosci-nd-v01.00-2026-05-18.html	H2	2	2	Założenie, którego Chapman nie wymienia	zaozenie-ktorego-chapman-nie-wymienia	OK	https://maciektora-hue.github.io/audhd/piec-jezykow-milosci-nd-v01.00-2026-05-18.html#zaozenie-ktorego-chapman-nie-wymienia
AU18	piec-jezykow-milosci-nd-v01.00-2026-05-18.html	Pięć neurodywergentnych języków miłości — i dlaczego nie są wariacją na temat Chapmana	https://maciektora-hue.github.io/audhd/piec-jezykow-milosci-nd-v01.00-2026-05-18.html	H2	2	3	Pięć języków po kolei	piec-jezykow-po-kolei	OK	https://maciektora-hue.github.io/audhd/piec-jezykow-milosci-nd-v01.00-2026-05-18.html#piec-jezykow-po-kolei
AU18	piec-jezykow-milosci-nd-v01.00-2026-05-18.html	Pięć neurodywergentnych języków miłości — i dlaczego nie są wariacją na temat Chapmana	https://maciektora-hue.github.io/audhd/piec-jezykow-milosci-nd-v01.00-2026-05-18.html	H3	3	4	1. Infodumping	1-infodumping	OK	https://maciektora-hue.github.io/audhd/piec-jezykow-milosci-nd-v01.00-2026-05-18.html#1-infodumping
AU18	piec-jezykow-milosci-nd-v01.00-2026-05-18.html	Pięć neurodywergentnych języków miłości — i dlaczego nie są wariacją na temat Chapmana	https://maciektora-hue.github.io/audhd/piec-jezykow-milosci-nd-v01.00-2026-05-18.html	H3	3	5	2. Parallel play	2-parallel-play	OK	https://maciektora-hue.github.io/audhd/piec-jezykow-milosci-nd-v01.00-2026-05-18.html#2-parallel-play
AU18	piec-jezykow-milosci-nd-v01.00-2026-05-18.html	Pięć neurodywergentnych języków miłości — i dlaczego nie są wariacją na temat Chapmana	https://maciektora-hue.github.io/audhd/piec-jezykow-milosci-nd-v01.00-2026-05-18.html	H3	3	6	3. Support swapping	3-support-swapping	OK	https://maciektora-hue.github.io/audhd/piec-jezykow-milosci-nd-v01.00-2026-05-18.html#3-support-swapping
AU18	piec-jezykow-milosci-nd-v01.00-2026-05-18.html	Pięć neurodywergentnych języków miłości — i dlaczego nie są wariacją na temat Chapmana	https://maciektora-hue.github.io/audhd/piec-jezykow-milosci-nd-v01.00-2026-05-18.html	H3	3	7	"4. „Please crush my soul back into my body"""	4-please-crush-my-soul-back-into-my-body	OK	https://maciektora-hue.github.io/audhd/piec-jezykow-milosci-nd-v01.00-2026-05-18.html#4-please-crush-my-soul-back-into-my-body
AU18	piec-jezykow-milosci-nd-v01.00-2026-05-18.html	Pięć neurodywergentnych języków miłości — i dlaczego nie są wariacją na temat Chapmana	https://maciektora-hue.github.io/audhd/piec-jezykow-milosci-nd-v01.00-2026-05-18.html	H3	3	8	"5. „Znalazłem ten kamień / guzik / liść / ślimaka i pomyślałem o tobie"""	5-znalazem-ten-kamien-guzik-lisc-slimaka-i-pomyslaem-o-tobie	OK	https://maciektora-hue.github.io/audhd/piec-jezykow-milosci-nd-v01.00-2026-05-18.html#5-znalazem-ten-kamien-guzik-lisc-slimaka-i-pomyslaem-o-tobie
AU18	piec-jezykow-milosci-nd-v01.00-2026-05-18.html	Pięć neurodywergentnych języków miłości — i dlaczego nie są wariacją na temat Chapmana	https://maciektora-hue.github.io/audhd/piec-jezykow-milosci-nd-v01.00-2026-05-18.html	H2	2	9	Synteza w jednej tabeli	synteza-w-jednej-tabeli	OK	https://maciektora-hue.github.io/audhd/piec-jezykow-milosci-nd-v01.00-2026-05-18.html#synteza-w-jednej-tabeli
AU18	piec-jezykow-milosci-nd-v01.00-2026-05-18.html	Pięć neurodywergentnych języków miłości — i dlaczego nie są wariacją na temat Chapmana	https://maciektora-hue.github.io/audhd/piec-jezykow-milosci-nd-v01.00-2026-05-18.html	H2	2	10	Mechanizm rozpadu par mieszanych	mechanizm-rozpadu-par-mieszanych	OK	https://maciektora-hue.github.io/audhd/piec-jezykow-milosci-nd-v01.00-2026-05-18.html#mechanizm-rozpadu-par-mieszanych
AU18	piec-jezykow-milosci-nd-v01.00-2026-05-18.html	Pięć neurodywergentnych języków miłości — i dlaczego nie są wariacją na temat Chapmana	https://maciektora-hue.github.io/audhd/piec-jezykow-milosci-nd-v01.00-2026-05-18.html	H2	2	11	I co z parą ND/ND	i-co-z-para-nd-nd	OK	https://maciektora-hue.github.io/audhd/piec-jezykow-milosci-nd-v01.00-2026-05-18.html#i-co-z-para-nd-nd
