section_id	document_code	section_kind	section_title	keyword_order	concept_id	keyword_pl	keyword_en
1	A1	heading	Kolumbryna 🐙	1	603	Rozpad państwa	State disintegration
1	A1	heading	Kolumbryna 🐙	2	837	Analiza systemowa	Systems analysis
1	A1	heading	Kolumbryna 🐙	3	873	Rozpad Iranu	Disintegration of Iran
1	A1	heading	Kolumbryna 🐙	4	792	Dekarbonizacja	Decarbonization
1	A1	heading	Kolumbryna 🐙	5	629	Przetrwanie polityczne	Political survival
2	A1	heading	Rozdział 1. Front i spirala OPL — trójkąt spalania	1	637	Obrona przeciwlotnicza	Air defence
2	A1	heading	Rozdział 1. Front i spirala OPL — trójkąt spalania	2	767	Rafinerie	Oil refineries
2	A1	heading	Rozdział 1. Front i spirala OPL — trójkąt spalania	3	672	Logistyka wojskowa	Military logistics
2	A1	heading	Rozdział 1. Front i spirala OPL — trójkąt spalania	4	838	Sprzężenia zwrotne	Feedback loops
2	A1	heading	Rozdział 1. Front i spirala OPL — trójkąt spalania	5	657	Straty osobowe	Military casualties
3	A1	heading	Rozdział 2. Arsenał nuklearny — odstraszanie na papierze	1	646	Arsenał jądrowy	Nuclear arsenal
3	A1	heading	Rozdział 2. Arsenał nuklearny — odstraszanie na papierze	2	647	Odstraszanie nuklearne	Nuclear deterrence
3	A1	heading	Rozdział 2. Arsenał nuklearny — odstraszanie na papierze	3	679	Nieodwracalność strat	Irreversibility of losses
3	A1	heading	Rozdział 2. Arsenał nuklearny — odstraszanie na papierze	4	643	Pociski balistyczne	Ballistic missiles
4	A1	heading	Rozdział 3. Budżet, NWF i paradoks Hormuz	1	707	Deficyt budżetowy	Budget deficit
4	A1	heading	Rozdział 3. Budżet, NWF i paradoks Hormuz	2	712	Fundusz Dobrobytu Narodowego	National Wealth Fund
4	A1	heading	Rozdział 3. Budżet, NWF i paradoks Hormuz	3	708	Dochody surowcowe	Resource revenues
4	A1	heading	Rozdział 3. Budżet, NWF i paradoks Hormuz	4	773	Szok naftowy	Oil shock
4	A1	heading	Rozdział 3. Budżet, NWF i paradoks Hormuz	5	763	Inflacja żywności	Food price inflation
5	A1	heading	Rozdział 4. Eksport, dewizy i majątek — co jeszcze działa	1	708	Dochody surowcowe	Resource revenues
5	A1	heading	Rozdział 4. Eksport, dewizy i majątek — co jeszcze działa	2	766	Gaz ziemny	Natural gas
5	A1	heading	Rozdział 4. Eksport, dewizy i majątek — co jeszcze działa	3	772	Flota cieni	Shadow fleet
5	A1	heading	Rozdział 4. Eksport, dewizy i majątek — co jeszcze działa	4	710	Rezerwy walutowe	Foreign exchange reserves
6	A1	heading	Rozdział 5. Infrastruktura się sypie — kolej, rury, samoloty	1	683	Zużycie infrastruktury	Infrastructure deterioration
6	A1	heading	Rozdział 5. Infrastruktura się sypie — kolej, rury, samoloty	2	686	Transport kolejowy	Rail transport
6	A1	heading	Rozdział 5. Infrastruktura się sypie — kolej, rury, samoloty	3	693	Rurociągi	Pipelines
6	A1	heading	Rozdział 5. Infrastruktura się sypie — kolej, rury, samoloty	4	690	Lotnictwo cywilne	Civil aviation
6	A1	heading	Rozdział 5. Infrastruktura się sypie — kolej, rury, samoloty	5	678	Zdolności odtworzeniowe	Replacement capacity
7	A1	heading	Rozdział 6. Społeczeństwo na krawędzi — brain drain, pensje, policja	1	739	Drenaż mózgów	Brain drain
7	A1	heading	Rozdział 6. Społeczeństwo na krawędzi — brain drain, pensje, policja	2	740	Niedobór kadr	Labour shortages
7	A1	heading	Rozdział 6. Społeczeństwo na krawędzi — brain drain, pensje, policja	3	742	Presja płacowa	Wage pressure
7	A1	heading	Rozdział 6. Społeczeństwo na krawędzi — brain drain, pensje, policja	4	628	Kontrola społeczna	Social control
7	A1	heading	Rozdział 6. Społeczeństwo na krawędzi — brain drain, pensje, policja	5	725	Zaległości płacowe	Wage arrears
8	A1	heading	Rozdział 7. Bestiariusz — 24 szare nosorożce i ich sprzężenia	1	839	Awarie kaskadowe	Cascading failures
8	A1	heading	Rozdział 7. Bestiariusz — 24 szare nosorożce i ich sprzężenia	2	842	Synchronizacja kryzysów	Crisis synchronization
8	A1	heading	Rozdział 7. Bestiariusz — 24 szare nosorożce i ich sprzężenia	3	837	Analiza systemowa	Systems analysis
8	A1	heading	Rozdział 7. Bestiariusz — 24 szare nosorożce i ich sprzężenia	4	840	Progi krytyczne	Critical thresholds
9	A1	heading	Rozdział 8. Patologia informacyjna i dlaczego nie Korea Północna	1	817	Fałszowanie raportów	Falsified reporting
9	A1	heading	Rozdział 8. Patologia informacyjna i dlaczego nie Korea Północna	2	606	Autorytaryzm	Authoritarianism
9	A1	heading	Rozdział 8. Patologia informacyjna i dlaczego nie Korea Północna	3	855	Analogie historyczne	Historical analogies
9	A1	heading	Rozdział 8. Patologia informacyjna i dlaczego nie Korea Północna	4	816	Ukrywanie danych	Data suppression
10	A1	heading	Rozdział 9. Chemia pożarów, uzależnienie i sezonowość	1	841	Opóźnienia systemowe	System delays
10	A1	heading	Rozdział 9. Chemia pożarów, uzależnienie i sezonowość	2	757	Sezonowość	Seasonality
10	A1	heading	Rozdział 9. Chemia pożarów, uzależnienie i sezonowość	3	838	Sprzężenia zwrotne	Feedback loops
10	A1	heading	Rozdział 9. Chemia pożarów, uzależnienie i sezonowość	4	840	Progi krytyczne	Critical thresholds
10	A1	heading	Rozdział 9. Chemia pożarów, uzależnienie i sezonowość	5	689	Żegluga śródlądowa	Inland navigation
11	A1	heading	Rozdział 10. Jest już za późno — konkluzja Części I	1	840	Progi krytyczne	Critical thresholds
11	A1	heading	Rozdział 10. Jest już za późno — konkluzja Części I	2	603	Rozpad państwa	State disintegration
11	A1	heading	Rozdział 10. Jest już za późno — konkluzja Części I	3	849	Analiza scenariuszowa	Scenario analysis
11	A1	heading	Rozdział 10. Jest już za późno — konkluzja Części I	4	254	Nieliniowość	nonlinearity
12	A1	heading	Rozdział 11. Dlaczego to nie jest pytanie o pieniądze	1	629	Przetrwanie polityczne	Political survival
12	A1	heading	Rozdział 11. Dlaczego to nie jest pytanie o pieniądze	2	607	Dyktatura personalistyczna	Personalist dictatorship
12	A1	heading	Rozdział 11. Dlaczego to nie jest pytanie o pieniądze	3	836	Style decyzyjne	Decision-making styles
13	A1	heading	Rozdział 12. Zasoby, skreślenia i dziewięć scenariuszy desperacji	1	559	Asymetria opcji strategicznych	asymmetry of optionality
13	A1	heading	Rozdział 12. Zasoby, skreślenia i dziewięć scenariuszy desperacji	2	650	Eskalacja konfliktu	Conflict escalation
13	A1	heading	Rozdział 12. Zasoby, skreślenia i dziewięć scenariuszy desperacji	3	849	Analiza scenariuszowa	Scenario analysis
13	A1	heading	Rozdział 12. Zasoby, skreślenia i dziewięć scenariuszy desperacji	4	629	Przetrwanie polityczne	Political survival
13	A1	heading	Rozdział 12. Zasoby, skreślenia i dziewięć scenariuszy desperacji	5	724	Dewaluacja rubla	Rouble devaluation
14	A1	heading	Rozdział 13. Kiedy elity odłączą się od Putina?	1	620	Lojalność elit	Elite loyalty
14	A1	heading	Rozdział 13. Kiedy elity odłączą się od Putina?	2	621	Rozłam elit	Elite splits
14	A1	heading	Rozdział 13. Kiedy elity odłączą się od Putina?	3	629	Przetrwanie polityczne	Political survival
14	A1	heading	Rozdział 13. Kiedy elity odłączą się od Putina?	4	619	Przewrót pałacowy	Palace coup
15	A1	heading	Rozdział 14. Rozpad irańskiej państwowości i koncepcja operacyjna	1	873	Rozpad Iranu	Disintegration of Iran
15	A1	heading	Rozdział 14. Rozpad irańskiej państwowości i koncepcja operacyjna	2	869	Kaukaz Południowy	South Caucasus
15	A1	heading	Rozdział 14. Rozpad irańskiej państwowości i koncepcja operacyjna	3	888	Korytarze transportowe	Transport corridors
15	A1	heading	Rozdział 14. Rozpad irańskiej państwowości i koncepcja operacyjna	4	872	Zatoka Perska	Persian Gulf
16	A1	heading	Rozdział 15. Mapa aktorów i ryzyka krytyczne	1	889	Zbieżność interesów	Convergence of interests
16	A1	heading	Rozdział 15. Mapa aktorów i ryzyka krytyczne	2	878	Proliferacja nuklearna	Nuclear proliferation
16	A1	heading	Rozdział 15. Mapa aktorów i ryzyka krytyczne	3	849	Analiza scenariuszowa	Scenario analysis
16	A1	heading	Rozdział 15. Mapa aktorów i ryzyka krytyczne	4	883	Sojusze regionalne	Regional alliances
17	A1	heading	Rozdział 16. Hanza 2.0 — porządek bez architekta	1	555	Hanza 2.0	Hanseatic League 2.0
17	A1	heading	Rozdział 16. Hanza 2.0 — porządek bez architekta	2	883	Sojusze regionalne	Regional alliances
17	A1	heading	Rozdział 16. Hanza 2.0 — porządek bez architekta	3	889	Zbieżność interesów	Convergence of interests
17	A1	heading	Rozdział 16. Hanza 2.0 — porządek bez architekta	4	734	Inwestycje infrastrukturalne	Infrastructure investment
18	A1	heading	Rozdział 17. Od Ormuzu do panelu — struktura, szok i substytucja	1	871	Cieśnina Ormuz	Strait of Hormuz
18	A1	heading	Rozdział 17. Od Ormuzu do panelu — struktura, szok i substytucja	2	773	Szok naftowy	Oil shock
18	A1	heading	Rozdział 17. Od Ormuzu do panelu — struktura, szok i substytucja	3	793	Substytucja paliw kopalnych	Fossil fuel substitution
18	A1	heading	Rozdział 17. Od Ormuzu do panelu — struktura, szok i substytucja	4	784	Elektryfikacja	Electrification
18	A1	heading	Rozdział 17. Od Ormuzu do panelu — struktura, szok i substytucja	5	785	Odnawialne źródła energii	Renewable energy
19	A1	heading	Rozdział 18. Monopole i topologia władzy	1	800	Monopole surowcowe	Resource monopolies
19	A1	heading	Rozdział 18. Monopole i topologia władzy	2	791	Energetyka rozproszona	Distributed energy
19	A1	heading	Rozdział 18. Monopole i topologia władzy	3	798	Przetwarzanie surowców	Mineral processing
19	A1	heading	Rozdział 18. Monopole i topologia władzy	4	801	Kartele naftowe	Oil cartels
19	A1	heading	Rozdział 18. Monopole i topologia władzy	5	776	Zależność energetyczna	Energy dependence
20	A1	heading	Rozdział 19. Disinfolklore i Dark Legitimacy — trucizna i ciemna strona	1	556	Disinfolklore	Disinfolklore
20	A1	heading	Rozdział 19. Disinfolklore i Dark Legitimacy — trucizna i ciemna strona	2	557	Ciemna legitymizacja	dark legitimacy
20	A1	heading	Rozdział 19. Disinfolklore i Dark Legitimacy — trucizna i ciemna strona	3	806	Dezinformacja	Disinformation
20	A1	heading	Rozdział 19. Disinfolklore i Dark Legitimacy — trucizna i ciemna strona	4	625	Korupcja	Corruption
21	A1	heading	Rozdział 20. Źródła, etyka i granice poznania	1	862	Etyka analizy	Ethics of analysis
21	A1	heading	Rozdział 20. Źródła, etyka i granice poznania	2	856	Błąd potwierdzenia	Confirmation bias
21	A1	heading	Rozdział 20. Źródła, etyka i granice poznania	3	852	Wnioskowanie przy niepełnych danych	Inference under incomplete information
21	A1	heading	Rozdział 20. Źródła, etyka i granice poznania	4	853	OSINT	Open-source intelligence
22	A1	heading	Rozdział 21. Steelmanning systemu — Chiny, inercja, zmęczenie Zachodu	1	860	Steelmanning	Steelmanning
22	A1	heading	Rozdział 21. Steelmanning systemu — Chiny, inercja, zmęczenie Zachodu	2	890	Zależność Rosji od Chin	Russia's dependence on China
22	A1	heading	Rozdział 21. Steelmanning systemu — Chiny, inercja, zmęczenie Zachodu	3	845	Inercja instytucjonalna	Institutional inertia
22	A1	heading	Rozdział 21. Steelmanning systemu — Chiny, inercja, zmęczenie Zachodu	4	735	Koszty adaptacji	Adaptation costs
23	A1	heading	Rozdział 22. Disinfolklore pod lupą — SWOT i przesłuchanie sądowe	1	556	Disinfolklore	Disinfolklore
23	A1	heading	Rozdział 22. Disinfolklore pod lupą — SWOT i przesłuchanie sądowe	2	861	Analiza SWOT	SWOT analysis
23	A1	heading	Rozdział 22. Disinfolklore pod lupą — SWOT i przesłuchanie sądowe	3	857	Falsyfikowalność	Falsifiability
23	A1	heading	Rozdział 22. Disinfolklore pod lupą — SWOT i przesłuchanie sądowe	4	860	Steelmanning	Steelmanning
24	A1	heading	Rozdział 23. Zrewidowana konkluzja — mapa, nie GPS	1	849	Analiza scenariuszowa	Scenario analysis
24	A1	heading	Rozdział 23. Zrewidowana konkluzja — mapa, nie GPS	2	850	Kalibracja prognoz	Forecast calibration
24	A1	heading	Rozdział 23. Zrewidowana konkluzja — mapa, nie GPS	3	860	Steelmanning	Steelmanning
24	A1	heading	Rozdział 23. Zrewidowana konkluzja — mapa, nie GPS	4	852	Wnioskowanie przy niepełnych danych	Inference under incomplete information
959	A1	volume	Tom I. Front, OPL i arsenał	1	637	Obrona przeciwlotnicza	Air defence
959	A1	volume	Tom I. Front, OPL i arsenał	2	646	Arsenał jądrowy	Nuclear arsenal
959	A1	volume	Tom I. Front, OPL i arsenał	3	657	Straty osobowe	Military casualties
959	A1	volume	Tom I. Front, OPL i arsenał	4	679	Nieodwracalność strat	Irreversibility of losses
960	A1	volume	Tom II. Gospodarka, finanse i eksport	1	707	Deficyt budżetowy	Budget deficit
960	A1	volume	Tom II. Gospodarka, finanse i eksport	2	708	Dochody surowcowe	Resource revenues
960	A1	volume	Tom II. Gospodarka, finanse i eksport	3	710	Rezerwy walutowe	Foreign exchange reserves
960	A1	volume	Tom II. Gospodarka, finanse i eksport	4	703	Gospodarka wojenna	War economy
961	A1	volume	Tom III. Infrastruktura i społeczeństwo	1	683	Zużycie infrastruktury	Infrastructure deterioration
961	A1	volume	Tom III. Infrastruktura i społeczeństwo	2	686	Transport kolejowy	Rail transport
961	A1	volume	Tom III. Infrastruktura i społeczeństwo	3	693	Rurociągi	Pipelines
961	A1	volume	Tom III. Infrastruktura i społeczeństwo	4	690	Lotnictwo cywilne	Civil aviation
961	A1	volume	Tom III. Infrastruktura i społeczeństwo	5	739	Drenaż mózgów	Brain drain
962	A1	volume	Tom IV. Synteza i prognoza	1	837	Analiza systemowa	Systems analysis
962	A1	volume	Tom IV. Synteza i prognoza	2	839	Awarie kaskadowe	Cascading failures
962	A1	volume	Tom IV. Synteza i prognoza	3	842	Synchronizacja kryzysów	Crisis synchronization
962	A1	volume	Tom IV. Synteza i prognoza	4	849	Analiza scenariuszowa	Scenario analysis
962	A1	volume	Tom IV. Synteza i prognoza	5	817	Fałszowanie raportów	Falsified reporting
963	A1	volume	Tom V. Projekt życia mu nie wyszedł	1	629	Przetrwanie polityczne	Political survival
963	A1	volume	Tom V. Projekt życia mu nie wyszedł	2	559	Asymetria opcji strategicznych	asymmetry of optionality
963	A1	volume	Tom V. Projekt życia mu nie wyszedł	3	620	Lojalność elit	Elite loyalty
963	A1	volume	Tom V. Projekt życia mu nie wyszedł	4	607	Dyktatura personalistyczna	Personalist dictatorship
964	A1	volume	Tom VI. Od Kaukazu po Zatokę	1	873	Rozpad Iranu	Disintegration of Iran
964	A1	volume	Tom VI. Od Kaukazu po Zatokę	2	869	Kaukaz Południowy	South Caucasus
964	A1	volume	Tom VI. Od Kaukazu po Zatokę	3	872	Zatoka Perska	Persian Gulf
964	A1	volume	Tom VI. Od Kaukazu po Zatokę	4	555	Hanza 2.0	Hanseatic League 2.0
964	A1	volume	Tom VI. Od Kaukazu po Zatokę	5	883	Sojusze regionalne	Regional alliances
965	A1	volume	Tom VII. Od Ormuzu do panelu słonecznego	1	773	Szok naftowy	Oil shock
965	A1	volume	Tom VII. Od Ormuzu do panelu słonecznego	2	793	Substytucja paliw kopalnych	Fossil fuel substitution
965	A1	volume	Tom VII. Od Ormuzu do panelu słonecznego	3	800	Monopole surowcowe	Resource monopolies
965	A1	volume	Tom VII. Od Ormuzu do panelu słonecznego	4	791	Energetyka rozproszona	Distributed energy
966	A1	volume	Tom VIII. Disinfolklore, Dark Legitimacy i etyka	1	556	Disinfolklore	Disinfolklore
966	A1	volume	Tom VIII. Disinfolklore, Dark Legitimacy i etyka	2	557	Ciemna legitymizacja	dark legitimacy
966	A1	volume	Tom VIII. Disinfolklore, Dark Legitimacy i etyka	3	862	Etyka analizy	Ethics of analysis
966	A1	volume	Tom VIII. Disinfolklore, Dark Legitimacy i etyka	4	856	Błąd potwierdzenia	Confirmation bias
966	A1	volume	Tom VIII. Disinfolklore, Dark Legitimacy i etyka	5	852	Wnioskowanie przy niepełnych danych	Inference under incomplete information
967	A1	volume	Tom IX. Korekta i przesłuchanie	1	860	Steelmanning	Steelmanning
967	A1	volume	Tom IX. Korekta i przesłuchanie	2	857	Falsyfikowalność	Falsifiability
967	A1	volume	Tom IX. Korekta i przesłuchanie	3	850	Kalibracja prognoz	Forecast calibration
967	A1	volume	Tom IX. Korekta i przesłuchanie	4	849	Analiza scenariuszowa	Scenario analysis
25	A2	heading	maj 2026. gradually stalo sie suddenly	1	837	Analiza systemowa	Systems analysis
25	A2	heading	maj 2026. gradually stalo sie suddenly	2	603	Rozpad państwa	State disintegration
25	A2	heading	maj 2026. gradually stalo sie suddenly	3	635	Uderzenia dalekiego zasięgu	Long-range strikes
25	A2	heading	maj 2026. gradually stalo sie suddenly	4	672	Logistyka wojskowa	Military logistics
25	A2	heading	maj 2026. gradually stalo sie suddenly	5	850	Kalibracja prognoz	Forecast calibration
26	A2	heading	I. Wstęp — co się zmieniło od daty Kolumbryny	1	837	Analiza systemowa	Systems analysis
26	A2	heading	I. Wstęp — co się zmieniło od daty Kolumbryny	2	767	Rafinerie	Oil refineries
26	A2	heading	I. Wstęp — co się zmieniło od daty Kolumbryny	3	603	Rozpad państwa	State disintegration
27	A2	heading	Zmiana ilościowa — więcej tego samego, ale wykładniczo	1	635	Uderzenia dalekiego zasięgu	Long-range strikes
27	A2	heading	Zmiana ilościowa — więcej tego samego, ale wykładniczo	2	636	Wojna dronowa	Drone warfare
27	A2	heading	Zmiana ilościowa — więcej tego samego, ale wykładniczo	3	254	Nieliniowość	nonlinearity
28	A2	heading	Zmiana jakościowa — każdy aspekt wymagał osobnego rozdziału	1	635	Uderzenia dalekiego zasięgu	Long-range strikes
28	A2	heading	Zmiana jakościowa — każdy aspekt wymagał osobnego rozdziału	2	672	Logistyka wojskowa	Military logistics
28	A2	heading	Zmiana jakościowa — każdy aspekt wymagał osobnego rozdziału	3	864	Izolacja Krymu	Isolation of Crimea
28	A2	heading	Zmiana jakościowa — każdy aspekt wymagał osobnego rozdziału	4	811	Sygnalizacja strategiczna	Strategic signalling
28	A2	heading	Zmiana jakościowa — każdy aspekt wymagał osobnego rozdziału	5	771	Niedobory paliw	Fuel shortages
29	A2	heading	Dokument o tym, jak dokument przestał być tym, czym miał być	1	837	Analiza systemowa	Systems analysis
29	A2	heading	Dokument o tym, jak dokument przestał być tym, czym miał być	2	603	Rozpad państwa	State disintegration
29	A2	heading	Dokument o tym, jak dokument przestał być tym, czym miał być	3	635	Uderzenia dalekiego zasięgu	Long-range strikes
30	A2	heading	II. Lista uderzeń — okresy dwutygodniowe, od maja tygodniowe	1	635	Uderzenia dalekiego zasięgu	Long-range strikes
31	A2	heading	III. Nota metodologiczna — wnioskowanie przy braku danych	1	852	Wnioskowanie przy niepełnych danych	Inference under incomplete information
31	A2	heading	III. Nota metodologiczna — wnioskowanie przy braku danych	2	849	Analiza scenariuszowa	Scenario analysis
32	A2	heading	IV. Galeria celów — analiza najciekawszych uderzeń	1	635	Uderzenia dalekiego zasięgu	Long-range strikes
32	A2	heading	IV. Galeria celów — analiza najciekawszych uderzeń	2	684	Infrastruktura krytyczna	Critical infrastructure
32	A2	heading	IV. Galeria celów — analiza najciekawszych uderzeń	3	672	Logistyka wojskowa	Military logistics
33	A2	heading	Cele niekinetyczne — sygnał, doktryna, dekapitacja	1	811	Sygnalizacja strategiczna	Strategic signalling
33	A2	heading	Cele niekinetyczne — sygnał, doktryna, dekapitacja	2	661	Dowodzenie	Command and control
33	A2	heading	Cele niekinetyczne — sygnał, doktryna, dekapitacja	3	660	Morale wojskowe	Military morale
33	A2	heading	Cele niekinetyczne — sygnał, doktryna, dekapitacja	4	814	Demonstracja siły	Show of force
34	A2	heading	V. Krym jako efekt uboczny — geometria likwidacji	1	864	Izolacja Krymu	Isolation of Crimea
34	A2	heading	V. Krym jako efekt uboczny — geometria likwidacji	2	672	Logistyka wojskowa	Military logistics
34	A2	heading	V. Krym jako efekt uboczny — geometria likwidacji	3	778	Sieci elektroenergetyczne	Electricity grids
35	A2	heading	Trzy wektory zaopatrzenia	1	864	Izolacja Krymu	Isolation of Crimea
35	A2	heading	Trzy wektory zaopatrzenia	2	688	Transport morski	Maritime transport
35	A2	heading	Trzy wektory zaopatrzenia	3	687	Transport drogowy	Road transport
35	A2	heading	Trzy wektory zaopatrzenia	4	865	Most Kerczeński	Kerch Bridge
35	A2	heading	Trzy wektory zaopatrzenia	5	672	Logistyka wojskowa	Military logistics
36	A2	heading	Usunięcie cywilów z R-280 — koncesja, nie zarządzanie	1	672	Logistyka wojskowa	Military logistics
36	A2	heading	Usunięcie cywilów z R-280 — koncesja, nie zarządzanie	2	687	Transport drogowy	Road transport
36	A2	heading	Usunięcie cywilów z R-280 — koncesja, nie zarządzanie	3	864	Izolacja Krymu	Isolation of Crimea
37	A2	heading	Dekret jest mimowolnym przyznaniem, że dron pokonał tarczę	1	672	Logistyka wojskowa	Military logistics
37	A2	heading	Dekret jest mimowolnym przyznaniem, że dron pokonał tarczę	2	687	Transport drogowy	Road transport
37	A2	heading	Dekret jest mimowolnym przyznaniem, że dron pokonał tarczę	3	864	Izolacja Krymu	Isolation of Crimea
37	A2	heading	Dekret jest mimowolnym przyznaniem, że dron pokonał tarczę	4	636	Wojna dronowa	Drone warfare
38	A2	heading	Most jako przynęta — dlaczego kolejność jest wymuszona	1	865	Most Kerczeński	Kerch Bridge
38	A2	heading	Most jako przynęta — dlaczego kolejność jest wymuszona	2	637	Obrona przeciwlotnicza	Air defence
38	A2	heading	Most jako przynęta — dlaczego kolejność jest wymuszona	3	639	Przeciążenie obrony	Defence saturation
38	A2	heading	Most jako przynęta — dlaczego kolejność jest wymuszona	4	559	Asymetria opcji strategicznych	asymmetry of optionality
39	A2	heading	Most kerczeński na poziomie meta — wcześniej, na deser, czy ciągłe ciśnienie (i dlaczego to już poker, nie szachy)	1	865	Most Kerczeński	Kerch Bridge
39	A2	heading	Most kerczeński na poziomie meta — wcześniej, na deser, czy ciągłe ciśnienie (i dlaczego to już poker, nie szachy)	2	559	Asymetria opcji strategicznych	asymmetry of optionality
39	A2	heading	Most kerczeński na poziomie meta — wcześniej, na deser, czy ciągłe ciśnienie (i dlaczego to już poker, nie szachy)	3	811	Sygnalizacja strategiczna	Strategic signalling
39	A2	heading	Most kerczeński na poziomie meta — wcześniej, na deser, czy ciągłe ciśnienie (i dlaczego to już poker, nie szachy)	4	849	Analiza scenariuszowa	Scenario analysis
40	A2	heading	Dlaczego port krymski nie wymaga ani jednego drona	1	864	Izolacja Krymu	Isolation of Crimea
40	A2	heading	Dlaczego port krymski nie wymaga ani jednego drona	2	691	Porty morskie	Seaports
40	A2	heading	Dlaczego port krymski nie wymaga ani jednego drona	3	688	Transport morski	Maritime transport
40	A2	heading	Dlaczego port krymski nie wymaga ani jednego drona	4	698	Izolacja logistyczna	Logistical isolation
41	A2	heading	Drugi koniec łańcucha na obu morzach — rejestr portów rosyjskich i okupowanych (bez Krymu)	1	691	Porty morskie	Seaports
41	A2	heading	Drugi koniec łańcucha na obu morzach — rejestr portów rosyjskich i okupowanych (bez Krymu)	2	688	Transport morski	Maritime transport
41	A2	heading	Drugi koniec łańcucha na obu morzach — rejestr portów rosyjskich i okupowanych (bez Krymu)	3	672	Logistyka wojskowa	Military logistics
42	A2	heading	Morze Czarne — rosyjskie wybrzeże Krasnodarskiego	1	866	Morze Czarne	Black Sea
42	A2	heading	Morze Czarne — rosyjskie wybrzeże Krasnodarskiego	2	691	Porty morskie	Seaports
42	A2	heading	Morze Czarne — rosyjskie wybrzeże Krasnodarskiego	3	672	Logistyka wojskowa	Military logistics
42	A2	heading	Morze Czarne — rosyjskie wybrzeże Krasnodarskiego	4	708	Dochody surowcowe	Resource revenues
43	A2	heading	Morze Azowskie — rosyjskie wybrzeże	1	867	Morze Azowskie	Sea of Azov
43	A2	heading	Morze Azowskie — rosyjskie wybrzeże	2	691	Porty morskie	Seaports
43	A2	heading	Morze Azowskie — rosyjskie wybrzeże	3	672	Logistyka wojskowa	Military logistics
44	A2	heading	Morze Azowskie — porty okupowane (Mariupol, Berdiańsk)	1	867	Morze Azowskie	Sea of Azov
44	A2	heading	Morze Azowskie — porty okupowane (Mariupol, Berdiańsk)	2	691	Porty morskie	Seaports
44	A2	heading	Morze Azowskie — porty okupowane (Mariupol, Berdiańsk)	3	672	Logistyka wojskowa	Military logistics
45	A2	heading	Krym przekształca się z półwyspu w wyspę	1	864	Izolacja Krymu	Isolation of Crimea
45	A2	heading	Krym przekształca się z półwyspu w wyspę	2	698	Izolacja logistyczna	Logistical isolation
45	A2	heading	Krym przekształca się z półwyspu w wyspę	3	673	Łańcuchy dostaw	Supply chains
46	A2	heading	Powolne odcinanie Krymu od prądu — czwarty wektor, ukryty w gąszczu	1	864	Izolacja Krymu	Isolation of Crimea
46	A2	heading	Powolne odcinanie Krymu od prądu — czwarty wektor, ukryty w gąszczu	2	778	Sieci elektroenergetyczne	Electricity grids
46	A2	heading	Powolne odcinanie Krymu od prądu — czwarty wektor, ukryty w gąszczu	3	782	Przerwy w dostawach prądu	Power outages
47	A2	heading	Materialny wynik — kupony na paliwo na Krymie	1	764	Reglamentacja	Rationing
47	A2	heading	Materialny wynik — kupony na paliwo na Krymie	2	771	Niedobory paliw	Fuel shortages
47	A2	heading	Materialny wynik — kupony na paliwo na Krymie	3	864	Izolacja Krymu	Isolation of Crimea
48	A2	heading	Krym nie jest osobnym teatrem — jest efektem zewnętrznym	1	864	Izolacja Krymu	Isolation of Crimea
48	A2	heading	Krym nie jest osobnym teatrem — jest efektem zewnętrznym	2	672	Logistyka wojskowa	Military logistics
48	A2	heading	Krym nie jest osobnym teatrem — jest efektem zewnętrznym	3	765	Ropa naftowa	Crude oil
48	A2	heading	Krym nie jest osobnym teatrem — jest efektem zewnętrznym	4	698	Izolacja logistyczna	Logistical isolation
49	A2	heading	Wątki kontynuowane w innych sekcjach	1	864	Izolacja Krymu	Isolation of Crimea
49	A2	heading	Wątki kontynuowane w innych sekcjach	2	811	Sygnalizacja strategiczna	Strategic signalling
49	A2	heading	Wątki kontynuowane w innych sekcjach	3	771	Niedobory paliw	Fuel shortages
49	A2	heading	Wątki kontynuowane w innych sekcjach	4	778	Sieci elektroenergetyczne	Electricity grids
50	A2	heading	VI. Ewolucja typologii celów — co się dywersyfikuje	1	635	Uderzenia dalekiego zasięgu	Long-range strikes
50	A2	heading	VI. Ewolucja typologii celów — co się dywersyfikuje	2	684	Infrastruktura krytyczna	Critical infrastructure
50	A2	heading	VI. Ewolucja typologii celów — co się dywersyfikuje	3	672	Logistyka wojskowa	Military logistics
51	A2	heading	Matryca 1: kategorie funkcjonalne celów	1	635	Uderzenia dalekiego zasięgu	Long-range strikes
51	A2	heading	Matryca 1: kategorie funkcjonalne celów	2	684	Infrastruktura krytyczna	Critical infrastructure
52	A2	heading	Matryca 2: wektory geograficzne	1	635	Uderzenia dalekiego zasięgu	Long-range strikes
52	A2	heading	Matryca 2: wektory geograficzne	2	868	Morze Bałtyckie	Baltic Sea
53	A2	heading	Synteza ewolucyjna — co się zmieniło między okresami	1	635	Uderzenia dalekiego zasięgu	Long-range strikes
53	A2	heading	Synteza ewolucyjna — co się zmieniło między okresami	2	840	Progi krytyczne	Critical thresholds
53	A2	heading	Synteza ewolucyjna — co się zmieniło między okresami	3	667	Innowacje wojskowe	Military innovation
54	A2	heading	Syntetyczne obserwacje (od 04.01.2026)	1	635	Uderzenia dalekiego zasięgu	Long-range strikes
54	A2	heading	Syntetyczne obserwacje (od 04.01.2026)	2	682	Cykl napraw	Repair cycle
54	A2	heading	Syntetyczne obserwacje (od 04.01.2026)	3	639	Przeciążenie obrony	Defence saturation
55	A2	heading	Front Olexandrivka — terytorium jako nowa kategoria celu	1	863	Wojna rosyjsko-ukraińska	Russo-Ukrainian war
55	A2	heading	Front Olexandrivka — terytorium jako nowa kategoria celu	2	672	Logistyka wojskowa	Military logistics
55	A2	heading	Front Olexandrivka — terytorium jako nowa kategoria celu	3	635	Uderzenia dalekiego zasięgu	Long-range strikes
56	A2	heading	Dlaczego front Olexandrivka wpisuje się w to opracowanie	1	672	Logistyka wojskowa	Military logistics
56	A2	heading	Dlaczego front Olexandrivka wpisuje się w to opracowanie	2	637	Obrona przeciwlotnicza	Air defence
56	A2	heading	Dlaczego front Olexandrivka wpisuje się w to opracowanie	3	863	Wojna rosyjsko-ukraińska	Russo-Ukrainian war
57	A2	heading	VII. Budanov — gramatyka rozkładu i przebudowy	1	603	Rozpad państwa	State disintegration
57	A2	heading	VII. Budanov — gramatyka rozkładu i przebudowy	2	811	Sygnalizacja strategiczna	Strategic signalling
57	A2	heading	VII. Budanov — gramatyka rozkładu i przebudowy	3	836	Style decyzyjne	Decision-making styles
58	A2	heading	Od „zwycięstwa" do „jedności" — czytanie przez przemilczenia	1	815	Przemilczenia	Omissions
58	A2	heading	Od „zwycięstwa" do „jedności" — czytanie przez przemilczenia	2	811	Sygnalizacja strategiczna	Strategic signalling
58	A2	heading	Od „zwycięstwa" do „jedności" — czytanie przez przemilczenia	3	745	Mobilizacja społeczna	Social mobilization
59	A2	heading	Negative space jako metoda — i jako lustro do „czterech trybów"	1	815	Przemilczenia	Omissions
59	A2	heading	Negative space jako metoda — i jako lustro do „czterech trybów"	2	853	OSINT	Open-source intelligence
59	A2	heading	Negative space jako metoda — i jako lustro do „czterech trybów"	3	816	Ukrywanie danych	Data suppression
60	A2	heading	Punkt zwrotny nazwany cztery lata za wcześnie — kalibracja przez własny track record	1	850	Kalibracja prognoz	Forecast calibration
60	A2	heading	Punkt zwrotny nazwany cztery lata za wcześnie — kalibracja przez własny track record	2	849	Analiza scenariuszowa	Scenario analysis
61	A2	heading	Jednoczesność sprzeczności — logika nieliniowa	1	254	Nieliniowość	nonlinearity
61	A2	heading	Jednoczesność sprzeczności — logika nieliniowa	2	837	Analiza systemowa	Systems analysis
62	A2	heading	Stoicyzm jako maska operacyjna	1	836	Style decyzyjne	Decision-making styles
62	A2	heading	Stoicyzm jako maska operacyjna	2	254	Nieliniowość	nonlinearity
62	A2	heading	Stoicyzm jako maska operacyjna	3	811	Sygnalizacja strategiczna	Strategic signalling
63	A2	heading	Znać reguły a rozumieć reguły	1	836	Style decyzyjne	Decision-making styles
63	A2	heading	Znać reguły a rozumieć reguły	2	667	Innowacje wojskowe	Military innovation
63	A2	heading	Znać reguły a rozumieć reguły	3	403	Rozpoznawanie wzorców	pattern recognition
64	A2	heading	Jedność jako system operacyjny, nie posłuszeństwo	1	745	Mobilizacja społeczna	Social mobilization
64	A2	heading	Jedność jako system operacyjny, nie posłuszeństwo	2	746	Odporność społeczna	Societal resilience
64	A2	heading	Jedność jako system operacyjny, nie posłuszeństwo	3	836	Style decyzyjne	Decision-making styles
65	A2	heading	Antifragile kontra dark legitimacy — odwrócenie modelu rosyjskiego	1	844	Antykruchość	Antifragility
65	A2	heading	Antifragile kontra dark legitimacy — odwrócenie modelu rosyjskiego	2	557	Ciemna legitymizacja	dark legitimacy
65	A2	heading	Antifragile kontra dark legitimacy — odwrócenie modelu rosyjskiego	3	745	Mobilizacja społeczna	Social mobilization
65	A2	heading	Antifragile kontra dark legitimacy — odwrócenie modelu rosyjskiego	4	746	Odporność społeczna	Societal resilience
66	A2	heading	„Po Tupolewa nie idzie się do sklepu z Tupolewami" — zasada zerwanego łańcucha zastępowalności	1	679	Nieodwracalność strat	Irreversibility of losses
66	A2	heading	„Po Tupolewa nie idzie się do sklepu z Tupolewami" — zasada zerwanego łańcucha zastępowalności	2	678	Zdolności odtworzeniowe	Replacement capacity
66	A2	heading	„Po Tupolewa nie idzie się do sklepu z Tupolewami" — zasada zerwanego łańcucha zastępowalności	3	641	Lotnictwo strategiczne	Strategic aviation
67	A2	heading	Uwaga na marginesie — historia A-50 jako precedens	1	642	Samoloty wczesnego ostrzegania	Airborne early warning aircraft
67	A2	heading	Uwaga na marginesie — historia A-50 jako precedens	2	679	Nieodwracalność strat	Irreversibility of losses
67	A2	heading	Uwaga na marginesie — historia A-50 jako precedens	3	678	Zdolności odtworzeniowe	Replacement capacity
68	A2	heading	Mapa Dniepr 9.04.2026 — trzy warstwy fałszowania w jednym artefakcie	1	817	Fałszowanie raportów	Falsified reporting
68	A2	heading	Mapa Dniepr 9.04.2026 — trzy warstwy fałszowania w jednym artefakcie	2	806	Dezinformacja	Disinformation
68	A2	heading	Mapa Dniepr 9.04.2026 — trzy warstwy fałszowania w jednym artefakcie	3	661	Dowodzenie	Command and control
69	A2	heading	Saldo i blokada Leningradu — autodemaskacja przez język	1	805	Propaganda	Propaganda
69	A2	heading	Saldo i blokada Leningradu — autodemaskacja przez język	2	815	Przemilczenia	Omissions
69	A2	heading	Saldo i blokada Leningradu — autodemaskacja przez język	3	698	Izolacja logistyczna	Logistical isolation
69	A2	heading	Saldo i blokada Leningradu — autodemaskacja przez język	4	672	Logistyka wojskowa	Military logistics
70	A2	heading	Voenkory pękają — rozszczepienie warstwy milblogerskiej, marzec–maj 2026	1	805	Propaganda	Propaganda
70	A2	heading	Voenkory pękają — rozszczepienie warstwy milblogerskiej, marzec–maj 2026	2	821	Sieci dystrybucji propagandy	Propaganda distribution networks
70	A2	heading	Voenkory pękają — rozszczepienie warstwy milblogerskiej, marzec–maj 2026	3	851	Wskaźniki wyprzedzające	Leading indicators
71	A2	heading	Sokolenko — „prosił, by nikogo nie obwiniać" jako gramatyka przemilczenia	1	630	Podejrzane zgony elit	Suspicious elite deaths
71	A2	heading	Sokolenko — „prosił, by nikogo nie obwiniać" jako gramatyka przemilczenia	2	815	Przemilczenia	Omissions
71	A2	heading	Sokolenko — „prosił, by nikogo nie obwiniać" jako gramatyka przemilczenia	3	853	OSINT	Open-source intelligence
72	A2	heading	Sokolenko nie jest wyjątkiem — radziecko-rosyjska tradycja „samobójstwa" elit	1	630	Podejrzane zgony elit	Suspicious elite deaths
72	A2	heading	Sokolenko nie jest wyjątkiem — radziecko-rosyjska tradycja „samobójstwa" elit	2	855	Analogie historyczne	Historical analogies
72	A2	heading	Sokolenko nie jest wyjątkiem — radziecko-rosyjska tradycja „samobójstwa" elit	3	627	Represje polityczne	Political repression
73	A2	heading	838 stron — precyzja jako broń	1	657	Straty osobowe	Military casualties
73	A2	heading	838 stron — precyzja jako broń	2	813	Wiarygodność sygnału	Signal credibility
73	A2	heading	838 stron — precyzja jako broń	3	811	Sygnalizacja strategiczna	Strategic signalling
74	A2	heading	Hipoteza neurodywergencji u szefów wywiadu	1	835	Neuroróżnorodność	Neurodiversity
74	A2	heading	Hipoteza neurodywergencji u szefów wywiadu	2	403	Rozpoznawanie wzorców	pattern recognition
74	A2	heading	Hipoteza neurodywergencji u szefów wywiadu	3	662	Rozpoznanie wojskowe	Military reconnaissance
75	A2	heading	VIII. Sygnalizacja strategiczna i asymetria opcjonalności	1	811	Sygnalizacja strategiczna	Strategic signalling
75	A2	heading	VIII. Sygnalizacja strategiczna i asymetria opcjonalności	2	559	Asymetria opcji strategicznych	asymmetry of optionality
75	A2	heading	VIII. Sygnalizacja strategiczna i asymetria opcjonalności	3	635	Uderzenia dalekiego zasięgu	Long-range strikes
76	A2	heading	Założenia metodologiczne	1	812	Komunikacja wieloadresatowa	Multi-audience communication
76	A2	heading	Założenia metodologiczne	2	811	Sygnalizacja strategiczna	Strategic signalling
77	A2	heading	Studium przypadku: przemówienie Zełeńskiego 17.05.2026	1	811	Sygnalizacja strategiczna	Strategic signalling
77	A2	heading	Studium przypadku: przemówienie Zełeńskiego 17.05.2026	2	635	Uderzenia dalekiego zasięgu	Long-range strikes
77	A2	heading	Studium przypadku: przemówienie Zełeńskiego 17.05.2026	3	813	Wiarygodność sygnału	Signal credibility
78	A2	heading	Komunikat wielo-adresatowy — ścieżki interpretacji	1	812	Komunikacja wieloadresatowa	Multi-audience communication
78	A2	heading	Komunikat wielo-adresatowy — ścieżki interpretacji	2	811	Sygnalizacja strategiczna	Strategic signalling
79	A2	heading	Sekwencja zobowiązanie → pokaz → efekt skumulowany	1	811	Sygnalizacja strategiczna	Strategic signalling
79	A2	heading	Sekwencja zobowiązanie → pokaz → efekt skumulowany	2	814	Demonstracja siły	Show of force
79	A2	heading	Sekwencja zobowiązanie → pokaz → efekt skumulowany	3	813	Wiarygodność sygnału	Signal credibility
80	A2	heading	Logika wstrzymaj i pokaż:	1	811	Sygnalizacja strategiczna	Strategic signalling
80	A2	heading	Logika wstrzymaj i pokaż:	2	813	Wiarygodność sygnału	Signal credibility
80	A2	heading	Logika wstrzymaj i pokaż:	3	883	Sojusze regionalne	Regional alliances
81	A2	heading	Sygnały wspierające tezę o świadomym wstrzymaniu:	1	811	Sygnalizacja strategiczna	Strategic signalling
81	A2	heading	Sygnały wspierające tezę o świadomym wstrzymaniu:	2	644	Broń precyzyjna	Precision weapons
81	A2	heading	Sygnały wspierające tezę o świadomym wstrzymaniu:	3	635	Uderzenia dalekiego zasięgu	Long-range strikes
81	A2	heading	Sygnały wspierające tezę o świadomym wstrzymaniu:	4	809	Maskirowka	Maskirovka
82	A2	heading	Alternatywa: "lipiec przyspieszony przez wojnę w Iranie"	1	811	Sygnalizacja strategiczna	Strategic signalling
82	A2	heading	Alternatywa: "lipiec przyspieszony przez wojnę w Iranie"	2	650	Eskalacja konfliktu	Conflict escalation
82	A2	heading	Alternatywa: "lipiec przyspieszony przez wojnę w Iranie"	3	635	Uderzenia dalekiego zasięgu	Long-range strikes
82	A2	heading	Alternatywa: "lipiec przyspieszony przez wojnę w Iranie"	4	873	Rozpad Iranu	Disintegration of Iran
83	A2	heading	Kampania ujawnienia (17–23.05.2026)	1	811	Sygnalizacja strategiczna	Strategic signalling
83	A2	heading	Kampania ujawnienia (17–23.05.2026)	2	814	Demonstracja siły	Show of force
83	A2	heading	Kampania ujawnienia (17–23.05.2026)	3	662	Rozpoznanie wojskowe	Military reconnaissance
83	A2	heading	Kampania ujawnienia (17–23.05.2026)	4	635	Uderzenia dalekiego zasięgu	Long-range strikes
84	A2	heading	Kluczowe obserwacje strukturalne:	1	812	Komunikacja wieloadresatowa	Multi-audience communication
84	A2	heading	Kluczowe obserwacje strukturalne:	2	811	Sygnalizacja strategiczna	Strategic signalling
85	A2	heading	Druga kampania ujawnienia (25–27.05.2026) — oś białoruska	1	811	Sygnalizacja strategiczna	Strategic signalling
85	A2	heading	Druga kampania ujawnienia (25–27.05.2026) — oś białoruska	2	727	Sankcje gospodarcze	Economic sanctions
85	A2	heading	Druga kampania ujawnienia (25–27.05.2026) — oś białoruska	3	884	Gwarancje bezpieczeństwa	Security guarantees
86	A2	heading	Krym jako wyspa logistyczna — transformacja jakościowa korytarza	1	864	Izolacja Krymu	Isolation of Crimea
86	A2	heading	Krym jako wyspa logistyczna — transformacja jakościowa korytarza	2	698	Izolacja logistyczna	Logistical isolation
86	A2	heading	Krym jako wyspa logistyczna — transformacja jakościowa korytarza	3	888	Korytarze transportowe	Transport corridors
87	A2	heading	Europejska oś instytucjonalna — warunki UE wobec Rosji	1	892	Unia Europejska	European Union
87	A2	heading	Europejska oś instytucjonalna — warunki UE wobec Rosji	2	727	Sankcje gospodarcze	Economic sanctions
87	A2	heading	Europejska oś instytucjonalna — warunki UE wobec Rosji	3	811	Sygnalizacja strategiczna	Strategic signalling
88	A2	heading	Test dyplomatyczny — kto został w Kijowie	1	813	Wiarygodność sygnału	Signal credibility
88	A2	heading	Test dyplomatyczny — kto został w Kijowie	2	811	Sygnalizacja strategiczna	Strategic signalling
88	A2	heading	Test dyplomatyczny — kto został w Kijowie	3	884	Gwarancje bezpieczeństwa	Security guarantees
89	A2	heading	Galați — rosyjski dron w bloku mieszkalnym państwa NATO	1	891	NATO	NATO
89	A2	heading	Galați — rosyjski dron w bloku mieszkalnym państwa NATO	2	636	Wojna dronowa	Drone warfare
89	A2	heading	Galați — rosyjski dron w bloku mieszkalnym państwa NATO	3	670	Ataki na ludność cywilną	Attacks on civilians
89	A2	heading	Galați — rosyjski dron w bloku mieszkalnym państwa NATO	4	650	Eskalacja konfliktu	Conflict escalation
90	A2	heading	Gabala — Aliyev jako kandydat na mediatora alternatywnego	1	869	Kaukaz Południowy	South Caucasus
90	A2	heading	Gabala — Aliyev jako kandydat na mediatora alternatywnego	2	886	Autonomia strategiczna	Strategic autonomy
90	A2	heading	Gabala — Aliyev jako kandydat na mediatora alternatywnego	3	653	Negocjacje pokojowe	Peace negotiations
91	A2	heading	Pięć przegranych wyborów — piąty front erozji wpływu	1	887	Strefy wpływów	Spheres of influence
91	A2	heading	Pięć przegranych wyborów — piąty front erozji wpływu	2	811	Sygnalizacja strategiczna	Strategic signalling
92	A2	heading	Asymetria katalogów prawomocnych celów (MTK vs PA-I) — i pochwycenie ramy rozejmowej 4–9 maja	1	653	Negocjacje pokojowe	Peace negotiations
92	A2	heading	Asymetria katalogów prawomocnych celów (MTK vs PA-I) — i pochwycenie ramy rozejmowej 4–9 maja	2	727	Sankcje gospodarcze	Economic sanctions
92	A2	heading	Asymetria katalogów prawomocnych celów (MTK vs PA-I) — i pochwycenie ramy rozejmowej 4–9 maja	3	635	Uderzenia dalekiego zasięgu	Long-range strikes
92	A2	heading	Asymetria katalogów prawomocnych celów (MTK vs PA-I) — i pochwycenie ramy rozejmowej 4–9 maja	4	862	Etyka analizy	Ethics of analysis
93	A2	heading	Doktryna „long-range sanctions" — nazwana 16.05, sformalizowana 30.05	1	635	Uderzenia dalekiego zasięgu	Long-range strikes
93	A2	heading	Doktryna „long-range sanctions" — nazwana 16.05, sformalizowana 30.05	2	727	Sankcje gospodarcze	Economic sanctions
93	A2	heading	Doktryna „long-range sanctions" — nazwana 16.05, sformalizowana 30.05	3	811	Sygnalizacja strategiczna	Strategic signalling
94	A2	heading	Dwa ortogonalne procesy — Proces A (degradacja frontu) i Proces B (strangulacja)	1	634	Wojna na wyniszczenie	War of attrition
94	A2	heading	Dwa ortogonalne procesy — Proces A (degradacja frontu) i Proces B (strangulacja)	2	703	Gospodarka wojenna	War economy
94	A2	heading	Dwa ortogonalne procesy — Proces A (degradacja frontu) i Proces B (strangulacja)	3	841	Opóźnienia systemowe	System delays
94	A2	heading	Dwa ortogonalne procesy — Proces A (degradacja frontu) i Proces B (strangulacja)	4	672	Logistyka wojskowa	Military logistics
95	A2	heading	Twierdzenie Nyquista — dlaczego tempo bije OODA (dwa ortogonalne procesy)	1	841	Opóźnienia systemowe	System delays
95	A2	heading	Twierdzenie Nyquista — dlaczego tempo bije OODA (dwa ortogonalne procesy)	2	639	Przeciążenie obrony	Defence saturation
95	A2	heading	Twierdzenie Nyquista — dlaczego tempo bije OODA (dwa ortogonalne procesy)	3	635	Uderzenia dalekiego zasięgu	Long-range strikes
95	A2	heading	Twierdzenie Nyquista — dlaczego tempo bije OODA (dwa ortogonalne procesy)	4	837	Analiza systemowa	Systems analysis
96	A2	heading	Dwadzieścia miliardów — liczba jako teza (cena policzona, w zasięgu, podzielna)	1	635	Uderzenia dalekiego zasięgu	Long-range strikes
96	A2	heading	Dwadzieścia miliardów — liczba jako teza (cena policzona, w zasięgu, podzielna)	2	665	Pomoc wojskowa	Military assistance
96	A2	heading	Dwadzieścia miliardów — liczba jako teza (cena policzona, w zasięgu, podzielna)	3	559	Asymetria opcji strategicznych	asymmetry of optionality
97	A2	heading	P1-SUN — ta sama tania asymetria, odwrócona w obronę	1	668	Wojna asymetryczna	Asymmetric warfare
97	A2	heading	P1-SUN — ta sama tania asymetria, odwrócona w obronę	2	636	Wojna dronowa	Drone warfare
97	A2	heading	P1-SUN — ta sama tania asymetria, odwrócona w obronę	3	637	Obrona przeciwlotnicza	Air defence
97	A2	heading	P1-SUN — ta sama tania asymetria, odwrócona w obronę	4	667	Innowacje wojskowe	Military innovation
98	A2	heading	Kubańska anomalia historyczna — czego Rosja nie może przyznać	1	608	Imperializm	Imperialism
98	A2	heading	Kubańska anomalia historyczna — czego Rosja nie może przyznać	2	875	Tożsamość narodowa	National identity
98	A2	heading	Kubańska anomalia historyczna — czego Rosja nie może przyznać	3	805	Propaganda	Propaganda
98	A2	heading	Kubańska anomalia historyczna — czego Rosja nie może przyznać	4	855	Analogie historyczne	Historical analogies
99	A2	heading	Moskwa tonie co lato — trzy wektory jednej kałuży (korupcja, wojna, klimat)	1	753	Powodzie	Floods
99	A2	heading	Moskwa tonie co lato — trzy wektory jednej kałuży (korupcja, wojna, klimat)	2	625	Korupcja	Corruption
99	A2	heading	Moskwa tonie co lato — trzy wektory jednej kałuży (korupcja, wojna, klimat)	3	748	Zmiany klimatu	Climate change
99	A2	heading	Moskwa tonie co lato — trzy wektory jednej kałuży (korupcja, wojna, klimat)	4	685	Infrastruktura komunalna	Municipal infrastructure
100	A2	heading	Asymetria opcjonalności (wartość opcji wyboru)	1	559	Asymetria opcji strategicznych	asymmetry of optionality
100	A2	heading	Asymetria opcjonalności (wartość opcji wyboru)	2	578	Zapas a strumień	stock vs flow
101	A2	heading	Cena rezerwy strategicznej UA (szacunek przybliżony):	1	559	Asymetria opcji strategicznych	asymmetry of optionality
101	A2	heading	Cena rezerwy strategicznej UA (szacunek przybliżony):	2	658	Rezerwy wojskowe	Military reserves
101	A2	heading	Cena rezerwy strategicznej UA (szacunek przybliżony):	3	665	Pomoc wojskowa	Military assistance
102	A2	heading	Rosja świadomie wydała opcjonalność:	1	578	Zapas a strumień	stock vs flow
102	A2	heading	Rosja świadomie wydała opcjonalność:	2	676	Zapasy strategiczne	Strategic stockpiles
102	A2	heading	Rosja świadomie wydała opcjonalność:	3	559	Asymetria opcji strategicznych	asymmetry of optionality
102	A2	heading	Rosja świadomie wydała opcjonalność:	4	634	Wojna na wyniszczenie	War of attrition
103	A2	heading	Wniosek systemowy	1	559	Asymetria opcji strategicznych	asymmetry of optionality
103	A2	heading	Wniosek systemowy	2	678	Zdolności odtworzeniowe	Replacement capacity
103	A2	heading	Wniosek systemowy	3	578	Zapas a strumień	stock vs flow
104	A2	heading	IX. Atak na Kijów jako odpowiedź — czytanie timingu	1	811	Sygnalizacja strategiczna	Strategic signalling
104	A2	heading	IX. Atak na Kijów jako odpowiedź — czytanie timingu	2	643	Pociski balistyczne	Ballistic missiles
105	A2	heading	Uderzenie w cywilów jest stałą — zmienną jest moment	1	670	Ataki na ludność cywilną	Attacks on civilians
105	A2	heading	Uderzenie w cywilów jest stałą — zmienną jest moment	2	811	Sygnalizacja strategiczna	Strategic signalling
106	A2	heading	Oreshnik — sygnał klasy, nie sygnał rutyny	1	643	Pociski balistyczne	Ballistic missiles
106	A2	heading	Oreshnik — sygnał klasy, nie sygnał rutyny	2	811	Sygnalizacja strategiczna	Strategic signalling
106	A2	heading	Oreshnik — sygnał klasy, nie sygnał rutyny	3	814	Demonstracja siły	Show of force
107	A2	heading	Nie mogła czy nie chciała — pytania otwarte	1	811	Sygnalizacja strategiczna	Strategic signalling
107	A2	heading	Nie mogła czy nie chciała — pytania otwarte	2	650	Eskalacja konfliktu	Conflict escalation
107	A2	heading	Nie mogła czy nie chciała — pytania otwarte	3	841	Opóźnienia systemowe	System delays
107	A2	heading	Nie mogła czy nie chciała — pytania otwarte	4	852	Wnioskowanie przy niepełnych danych	Inference under incomplete information
108	A2	heading	Cztery tryby intencji — asymetria czytania obu stron	1	811	Sygnalizacja strategiczna	Strategic signalling
108	A2	heading	Cztery tryby intencji — asymetria czytania obu stron	2	817	Fałszowanie raportów	Falsified reporting
108	A2	heading	Cztery tryby intencji — asymetria czytania obu stron	3	836	Style decyzyjne	Decision-making styles
108	A2	heading	Cztery tryby intencji — asymetria czytania obu stron	4	852	Wnioskowanie przy niepełnych danych	Inference under incomplete information
109	A2	heading	Co Oreshnik komunikuje — dodatek do pakietu czy osobne zdanie?	1	643	Pociski balistyczne	Ballistic missiles
109	A2	heading	Co Oreshnik komunikuje — dodatek do pakietu czy osobne zdanie?	2	811	Sygnalizacja strategiczna	Strategic signalling
109	A2	heading	Co Oreshnik komunikuje — dodatek do pakietu czy osobne zdanie?	3	812	Komunikacja wieloadresatowa	Multi-audience communication
110	A2	heading	Przeszłość czy przyszłość — riposta czy uprzedzenie	1	811	Sygnalizacja strategiczna	Strategic signalling
110	A2	heading	Przeszłość czy przyszłość — riposta czy uprzedzenie	2	650	Eskalacja konfliktu	Conflict escalation
110	A2	heading	Przeszłość czy przyszłość — riposta czy uprzedzenie	3	852	Wnioskowanie przy niepełnych danych	Inference under incomplete information
111	A2	heading	Adresat — wobec kogo nadany	1	812	Komunikacja wieloadresatowa	Multi-audience communication
111	A2	heading	Adresat — wobec kogo nadany	2	811	Sygnalizacja strategiczna	Strategic signalling
111	A2	heading	Adresat — wobec kogo nadany	3	891	NATO	NATO
112	A2	heading	Noga techniczna — dlaczego Oreshnik zagraża właśnie Europie	1	638	Obrona przeciwrakietowa	Missile defence
112	A2	heading	Noga techniczna — dlaczego Oreshnik zagraża właśnie Europie	2	643	Pociski balistyczne	Ballistic missiles
112	A2	heading	Noga techniczna — dlaczego Oreshnik zagraża właśnie Europie	3	891	NATO	NATO
113	A2	heading	Oreshnik jako szczebel eskalacji	1	648	Próg nuklearny	Nuclear threshold
113	A2	heading	Oreshnik jako szczebel eskalacji	2	643	Pociski balistyczne	Ballistic missiles
113	A2	heading	Oreshnik jako szczebel eskalacji	3	650	Eskalacja konfliktu	Conflict escalation
113	A2	heading	Oreshnik jako szczebel eskalacji	4	647	Odstraszanie nuklearne	Nuclear deterrence
114	A2	heading	Dwa pociski — trzy odczyty jednej liczby	1	852	Wnioskowanie przy niepełnych danych	Inference under incomplete information
114	A2	heading	Dwa pociski — trzy odczyty jednej liczby	2	811	Sygnalizacja strategiczna	Strategic signalling
114	A2	heading	Dwa pociski — trzy odczyty jednej liczby	3	643	Pociski balistyczne	Ballistic missiles
115	A2	heading	X. Rejestr predykcji — kalibracja w czasie rzeczywistym	1	850	Kalibracja prognoz	Forecast calibration
115	A2	heading	X. Rejestr predykcji — kalibracja w czasie rzeczywistym	2	857	Falsyfikowalność	Falsifiability
116	A2	heading	Predykcje taktyczne krótkoterminowe	1	850	Kalibracja prognoz	Forecast calibration
116	A2	heading	Predykcje taktyczne krótkoterminowe	2	857	Falsyfikowalność	Falsifiability
116	A2	heading	Predykcje taktyczne krótkoterminowe	3	635	Uderzenia dalekiego zasięgu	Long-range strikes
117	A2	heading	Predykcje strukturalne	1	837	Analiza systemowa	Systems analysis
117	A2	heading	Predykcje strukturalne	2	849	Analiza scenariuszowa	Scenario analysis
117	A2	heading	Predykcje strukturalne	3	850	Kalibracja prognoz	Forecast calibration
118	A2	heading	Prognozy zewnętrzne — kalibracja przez niezależne zegary	1	851	Wskaźniki wyprzedzające	Leading indicators
118	A2	heading	Prognozy zewnętrzne — kalibracja przez niezależne zegary	2	850	Kalibracja prognoz	Forecast calibration
118	A2	heading	Prognozy zewnętrzne — kalibracja przez niezależne zegary	3	842	Synchronizacja kryzysów	Crisis synchronization
119	A2	heading	Predykcja operacyjna — kampania podstacji wysokiego napięcia (lipiec–wrzesień 2026)	1	779	Podstacje elektroenergetyczne	Electrical substations
119	A2	heading	Predykcja operacyjna — kampania podstacji wysokiego napięcia (lipiec–wrzesień 2026)	2	778	Sieci elektroenergetyczne	Electricity grids
119	A2	heading	Predykcja operacyjna — kampania podstacji wysokiego napięcia (lipiec–wrzesień 2026)	3	635	Uderzenia dalekiego zasięgu	Long-range strikes
119	A2	heading	Predykcja operacyjna — kampania podstacji wysokiego napięcia (lipiec–wrzesień 2026)	4	849	Analiza scenariuszowa	Scenario analysis
120	A2	heading	Dlaczego podstacje, nie elektrownie	1	779	Podstacje elektroenergetyczne	Electrical substations
120	A2	heading	Dlaczego podstacje, nie elektrownie	2	678	Zdolności odtworzeniowe	Replacement capacity
120	A2	heading	Dlaczego podstacje, nie elektrownie	3	674	Wąskie gardła	Bottlenecks
120	A2	heading	Dlaczego podstacje, nie elektrownie	4	684	Infrastruktura krytyczna	Critical infrastructure
121	A2	heading	Tempo — jedna co dwa tygodnie jako optymalna kadencja	1	682	Cykl napraw	Repair cycle
121	A2	heading	Tempo — jedna co dwa tygodnie jako optymalna kadencja	2	839	Awarie kaskadowe	Cascading failures
121	A2	heading	Tempo — jedna co dwa tygodnie jako optymalna kadencja	3	841	Opóźnienia systemowe	System delays
121	A2	heading	Tempo — jedna co dwa tygodnie jako optymalna kadencja	4	635	Uderzenia dalekiego zasięgu	Long-range strikes
122	A2	heading	Maskowanie w gąszczu kampanii	1	809	Maskirowka	Maskirovka
122	A2	heading	Maskowanie w gąszczu kampanii	2	367	Przeciążenie informacyjne	information overload
122	A2	heading	Maskowanie w gąszczu kampanii	3	779	Podstacje elektroenergetyczne	Electrical substations
123	A2	heading	Niemożliwość skonstruowania momentu eskalacji	1	650	Eskalacja konfliktu	Conflict escalation
123	A2	heading	Niemożliwość skonstruowania momentu eskalacji	2	840	Progi krytyczne	Critical thresholds
123	A2	heading	Niemożliwość skonstruowania momentu eskalacji	3	811	Sygnalizacja strategiczna	Strategic signalling
124	A2	heading	Projekcja stanu UES na 18 września 2026 — operacyjne rozliczenie P6	1	778	Sieci elektroenergetyczne	Electricity grids
124	A2	heading	Projekcja stanu UES na 18 września 2026 — operacyjne rozliczenie P6	2	782	Przerwy w dostawach prądu	Power outages
124	A2	heading	Projekcja stanu UES na 18 września 2026 — operacyjne rozliczenie P6	3	849	Analiza scenariuszowa	Scenario analysis
125	A2	heading	Doktryna w dziesięciu punktach — manifest P6	1	857	Falsyfikowalność	Falsifiability
125	A2	heading	Doktryna w dziesięciu punktach — manifest P6	2	850	Kalibracja prognoz	Forecast calibration
125	A2	heading	Doktryna w dziesięciu punktach — manifest P6	3	779	Podstacje elektroenergetyczne	Electrical substations
126	A2	heading	XI. Kolumbryna kontra rzeczywistość — audyt prognozy po dwóch miesiącach	1	850	Kalibracja prognoz	Forecast calibration
126	A2	heading	XI. Kolumbryna kontra rzeczywistość — audyt prognozy po dwóch miesiącach	2	858	Walidacja empiryczna	Empirical validation
127	A2	heading	Bestiariusz po dwóch miesiącach — 24 nosorożce	1	850	Kalibracja prognoz	Forecast calibration
127	A2	heading	Bestiariusz po dwóch miesiącach — 24 nosorożce	2	842	Synchronizacja kryzysów	Crisis synchronization
127	A2	heading	Bestiariusz po dwóch miesiącach — 24 nosorożce	3	851	Wskaźniki wyprzedzające	Leading indicators
128	A2	heading	Pozostałe kategorie bestiariusza — słoń, flamingi, łabędzie, tygrysy	1	849	Analiza scenariuszowa	Scenario analysis
128	A2	heading	Pozostałe kategorie bestiariusza — słoń, flamingi, łabędzie, tygrysy	2	850	Kalibracja prognoz	Forecast calibration
129	A2	heading	Gdzie maj przeskoczył kategorię	1	840	Progi krytyczne	Critical thresholds
129	A2	heading	Gdzie maj przeskoczył kategorię	2	850	Kalibracja prognoz	Forecast calibration
130	A2	heading	Zbieżność zegarów — rewizja prognozy	1	851	Wskaźniki wyprzedzające	Leading indicators
130	A2	heading	Zbieżność zegarów — rewizja prognozy	2	842	Synchronizacja kryzysów	Crisis synchronization
130	A2	heading	Zbieżność zegarów — rewizja prognozy	3	850	Kalibracja prognoz	Forecast calibration
131	A2	heading	Patrymonialny grid lock — dlaczego rozkład nie wytwarza natychmiastowego upadku	1	624	Klientelizm	Clientelism
131	A2	heading	Patrymonialny grid lock — dlaczego rozkład nie wytwarza natychmiastowego upadku	2	620	Lojalność elit	Elite loyalty
131	A2	heading	Patrymonialny grid lock — dlaczego rozkład nie wytwarza natychmiastowego upadku	3	629	Przetrwanie polityczne	Political survival
132	A2	heading	Wniosek audytu	1	850	Kalibracja prognoz	Forecast calibration
132	A2	heading	Wniosek audytu	2	603	Rozpad państwa	State disintegration
132	A2	heading	Wniosek audytu	3	841	Opóźnienia systemowe	System delays
133	A2	heading	Detekcja absencji jako metoda OSINT — metareflexja o własnej metodzie	1	816	Ukrywanie danych	Data suppression
133	A2	heading	Detekcja absencji jako metoda OSINT — metareflexja o własnej metodzie	2	853	OSINT	Open-source intelligence
133	A2	heading	Detekcja absencji jako metoda OSINT — metareflexja o własnej metodzie	3	815	Przemilczenia	Omissions
134	A2	heading	Profil neurokognitywny AuDHD i Mottronowskie enhanced perceptual functioning	1	835	Neuroróżnorodność	Neurodiversity
134	A2	heading	Profil neurokognitywny AuDHD i Mottronowskie enhanced perceptual functioning	2	403	Rozpoznawanie wzorców	pattern recognition
134	A2	heading	Profil neurokognitywny AuDHD i Mottronowskie enhanced perceptual functioning	3	815	Przemilczenia	Omissions
135	A2	heading	Świadome powtarzanie nieodwracalnego błędu — wzorzec instytucjonalny	1	845	Inercja instytucjonalna	Institutional inertia
135	A2	heading	Świadome powtarzanie nieodwracalnego błędu — wzorzec instytucjonalny	2	856	Błąd potwierdzenia	Confirmation bias
135	A2	heading	Świadome powtarzanie nieodwracalnego błędu — wzorzec instytucjonalny	3	735	Koszty adaptacji	Adaptation costs
136	A2	heading	XII. Stacje benzynowe i rynek paliw — siedem nakładających się braków	1	771	Niedobory paliw	Fuel shortages
136	A2	heading	XII. Stacje benzynowe i rynek paliw — siedem nakładających się braków	2	839	Awarie kaskadowe	Cascading failures
136	A2	heading	XII. Stacje benzynowe i rynek paliw — siedem nakładających się braków	3	673	Łańcuchy dostaw	Supply chains
136	A2	heading	XII. Stacje benzynowe i rynek paliw — siedem nakładających się braków	4	767	Rafinerie	Oil refineries
137	A2	heading	Chronologia — od sierpnia 2025 do kuponów	1	771	Niedobory paliw	Fuel shortages
137	A2	heading	Chronologia — od sierpnia 2025 do kuponów	2	764	Reglamentacja	Rationing
137	A2	heading	Chronologia — od sierpnia 2025 do kuponów	3	851	Wskaźniki wyprzedzające	Leading indicators
138	A2	heading	Ogniwo 1 — przerób: rafinerie wyłączone	1	767	Rafinerie	Oil refineries
138	A2	heading	Ogniwo 1 — przerób: rafinerie wyłączone	2	635	Uderzenia dalekiego zasięgu	Long-range strikes
138	A2	heading	Ogniwo 1 — przerób: rafinerie wyłączone	3	679	Nieodwracalność strat	Irreversibility of losses
139	A2	heading	Ogniwo 2 — substytucja: import z Białorusi jako plaster	1	771	Niedobory paliw	Fuel shortages
139	A2	heading	Ogniwo 2 — substytucja: import z Białorusi jako plaster	2	677	Rezerwy mocy	Spare capacity
139	A2	heading	Ogniwo 2 — substytucja: import z Białorusi jako plaster	3	673	Łańcuchy dostaw	Supply chains
140	A2	heading	Ogniwo 3 — przesył: rurociągi pod kontrolą ogniową	1	694	Pompownie	Pumping stations
140	A2	heading	Ogniwo 3 — przesył: rurociągi pod kontrolą ogniową	2	693	Rurociągi	Pipelines
140	A2	heading	Ogniwo 3 — przesył: rurociągi pod kontrolą ogniową	3	771	Niedobory paliw	Fuel shortages
140	A2	heading	Ogniwo 3 — przesył: rurociągi pod kontrolą ogniową	4	635	Uderzenia dalekiego zasięgu	Long-range strikes
141	A2	heading	Ogniwo 4 — kolej: rozkład systemowy plus partyzanci	1	686	Transport kolejowy	Rail transport
141	A2	heading	Ogniwo 4 — kolej: rozkład systemowy plus partyzanci	2	683	Zużycie infrastruktury	Infrastructure deterioration
141	A2	heading	Ogniwo 4 — kolej: rozkład systemowy plus partyzanci	3	669	Dywersja	Sabotage
141	A2	heading	Ogniwo 4 — kolej: rozkład systemowy plus partyzanci	4	672	Logistyka wojskowa	Military logistics
142	A2	heading	Ogniwo 5 — drogi: cysterny drogowe za małe	1	687	Transport drogowy	Road transport
142	A2	heading	Ogniwo 5 — drogi: cysterny drogowe za małe	2	675	Przepustowość	Throughput
142	A2	heading	Ogniwo 5 — drogi: cysterny drogowe za małe	3	686	Transport kolejowy	Rail transport
142	A2	heading	Ogniwo 5 — drogi: cysterny drogowe za małe	4	693	Rurociągi	Pipelines
143	A2	heading	Ogniwo 6 — magazyny: zbiorniki płoną	1	695	Magazyny paliw	Fuel storage facilities
143	A2	heading	Ogniwo 6 — magazyny: zbiorniki płoną	2	676	Zapasy strategiczne	Strategic stockpiles
143	A2	heading	Ogniwo 6 — magazyny: zbiorniki płoną	3	578	Zapas a strumień	stock vs flow
143	A2	heading	Ogniwo 6 — magazyny: zbiorniki płoną	4	635	Uderzenia dalekiego zasięgu	Long-range strikes
144	A2	heading	Ogniwo 7 — sprzedaż detaliczna: kupony, kolejki, autodemaskacja	1	764	Reglamentacja	Rationing
144	A2	heading	Ogniwo 7 — sprzedaż detaliczna: kupony, kolejki, autodemaskacja	2	771	Niedobory paliw	Fuel shortages
144	A2	heading	Ogniwo 7 — sprzedaż detaliczna: kupony, kolejki, autodemaskacja	3	839	Awarie kaskadowe	Cascading failures
145	A2	heading	XIII. Matka natura nie odpuszcza Rosji — zmiany klimatu jako koherentny wektor presji	1	748	Zmiany klimatu	Climate change
145	A2	heading	XIII. Matka natura nie odpuszcza Rosji — zmiany klimatu jako koherentny wektor presji	2	683	Zużycie infrastruktury	Infrastructure deterioration
145	A2	heading	XIII. Matka natura nie odpuszcza Rosji — zmiany klimatu jako koherentny wektor presji	3	707	Deficyt budżetowy	Budget deficit
146	A2	heading	Asymetria klimatyczna — dlaczego Rosja, nie Ukraina i nie Europa	1	748	Zmiany klimatu	Climate change
146	A2	heading	Asymetria klimatyczna — dlaczego Rosja, nie Ukraina i nie Europa	2	683	Zużycie infrastruktury	Infrastructure deterioration
146	A2	heading	Asymetria klimatyczna — dlaczego Rosja, nie Ukraina i nie Europa	3	747	Nierówności regionalne	Regional inequalities
147	A2	heading	Wieczysta zmarzlina — 7 bln rubli wpisanych w bilans 2050	1	749	Wieczna zmarzlina	Permafrost
147	A2	heading	Wieczysta zmarzlina — 7 bln rubli wpisanych w bilans 2050	2	750	Osiadanie gruntu	Ground subsidence
147	A2	heading	Wieczysta zmarzlina — 7 bln rubli wpisanych w bilans 2050	3	683	Zużycie infrastruktury	Infrastructure deterioration
147	A2	heading	Wieczysta zmarzlina — 7 bln rubli wpisanych w bilans 2050	4	735	Koszty adaptacji	Adaptation costs
148	A2	heading	Zamrożenie wiedzy 2009–2012 — bibliografia, doktryna jako fasada, ustawy jako kaganiec	1	819	Autocenzura	Self-censorship
148	A2	heading	Zamrożenie wiedzy 2009–2012 — bibliografia, doktryna jako fasada, ustawy jako kaganiec	2	818	Cenzura	Censorship
148	A2	heading	Zamrożenie wiedzy 2009–2012 — bibliografia, doktryna jako fasada, ustawy jako kaganiec	3	748	Zmiany klimatu	Climate change
148	A2	heading	Zamrożenie wiedzy 2009–2012 — bibliografia, doktryna jako fasada, ustawy jako kaganiec	4	816	Ukrywanie danych	Data suppression
149	A2	heading	Infrastruktura na gruncie, który znika — kolej, torf, BAM jako fazy cyklu	1	749	Wieczna zmarzlina	Permafrost
149	A2	heading	Infrastruktura na gruncie, który znika — kolej, torf, BAM jako fazy cyklu	2	750	Osiadanie gruntu	Ground subsidence
149	A2	heading	Infrastruktura na gruncie, który znika — kolej, torf, BAM jako fazy cyklu	3	686	Transport kolejowy	Rail transport
149	A2	heading	Infrastruktura na gruncie, który znika — kolej, torf, BAM jako fazy cyklu	4	693	Rurociągi	Pipelines
150	A2	heading	Hałdy pogórnicze jako lądowy odpowiednik — analogia z Wałbrzycha do Bowanenkowo	1	755	Pożary torfowisk	Peat fires
150	A2	heading	Hałdy pogórnicze jako lądowy odpowiednik — analogia z Wałbrzycha do Bowanenkowo	2	749	Wieczna zmarzlina	Permafrost
150	A2	heading	Hałdy pogórnicze jako lądowy odpowiednik — analogia z Wałbrzycha do Bowanenkowo	3	855	Analogie historyczne	Historical analogies
151	A2	heading	Susze, powodzie, pożary 2025 — strukturalna zmiana mapy	1	751	Susza	Drought
151	A2	heading	Susze, powodzie, pożary 2025 — strukturalna zmiana mapy	2	753	Powodzie	Floods
151	A2	heading	Susze, powodzie, pożary 2025 — strukturalna zmiana mapy	3	754	Pożary lasów	Forest fires
151	A2	heading	Susze, powodzie, pożary 2025 — strukturalna zmiana mapy	4	748	Zmiany klimatu	Climate change
151	A2	heading	Susze, powodzie, pożary 2025 — strukturalna zmiana mapy	5	683	Zużycie infrastruktury	Infrastructure deterioration
152	A2	heading	Kaskada lato 2026 — chłodzenie elektrowni, deficyt energetyczny, ograniczenia transmisji	1	781	Chłodzenie elektrowni	Power plant cooling
152	A2	heading	Kaskada lato 2026 — chłodzenie elektrowni, deficyt energetyczny, ograniczenia transmisji	2	751	Susza	Drought
152	A2	heading	Kaskada lato 2026 — chłodzenie elektrowni, deficyt energetyczny, ograniczenia transmisji	3	752	Fale upałów	Heatwaves
152	A2	heading	Kaskada lato 2026 — chłodzenie elektrowni, deficyt energetyczny, ograniczenia transmisji	4	782	Przerwy w dostawach prądu	Power outages
153	A2	heading	Cascade gradient — trzy sformalizowane ścieżki przekładania klimatu na budżet	1	748	Zmiany klimatu	Climate change
153	A2	heading	Cascade gradient — trzy sformalizowane ścieżki przekładania klimatu na budżet	2	778	Sieci elektroenergetyczne	Electricity grids
153	A2	heading	Cascade gradient — trzy sformalizowane ścieżki przekładania klimatu na budżet	3	672	Logistyka wojskowa	Military logistics
153	A2	heading	Cascade gradient — trzy sformalizowane ścieżki przekładania klimatu na budżet	4	707	Deficyt budżetowy	Budget deficit
154	A2	heading	Implikacje dla audytu Kolumbryny i kalibracji zegarów	1	748	Zmiany klimatu	Climate change
154	A2	heading	Implikacje dla audytu Kolumbryny i kalibracji zegarów	2	851	Wskaźniki wyprzedzające	Leading indicators
154	A2	heading	Implikacje dla audytu Kolumbryny i kalibracji zegarów	3	842	Synchronizacja kryzysów	Crisis synchronization
155	A2	heading	XIV. Energetyka — sieć bez redundancji, fizyka rosyjskiego systemu pod presją	1	778	Sieci elektroenergetyczne	Electricity grids
155	A2	heading	XIV. Energetyka — sieć bez redundancji, fizyka rosyjskiego systemu pod presją	2	674	Wąskie gardła	Bottlenecks
155	A2	heading	XIV. Energetyka — sieć bez redundancji, fizyka rosyjskiego systemu pod presją	3	727	Sankcje gospodarcze	Economic sanctions
155	A2	heading	XIV. Energetyka — sieć bez redundancji, fizyka rosyjskiego systemu pod presją	4	843	Redundancja	Redundancy
156	A2	heading	Stranded assets Jamału — gaz, którego nie ma jak wywieźć	1	766	Gaz ziemny	Natural gas
156	A2	heading	Stranded assets Jamału — gaz, którego nie ma jak wywieźć	2	693	Rurociągi	Pipelines
156	A2	heading	Stranded assets Jamału — gaz, którego nie ma jak wywieźć	3	675	Przepustowość	Throughput
156	A2	heading	Stranded assets Jamału — gaz, którego nie ma jak wywieźć	4	708	Dochody surowcowe	Resource revenues
157	A2	heading	Cykl Rankine'a — fizyka chłodzenia, której rzeki przestają zapewniać	1	781	Chłodzenie elektrowni	Power plant cooling
157	A2	heading	Cykl Rankine'a — fizyka chłodzenia, której rzeki przestają zapewniać	2	756	Niedobór wody	Water scarcity
157	A2	heading	Cykl Rankine'a — fizyka chłodzenia, której rzeki przestają zapewniać	3	752	Fale upałów	Heatwaves
157	A2	heading	Cykl Rankine'a — fizyka chłodzenia, której rzeki przestają zapewniać	4	787	Energetyka jądrowa	Nuclear energy
158	A2	heading	Huty aluminium i kanibalizm wojskowo-przemysłowy	1	702	Metalurgia	Metallurgy
158	A2	heading	Huty aluminium i kanibalizm wojskowo-przemysłowy	2	782	Przerwy w dostawach prądu	Power outages
158	A2	heading	Huty aluminium i kanibalizm wojskowo-przemysłowy	3	663	Przemysł zbrojeniowy	Defence industry
159	A2	heading	Topologia UES — siedem stref bez sensownej komunikacji	1	778	Sieci elektroenergetyczne	Electricity grids
159	A2	heading	Topologia UES — siedem stref bez sensownej komunikacji	2	675	Przepustowość	Throughput
159	A2	heading	Topologia UES — siedem stref bez sensownej komunikacji	3	674	Wąskie gardła	Bottlenecks
160	A2	heading	Brak importu awaryjnego — wyspa eurazjatycka bez sąsiada	1	778	Sieci elektroenergetyczne	Electricity grids
160	A2	heading	Brak importu awaryjnego — wyspa eurazjatycka bez sąsiada	2	843	Redundancja	Redundancy
160	A2	heading	Brak importu awaryjnego — wyspa eurazjatycka bez sąsiada	3	775	Bezpieczeństwo energetyczne	Energy security
161	A2	heading	Grid okupowanych terytoriów — Krym odcinany w gąszczu	1	864	Izolacja Krymu	Isolation of Crimea
161	A2	heading	Grid okupowanych terytoriów — Krym odcinany w gąszczu	2	778	Sieci elektroenergetyczne	Electricity grids
161	A2	heading	Grid okupowanych terytoriów — Krym odcinany w gąszczu	3	672	Logistyka wojskowa	Military logistics
161	A2	heading	Grid okupowanych terytoriów — Krym odcinany w gąszczu	4	635	Uderzenia dalekiego zasięgu	Long-range strikes
162	A2	heading	Paradoks sowieckiej redundancji — nadmiar ilościowy, sztywność kierunkowa	1	843	Redundancja	Redundancy
162	A2	heading	Paradoks sowieckiej redundancji — nadmiar ilościowy, sztywność kierunkowa	2	778	Sieci elektroenergetyczne	Electricity grids
162	A2	heading	Paradoks sowieckiej redundancji — nadmiar ilościowy, sztywność kierunkowa	3	675	Przepustowość	Throughput
163	A2	heading	Synteza — dlaczego klimat ugotuje sieć bez dronów	1	778	Sieci elektroenergetyczne	Electricity grids
163	A2	heading	Synteza — dlaczego klimat ugotuje sieć bez dronów	2	748	Zmiany klimatu	Climate change
163	A2	heading	Synteza — dlaczego klimat ugotuje sieć bez dronów	3	782	Przerwy w dostawach prądu	Power outages
164	A2	heading	XV. Skorowidz ludzi — kto jest kim w tym dokumencie	1	863	Wojna rosyjsko-ukraińska	Russo-Ukrainian war
165	A2	heading	Ukraina — polityka i wywiad	1	662	Rozpoznanie wojskowe	Military reconnaissance
165	A2	heading	Ukraina — polityka i wywiad	2	811	Sygnalizacja strategiczna	Strategic signalling
165	A2	heading	Ukraina — polityka i wywiad	3	863	Wojna rosyjsko-ukraińska	Russo-Ukrainian war
166	A2	heading	Ukraina — dowódcy operacyjni	1	661	Dowodzenie	Command and control
166	A2	heading	Ukraina — dowódcy operacyjni	2	863	Wojna rosyjsko-ukraińska	Russo-Ukrainian war
167	A2	heading	Rosja — władza centralna i regionalna	1	607	Dyktatura personalistyczna	Personalist dictatorship
167	A2	heading	Rosja — władza centralna i regionalna	2	614	Relacje centrum–peryferie	Centre–periphery relations
167	A2	heading	Rosja — władza centralna i regionalna	3	626	Biurokracja	Bureaucracy
168	A2	heading	Zachód — politycy, dyplomaci, wywiad	1	883	Sojusze regionalne	Regional alliances
168	A2	heading	Zachód — politycy, dyplomaci, wywiad	2	884	Gwarancje bezpieczeństwa	Security guarantees
169	A2	heading	Region — Azerbejdżan, Białoruś, mediatorzy	1	869	Kaukaz Południowy	South Caucasus
169	A2	heading	Region — Azerbejdżan, Białoruś, mediatorzy	2	653	Negocjacje pokojowe	Peace negotiations
170	A2	heading	Nasze źródła wywiadowcze — OSINT, analitycy, dziennikarze	1	853	OSINT	Open-source intelligence
171	A2	heading	Nauka, badania, ekspertyza	1	858	Walidacja empiryczna	Empirical validation
171	A2	heading	Nauka, badania, ekspertyza	2	837	Analiza systemowa	Systems analysis
172	A2	heading	Postacie z tła kulturowego i historycznego	1	855	Analogie historyczne	Historical analogies
172	A2	heading	Postacie z tła kulturowego i historycznego	2	822	Archetypy narracyjne	Narrative archetypes
173	A2	heading	XVI. Motyw doktrynalny — stary wzorzec odwrócony	1	809	Maskirowka	Maskirovka
173	A2	heading	XVI. Motyw doktrynalny — stary wzorzec odwrócony	2	807	Wojna informacyjna	Information warfare
173	A2	heading	XVI. Motyw doktrynalny — stary wzorzec odwrócony	3	863	Wojna rosyjsko-ukraińska	Russo-Ukrainian war
174	A2	heading	Wzorzec literacki — „zabić wielu, by ukryć jedno"	1	809	Maskirowka	Maskirovka
174	A2	heading	Wzorzec literacki — „zabić wielu, by ukryć jedno"	2	367	Przeciążenie informacyjne	information overload
175	A2	heading	Historia doktrynalna — maskirowka jako narzędzie radzieckie i postradzieckie	1	809	Maskirowka	Maskirovka
175	A2	heading	Historia doktrynalna — maskirowka jako narzędzie radzieckie i postradzieckie	2	807	Wojna informacyjna	Information warfare
175	A2	heading	Historia doktrynalna — maskirowka jako narzędzie radzieckie i postradzieckie	3	855	Analogie historyczne	Historical analogies
176	A2	heading	Strukturalna ślepota Kremla — dlaczego znana doktryna pozostaje niewidzialna	1	809	Maskirowka	Maskirovka
176	A2	heading	Strukturalna ślepota Kremla — dlaczego znana doktryna pozostaje niewidzialna	2	856	Błąd potwierdzenia	Confirmation bias
176	A2	heading	Strukturalna ślepota Kremla — dlaczego znana doktryna pozostaje niewidzialna	3	845	Inercja instytucjonalna	Institutional inertia
177	A2	heading	Dynamika wojny w lustrze II wojny światowej — Bagration, Kampania Naftowa, zespolenie instrumentów	1	855	Analogie historyczne	Historical analogies
177	A2	heading	Dynamika wojny w lustrze II wojny światowej — Bagration, Kampania Naftowa, zespolenie instrumentów	2	635	Uderzenia dalekiego zasięgu	Long-range strikes
177	A2	heading	Dynamika wojny w lustrze II wojny światowej — Bagration, Kampania Naftowa, zespolenie instrumentów	3	672	Logistyka wojskowa	Military logistics
177	A2	heading	Dynamika wojny w lustrze II wojny światowej — Bagration, Kampania Naftowa, zespolenie instrumentów	4	809	Maskirowka	Maskirovka
178	A2	heading	XVII. Źródła — instytucje, media, OSINT, ramy interpretacyjne	1	853	OSINT	Open-source intelligence
178	A2	heading	XVII. Źródła — instytucje, media, OSINT, ramy interpretacyjne	2	854	Dane satelitarne	Satellite data
178	A2	heading	XVII. Źródła — instytucje, media, OSINT, ramy interpretacyjne	3	858	Walidacja empiryczna	Empirical validation
179	A2	heading	Prasa i instytucje analityczne	1	858	Walidacja empiryczna	Empirical validation
179	A2	heading	Prasa i instytucje analityczne	2	853	OSINT	Open-source intelligence
180	A2	heading	Telegram OSINT	1	853	OSINT	Open-source intelligence
180	A2	heading	Telegram OSINT	2	863	Wojna rosyjsko-ukraińska	Russo-Ukrainian war
181	A2	heading	Dane satelitarne i obrazowe	1	854	Dane satelitarne	Satellite data
181	A2	heading	Dane satelitarne i obrazowe	2	858	Walidacja empiryczna	Empirical validation
181	A2	heading	Dane satelitarne i obrazowe	3	635	Uderzenia dalekiego zasięgu	Long-range strikes
182	A2	heading	OSINT na Bluesky / X	1	853	OSINT	Open-source intelligence
183	A2	heading	Ramy interpretacyjne (akademickie)	1	556	Disinfolklore	Disinfolklore
183	A2	heading	Ramy interpretacyjne (akademickie)	2	557	Ciemna legitymizacja	dark legitimacy
183	A2	heading	Ramy interpretacyjne (akademickie)	3	835	Neuroróżnorodność	Neurodiversity
184	A3	heading	lista celów	1	635	Uderzenia dalekiego zasięgu	Long-range strikes
184	A3	heading	lista celów	2	853	OSINT	Open-source intelligence
184	A3	heading	lista celów	3	863	Wojna rosyjsko-ukraińska	Russo-Ukrainian war
185	A3	heading	II. Lista uderzeń — okresy dwutygodniowe, od maja tygodniowe	1	635	Uderzenia dalekiego zasięgu	Long-range strikes
185	A3	heading	II. Lista uderzeń — okresy dwutygodniowe, od maja tygodniowe	2	853	OSINT	Open-source intelligence
186	A3	heading	Wstęp — kluczowe daty, klasyfikacja, statystyki bazowe	1	635	Uderzenia dalekiego zasięgu	Long-range strikes
186	A3	heading	Wstęp — kluczowe daty, klasyfikacja, statystyki bazowe	2	858	Walidacja empiryczna	Empirical validation
187	A3	heading	okres 1 od 04.01 do 17.01	1	635	Uderzenia dalekiego zasięgu	Long-range strikes
187	A3	heading	okres 1 od 04.01 do 17.01	2	636	Wojna dronowa	Drone warfare
188	A3	heading	okres 2 od 18.01 do 31.01	1	635	Uderzenia dalekiego zasięgu	Long-range strikes
188	A3	heading	okres 2 od 18.01 do 31.01	2	767	Rafinerie	Oil refineries
189	A3	heading	okres 3 od 01.02 do 14.02	1	635	Uderzenia dalekiego zasięgu	Long-range strikes
189	A3	heading	okres 3 od 01.02 do 14.02	2	672	Logistyka wojskowa	Military logistics
190	A3	heading	okres 4 od 15.02 do 28.02	1	635	Uderzenia dalekiego zasięgu	Long-range strikes
190	A3	heading	okres 4 od 15.02 do 28.02	2	650	Eskalacja konfliktu	Conflict escalation
191	A3	heading	Paradoks Hormuz — start kalendarzowy	1	871	Cieśnina Ormuz	Strait of Hormuz
191	A3	heading	Paradoks Hormuz — start kalendarzowy	2	773	Szok naftowy	Oil shock
191	A3	heading	Paradoks Hormuz — start kalendarzowy	3	708	Dochody surowcowe	Resource revenues
192	A3	heading	okres 5 od 01.03 do 14.03	1	635	Uderzenia dalekiego zasięgu	Long-range strikes
192	A3	heading	okres 5 od 01.03 do 14.03	2	699	Mikroelektronika	Microelectronics
192	A3	heading	okres 5 od 01.03 do 14.03	3	766	Gaz ziemny	Natural gas
192	A3	heading	okres 5 od 01.03 do 14.03	4	644	Broń precyzyjna	Precision weapons
193	A3	heading	okres 6 od 15.03 do 28.03	1	635	Uderzenia dalekiego zasięgu	Long-range strikes
193	A3	heading	okres 6 od 15.03 do 28.03	2	868	Morze Bałtyckie	Baltic Sea
193	A3	heading	okres 6 od 15.03 do 28.03	3	700	Przemysł chemiczny	Chemical industry
193	A3	heading	okres 6 od 15.03 do 28.03	4	641	Lotnictwo strategiczne	Strategic aviation
194	A3	heading	okres 7 od 29.03 do 11.04	1	635	Uderzenia dalekiego zasięgu	Long-range strikes
194	A3	heading	okres 7 od 29.03 do 11.04	2	811	Sygnalizacja strategiczna	Strategic signalling
195	A3	heading	Korekta v1.2 — pauza wielkanocna nie była absolutna	1	635	Uderzenia dalekiego zasięgu	Long-range strikes
195	A3	heading	Korekta v1.2 — pauza wielkanocna nie była absolutna	2	811	Sygnalizacja strategiczna	Strategic signalling
196	A3	heading	okres 8 od 12.04 do 25.04	1	635	Uderzenia dalekiego zasięgu	Long-range strikes
196	A3	heading	okres 8 od 12.04 do 25.04	2	866	Morze Czarne	Black Sea
196	A3	heading	okres 8 od 12.04 do 25.04	3	682	Cykl napraw	Repair cycle
197	A3	heading	okres 9 od 26.04 do 09.05	1	635	Uderzenia dalekiego zasięgu	Long-range strikes
197	A3	heading	okres 9 od 26.04 do 09.05	2	868	Morze Bałtyckie	Baltic Sea
197	A3	heading	okres 9 od 26.04 do 09.05	3	663	Przemysł zbrojeniowy	Defence industry
198	A3	heading	okres 10 od 10.05 do 16.05	1	635	Uderzenia dalekiego zasięgu	Long-range strikes
198	A3	heading	okres 10 od 10.05 do 16.05	2	639	Przeciążenie obrony	Defence saturation
198	A3	heading	okres 10 od 10.05 do 16.05	3	767	Rafinerie	Oil refineries
198	A3	heading	okres 10 od 10.05 do 16.05	4	682	Cykl napraw	Repair cycle
199	A3	heading	Nota o zmianie rytmu — od maja tydzień	1	635	Uderzenia dalekiego zasięgu	Long-range strikes
199	A3	heading	Nota o zmianie rytmu — od maja tydzień	2	853	OSINT	Open-source intelligence
200	A3	heading	okres 11 od 17.05 do 23.05	1	635	Uderzenia dalekiego zasięgu	Long-range strikes
200	A3	heading	okres 11 od 17.05 do 23.05	2	811	Sygnalizacja strategiczna	Strategic signalling
201	A3	heading	Trzydniowa kampania komunikacyjna 17–18.05	1	811	Sygnalizacja strategiczna	Strategic signalling
201	A3	heading	Trzydniowa kampania komunikacyjna 17–18.05	2	812	Komunikacja wieloadresatowa	Multi-audience communication
201	A3	heading	Trzydniowa kampania komunikacyjna 17–18.05	3	635	Uderzenia dalekiego zasięgu	Long-range strikes
202	A3	heading	okres 12 od 24.05 do 30.05	1	635	Uderzenia dalekiego zasięgu	Long-range strikes
202	A3	heading	okres 12 od 24.05 do 30.05	2	727	Sankcje gospodarcze	Economic sanctions
202	A3	heading	okres 12 od 24.05 do 30.05	3	811	Sygnalizacja strategiczna	Strategic signalling
203	A3	heading	27.05 — największy pakiet uderzeń głębokich w wojnie	1	635	Uderzenia dalekiego zasięgu	Long-range strikes
203	A3	heading	27.05 — największy pakiet uderzeń głębokich w wojnie	2	639	Przeciążenie obrony	Defence saturation
204	A3	heading	Statystyki maja — Naczelny Dowódca ZSU (gen. Syrski)	1	635	Uderzenia dalekiego zasięgu	Long-range strikes
204	A3	heading	Statystyki maja — Naczelny Dowódca ZSU (gen. Syrski)	2	657	Straty osobowe	Military casualties
204	A3	heading	Statystyki maja — Naczelny Dowódca ZSU (gen. Syrski)	3	637	Obrona przeciwlotnicza	Air defence
204	A3	heading	Statystyki maja — Naczelny Dowódca ZSU (gen. Syrski)	4	858	Walidacja empiryczna	Empirical validation
205	A3	heading	okres 13 od 31.05 do 06.06	1	635	Uderzenia dalekiego zasięgu	Long-range strikes
205	A3	heading	okres 13 od 31.05 do 06.06	2	868	Morze Bałtyckie	Baltic Sea
205	A3	heading	okres 13 od 31.05 do 06.06	3	864	Izolacja Krymu	Isolation of Crimea
206	A3	heading	03.06 — uderzenie w dniu otwarcia SPIEF	1	811	Sygnalizacja strategiczna	Strategic signalling
206	A3	heading	03.06 — uderzenie w dniu otwarcia SPIEF	2	635	Uderzenia dalekiego zasięgu	Long-range strikes
206	A3	heading	03.06 — uderzenie w dniu otwarcia SPIEF	3	868	Morze Bałtyckie	Baltic Sea
207	A3	heading	okres 14 od 07.06 do 13.06	1	635	Uderzenia dalekiego zasięgu	Long-range strikes
207	A3	heading	okres 14 od 07.06 do 13.06	2	687	Transport drogowy	Road transport
207	A3	heading	okres 14 od 07.06 do 13.06	3	779	Podstacje elektroenergetyczne	Electrical substations
207	A3	heading	okres 14 od 07.06 do 13.06	4	686	Transport kolejowy	Rail transport
207	A3	heading	okres 14 od 07.06 do 13.06	5	672	Logistyka wojskowa	Military logistics
208	A3	heading	okres 15 od 14.06 do 20.06	1	635	Uderzenia dalekiego zasięgu	Long-range strikes
208	A3	heading	okres 15 od 14.06 do 20.06	2	771	Niedobory paliw	Fuel shortages
208	A3	heading	okres 15 od 14.06 do 20.06	3	864	Izolacja Krymu	Isolation of Crimea
208	A3	heading	okres 15 od 14.06 do 20.06	4	684	Infrastruktura krytyczna	Critical infrastructure
209	A3	heading	okres 16 od 21.06 (w toku)	1	864	Izolacja Krymu	Isolation of Crimea
209	A3	heading	okres 16 od 21.06 (w toku)	2	699	Mikroelektronika	Microelectronics
209	A3	heading	okres 16 od 21.06 (w toku)	3	767	Rafinerie	Oil refineries
209	A3	heading	okres 16 od 21.06 (w toku)	4	771	Niedobory paliw	Fuel shortages
209	A3	heading	okres 16 od 21.06 (w toku)	5	839	Awarie kaskadowe	Cascading failures
210	A4	heading	lipiec 2026. przejscie na hurt	1	837	Analiza systemowa	Systems analysis
210	A4	heading	lipiec 2026. przejscie na hurt	2	771	Niedobory paliw	Fuel shortages
210	A4	heading	lipiec 2026. przejscie na hurt	3	703	Gospodarka wojenna	War economy
210	A4	heading	lipiec 2026. przejscie na hurt	4	655	Mobilizacja wojskowa	Military mobilization
210	A4	heading	lipiec 2026. przejscie na hurt	5	559	Asymetria opcji strategicznych	asymmetry of optionality
211	A4	heading	I. Skala hurtu	1	679	Nieodwracalność strat	Irreversibility of losses
211	A4	heading	I. Skala hurtu	2	678	Zdolności odtworzeniowe	Replacement capacity
211	A4	heading	I. Skala hurtu	3	635	Uderzenia dalekiego zasięgu	Long-range strikes
211	A4	heading	I. Skala hurtu	4	837	Analiza systemowa	Systems analysis
212	A4	heading	1. Przerób — dno dwudziestolecia	1	767	Rafinerie	Oil refineries
212	A4	heading	1. Przerób — dno dwudziestolecia	2	679	Nieodwracalność strat	Irreversibility of losses
212	A4	heading	1. Przerób — dno dwudziestolecia	3	771	Niedobory paliw	Fuel shortages
213	A4	heading	2. Tempo uderzeń	1	635	Uderzenia dalekiego zasięgu	Long-range strikes
213	A4	heading	2. Tempo uderzeń	2	695	Magazyny paliw	Fuel storage facilities
213	A4	heading	2. Tempo uderzeń	3	767	Rafinerie	Oil refineries
214	A4	heading	o „przerwie", której nie było	1	695	Magazyny paliw	Fuel storage facilities
214	A4	heading	o „przerwie", której nie było	2	672	Logistyka wojskowa	Military logistics
214	A4	heading	o „przerwie", której nie było	3	635	Uderzenia dalekiego zasięgu	Long-range strikes
215	A4	heading	3. Zasięg kryzysu po stronie rosyjskiej	1	771	Niedobory paliw	Fuel shortages
215	A4	heading	3. Zasięg kryzysu po stronie rosyjskiej	2	672	Logistyka wojskowa	Military logistics
215	A4	heading	3. Zasięg kryzysu po stronie rosyjskiej	3	764	Reglamentacja	Rationing
216	A4	heading	4. Co znaczy „hurt"	1	679	Nieodwracalność strat	Irreversibility of losses
216	A4	heading	4. Co znaczy „hurt"	2	635	Uderzenia dalekiego zasięgu	Long-range strikes
216	A4	heading	4. Co znaczy „hurt"	3	678	Zdolności odtworzeniowe	Replacement capacity
217	A4	heading	II. Marketplace jako cel	1	697	Handel internetowy	E-commerce
217	A4	heading	II. Marketplace jako cel	2	696	Centra logistyczne	Logistics centres
217	A4	heading	II. Marketplace jako cel	3	672	Logistyka wojskowa	Military logistics
217	A4	heading	II. Marketplace jako cel	4	716	Złe kredyty	Non-performing loans
217	A4	heading	II. Marketplace jako cel	5	839	Awarie kaskadowe	Cascading failures
218	A4	heading	1. Kampania Wildberries	1	697	Handel internetowy	E-commerce
218	A4	heading	1. Kampania Wildberries	2	696	Centra logistyczne	Logistics centres
218	A4	heading	1. Kampania Wildberries	3	635	Uderzenia dalekiego zasięgu	Long-range strikes
218	A4	heading	1. Kampania Wildberries	4	671	Infrastruktura podwójnego zastosowania	Dual-use infrastructure
219	A4	heading	o ewakuacji, której nie było	1	671	Infrastruktura podwójnego zastosowania	Dual-use infrastructure
219	A4	heading	o ewakuacji, której nie było	2	696	Centra logistyczne	Logistics centres
219	A4	heading	o ewakuacji, której nie było	3	670	Ataki na ludność cywilną	Attacks on civilians
220	A4	heading	2. Pierwszy Ozon	1	697	Handel internetowy	E-commerce
220	A4	heading	2. Pierwszy Ozon	2	696	Centra logistyczne	Logistics centres
220	A4	heading	2. Pierwszy Ozon	3	635	Uderzenia dalekiego zasięgu	Long-range strikes
221	A4	heading	3. Uzasadnienie celu	1	697	Handel internetowy	E-commerce
221	A4	heading	3. Uzasadnienie celu	2	672	Logistyka wojskowa	Military logistics
221	A4	heading	3. Uzasadnienie celu	3	671	Infrastruktura podwójnego zastosowania	Dual-use infrastructure
221	A4	heading	3. Uzasadnienie celu	4	673	Łańcuchy dostaw	Supply chains
222	A4	heading	4. Powód, nie pretekst — i przypieczętowanie przez UE	1	671	Infrastruktura podwójnego zastosowania	Dual-use infrastructure
222	A4	heading	4. Powód, nie pretekst — i przypieczętowanie przez UE	2	672	Logistyka wojskowa	Military logistics
222	A4	heading	4. Powód, nie pretekst — i przypieczętowanie przez UE	3	697	Handel internetowy	E-commerce
222	A4	heading	4. Powód, nie pretekst — i przypieczętowanie przez UE	4	858	Walidacja empiryczna	Empirical validation
223	A4	heading	Co mogła zrobić Unia	1	892	Unia Europejska	European Union
223	A4	heading	Co mogła zrobić Unia	2	727	Sankcje gospodarcze	Economic sanctions
223	A4	heading	Co mogła zrobić Unia	3	671	Infrastruktura podwójnego zastosowania	Dual-use infrastructure
224	A4	heading	5. Efekt finansowy i przerzucenie ryzyka	1	716	Złe kredyty	Non-performing loans
224	A4	heading	5. Efekt finansowy i przerzucenie ryzyka	2	715	Kryzys bankowy	Banking crisis
224	A4	heading	5. Efekt finansowy i przerzucenie ryzyka	3	696	Centra logistyczne	Logistics centres
224	A4	heading	5. Efekt finansowy i przerzucenie ryzyka	4	839	Awarie kaskadowe	Cascading failures
225	A4	heading	III. Milczenie strategiczne Zachodu	1	815	Przemilczenia	Omissions
225	A4	heading	III. Milczenie strategiczne Zachodu	2	811	Sygnalizacja strategiczna	Strategic signalling
225	A4	heading	III. Milczenie strategiczne Zachodu	3	837	Analiza systemowa	Systems analysis
226	A4	heading	1. Luka między wiedzą a mową	1	815	Przemilczenia	Omissions
226	A4	heading	1. Luka między wiedzą a mową	2	811	Sygnalizacja strategiczna	Strategic signalling
226	A4	heading	1. Luka między wiedzą a mową	3	852	Wnioskowanie przy niepełnych danych	Inference under incomplete information
227	A4	heading	2. Słowo urzędującego to zobowiązanie, nie opinia	1	811	Sygnalizacja strategiczna	Strategic signalling
227	A4	heading	2. Słowo urzędującego to zobowiązanie, nie opinia	2	813	Wiarygodność sygnału	Signal credibility
227	A4	heading	2. Słowo urzędującego to zobowiązanie, nie opinia	3	849	Analiza scenariuszowa	Scenario analysis
228	A4	heading	3. Pytanie, którego nikt nie chce usłyszeć	1	603	Rozpad państwa	State disintegration
228	A4	heading	3. Pytanie, którego nikt nie chce usłyszeć	2	649	Kontrola arsenału jądrowego	Nuclear arsenal control
228	A4	heading	3. Pytanie, którego nikt nie chce usłyszeć	3	878	Proliferacja nuklearna	Nuclear proliferation
229	A4	heading	o cenie ropy	1	811	Sygnalizacja strategiczna	Strategic signalling
229	A4	heading	o cenie ropy	2	774	Ceny energii	Energy prices
229	A4	heading	o cenie ropy	3	765	Ropa naftowa	Crude oil
230	A4	heading	4. Asymetria kosztu pomyłki	1	815	Przemilczenia	Omissions
230	A4	heading	4. Asymetria kosztu pomyłki	2	603	Rozpad państwa	State disintegration
230	A4	heading	4. Asymetria kosztu pomyłki	3	849	Analiza scenariuszowa	Scenario analysis
230	A4	heading	4. Asymetria kosztu pomyłki	4	629	Przetrwanie polityczne	Political survival
231	A4	heading	5. Emeryci mówią — test kontrolny	1	815	Przemilczenia	Omissions
231	A4	heading	5. Emeryci mówią — test kontrolny	2	849	Analiza scenariuszowa	Scenario analysis
231	A4	heading	5. Emeryci mówią — test kontrolny	3	603	Rozpad państwa	State disintegration
232	A4	heading	6. Media też — inny mechanizm, ten sam skutek	1	819	Autocenzura	Self-censorship
232	A4	heading	6. Media też — inny mechanizm, ten sam skutek	2	849	Analiza scenariuszowa	Scenario analysis
232	A4	heading	6. Media też — inny mechanizm, ten sam skutek	3	862	Etyka analizy	Ethics of analysis
233	A4	heading	7. Błąd ramy porównawczej	1	855	Analogie historyczne	Historical analogies
233	A4	heading	7. Błąd ramy porównawczej	2	856	Błąd potwierdzenia	Confirmation bias
233	A4	heading	7. Błąd ramy porównawczej	3	603	Rozpad państwa	State disintegration
234	A4	heading	8. Kto może zobaczyć, że król jest nagi	1	862	Etyka analizy	Ethics of analysis
234	A4	heading	8. Kto może zobaczyć, że król jest nagi	2	815	Przemilczenia	Omissions
234	A4	heading	8. Kto może zobaczyć, że król jest nagi	3	849	Analiza scenariuszowa	Scenario analysis
235	A4	heading	IV. Budanow i Zełenski — zmiana języka	1	811	Sygnalizacja strategiczna	Strategic signalling
235	A4	heading	IV. Budanow i Zełenski — zmiana języka	2	653	Negocjacje pokojowe	Peace negotiations
235	A4	heading	IV. Budanow i Zełenski — zmiana języka	3	863	Wojna rosyjsko-ukraińska	Russo-Ukrainian war
236	A4	heading	1. Awans, który sam jest tezą	1	811	Sygnalizacja strategiczna	Strategic signalling
236	A4	heading	1. Awans, który sam jest tezą	2	661	Dowodzenie	Command and control
236	A4	heading	1. Awans, który sam jest tezą	3	653	Negocjacje pokojowe	Peace negotiations
237	A4	heading	2. Od przetrwania do terminu	1	811	Sygnalizacja strategiczna	Strategic signalling
237	A4	heading	2. Od przetrwania do terminu	2	850	Kalibracja prognoz	Forecast calibration
237	A4	heading	2. Od przetrwania do terminu	3	653	Negocjacje pokojowe	Peace negotiations
238	A4	heading	3. Doktryna maksymalizacji eskalacji	1	650	Eskalacja konfliktu	Conflict escalation
238	A4	heading	3. Doktryna maksymalizacji eskalacji	2	651	Deeskalacja	De-escalation
238	A4	heading	3. Doktryna maksymalizacji eskalacji	3	811	Sygnalizacja strategiczna	Strategic signalling
238	A4	heading	3. Doktryna maksymalizacji eskalacji	4	836	Style decyzyjne	Decision-making styles
239	A4	heading	4. Dosłowność jako narzędzie	1	813	Wiarygodność sygnału	Signal credibility
239	A4	heading	4. Dosłowność jako narzędzie	2	805	Propaganda	Propaganda
239	A4	heading	4. Dosłowność jako narzędzie	3	811	Sygnalizacja strategiczna	Strategic signalling
240	A4	heading	5. Rejestr mnicha-wojownika	1	813	Wiarygodność sygnału	Signal credibility
240	A4	heading	5. Rejestr mnicha-wojownika	2	811	Sygnalizacja strategiczna	Strategic signalling
240	A4	heading	5. Rejestr mnicha-wojownika	3	836	Style decyzyjne	Decision-making styles
241	A4	heading	Ta sama brakująca warstwa	1	811	Sygnalizacja strategiczna	Strategic signalling
241	A4	heading	Ta sama brakująca warstwa	2	814	Demonstracja siły	Show of force
241	A4	heading	Ta sama brakująca warstwa	3	813	Wiarygodność sygnału	Signal credibility
242	A4	heading	Nawiązanie: gramatyka Budanowa	1	815	Przemilczenia	Omissions
242	A4	heading	Nawiązanie: gramatyka Budanowa	2	811	Sygnalizacja strategiczna	Strategic signalling
242	A4	heading	Nawiązanie: gramatyka Budanowa	3	850	Kalibracja prognoz	Forecast calibration
243	A4	heading	6. Co mówią, a czego nadal nie	1	815	Przemilczenia	Omissions
243	A4	heading	6. Co mówią, a czego nadal nie	2	603	Rozpad państwa	State disintegration
243	A4	heading	6. Co mówią, a czego nadal nie	3	649	Kontrola arsenału jądrowego	Nuclear arsenal control
243	A4	heading	6. Co mówią, a czego nadal nie	4	629	Przetrwanie polityczne	Political survival
244	A4	heading	V. Kasparow — stała odniesienia	1	850	Kalibracja prognoz	Forecast calibration
244	A4	heading	V. Kasparow — stała odniesienia	2	603	Rozpad państwa	State disintegration
244	A4	heading	V. Kasparow — stała odniesienia	3	605	Zmiana reżimu	Regime change
245	A4	heading	1. Dwadzieścia lat tej samej tezy	1	605	Zmiana reżimu	Regime change
245	A4	heading	1. Dwadzieścia lat tej samej tezy	2	629	Przetrwanie polityczne	Political survival
245	A4	heading	1. Dwadzieścia lat tej samej tezy	3	863	Wojna rosyjsko-ukraińska	Russo-Ukrainian war
246	A4	heading	2. Trzy rzeczy, których nie mówi nikt inny	1	603	Rozpad państwa	State disintegration
246	A4	heading	2. Trzy rzeczy, których nie mówi nikt inny	2	605	Zmiana reżimu	Regime change
246	A4	heading	2. Trzy rzeczy, których nie mówi nikt inny	3	815	Przemilczenia	Omissions
247	A4	heading	Po pierwsze: Rosja się rozpadnie	1	603	Rozpad państwa	State disintegration
247	A4	heading	Po pierwsze: Rosja się rozpadnie	2	608	Imperializm	Imperialism
247	A4	heading	Po pierwsze: Rosja się rozpadnie	3	609	Dekolonizacja	Decolonization
247	A4	heading	Po pierwsze: Rosja się rozpadnie	4	605	Zmiana reżimu	Regime change
248	A4	heading	Po drugie: Rosja powinna się rozpaść	1	603	Rozpad państwa	State disintegration
248	A4	heading	Po drugie: Rosja powinna się rozpaść	2	609	Dekolonizacja	Decolonization
248	A4	heading	Po drugie: Rosja powinna się rozpaść	3	862	Etyka analizy	Ethics of analysis
249	A4	heading	Po trzecie: na tej wojnie zarabiają Chiny, i właściwie nikt inny	1	890	Zależność Rosji od Chin	Russia's dependence on China
249	A4	heading	Po trzecie: na tej wojnie zarabiają Chiny, i właściwie nikt inny	2	885	Zależność od patrona	Dependence on a patron
249	A4	heading	Po trzecie: na tej wojnie zarabiają Chiny, i właściwie nikt inny	3	863	Wojna rosyjsko-ukraińska	Russo-Ukrainian war
250	A4	heading	I wniosek, który wynika z trzech powyższych: to nic strasznego	1	603	Rozpad państwa	State disintegration
250	A4	heading	I wniosek, który wynika z trzech powyższych: to nic strasznego	2	608	Imperializm	Imperialism
250	A4	heading	I wniosek, który wynika z trzech powyższych: to nic strasznego	3	862	Etyka analizy	Ethics of analysis
250	A4	heading	I wniosek, który wynika z trzech powyższych: to nic strasznego	4	860	Steelmanning	Steelmanning
251	A4	heading	3. Dlaczego teraz brzmi inaczej	1	850	Kalibracja prognoz	Forecast calibration
251	A4	heading	3. Dlaczego teraz brzmi inaczej	2	858	Walidacja empiryczna	Empirical validation
251	A4	heading	3. Dlaczego teraz brzmi inaczej	3	603	Rozpad państwa	State disintegration
252	A4	heading	4. Trzy głosy, jeden model	1	812	Komunikacja wieloadresatowa	Multi-audience communication
252	A4	heading	4. Trzy głosy, jeden model	2	811	Sygnalizacja strategiczna	Strategic signalling
252	A4	heading	4. Trzy głosy, jeden model	3	815	Przemilczenia	Omissions
253	A4	heading	VI. Jak niewinnie zaczął się hurt	1	635	Uderzenia dalekiego zasięgu	Long-range strikes
253	A4	heading	VI. Jak niewinnie zaczął się hurt	2	650	Eskalacja konfliktu	Conflict escalation
253	A4	heading	VI. Jak niewinnie zaczął się hurt	3	667	Innowacje wojskowe	Military innovation
254	A4	heading	1. Drabina zaczęła się wcześniej	1	666	Autonomia militarna	Military autonomy
254	A4	heading	1. Drabina zaczęła się wcześniej	2	663	Przemysł zbrojeniowy	Defence industry
254	A4	heading	1. Drabina zaczęła się wcześniej	3	635	Uderzenia dalekiego zasięgu	Long-range strikes
254	A4	heading	1. Drabina zaczęła się wcześniej	4	667	Innowacje wojskowe	Military innovation
255	A4	heading	2. Dwa motory w jednym kierunku	1	635	Uderzenia dalekiego zasięgu	Long-range strikes
255	A4	heading	2. Dwa motory w jednym kierunku	2	862	Etyka analizy	Ethics of analysis
255	A4	heading	2. Dwa motory w jednym kierunku	3	650	Eskalacja konfliktu	Conflict escalation
256	A4	heading	3. Drabina lipcowa, dzień po dniu	1	635	Uderzenia dalekiego zasięgu	Long-range strikes
256	A4	heading	3. Drabina lipcowa, dzień po dniu	2	650	Eskalacja konfliktu	Conflict escalation
257	A4	heading	4. Odpowiedź podwójna — realna i wizerunkowa	1	635	Uderzenia dalekiego zasięgu	Long-range strikes
257	A4	heading	4. Odpowiedź podwójna — realna i wizerunkowa	2	811	Sygnalizacja strategiczna	Strategic signalling
257	A4	heading	4. Odpowiedź podwójna — realna i wizerunkowa	3	814	Demonstracja siły	Show of force
258	A4	heading	5. Pewność następnego kroku	1	578	Zapas a strumień	stock vs flow
258	A4	heading	5. Pewność następnego kroku	2	664	Produkcja amunicji	Ammunition production
258	A4	heading	5. Pewność następnego kroku	3	559	Asymetria opcji strategicznych	asymmetry of optionality
258	A4	heading	5. Pewność następnego kroku	4	636	Wojna dronowa	Drone warfare
259	A4	heading	6. Przypadkowa trwałość	1	635	Uderzenia dalekiego zasięgu	Long-range strikes
259	A4	heading	6. Przypadkowa trwałość	2	696	Centra logistyczne	Logistics centres
259	A4	heading	6. Przypadkowa trwałość	3	559	Asymetria opcji strategicznych	asymmetry of optionality
260	A4	heading	VII. Inwersja historyczna	1	608	Imperializm	Imperialism
260	A4	heading	VII. Inwersja historyczna	2	663	Przemysł zbrojeniowy	Defence industry
260	A4	heading	VII. Inwersja historyczna	3	863	Wojna rosyjsko-ukraińska	Russo-Ukrainian war
260	A4	heading	VII. Inwersja historyczna	4	855	Analogie historyczne	Historical analogies
261	A4	heading	1. Czym Rosja wygrywała wojny	1	608	Imperializm	Imperialism
261	A4	heading	1. Czym Rosja wygrywała wojny	2	663	Przemysł zbrojeniowy	Defence industry
261	A4	heading	1. Czym Rosja wygrywała wojny	3	855	Analogie historyczne	Historical analogies
262	A4	heading	2. Amputacja własnego mięśnia	1	608	Imperializm	Imperialism
262	A4	heading	2. Amputacja własnego mięśnia	2	673	Łańcuchy dostaw	Supply chains
262	A4	heading	2. Amputacja własnego mięśnia	3	663	Przemysł zbrojeniowy	Defence industry
262	A4	heading	2. Amputacja własnego mięśnia	4	863	Wojna rosyjsko-ukraińska	Russo-Ukrainian war
263	A4	heading	3. Co z tego wynika dla tej wojny	1	667	Innowacje wojskowe	Military innovation
263	A4	heading	3. Co z tego wynika dla tej wojny	2	663	Przemysł zbrojeniowy	Defence industry
263	A4	heading	3. Co z tego wynika dla tej wojny	3	740	Niedobór kadr	Labour shortages
263	A4	heading	3. Co z tego wynika dla tej wojny	4	608	Imperializm	Imperialism
264	A4	heading	VIII. Prognoza dogania rzeczywistość	1	849	Analiza scenariuszowa	Scenario analysis
264	A4	heading	VIII. Prognoza dogania rzeczywistość	2	811	Sygnalizacja strategiczna	Strategic signalling
264	A4	heading	VIII. Prognoza dogania rzeczywistość	3	850	Kalibracja prognoz	Forecast calibration
265	A4	heading	1. Co napisano w marcu	1	849	Analiza scenariuszowa	Scenario analysis
265	A4	heading	1. Co napisano w marcu	2	850	Kalibracja prognoz	Forecast calibration
265	A4	heading	1. Co napisano w marcu	3	863	Wojna rosyjsko-ukraińska	Russo-Ukrainian war
266	A4	heading	2. Co dopisano w czerwcu	1	851	Wskaźniki wyprzedzające	Leading indicators
266	A4	heading	2. Co dopisano w czerwcu	2	842	Synchronizacja kryzysów	Crisis synchronization
266	A4	heading	2. Co dopisano w czerwcu	3	850	Kalibracja prognoz	Forecast calibration
267	A4	heading	3. Co mówią teraz Zełenski i Budanow	1	811	Sygnalizacja strategiczna	Strategic signalling
267	A4	heading	3. Co mówią teraz Zełenski i Budanow	2	850	Kalibracja prognoz	Forecast calibration
267	A4	heading	3. Co mówią teraz Zełenski i Budanow	3	757	Sezonowość	Seasonality
268	A4	heading	4. Czego wcześniej w obiegu nie było	1	849	Analiza scenariuszowa	Scenario analysis
268	A4	heading	4. Czego wcześniej w obiegu nie było	2	811	Sygnalizacja strategiczna	Strategic signalling
268	A4	heading	4. Czego wcześniej w obiegu nie było	3	863	Wojna rosyjsko-ukraińska	Russo-Ukrainian war
269	A4	heading	5. Dyscyplina — mapa, nie GPS	1	849	Analiza scenariuszowa	Scenario analysis
269	A4	heading	5. Dyscyplina — mapa, nie GPS	2	852	Wnioskowanie przy niepełnych danych	Inference under incomplete information
269	A4	heading	5. Dyscyplina — mapa, nie GPS	3	850	Kalibracja prognoz	Forecast calibration
270	A4	heading	IX. Zapaść w czasie teraźniejszym ciągłym	1	839	Awarie kaskadowe	Cascading failures
270	A4	heading	IX. Zapaść w czasie teraźniejszym ciągłym	2	707	Deficyt budżetowy	Budget deficit
270	A4	heading	IX. Zapaść w czasie teraźniejszym ciągłym	3	758	Rolnictwo	Agriculture
270	A4	heading	IX. Zapaść w czasie teraźniejszym ciągłym	4	686	Transport kolejowy	Rail transport
270	A4	heading	IX. Zapaść w czasie teraźniejszym ciągłym	5	710	Rezerwy walutowe	Foreign exchange reserves
271	A4	heading	1. Budżet — oficjalna dziura i paradoks naftowy	1	707	Deficyt budżetowy	Budget deficit
271	A4	heading	1. Budżet — oficjalna dziura i paradoks naftowy	2	703	Gospodarka wojenna	War economy
272	A4	heading	Paradoks naftowy — spadek wpływów przy rekordowych cenach	1	708	Dochody surowcowe	Resource revenues
272	A4	heading	Paradoks naftowy — spadek wpływów przy rekordowych cenach	2	765	Ropa naftowa	Crude oil
272	A4	heading	Paradoks naftowy — spadek wpływów przy rekordowych cenach	3	675	Przepustowość	Throughput
272	A4	heading	Paradoks naftowy — spadek wpływów przy rekordowych cenach	4	774	Ceny energii	Energy prices
273	A4	heading	2. Zbiory — paliwo zjada plon, a technologia zjada resztę	1	759	Żniwa	Harvesting
273	A4	heading	2. Zbiory — paliwo zjada plon, a technologia zjada resztę	2	771	Niedobory paliw	Fuel shortages
273	A4	heading	2. Zbiory — paliwo zjada plon, a technologia zjada resztę	3	740	Niedobór kadr	Labour shortages
273	A4	heading	2. Zbiory — paliwo zjada plon, a technologia zjada resztę	4	731	Zależność technologiczna	Technological dependence
274	A4	heading	Degradacja technologiczna pod spodem	1	758	Rolnictwo	Agriculture
274	A4	heading	Degradacja technologiczna pod spodem	2	761	Import nasion	Seed imports
274	A4	heading	Degradacja technologiczna pod spodem	3	760	Nawozy	Fertilizers
274	A4	heading	Degradacja technologiczna pod spodem	4	683	Zużycie infrastruktury	Infrastructure deterioration
275	A4	heading	Pogoda i pułapka płynności	1	759	Żniwa	Harvesting
275	A4	heading	Pogoda i pułapka płynności	2	771	Niedobory paliw	Fuel shortages
275	A4	heading	Pogoda i pułapka płynności	3	838	Sprzężenia zwrotne	Feedback loops
275	A4	heading	Pogoda i pułapka płynności	4	748	Zmiany klimatu	Climate change
275	A4	heading	Pogoda i pułapka płynności	5	717	Niewypłacalność	Insolvency
276	A4	heading	Wieś się wyżywi, miasta niekoniecznie	1	762	Bezpieczeństwo żywnościowe	Food security
276	A4	heading	Wieś się wyżywi, miasta niekoniecznie	2	744	Niezadowolenie społeczne	Social discontent
276	A4	heading	Wieś się wyżywi, miasta niekoniecznie	3	747	Nierówności regionalne	Regional inequalities
276	A4	heading	Wieś się wyżywi, miasta niekoniecznie	4	746	Odporność społeczna	Societal resilience
277	A4	heading	3. Złoto — wyprzedaż stulecia	1	711	Rezerwy złota	Gold reserves
277	A4	heading	3. Złoto — wyprzedaż stulecia	2	707	Deficyt budżetowy	Budget deficit
277	A4	heading	3. Złoto — wyprzedaż stulecia	3	710	Rezerwy walutowe	Foreign exchange reserves
278	A4	heading	4. Kolej — piąty rok spadku i degradacja pod spodem	1	686	Transport kolejowy	Rail transport
278	A4	heading	4. Kolej — piąty rok spadku i degradacja pod spodem	2	683	Zużycie infrastruktury	Infrastructure deterioration
278	A4	heading	4. Kolej — piąty rok spadku i degradacja pod spodem	3	740	Niedobór kadr	Labour shortages
279	A4	heading	Paradoks pracy przewozowej	1	686	Transport kolejowy	Rail transport
279	A4	heading	Paradoks pracy przewozowej	2	675	Przepustowość	Throughput
279	A4	heading	Paradoks pracy przewozowej	3	852	Wnioskowanie przy niepełnych danych	Inference under incomplete information
280	A4	heading	Wyprzedaż majątku i ubytek ludzi	1	686	Transport kolejowy	Rail transport
280	A4	heading	Wyprzedaż majątku i ubytek ludzi	2	740	Niedobór kadr	Labour shortages
280	A4	heading	Wyprzedaż majątku i ubytek ludzi	3	683	Zużycie infrastruktury	Infrastructure deterioration
281	A4	heading	Fałszowane remonty i zakazy załadunku	1	686	Transport kolejowy	Rail transport
281	A4	heading	Fałszowane remonty i zakazy załadunku	2	817	Fałszowanie raportów	Falsified reporting
281	A4	heading	Fałszowane remonty i zakazy załadunku	3	683	Zużycie infrastruktury	Infrastructure deterioration
282	A4	heading	5. Lotnictwo cywilne — awaria co tydzień	1	690	Lotnictwo cywilne	Civil aviation
282	A4	heading	5. Lotnictwo cywilne — awaria co tydzień	2	680	Kanibalizacja sprzętu	Equipment cannibalization
282	A4	heading	5. Lotnictwo cywilne — awaria co tydzień	3	681	Części zamienne	Spare parts
282	A4	heading	5. Lotnictwo cywilne — awaria co tydzień	4	682	Cykl napraw	Repair cycle
283	A4	heading	6. Sektor korporacyjny — zarządzany upadek	1	718	Restrukturyzacja zadłużenia	Debt restructuring
283	A4	heading	6. Sektor korporacyjny — zarządzany upadek	2	717	Niewypłacalność	Insolvency
283	A4	heading	6. Sektor korporacyjny — zarządzany upadek	3	735	Koszty adaptacji	Adaptation costs
284	A4	heading	7. Dlaczego to już czas przyszły dokonany	1	840	Progi krytyczne	Critical thresholds
284	A4	heading	7. Dlaczego to już czas przyszły dokonany	2	850	Kalibracja prognoz	Forecast calibration
284	A4	heading	7. Dlaczego to już czas przyszły dokonany	3	839	Awarie kaskadowe	Cascading failures
285	A4	heading	X. Mobilizacja cicha i pełna	1	655	Mobilizacja wojskowa	Military mobilization
285	A4	heading	X. Mobilizacja cicha i pełna	2	656	Werbunek kontraktowy	Contract recruitment
285	A4	heading	X. Mobilizacja cicha i pełna	3	629	Przetrwanie polityczne	Political survival
286	A4	heading	1. Werbunek siada	1	656	Werbunek kontraktowy	Contract recruitment
286	A4	heading	1. Werbunek siada	2	742	Presja płacowa	Wage pressure
286	A4	heading	1. Werbunek siada	3	846	Malejące korzyści krańcowe	Diminishing marginal returns
287	A4	heading	2. Cicha mobilizacja — co już trwa	1	655	Mobilizacja wojskowa	Military mobilization
287	A4	heading	2. Cicha mobilizacja — co już trwa	2	656	Werbunek kontraktowy	Contract recruitment
287	A4	heading	2. Cicha mobilizacja — co już trwa	3	628	Kontrola społeczna	Social control
288	A4	heading	3. Głos przeciwny — czy na pewno brakuje	1	860	Steelmanning	Steelmanning
288	A4	heading	3. Głos przeciwny — czy na pewno brakuje	2	656	Werbunek kontraktowy	Contract recruitment
288	A4	heading	3. Głos przeciwny — czy na pewno brakuje	3	657	Straty osobowe	Military casualties
288	A4	heading	3. Głos przeciwny — czy na pewno brakuje	4	634	Wojna na wyniszczenie	War of attrition
289	A4	heading	4. Pełna mobilizacja po wyborach	1	655	Mobilizacja wojskowa	Military mobilization
289	A4	heading	4. Pełna mobilizacja po wyborach	2	629	Przetrwanie polityczne	Political survival
289	A4	heading	4. Pełna mobilizacja po wyborach	3	836	Style decyzyjne	Decision-making styles
290	A4	heading	5. Co by dała, a co zabrała	1	655	Mobilizacja wojskowa	Military mobilization
290	A4	heading	5. Co by dała, a co zabrała	2	741	Rynek pracy	Labour market
290	A4	heading	5. Co by dała, a co zabrała	3	739	Drenaż mózgów	Brain drain
290	A4	heading	5. Co by dała, a co zabrała	4	738	Emigracja	Emigration
290	A4	heading	5. Co by dała, a co zabrała	5	744	Niezadowolenie społeczne	Social discontent
291	A4	heading	Dałaby: masę piechoty, na jeden sezon	1	655	Mobilizacja wojskowa	Military mobilization
291	A4	heading	Dałaby: masę piechoty, na jeden sezon	2	658	Rezerwy wojskowe	Military reserves
291	A4	heading	Dałaby: masę piechoty, na jeden sezon	3	578	Zapas a strumień	stock vs flow
291	A4	heading	Dałaby: masę piechoty, na jeden sezon	4	757	Sezonowość	Seasonality
292	A4	heading	Zabrałaby: ostatnie rezerwy rynku pracy	1	655	Mobilizacja wojskowa	Military mobilization
292	A4	heading	Zabrałaby: ostatnie rezerwy rynku pracy	2	741	Rynek pracy	Labour market
292	A4	heading	Zabrałaby: ostatnie rezerwy rynku pracy	3	740	Niedobór kadr	Labour shortages
293	A4	heading	Zabrałaby: specjalistów, których wojna potrzebuje najbardziej	1	655	Mobilizacja wojskowa	Military mobilization
293	A4	heading	Zabrałaby: specjalistów, których wojna potrzebuje najbardziej	2	740	Niedobór kadr	Labour shortages
293	A4	heading	Zabrałaby: specjalistów, których wojna potrzebuje najbardziej	3	705	Konkurencja o zasoby	Competition for resources
293	A4	heading	Zabrałaby: specjalistów, których wojna potrzebuje najbardziej	4	663	Przemysł zbrojeniowy	Defence industry
294	A4	heading	Zabrałaby: kolejną falę emigracji, tym razem trwałą	1	655	Mobilizacja wojskowa	Military mobilization
294	A4	heading	Zabrałaby: kolejną falę emigracji, tym razem trwałą	2	738	Emigracja	Emigration
294	A4	heading	Zabrałaby: kolejną falę emigracji, tym razem trwałą	3	737	Kryzys demograficzny	Demographic crisis
295	A4	heading	Zabrałaby: spokój społeczny, którego nie da się odkupić	1	655	Mobilizacja wojskowa	Military mobilization
295	A4	heading	Zabrałaby: spokój społeczny, którego nie da się odkupić	2	744	Niezadowolenie społeczne	Social discontent
295	A4	heading	Zabrałaby: spokój społeczny, którego nie da się odkupić	3	616	Legitymizacja władzy	Political legitimacy
296	A4	heading	XI. Chiński substytut komponentowy	1	890	Zależność Rosji od Chin	Russia's dependence on China
296	A4	heading	XI. Chiński substytut komponentowy	2	731	Zależność technologiczna	Technological dependence
296	A4	heading	XI. Chiński substytut komponentowy	3	730	Substytucja importu	Import substitution
297	A4	heading	1. Skala zastąpienia	1	890	Zależność Rosji od Chin	Russia's dependence on China
297	A4	heading	1. Skala zastąpienia	2	699	Mikroelektronika	Microelectronics
297	A4	heading	1. Skala zastąpienia	3	731	Zależność technologiczna	Technological dependence
297	A4	heading	1. Skala zastąpienia	4	671	Infrastruktura podwójnego zastosowania	Dual-use infrastructure
298	A4	heading	2. Oficjalna kapitulacja programu niezależności	1	699	Mikroelektronika	Microelectronics
298	A4	heading	2. Oficjalna kapitulacja programu niezależności	2	731	Zależność technologiczna	Technological dependence
298	A4	heading	2. Oficjalna kapitulacja programu niezależności	3	730	Substytucja importu	Import substitution
299	A4	heading	3. Irtysz — procesor, który nie jest rosyjski	1	699	Mikroelektronika	Microelectronics
299	A4	heading	3. Irtysz — procesor, który nie jest rosyjski	2	731	Zależność technologiczna	Technological dependence
299	A4	heading	3. Irtysz — procesor, który nie jest rosyjski	3	890	Zależność Rosji od Chin	Russia's dependence on China
300	A4	heading	4. Kanały szarej strefy	1	728	Obchodzenie sankcji	Sanctions evasion
300	A4	heading	4. Kanały szarej strefy	2	733	Firmy słupowe	Shell companies
300	A4	heading	4. Kanały szarej strefy	3	673	Łańcuchy dostaw	Supply chains
300	A4	heading	4. Kanały szarej strefy	4	729	Import równoległy	Parallel imports
301	A4	heading	5. Gaz — oba kierunki zamknięte	1	766	Gaz ziemny	Natural gas
301	A4	heading	5. Gaz — oba kierunki zamknięte	2	890	Zależność Rosji od Chin	Russia's dependence on China
301	A4	heading	5. Gaz — oba kierunki zamknięte	3	708	Dochody surowcowe	Resource revenues
301	A4	heading	5. Gaz — oba kierunki zamknięte	4	776	Zależność energetyczna	Energy dependence
302	A4	heading	6. To nie substytucja, to zamiana wierzyciela	1	890	Zależność Rosji od Chin	Russia's dependence on China
302	A4	heading	6. To nie substytucja, to zamiana wierzyciela	2	885	Zależność od patrona	Dependence on a patron
302	A4	heading	6. To nie substytucja, to zamiana wierzyciela	3	731	Zależność technologiczna	Technological dependence
303	A4	heading	XII. Przemysł zbrojeniowy — cztery domknięcia	1	663	Przemysł zbrojeniowy	Defence industry
303	A4	heading	XII. Przemysł zbrojeniowy — cztery domknięcia	2	674	Wąskie gardła	Bottlenecks
303	A4	heading	XII. Przemysł zbrojeniowy — cztery domknięcia	3	740	Niedobór kadr	Labour shortages
303	A4	heading	XII. Przemysł zbrojeniowy — cztery domknięcia	4	635	Uderzenia dalekiego zasięgu	Long-range strikes
304	A4	heading	1. Macierz powtórzeń	1	682	Cykl napraw	Repair cycle
304	A4	heading	1. Macierz powtórzeń	2	635	Uderzenia dalekiego zasięgu	Long-range strikes
304	A4	heading	1. Macierz powtórzeń	3	663	Przemysł zbrojeniowy	Defence industry
304	A4	heading	1. Macierz powtórzeń	4	678	Zdolności odtworzeniowe	Replacement capacity
304	A4	heading	1. Macierz powtórzeń	5	701	Materiały wybuchowe	Explosives
305	A4	heading	2. Wąskim gardłem jest komponent, nie budynek	1	681	Części zamienne	Spare parts
305	A4	heading	2. Wąskim gardłem jest komponent, nie budynek	2	731	Zależność technologiczna	Technological dependence
305	A4	heading	2. Wąskim gardłem jest komponent, nie budynek	3	674	Wąskie gardła	Bottlenecks
305	A4	heading	2. Wąskim gardłem jest komponent, nie budynek	4	663	Przemysł zbrojeniowy	Defence industry
306	A4	heading	3. KAB — jeden produkt, trzy ogniwa	1	645	Bomby szybujące	Glide bombs
306	A4	heading	3. KAB — jeden produkt, trzy ogniwa	2	673	Łańcuchy dostaw	Supply chains
306	A4	heading	3. KAB — jeden produkt, trzy ogniwa	3	674	Wąskie gardła	Bottlenecks
306	A4	heading	3. KAB — jeden produkt, trzy ogniwa	4	664	Produkcja amunicji	Ammunition production
306	A4	heading	3. KAB — jeden produkt, trzy ogniwa	5	701	Materiały wybuchowe	Explosives
307	A4	heading	4. Trójkąt konkurencji o ludzi	1	705	Konkurencja o zasoby	Competition for resources
307	A4	heading	4. Trójkąt konkurencji o ludzi	2	740	Niedobór kadr	Labour shortages
307	A4	heading	4. Trójkąt konkurencji o ludzi	3	706	Wypieranie produkcji cywilnej	Crowding out of civilian production
307	A4	heading	4. Trójkąt konkurencji o ludzi	4	663	Przemysł zbrojeniowy	Defence industry
308	A4	heading	XIII. Strumień pod obciążeniem	1	860	Steelmanning	Steelmanning
308	A4	heading	XIII. Strumień pod obciążeniem	2	578	Zapas a strumień	stock vs flow
308	A4	heading	XIII. Strumień pod obciążeniem	3	674	Wąskie gardła	Bottlenecks
308	A4	heading	XIII. Strumień pod obciążeniem	4	666	Autonomia militarna	Military autonomy
309	A4	heading	1. Strumień jest realny — liczby	1	578	Zapas a strumień	stock vs flow
309	A4	heading	1. Strumień jest realny — liczby	2	636	Wojna dronowa	Drone warfare
309	A4	heading	1. Strumień jest realny — liczby	3	664	Produkcja amunicji	Ammunition production
309	A4	heading	1. Strumień jest realny — liczby	4	663	Przemysł zbrojeniowy	Defence industry
310	A4	heading	2. Strumień finansowany, nie darmowy	1	665	Pomoc wojskowa	Military assistance
310	A4	heading	2. Strumień finansowany, nie darmowy	2	663	Przemysł zbrojeniowy	Defence industry
310	A4	heading	2. Strumień finansowany, nie darmowy	3	674	Wąskie gardła	Bottlenecks
311	A4	heading	3. Piechota — deficyt, którego nie łata technologia	1	740	Niedobór kadr	Labour shortages
311	A4	heading	3. Piechota — deficyt, którego nie łata technologia	2	659	Wyszkolenie wojskowe	Military training
311	A4	heading	3. Piechota — deficyt, którego nie łata technologia	3	667	Innowacje wojskowe	Military innovation
311	A4	heading	3. Piechota — deficyt, którego nie łata technologia	4	863	Wojna rosyjsko-ukraińska	Russo-Ukrainian war
312	A4	heading	4. Energetyka — korekta własnej tezy	1	780	Transformatory	Transformers
312	A4	heading	4. Energetyka — korekta własnej tezy	2	778	Sieci elektroenergetyczne	Electricity grids
312	A4	heading	4. Energetyka — korekta własnej tezy	3	682	Cykl napraw	Repair cycle
312	A4	heading	4. Energetyka — korekta własnej tezy	4	678	Zdolności odtworzeniowe	Replacement capacity
313	A4	heading	5. Asymetria ograniczeń	1	559	Asymetria opcji strategicznych	asymmetry of optionality
313	A4	heading	5. Asymetria ograniczeń	2	679	Nieodwracalność strat	Irreversibility of losses
313	A4	heading	5. Asymetria ograniczeń	3	665	Pomoc wojskowa	Military assistance
313	A4	heading	5. Asymetria ograniczeń	4	674	Wąskie gardła	Bottlenecks
314	A4	heading	XIV. Czego Rosja nauczyła się dobrze	1	860	Steelmanning	Steelmanning
314	A4	heading	XIV. Czego Rosja nauczyła się dobrze	2	728	Obchodzenie sankcji	Sanctions evasion
314	A4	heading	XIV. Czego Rosja nauczyła się dobrze	3	735	Koszty adaptacji	Adaptation costs
315	A4	heading	1. Flota cieni — od obejścia do instytucji	1	772	Flota cieni	Shadow fleet
315	A4	heading	1. Flota cieni — od obejścia do instytucji	2	728	Obchodzenie sankcji	Sanctions evasion
315	A4	heading	1. Flota cieni — od obejścia do instytucji	3	708	Dochody surowcowe	Resource revenues
316	A4	heading	2. Nowy poziom: budowa mocy pod sankcjami	1	728	Obchodzenie sankcji	Sanctions evasion
316	A4	heading	2. Nowy poziom: budowa mocy pod sankcjami	2	734	Inwestycje infrastrukturalne	Infrastructure investment
316	A4	heading	2. Nowy poziom: budowa mocy pod sankcjami	3	677	Rezerwy mocy	Spare capacity
317	A4	heading	3. Kontradaptacja: sankcje kinetyczne	1	728	Obchodzenie sankcji	Sanctions evasion
317	A4	heading	3. Kontradaptacja: sankcje kinetyczne	2	635	Uderzenia dalekiego zasięgu	Long-range strikes
317	A4	heading	3. Kontradaptacja: sankcje kinetyczne	3	684	Infrastruktura krytyczna	Critical infrastructure
317	A4	heading	3. Kontradaptacja: sankcje kinetyczne	4	772	Flota cieni	Shadow fleet
318	A4	heading	4. Pozostałe adaptacje	1	729	Import równoległy	Parallel imports
318	A4	heading	4. Pozostałe adaptacje	2	730	Substytucja importu	Import substitution
318	A4	heading	4. Pozostałe adaptacje	3	735	Koszty adaptacji	Adaptation costs
319	A4	heading	5. Cena każdej adaptacji	1	728	Obchodzenie sankcji	Sanctions evasion
319	A4	heading	5. Cena każdej adaptacji	2	735	Koszty adaptacji	Adaptation costs
319	A4	heading	5. Cena każdej adaptacji	3	673	Łańcuchy dostaw	Supply chains
319	A4	heading	5. Cena każdej adaptacji	4	731	Zależność technologiczna	Technological dependence
320	A4	heading	6. Dlaczego to wzmacnia tezę, a nie osłabia	1	735	Koszty adaptacji	Adaptation costs
320	A4	heading	6. Dlaczego to wzmacnia tezę, a nie osłabia	2	728	Obchodzenie sankcji	Sanctions evasion
320	A4	heading	6. Dlaczego to wzmacnia tezę, a nie osłabia	3	837	Analiza systemowa	Systems analysis
321	A4	heading	XV. Bankowość — najkrótszy zapalnik	1	715	Kryzys bankowy	Banking crisis
321	A4	heading	XV. Bankowość — najkrótszy zapalnik	2	719	Panika bankowa	Bank runs
321	A4	heading	XV. Bankowość — najkrótszy zapalnik	3	840	Progi krytyczne	Critical thresholds
322	A4	heading	1. Formalnie kryzys już trwa	1	716	Złe kredyty	Non-performing loans
322	A4	heading	1. Formalnie kryzys już trwa	2	717	Niewypłacalność	Insolvency
322	A4	heading	1. Formalnie kryzys już trwa	3	715	Kryzys bankowy	Banking crisis
323	A4	heading	2. Maskowanie przez restrukturyzację	1	718	Restrukturyzacja zadłużenia	Debt restructuring
323	A4	heading	2. Maskowanie przez restrukturyzację	2	716	Złe kredyty	Non-performing loans
323	A4	heading	2. Maskowanie przez restrukturyzację	3	715	Kryzys bankowy	Banking crisis
324	A4	heading	3. Marketplace'y jako przyspiesznik	1	716	Złe kredyty	Non-performing loans
324	A4	heading	3. Marketplace'y jako przyspiesznik	2	696	Centra logistyczne	Logistics centres
324	A4	heading	3. Marketplace'y jako przyspiesznik	3	715	Kryzys bankowy	Banking crisis
324	A4	heading	3. Marketplace'y jako przyspiesznik	4	697	Handel internetowy	E-commerce
325	A4	heading	4. Ucieczka gotówki i niespłacalność	1	719	Panika bankowa	Bank runs
325	A4	heading	4. Ucieczka gotówki i niespłacalność	2	717	Niewypłacalność	Insolvency
325	A4	heading	4. Ucieczka gotówki i niespłacalność	3	720	Ucieczka kapitału	Capital flight
326	A4	heading	5. Dlaczego to najkrótszy zapalnik	1	719	Panika bankowa	Bank runs
326	A4	heading	5. Dlaczego to najkrótszy zapalnik	2	715	Kryzys bankowy	Banking crisis
326	A4	heading	5. Dlaczego to najkrótszy zapalnik	3	840	Progi krytyczne	Critical thresholds
326	A4	heading	5. Dlaczego to najkrótszy zapalnik	4	254	Nieliniowość	nonlinearity
327	A4	heading	XVI. Zima 2026/27 — zbieg wektorów	1	842	Synchronizacja kryzysów	Crisis synchronization
327	A4	heading	XVI. Zima 2026/27 — zbieg wektorów	2	757	Sezonowość	Seasonality
327	A4	heading	XVI. Zima 2026/27 — zbieg wektorów	3	771	Niedobory paliw	Fuel shortages
327	A4	heading	XVI. Zima 2026/27 — zbieg wektorów	4	783	Ciepłownictwo	District heating
327	A4	heading	XVI. Zima 2026/27 — zbieg wektorów	5	707	Deficyt budżetowy	Budget deficit
328	A4	heading	1. Kalendarz zbieżności	1	842	Synchronizacja kryzysów	Crisis synchronization
328	A4	heading	1. Kalendarz zbieżności	2	851	Wskaźniki wyprzedzające	Leading indicators
328	A4	heading	1. Kalendarz zbieżności	3	757	Sezonowość	Seasonality
329	A4	heading	2. Ciepłownictwo — zużycie 70% przy budżecie ciętym 2,3 raza	1	783	Ciepłownictwo	District heating
329	A4	heading	2. Ciepłownictwo — zużycie 70% przy budżecie ciętym 2,3 raza	2	683	Zużycie infrastruktury	Infrastructure deterioration
329	A4	heading	2. Ciepłownictwo — zużycie 70% przy budżecie ciętym 2,3 raza	3	757	Sezonowość	Seasonality
329	A4	heading	2. Ciepłownictwo — zużycie 70% przy budżecie ciętym 2,3 raza	4	707	Deficyt budżetowy	Budget deficit
330	A4	heading	3. Przyznanie wpisane w dokument rządowy	1	683	Zużycie infrastruktury	Infrastructure deterioration
330	A4	heading	3. Przyznanie wpisane w dokument rządowy	2	684	Infrastruktura krytyczna	Critical infrastructure
330	A4	heading	3. Przyznanie wpisane w dokument rządowy	3	816	Ukrywanie danych	Data suppression
330	A4	heading	3. Przyznanie wpisane w dokument rządowy	4	851	Wskaźniki wyprzedzające	Leading indicators
331	A4	heading	4. Dlaczego splot mnoży, a nie sumuje	1	842	Synchronizacja kryzysów	Crisis synchronization
331	A4	heading	4. Dlaczego splot mnoży, a nie sumuje	2	705	Konkurencja o zasoby	Competition for resources
331	A4	heading	4. Dlaczego splot mnoży, a nie sumuje	3	839	Awarie kaskadowe	Cascading failures
332	A4	heading	5. Co musiałoby pójść dobrze	1	849	Analiza scenariuszowa	Scenario analysis
332	A4	heading	5. Co musiałoby pójść dobrze	2	842	Synchronizacja kryzysów	Crisis synchronization
332	A4	heading	5. Co musiałoby pójść dobrze	3	860	Steelmanning	Steelmanning
333	A4	heading	XVII. Tryb wojenny i cofnięcie się w czasie	1	704	Mobilizacja gospodarki	Economic mobilization
333	A4	heading	XVII. Tryb wojenny i cofnięcie się w czasie	2	705	Konkurencja o zasoby	Competition for resources
333	A4	heading	XVII. Tryb wojenny i cofnięcie się w czasie	3	674	Wąskie gardła	Bottlenecks
334	A4	heading	1. Co tryb wojenny faktycznie rozwiązuje	1	704	Mobilizacja gospodarki	Economic mobilization
334	A4	heading	1. Co tryb wojenny faktycznie rozwiązuje	2	830	Kontrola przymusowa	Coercive control
334	A4	heading	1. Co tryb wojenny faktycznie rozwiązuje	3	705	Konkurencja o zasoby	Competition for resources
335	A4	heading	2. Drzwi zamknięto przed decyzją	1	628	Kontrola społeczna	Social control
335	A4	heading	2. Drzwi zamknięto przed decyzją	2	830	Kontrola przymusowa	Coercive control
335	A4	heading	2. Drzwi zamknięto przed decyzją	3	704	Mobilizacja gospodarki	Economic mobilization
336	A4	heading	3. Czego nie ma: dostaw sojuszniczych	1	665	Pomoc wojskowa	Military assistance
336	A4	heading	3. Czego nie ma: dostaw sojuszniczych	2	855	Analogie historyczne	Historical analogies
336	A4	heading	3. Czego nie ma: dostaw sojuszniczych	3	890	Zależność Rosji od Chin	Russia's dependence on China
337	A4	heading	4. Trzy warstwy czasowe jednej gospodarki	1	731	Zależność technologiczna	Technological dependence
337	A4	heading	4. Trzy warstwy czasowe jednej gospodarki	2	683	Zużycie infrastruktury	Infrastructure deterioration
337	A4	heading	4. Trzy warstwy czasowe jednej gospodarki	3	663	Przemysł zbrojeniowy	Defence industry
338	A4	heading	5. Przymus nowoczesny, produkcja archaiczna	1	628	Kontrola społeczna	Social control
338	A4	heading	5. Przymus nowoczesny, produkcja archaiczna	2	731	Zależność technologiczna	Technological dependence
338	A4	heading	5. Przymus nowoczesny, produkcja archaiczna	3	704	Mobilizacja gospodarki	Economic mobilization
339	A4	heading	XVIII. Inwentarz opcji — co Rosji zostaje	1	559	Asymetria opcji strategicznych	asymmetry of optionality
339	A4	heading	XVIII. Inwentarz opcji — co Rosji zostaje	2	704	Mobilizacja gospodarki	Economic mobilization
339	A4	heading	XVIII. Inwentarz opcji — co Rosji zostaje	3	674	Wąskie gardła	Bottlenecks
340	A4	heading	1. Opcje pozorne	1	721	Dodruk pieniądza	Money creation
340	A4	heading	1. Opcje pozorne	2	726	Nacjonalizacja	Nationalization
340	A4	heading	1. Opcje pozorne	3	715	Kryzys bankowy	Banking crisis
340	A4	heading	1. Opcje pozorne	4	674	Wąskie gardła	Bottlenecks
341	A4	heading	2. Opcje realne	1	705	Konkurencja o zasoby	Competition for resources
341	A4	heading	2. Opcje realne	2	730	Substytucja importu	Import substitution
341	A4	heading	2. Opcje realne	3	735	Koszty adaptacji	Adaptation costs
341	A4	heading	2. Opcje realne	4	704	Mobilizacja gospodarki	Economic mobilization
342	A4	heading	3. Pieniądz przestał być wiązaniem	1	674	Wąskie gardła	Bottlenecks
342	A4	heading	3. Pieniądz przestał być wiązaniem	2	740	Niedobór kadr	Labour shortages
342	A4	heading	3. Pieniądz przestał być wiązaniem	3	681	Części zamienne	Spare parts
342	A4	heading	3. Pieniądz przestał być wiązaniem	4	684	Infrastruktura krytyczna	Critical infrastructure
343	A4	heading	XIX. Co jeszcze może spłonąć	1	635	Uderzenia dalekiego zasięgu	Long-range strikes
343	A4	heading	XIX. Co jeszcze może spłonąć	2	684	Infrastruktura krytyczna	Critical infrastructure
343	A4	heading	XIX. Co jeszcze może spłonąć	3	663	Przemysł zbrojeniowy	Defence industry
343	A4	heading	XIX. Co jeszcze może spłonąć	4	672	Logistyka wojskowa	Military logistics
344	A4	heading	XX. Granica analizy materialnej	1	851	Wskaźniki wyprzedzające	Leading indicators
344	A4	heading	XX. Granica analizy materialnej	2	840	Progi krytyczne	Critical thresholds
344	A4	heading	XX. Granica analizy materialnej	3	852	Wnioskowanie przy niepełnych danych	Inference under incomplete information
345	A4	heading	1. Założenie wypowiedziane wprost	1	855	Analogie historyczne	Historical analogies
345	A4	heading	1. Założenie wypowiedziane wprost	2	852	Wnioskowanie przy niepełnych danych	Inference under incomplete information
345	A4	heading	1. Założenie wypowiedziane wprost	3	603	Rozpad państwa	State disintegration
346	A4	heading	2. Materia daje warunki, sens daje moment	1	840	Progi krytyczne	Critical thresholds
346	A4	heading	2. Materia daje warunki, sens daje moment	2	620	Lojalność elit	Elite loyalty
346	A4	heading	2. Materia daje warunki, sens daje moment	3	616	Legitymizacja władzy	Political legitimacy
346	A4	heading	2. Materia daje warunki, sens daje moment	4	578	Zapas a strumień	stock vs flow
347	A4	heading	3. Asymetria symboliczna	1	557	Ciemna legitymizacja	dark legitimacy
347	A4	heading	3. Asymetria symboliczna	2	745	Mobilizacja społeczna	Social mobilization
347	A4	heading	3. Asymetria symboliczna	3	805	Propaganda	Propaganda
347	A4	heading	3. Asymetria symboliczna	4	667	Innowacje wojskowe	Military innovation
348	A4	heading	o uzasadnieniach moralnych	1	862	Etyka analizy	Ethics of analysis
348	A4	heading	o uzasadnieniach moralnych	2	805	Propaganda	Propaganda
348	A4	heading	o uzasadnieniach moralnych	3	617	Legitymizacja afirmatywna	Affirmative legitimacy
348	A4	heading	o uzasadnieniach moralnych	4	557	Ciemna legitymizacja	dark legitimacy
349	A4	heading	4. Cele symboliczne — inna logika	1	814	Demonstracja siły	Show of force
349	A4	heading	4. Cele symboliczne — inna logika	2	620	Lojalność elit	Elite loyalty
349	A4	heading	4. Cele symboliczne — inna logika	3	811	Sygnalizacja strategiczna	Strategic signalling
349	A4	heading	4. Cele symboliczne — inna logika	4	832	Mit niezwyciężoności	Myth of invincibility
350	A4	heading	5. Czego ten dokument nie mierzy	1	852	Wnioskowanie przy niepełnych danych	Inference under incomplete information
350	A4	heading	5. Czego ten dokument nie mierzy	2	620	Lojalność elit	Elite loyalty
350	A4	heading	5. Czego ten dokument nie mierzy	3	615	Monopol na przemoc	Monopoly on violence
350	A4	heading	5. Czego ten dokument nie mierzy	4	840	Progi krytyczne	Critical thresholds
351	A5	heading	Kolumbryna kontra rzeczywistość — dwie rewizje	1	850	Kalibracja prognoz	Forecast calibration
351	A5	heading	Kolumbryna kontra rzeczywistość — dwie rewizje	2	858	Walidacja empiryczna	Empirical validation
351	A5	heading	Kolumbryna kontra rzeczywistość — dwie rewizje	3	851	Wskaźniki wyprzedzające	Leading indicators
352	A5	heading	Jak czytać	1	850	Kalibracja prognoz	Forecast calibration
352	A5	heading	Jak czytać	2	858	Walidacja empiryczna	Empirical validation
353	A5	heading	Licznik rewizji	1	850	Kalibracja prognoz	Forecast calibration
353	A5	heading	Licznik rewizji	2	842	Synchronizacja kryzysów	Crisis synchronization
354	A5	heading	24 nosorożce — stan na 31.05	1	850	Kalibracja prognoz	Forecast calibration
354	A5	heading	24 nosorożce — stan na 31.05	2	851	Wskaźniki wyprzedzające	Leading indicators
354	A5	heading	24 nosorożce — stan na 31.05	3	858	Walidacja empiryczna	Empirical validation
355	A6	heading	Zapas kontra strumień	1	578	Zapas a strumień	stock vs flow
355	A6	heading	Zapas kontra strumień	2	771	Niedobory paliw	Fuel shortages
355	A6	heading	Zapas kontra strumień	3	629	Przetrwanie polityczne	Political survival
355	A6	heading	Zapas kontra strumień	4	559	Asymetria opcji strategicznych	asymmetry of optionality
356	A6	heading	Część I — Materia: układ paliwowy Rosji	1	771	Niedobory paliw	Fuel shortages
356	A6	heading	Część I — Materia: układ paliwowy Rosji	2	677	Rezerwy mocy	Spare capacity
356	A6	heading	Część I — Materia: układ paliwowy Rosji	3	676	Zapasy strategiczne	Strategic stockpiles
356	A6	heading	Część I — Materia: układ paliwowy Rosji	4	675	Przepustowość	Throughput
357	A6	heading	1. Uderzenie 28.06 — trzy obiekty, skala zweryfikowana	1	635	Uderzenia dalekiego zasięgu	Long-range strikes
357	A6	heading	1. Uderzenie 28.06 — trzy obiekty, skala zweryfikowana	2	767	Rafinerie	Oil refineries
357	A6	heading	1. Uderzenie 28.06 — trzy obiekty, skala zweryfikowana	3	854	Dane satelitarne	Satellite data
358	A6	heading	2. Moce nominalne kontra faktyczny przerób	1	767	Rafinerie	Oil refineries
358	A6	heading	2. Moce nominalne kontra faktyczny przerób	2	677	Rezerwy mocy	Spare capacity
358	A6	heading	2. Moce nominalne kontra faktyczny przerób	3	675	Przepustowość	Throughput
359	A6	heading	3. Piętnaście największych rafinerii — udział nominalny	1	767	Rafinerie	Oil refineries
359	A6	heading	3. Piętnaście największych rafinerii — udział nominalny	2	635	Uderzenia dalekiego zasięgu	Long-range strikes
359	A6	heading	3. Piętnaście największych rafinerii — udział nominalny	3	677	Rezerwy mocy	Spare capacity
360	A6	heading	4. Bilans per-produkt i asymetria buforów	1	768	Benzyna	Petrol
360	A6	heading	4. Bilans per-produkt i asymetria buforów	2	769	Olej napędowy	Diesel fuel
360	A6	heading	4. Bilans per-produkt i asymetria buforów	3	677	Rezerwy mocy	Spare capacity
360	A6	heading	4. Bilans per-produkt i asymetria buforów	4	771	Niedobory paliw	Fuel shortages
361	A6	heading	5. Zapasy magazynowe — flow kontra stock	1	676	Zapasy strategiczne	Strategic stockpiles
361	A6	heading	5. Zapasy magazynowe — flow kontra stock	2	578	Zapas a strumień	stock vs flow
361	A6	heading	5. Zapasy magazynowe — flow kontra stock	3	771	Niedobory paliw	Fuel shortages
362	A6	heading	6. Drabina zakazów i sprzężenie współproduktów	1	732	Kontrola eksportu	Export controls
362	A6	heading	6. Drabina zakazów i sprzężenie współproduktów	2	768	Benzyna	Petrol
362	A6	heading	6. Drabina zakazów i sprzężenie współproduktów	3	770	Paliwo lotnicze	Aviation fuel
362	A6	heading	6. Drabina zakazów i sprzężenie współproduktów	4	769	Olej napędowy	Diesel fuel
362	A6	heading	6. Drabina zakazów i sprzężenie współproduktów	5	771	Niedobory paliw	Fuel shortages
363	A6	heading	Zawory ciśnienia i „dziura w ziemi"	1	767	Rafinerie	Oil refineries
363	A6	heading	Zawory ciśnienia i „dziura w ziemi"	2	675	Przepustowość	Throughput
363	A6	heading	Zawory ciśnienia i „dziura w ziemi"	3	794	Petrochemia	Petrochemicals
364	A6	heading	7. Offline ≈ slack — zmiana fazy	1	677	Rezerwy mocy	Spare capacity
364	A6	heading	7. Offline ≈ slack — zmiana fazy	2	767	Rafinerie	Oil refineries
364	A6	heading	7. Offline ≈ slack — zmiana fazy	3	840	Progi krytyczne	Critical thresholds
364	A6	heading	7. Offline ≈ slack — zmiana fazy	4	771	Niedobory paliw	Fuel shortages
365	A6	heading	8. Poziomy kreski i popyt stłumiony	1	764	Reglamentacja	Rationing
365	A6	heading	8. Poziomy kreski i popyt stłumiony	2	771	Niedobory paliw	Fuel shortages
365	A6	heading	8. Poziomy kreski i popyt stłumiony	3	852	Wnioskowanie przy niepełnych danych	Inference under incomplete information
366	A6	heading	9. Cebula transportowa — cztery warstwy	1	767	Rafinerie	Oil refineries
366	A6	heading	9. Cebula transportowa — cztery warstwy	2	686	Transport kolejowy	Rail transport
366	A6	heading	9. Cebula transportowa — cztery warstwy	3	675	Przepustowość	Throughput
366	A6	heading	9. Cebula transportowa — cztery warstwy	4	674	Wąskie gardła	Bottlenecks
367	A6	heading	Część II — Strategia: pułapka jedynego decydenta	1	629	Przetrwanie polityczne	Political survival
367	A6	heading	Część II — Strategia: pułapka jedynego decydenta	2	559	Asymetria opcji strategicznych	asymmetry of optionality
367	A6	heading	Część II — Strategia: pułapka jedynego decydenta	3	652	Zamrożenie konfliktu	Frozen conflict
367	A6	heading	Część II — Strategia: pułapka jedynego decydenta	4	650	Eskalacja konfliktu	Conflict escalation
368	A6	heading	1. Cztery osie zapas kontra strumień	1	578	Zapas a strumień	stock vs flow
368	A6	heading	1. Cztery osie zapas kontra strumień	2	771	Niedobory paliw	Fuel shortages
368	A6	heading	1. Cztery osie zapas kontra strumień	3	644	Broń precyzyjna	Precision weapons
368	A6	heading	1. Cztery osie zapas kontra strumień	4	620	Lojalność elit	Elite loyalty
368	A6	heading	1. Cztery osie zapas kontra strumień	5	650	Eskalacja konfliktu	Conflict escalation
369	A6	heading	2. Odczyt przez absencję	1	815	Przemilczenia	Omissions
369	A6	heading	2. Odczyt przez absencję	2	811	Sygnalizacja strategiczna	Strategic signalling
369	A6	heading	2. Odczyt przez absencję	3	559	Asymetria opcji strategicznych	asymmetry of optionality
370	A6	heading	3. Generałowie i urojony obraz	1	620	Lojalność elit	Elite loyalty
370	A6	heading	3. Generałowie i urojony obraz	2	661	Dowodzenie	Command and control
370	A6	heading	3. Generałowie i urojony obraz	3	817	Fałszowanie raportów	Falsified reporting
370	A6	heading	3. Generałowie i urojony obraz	4	607	Dyktatura personalistyczna	Personalist dictatorship
371	A6	heading	4. Zablokowana elita — inaczej niż 2010/2019	1	620	Lojalność elit	Elite loyalty
371	A6	heading	4. Zablokowana elita — inaczej niż 2010/2019	2	621	Rozłam elit	Elite splits
371	A6	heading	4. Zablokowana elita — inaczej niż 2010/2019	3	619	Przewrót pałacowy	Palace coup
371	A6	heading	4. Zablokowana elita — inaczej niż 2010/2019	4	840	Progi krytyczne	Critical thresholds
372	A6	heading	5. Szachmat — freeze zamknięty od strony Rosji	1	652	Zamrożenie konfliktu	Frozen conflict
372	A6	heading	5. Szachmat — freeze zamknięty od strony Rosji	2	629	Przetrwanie polityczne	Political survival
372	A6	heading	5. Szachmat — freeze zamknięty od strony Rosji	3	832	Mit niezwyciężoności	Myth of invincibility
372	A6	heading	5. Szachmat — freeze zamknięty od strony Rosji	4	616	Legitymizacja władzy	Political legitimacy
373	A6	heading	6. Załamanie ramy — Rosja = Putin	1	629	Przetrwanie polityczne	Political survival
373	A6	heading	6. Załamanie ramy — Rosja = Putin	2	607	Dyktatura personalistyczna	Personalist dictatorship
373	A6	heading	6. Załamanie ramy — Rosja = Putin	3	836	Style decyzyjne	Decision-making styles
374	A6	heading	7. Gambit NATO i casus belli	1	650	Eskalacja konfliktu	Conflict escalation
374	A6	heading	7. Gambit NATO i casus belli	2	891	NATO	NATO
374	A6	heading	7. Gambit NATO i casus belli	3	629	Przetrwanie polityczne	Political survival
374	A6	heading	7. Gambit NATO i casus belli	4	805	Propaganda	Propaganda
375	A6	heading	Miękkie lądowanie — struktura, nie życzenie	1	891	NATO	NATO
375	A6	heading	Miękkie lądowanie — struktura, nie życzenie	2	604	Ciągłość państwowości	Continuity of statehood
375	A6	heading	Miękkie lądowanie — struktura, nie życzenie	3	649	Kontrola arsenału jądrowego	Nuclear arsenal control
375	A6	heading	Miękkie lądowanie — struktura, nie życzenie	4	605	Zmiana reżimu	Regime change
376	A6	heading	Casus belli — Polska 1939 (model Gliwice)	1	810	Operacje pod fałszywą flagą	False flag operations
376	A6	heading	Casus belli — Polska 1939 (model Gliwice)	2	827	Fabrykowanie pretekstów	Pretext fabrication
376	A6	heading	Casus belli — Polska 1939 (model Gliwice)	3	891	NATO	NATO
376	A6	heading	Casus belli — Polska 1939 (model Gliwice)	4	650	Eskalacja konfliktu	Conflict escalation
377	A6	heading	8. Paradoks zapędzenia	1	559	Asymetria opcji strategicznych	asymmetry of optionality
377	A6	heading	8. Paradoks zapędzenia	2	629	Przetrwanie polityczne	Political survival
377	A6	heading	8. Paradoks zapędzenia	3	650	Eskalacja konfliktu	Conflict escalation
378	A6	heading	9. Advocatus diaboli — zebrane zawiasy	1	860	Steelmanning	Steelmanning
378	A6	heading	9. Advocatus diaboli — zebrane zawiasy	2	852	Wnioskowanie przy niepełnych danych	Inference under incomplete information
378	A6	heading	9. Advocatus diaboli — zebrane zawiasy	3	603	Rozpad państwa	State disintegration
378	A6	heading	9. Advocatus diaboli — zebrane zawiasy	4	849	Analiza scenariuszowa	Scenario analysis
379	A7	heading	jak kończą się państwa — fenomenologia, typologia, rachunek rosyjski	1	603	Rozpad państwa	State disintegration
379	A7	heading	jak kończą się państwa — fenomenologia, typologia, rachunek rosyjski	2	855	Analogie historyczne	Historical analogies
379	A7	heading	jak kończą się państwa — fenomenologia, typologia, rachunek rosyjski	3	254	Nieliniowość	nonlinearity
379	A7	heading	jak kończą się państwa — fenomenologia, typologia, rachunek rosyjski	4	840	Progi krytyczne	Critical thresholds
380	A7	heading	I. Ramy — fenomenologia, nie etiologia	1	603	Rozpad państwa	State disintegration
380	A7	heading	I. Ramy — fenomenologia, nie etiologia	2	604	Ciągłość państwowości	Continuity of statehood
380	A7	heading	I. Ramy — fenomenologia, nie etiologia	3	837	Analiza systemowa	Systems analysis
381	A7	heading	II. Jak wyglądał upadek III Rzeszy	1	603	Rozpad państwa	State disintegration
381	A7	heading	II. Jak wyglądał upadek III Rzeszy	2	654	Kapitulacja	Capitulation
381	A7	heading	II. Jak wyglądał upadek III Rzeszy	3	855	Analogie historyczne	Historical analogies
382	A7	heading	Dziesięć markerów	1	603	Rozpad państwa	State disintegration
382	A7	heading	Dziesięć markerów	2	851	Wskaźniki wyprzedzające	Leading indicators
382	A7	heading	Dziesięć markerów	3	604	Ciągłość państwowości	Continuity of statehood
383	A7	heading	Dwa bieguny — 1945 vs 1918	1	603	Rozpad państwa	State disintegration
383	A7	heading	Dwa bieguny — 1945 vs 1918	2	855	Analogie historyczne	Historical analogies
383	A7	heading	Dwa bieguny — 1945 vs 1918	3	654	Kapitulacja	Capitulation
384	A7	heading	III. Typologia trybów końca państwa	1	603	Rozpad państwa	State disintegration
384	A7	heading	III. Typologia trybów końca państwa	2	855	Analogie historyczne	Historical analogies
384	A7	heading	III. Typologia trybów końca państwa	3	605	Zmiana reżimu	Regime change
385	A7	heading	Osiem trybów	1	603	Rozpad państwa	State disintegration
385	A7	heading	Osiem trybów	2	605	Zmiana reżimu	Regime change
385	A7	heading	Osiem trybów	3	611	Integralność terytorialna	Territorial integrity
386	A7	heading	Wzorzec poprzeczny — śmierć i odrodzenie z rdzenia	1	604	Ciągłość państwowości	Continuity of statehood
386	A7	heading	Wzorzec poprzeczny — śmierć i odrodzenie z rdzenia	2	605	Zmiana reżimu	Regime change
386	A7	heading	Wzorzec poprzeczny — śmierć i odrodzenie z rdzenia	3	603	Rozpad państwa	State disintegration
387	A7	heading	Osie rozróżniające	1	654	Kapitulacja	Capitulation
387	A7	heading	Osie rozróżniające	2	604	Ciągłość państwowości	Continuity of statehood
387	A7	heading	Osie rozróżniające	3	603	Rozpad państwa	State disintegration
387	A7	heading	Osie rozróżniające	4	611	Integralność terytorialna	Territorial integrity
388	A7	heading	IV. Filtr rosyjski	1	603	Rozpad państwa	State disintegration
388	A7	heading	IV. Filtr rosyjski	2	646	Arsenał jądrowy	Nuclear arsenal
388	A7	heading	IV. Filtr rosyjski	3	611	Integralność terytorialna	Territorial integrity
388	A7	heading	IV. Filtr rosyjski	4	849	Analiza scenariuszowa	Scenario analysis
389	A7	heading	Które tryby odpadają	1	603	Rozpad państwa	State disintegration
389	A7	heading	Które tryby odpadają	2	605	Zmiana reżimu	Regime change
389	A7	heading	Które tryby odpadają	3	614	Relacje centrum–peryferie	Centre–periphery relations
389	A7	heading	Które tryby odpadają	4	849	Analiza scenariuszowa	Scenario analysis
390	A7	heading	Dwa silniki samorozwiązania — ZSRR vs Austro-Węgry	1	621	Rozłam elit	Elite splits
390	A7	heading	Dwa silniki samorozwiązania — ZSRR vs Austro-Węgry	2	855	Analogie historyczne	Historical analogies
390	A7	heading	Dwa silniki samorozwiązania — ZSRR vs Austro-Węgry	3	603	Rozpad państwa	State disintegration
390	A7	heading	Dwa silniki samorozwiązania — ZSRR vs Austro-Węgry	4	875	Tożsamość narodowa	National identity
391	A7	heading	Liczba 1,1 mln — armia frontu vs aparat trzymania	1	615	Monopol na przemoc	Monopoly on violence
391	A7	heading	Liczba 1,1 mln — armia frontu vs aparat trzymania	2	627	Represje polityczne	Political repression
391	A7	heading	Liczba 1,1 mln — armia frontu vs aparat trzymania	3	657	Straty osobowe	Military casualties
391	A7	heading	Liczba 1,1 mln — armia frontu vs aparat trzymania	4	603	Rozpad państwa	State disintegration
392	A7	heading	Monopol na przemoc jako przekonanie o sobie	1	615	Monopol na przemoc	Monopoly on violence
392	A7	heading	Monopol na przemoc jako przekonanie o sobie	2	832	Mit niezwyciężoności	Myth of invincibility
392	A7	heading	Monopol na przemoc jako przekonanie o sobie	3	620	Lojalność elit	Elite loyalty
392	A7	heading	Monopol na przemoc jako przekonanie o sobie	4	616	Legitymizacja władzy	Political legitimacy
393	A7	heading	V. Hierarchia zewnętrzna — z patrona w klienta	1	890	Zależność Rosji od Chin	Russia's dependence on China
393	A7	heading	V. Hierarchia zewnętrzna — z patrona w klienta	2	885	Zależność od patrona	Dependence on a patron
393	A7	heading	V. Hierarchia zewnętrzna — z patrona w klienta	3	610	Suwerenność	Sovereignty
394	A7	heading	VI. Kto chce jakiej Rosji	1	611	Integralność terytorialna	Territorial integrity
394	A7	heading	VI. Kto chce jakiej Rosji	2	889	Zbieżność interesów	Convergence of interests
394	A7	heading	VI. Kto chce jakiej Rosji	3	614	Relacje centrum–peryferie	Centre–periphery relations
395	A7	heading	Trzy stany — całość, siła, siła bez federacji	1	611	Integralność terytorialna	Territorial integrity
395	A7	heading	Trzy stany — całość, siła, siła bez federacji	2	612	Federalizm	Federalism
395	A7	heading	Trzy stany — całość, siła, siła bez federacji	3	614	Relacje centrum–peryferie	Centre–periphery relations
396	A7	heading	Chiny i norma integralności (vide Ukraina)	1	890	Zależność Rosji od Chin	Russia's dependence on China
396	A7	heading	Chiny i norma integralności (vide Ukraina)	2	611	Integralność terytorialna	Territorial integrity
396	A7	heading	Chiny i norma integralności (vide Ukraina)	3	885	Zależność od patrona	Dependence on a patron
396	A7	heading	Chiny i norma integralności (vide Ukraina)	4	889	Zbieżność interesów	Convergence of interests
397	A7	heading	Iran na osi proliferacyjnej	1	878	Proliferacja nuklearna	Nuclear proliferation
397	A7	heading	Iran na osi proliferacyjnej	2	646	Arsenał jądrowy	Nuclear arsenal
397	A7	heading	Iran na osi proliferacyjnej	3	649	Kontrola arsenału jądrowego	Nuclear arsenal control
398	A7	heading	Kategoria IV — Musk i Thiel	1	603	Rozpad państwa	State disintegration
398	A7	heading	Kategoria IV — Musk i Thiel	2	734	Inwestycje infrastrukturalne	Infrastructure investment
398	A7	heading	Kategoria IV — Musk i Thiel	3	889	Zbieżność interesów	Convergence of interests
399	A7	heading	Bilans — kto realnie po której stronie	1	611	Integralność terytorialna	Territorial integrity
399	A7	heading	Bilans — kto realnie po której stronie	2	889	Zbieżność interesów	Convergence of interests
399	A7	heading	Bilans — kto realnie po której stronie	3	883	Sojusze regionalne	Regional alliances
400	A7	heading	VII. Rozbrojenie straszaka uchodźczego	1	743	Uchodźstwo	Forced displacement
400	A7	heading	VII. Rozbrojenie straszaka uchodźczego	2	655	Mobilizacja wojskowa	Military mobilization
400	A7	heading	VII. Rozbrojenie straszaka uchodźczego	3	627	Represje polityczne	Political repression
400	A7	heading	VII. Rozbrojenie straszaka uchodźczego	4	738	Emigracja	Emigration
401	A7	heading	VIII. Spoiwo wewnętrzne — trzy warstwy	1	620	Lojalność elit	Elite loyalty
401	A7	heading	VIII. Spoiwo wewnętrzne — trzy warstwy	2	626	Biurokracja	Bureaucracy
401	A7	heading	VIII. Spoiwo wewnętrzne — trzy warstwy	3	622	Siłowicy	Siloviki
401	A7	heading	VIII. Spoiwo wewnętrzne — trzy warstwy	4	623	Oligarchowie	Oligarchs
402	A7	heading	Warstwa I — siłowicy jako czujnik siły (~300 tys. + rodziny)	1	622	Siłowicy	Siloviki
402	A7	heading	Warstwa I — siłowicy jako czujnik siły (~300 tys. + rodziny)	2	620	Lojalność elit	Elite loyalty
402	A7	heading	Warstwa I — siłowicy jako czujnik siły (~300 tys. + rodziny)	3	621	Rozłam elit	Elite splits
402	A7	heading	Warstwa I — siłowicy jako czujnik siły (~300 tys. + rodziny)	4	832	Mit niezwyciężoności	Myth of invincibility
403	A7	heading	Warstwa II — biurokracja jako inercja (X mln federalnych i quasi-federalnych)	1	626	Biurokracja	Bureaucracy
403	A7	heading	Warstwa II — biurokracja jako inercja (X mln federalnych i quasi-federalnych)	2	604	Ciągłość państwowości	Continuity of statehood
403	A7	heading	Warstwa II — biurokracja jako inercja (X mln federalnych i quasi-federalnych)	3	717	Niewypłacalność	Insolvency
403	A7	heading	Warstwa II — biurokracja jako inercja (X mln federalnych i quasi-federalnych)	4	845	Inercja instytucjonalna	Institutional inertia
404	A7	heading	Warstwa III — oligarchowie jako zakładnicy	1	623	Oligarchowie	Oligarchs
404	A7	heading	Warstwa III — oligarchowie jako zakładnicy	2	620	Lojalność elit	Elite loyalty
404	A7	heading	Warstwa III — oligarchowie jako zakładnicy	3	851	Wskaźniki wyprzedzające	Leading indicators
404	A7	heading	Warstwa III — oligarchowie jako zakładnicy	4	830	Kontrola przymusowa	Coercive control
405	A7	heading	IX. Synteza — spoiwo to kalkulacja na dwóch zmiennych	1	620	Lojalność elit	Elite loyalty
405	A7	heading	IX. Synteza — spoiwo to kalkulacja na dwóch zmiennych	2	717	Niewypłacalność	Insolvency
405	A7	heading	IX. Synteza — spoiwo to kalkulacja na dwóch zmiennych	3	832	Mit niezwyciężoności	Myth of invincibility
405	A7	heading	IX. Synteza — spoiwo to kalkulacja na dwóch zmiennych	4	615	Monopol na przemoc	Monopoly on violence
406	A7	heading	X. Otwarte — peryferie vs rdzeń	1	603	Rozpad państwa	State disintegration
406	A7	heading	X. Otwarte — peryferie vs rdzeń	2	614	Relacje centrum–peryferie	Centre–periphery relations
406	A7	heading	X. Otwarte — peryferie vs rdzeń	3	611	Integralność terytorialna	Territorial integrity
406	A7	heading	X. Otwarte — peryferie vs rdzeń	4	613	Separatyzm	Separatism
407	D1	heading	Dark legitimacy: What Russia and Ukraine reveal about authoritarianism	1	557	Ciemna legitymizacja	dark legitimacy
407	D1	heading	Dark legitimacy: What Russia and Ukraine reveal about authoritarianism	2	831	Cynizm polityczny	Political cynicism
407	D1	heading	Dark legitimacy: What Russia and Ukraine reveal about authoritarianism	3	606	Autorytaryzm	Authoritarianism
407	D1	heading	Dark legitimacy: What Russia and Ukraine reveal about authoritarianism	4	617	Legitymizacja afirmatywna	Affirmative legitimacy
408	D1	heading	Abstract	1	557	Ciemna legitymizacja	dark legitimacy
408	D1	heading	Abstract	2	617	Legitymizacja afirmatywna	Affirmative legitimacy
408	D1	heading	Abstract	3	616	Legitymizacja władzy	Political legitimacy
409	D1	heading	An affirmative concept of legitimacy	1	616	Legitymizacja władzy	Political legitimacy
409	D1	heading	An affirmative concept of legitimacy	2	617	Legitymizacja afirmatywna	Affirmative legitimacy
410	D1	heading	Governmentality: Affirmative legitimacy beyond democracy	1	617	Legitymizacja afirmatywna	Affirmative legitimacy
410	D1	heading	Governmentality: Affirmative legitimacy beyond democracy	2	616	Legitymizacja władzy	Political legitimacy
410	D1	heading	Governmentality: Affirmative legitimacy beyond democracy	3	628	Kontrola społeczna	Social control
411	D1	heading	Legitimacy crisis in the Soviet and post-Soviet context	1	831	Cynizm polityczny	Political cynicism
411	D1	heading	Legitimacy crisis in the Soviet and post-Soviet context	2	557	Ciemna legitymizacja	dark legitimacy
411	D1	heading	Legitimacy crisis in the Soviet and post-Soviet context	3	855	Analogie historyczne	Historical analogies
412	D1	heading	Dark legitimacy: Bad is good	1	557	Ciemna legitymizacja	dark legitimacy
412	D1	heading	Dark legitimacy: Bad is good	2	625	Korupcja	Corruption
412	D1	heading	Dark legitimacy: Bad is good	3	633	Bezkarność władzy	Impunity of power
412	D1	heading	Dark legitimacy: Bad is good	4	627	Represje polityczne	Political repression
413	D1	heading	Russia-Ukraine: The war over legitimacy	1	557	Ciemna legitymizacja	dark legitimacy
413	D1	heading	Russia-Ukraine: The war over legitimacy	2	617	Legitymizacja afirmatywna	Affirmative legitimacy
413	D1	heading	Russia-Ukraine: The war over legitimacy	3	745	Mobilizacja społeczna	Social mobilization
413	D1	heading	Russia-Ukraine: The war over legitimacy	4	863	Wojna rosyjsko-ukraińska	Russo-Ukrainian war
414	D1	heading	Consequences of dark legitimacy	1	557	Ciemna legitymizacja	dark legitimacy
414	D1	heading	Consequences of dark legitimacy	2	625	Korupcja	Corruption
414	D1	heading	Consequences of dark legitimacy	3	832	Mit niezwyciężoności	Myth of invincibility
415	D1	heading	Acknowledgments	1	557	Ciemna legitymizacja	dark legitimacy
416	D1	heading	References	1	557	Ciemna legitymizacja	dark legitimacy
416	D1	heading	References	2	616	Legitymizacja władzy	Political legitimacy
417	D2	heading	DISINFOLKLORE	1	556	Disinfolklore	Disinfolklore
417	D2	heading	DISINFOLKLORE	2	822	Archetypy narracyjne	Narrative archetypes
417	D2	heading	DISINFOLKLORE	3	824	Folklor polityczny	Political folklore
417	D2	heading	DISINFOLKLORE	4	806	Dezinformacja	Disinformation
417	D2	heading	DISINFOLKLORE	5	833	Odporność poznawcza	Cognitive resilience
418	D2	heading	Spis treści	1	556	Disinfolklore	Disinfolklore
419	D2	heading	IGeneza: most, trolle i folklor	1	556	Disinfolklore	Disinfolklore
419	D2	heading	IGeneza: most, trolle i folklor	2	824	Folklor polityczny	Political folklore
419	D2	heading	IGeneza: most, trolle i folklor	3	863	Wojna rosyjsko-ukraińska	Russo-Ukrainian war
420	D2	heading	IICzym jest Disinfolklore — definicja i zakres	1	556	Disinfolklore	Disinfolklore
420	D2	heading	IICzym jest Disinfolklore — definicja i zakres	2	807	Wojna informacyjna	Information warfare
420	D2	heading	IICzym jest Disinfolklore — definicja i zakres	3	806	Dezinformacja	Disinformation
421	D2	heading	IIIDwanaście narzędzi metody analitycznej	1	556	Disinfolklore	Disinfolklore
421	D2	heading	IIIDwanaście narzędzi metody analitycznej	2	823	Memy polityczne	Political memes
421	D2	heading	IIIDwanaście narzędzi metody analitycznej	3	822	Archetypy narracyjne	Narrative archetypes
421	D2	heading	IIIDwanaście narzędzi metody analitycznej	4	829	Manipulacja emocjonalna	Emotional manipulation
421	D2	heading	IIIDwanaście narzędzi metody analitycznej	5	821	Sieci dystrybucji propagandy	Propaganda distribution networks
422	D2	heading	Archetypal Disinfolklore Literacy	1	822	Archetypy narracyjne	Narrative archetypes
422	D2	heading	Archetypal Disinfolklore Literacy	2	824	Folklor polityczny	Political folklore
422	D2	heading	Archetypal Disinfolklore Literacy	3	556	Disinfolklore	Disinfolklore
423	D2	heading	Incoming-Outgoing Troll Radars	1	834	Higiena informacyjna	Information hygiene
423	D2	heading	Incoming-Outgoing Troll Radars	2	833	Odporność poznawcza	Cognitive resilience
424	D2	heading	Look for the Mana in the Meme!	1	829	Manipulacja emocjonalna	Emotional manipulation
424	D2	heading	Look for the Mana in the Meme!	2	823	Memy polityczne	Political memes
424	D2	heading	Look for the Mana in the Meme!	3	556	Disinfolklore	Disinfolklore
425	D2	heading	Archetypal Structures	1	822	Archetypy narracyjne	Narrative archetypes
425	D2	heading	Archetypal Structures	2	589	Przekształcanie archetypów	Re-Archetyping
425	D2	heading	Archetypal Structures	3	556	Disinfolklore	Disinfolklore
426	D2	heading	Trigger → Experience → Reaction	1	833	Odporność poznawcza	Cognitive resilience
426	D2	heading	Trigger → Experience → Reaction	2	829	Manipulacja emocjonalna	Emotional manipulation
426	D2	heading	Trigger → Experience → Reaction	3	834	Higiena informacyjna	Information hygiene
427	D2	heading	Code of Positive Trolls	1	862	Etyka analizy	Ethics of analysis
427	D2	heading	Code of Positive Trolls	2	829	Manipulacja emocjonalna	Emotional manipulation
427	D2	heading	Code of Positive Trolls	3	807	Wojna informacyjna	Information warfare
428	D2	heading	Accusation in a Mirror	1	826	Projekcja zamiarów	Projection of intentions
428	D2	heading	Accusation in a Mirror	2	806	Dezinformacja	Disinformation
429	D2	heading	Provocation Logic Cycle	1	827	Fabrykowanie pretekstów	Pretext fabrication
429	D2	heading	Provocation Logic Cycle	2	806	Dezinformacja	Disinformation
429	D2	heading	Provocation Logic Cycle	3	650	Eskalacja konfliktu	Conflict escalation
430	D2	heading	Witch Switch	1	828	Kozioł ofiarny	Scapegoating
430	D2	heading	Witch Switch	2	829	Manipulacja emocjonalna	Emotional manipulation
430	D2	heading	Witch Switch	3	805	Propaganda	Propaganda
431	D2	heading	Coercive Control	1	830	Kontrola przymusowa	Coercive control
431	D2	heading	Coercive Control	2	628	Kontrola społeczna	Social control
431	D2	heading	Coercive Control	3	829	Manipulacja emocjonalna	Emotional manipulation
432	D2	heading	Re-Archetyping	1	589	Przekształcanie archetypów	Re-Archetyping
432	D2	heading	Re-Archetyping	2	822	Archetypy narracyjne	Narrative archetypes
432	D2	heading	Re-Archetyping	3	825	Kontrnarracje	Counter-narratives
433	D2	heading	Understanding Rashist Construction	1	820	Fabryki trolli	Troll farms
433	D2	heading	Understanding Rashist Construction	2	821	Sieci dystrybucji propagandy	Propaganda distribution networks
433	D2	heading	Understanding Rashist Construction	3	805	Propaganda	Propaganda
434	D2	heading	IVTrzy archetypy: Druidy Don, Duncey Putin, Komik	1	822	Archetypy narracyjne	Narrative archetypes
434	D2	heading	IVTrzy archetypy: Druidy Don, Duncey Putin, Komik	2	805	Propaganda	Propaganda
434	D2	heading	IVTrzy archetypy: Druidy Don, Duncey Putin, Komik	3	812	Komunikacja wieloadresatowa	Multi-audience communication
435	D2	heading	Druidy Don (Trump)	1	822	Archetypy narracyjne	Narrative archetypes
435	D2	heading	Druidy Don (Trump)	2	824	Folklor polityczny	Political folklore
435	D2	heading	Druidy Don (Trump)	3	829	Manipulacja emocjonalna	Emotional manipulation
436	D2	heading	Duncey Putin	1	822	Archetypy narracyjne	Narrative archetypes
436	D2	heading	Duncey Putin	2	832	Mit niezwyciężoności	Myth of invincibility
436	D2	heading	Duncey Putin	3	805	Propaganda	Propaganda
437	D2	heading	Komik (Zełenski)	1	822	Archetypy narracyjne	Narrative archetypes
437	D2	heading	Komik (Zełenski)	2	825	Kontrnarracje	Counter-narratives
437	D2	heading	Komik (Zełenski)	3	811	Sygnalizacja strategiczna	Strategic signalling
438	D2	heading	VMana — energia w memach	1	823	Memy polityczne	Political memes
438	D2	heading	VMana — energia w memach	2	829	Manipulacja emocjonalna	Emotional manipulation
438	D2	heading	VMana — energia w memach	3	833	Odporność poznawcza	Cognitive resilience
439	D2	heading	VIAccusation in a Mirror i Provocation Logic	1	826	Projekcja zamiarów	Projection of intentions
439	D2	heading	VIAccusation in a Mirror i Provocation Logic	2	827	Fabrykowanie pretekstów	Pretext fabrication
439	D2	heading	VIAccusation in a Mirror i Provocation Logic	3	806	Dezinformacja	Disinformation
440	D2	heading	Oskarżenie w lustrze (Accusation in a Mirror)	1	826	Projekcja zamiarów	Projection of intentions
440	D2	heading	Oskarżenie w lustrze (Accusation in a Mirror)	2	805	Propaganda	Propaganda
440	D2	heading	Oskarżenie w lustrze (Accusation in a Mirror)	3	863	Wojna rosyjsko-ukraińska	Russo-Ukrainian war
441	D2	heading	Cykl logiki prowokacji (Provocation Logic Cycle)	1	827	Fabrykowanie pretekstów	Pretext fabrication
441	D2	heading	Cykl logiki prowokacji (Provocation Logic Cycle)	2	650	Eskalacja konfliktu	Conflict escalation
441	D2	heading	Cykl logiki prowokacji (Provocation Logic Cycle)	3	805	Propaganda	Propaganda
442	D2	heading	VIIWitch Switch — przełącznik czarownicy	1	828	Kozioł ofiarny	Scapegoating
442	D2	heading	VIIWitch Switch — przełącznik czarownicy	2	829	Manipulacja emocjonalna	Emotional manipulation
442	D2	heading	VIIWitch Switch — przełącznik czarownicy	3	744	Niezadowolenie społeczne	Social discontent
443	D2	heading	VIIIData Resistant Archetypes — mentalne modele oporne na fakty	1	822	Archetypy narracyjne	Narrative archetypes
443	D2	heading	VIIIData Resistant Archetypes — mentalne modele oporne na fakty	2	856	Błąd potwierdzenia	Confirmation bias
443	D2	heading	VIIIData Resistant Archetypes — mentalne modele oporne na fakty	3	833	Odporność poznawcza	Cognitive resilience
444	D2	heading	IXFinding Manuland — indoeuropejskie fundamenty	1	824	Folklor polityczny	Political folklore
444	D2	heading	IXFinding Manuland — indoeuropejskie fundamenty	2	822	Archetypy narracyjne	Narrative archetypes
444	D2	heading	IXFinding Manuland — indoeuropejskie fundamenty	3	855	Analogie historyczne	Historical analogies
445	D2	heading	Główne tezy Finding Manuland	1	824	Folklor polityczny	Political folklore
445	D2	heading	Główne tezy Finding Manuland	2	875	Tożsamość narodowa	National identity
445	D2	heading	Główne tezy Finding Manuland	3	589	Przekształcanie archetypów	Re-Archetyping
446	D2	heading	XDisinfolklore a FIMI UE — komplementarność ram	1	808	FIMI	Foreign information manipulation and interference
446	D2	heading	XDisinfolklore a FIMI UE — komplementarność ram	2	556	Disinfolklore	Disinfolklore
446	D2	heading	XDisinfolklore a FIMI UE — komplementarność ram	3	822	Archetypy narracyjne	Narrative archetypes
446	D2	heading	XDisinfolklore a FIMI UE — komplementarność ram	4	821	Sieci dystrybucji propagandy	Propaganda distribution networks
447	D2	heading	Co FIMI robi dobrze	1	808	FIMI	Foreign information manipulation and interference
447	D2	heading	Co FIMI robi dobrze	2	821	Sieci dystrybucji propagandy	Propaganda distribution networks
447	D2	heading	Co FIMI robi dobrze	3	892	Unia Europejska	European Union
448	D2	heading	Czego FIMI nie widzi — a Disinfolklore tak	1	808	FIMI	Foreign information manipulation and interference
448	D2	heading	Czego FIMI nie widzi — a Disinfolklore tak	2	823	Memy polityczne	Political memes
448	D2	heading	Czego FIMI nie widzi — a Disinfolklore tak	3	822	Archetypy narracyjne	Narrative archetypes
448	D2	heading	Czego FIMI nie widzi — a Disinfolklore tak	4	829	Manipulacja emocjonalna	Emotional manipulation
449	D2	heading	XICounter-Disinfolklore — narzędzia obrony	1	589	Przekształcanie archetypów	Re-Archetyping
449	D2	heading	XICounter-Disinfolklore — narzędzia obrony	2	833	Odporność poznawcza	Cognitive resilience
449	D2	heading	XICounter-Disinfolklore — narzędzia obrony	3	556	Disinfolklore	Disinfolklore
450	D2	heading	XIIWnioski i kierunki dalszych badań	1	858	Walidacja empiryczna	Empirical validation
450	D2	heading	XIIWnioski i kierunki dalszych badań	2	589	Przekształcanie archetypów	Re-Archetyping
450	D2	heading	XIIWnioski i kierunki dalszych badań	3	556	Disinfolklore	Disinfolklore
451	D3	heading	Disinfolklore: SWOT,Advocatus Diaboli,Przesłuchanie	1	556	Disinfolklore	Disinfolklore
451	D3	heading	Disinfolklore: SWOT,Advocatus Diaboli,Przesłuchanie	2	861	Analiza SWOT	SWOT analysis
451	D3	heading	Disinfolklore: SWOT,Advocatus Diaboli,Przesłuchanie	3	860	Steelmanning	Steelmanning
451	D3	heading	Disinfolklore: SWOT,Advocatus Diaboli,Przesłuchanie	4	857	Falsyfikowalność	Falsifiability
452	D3	heading	Analiza SWOT	1	861	Analiza SWOT	SWOT analysis
452	D3	heading	Analiza SWOT	2	556	Disinfolklore	Disinfolklore
453	D3	heading	Strengths — Siły	1	825	Kontrnarracje	Counter-narratives
453	D3	heading	Strengths — Siły	2	556	Disinfolklore	Disinfolklore
453	D3	heading	Strengths — Siły	3	861	Analiza SWOT	SWOT analysis
454	D3	heading	Weaknesses — Słabości	1	858	Walidacja empiryczna	Empirical validation
454	D3	heading	Weaknesses — Słabości	2	859	Powtarzalność analizy	Analytical reproducibility
454	D3	heading	Weaknesses — Słabości	3	556	Disinfolklore	Disinfolklore
455	D3	heading	Opportunities — Szanse	1	556	Disinfolklore	Disinfolklore
455	D3	heading	Opportunities — Szanse	2	807	Wojna informacyjna	Information warfare
455	D3	heading	Opportunities — Szanse	3	833	Odporność poznawcza	Cognitive resilience
456	D3	heading	Threats — Zagrożenia	1	862	Etyka analizy	Ethics of analysis
456	D3	heading	Threats — Zagrożenia	2	857	Falsyfikowalność	Falsifiability
456	D3	heading	Threats — Zagrożenia	3	556	Disinfolklore	Disinfolklore
457	D3	heading	Synteza strategiczna	1	858	Walidacja empiryczna	Empirical validation
457	D3	heading	Synteza strategiczna	2	859	Powtarzalność analizy	Analytical reproducibility
457	D3	heading	Synteza strategiczna	3	556	Disinfolklore	Disinfolklore
458	D3	heading	Advocatus Diaboli	1	862	Etyka analizy	Ethics of analysis
458	D3	heading	Advocatus Diaboli	2	556	Disinfolklore	Disinfolklore
458	D3	heading	Advocatus Diaboli	3	860	Steelmanning	Steelmanning
459	D3	heading	Jeśli archetypowanie jest bronią — to czy re-archetypowanie nie jest tą samą bronią z odwróconym ostrzem?	1	589	Przekształcanie archetypów	Re-Archetyping
459	D3	heading	Jeśli archetypowanie jest bronią — to czy re-archetypowanie nie jest tą samą bronią z odwróconym ostrzem?	2	829	Manipulacja emocjonalna	Emotional manipulation
459	D3	heading	Jeśli archetypowanie jest bronią — to czy re-archetypowanie nie jest tą samą bronią z odwróconym ostrzem?	3	862	Etyka analizy	Ethics of analysis
460	D3	heading	Obserwator w polu bitwy: czy można badać zaklęcia, nie będąc samemu zaczarowanym?	1	862	Etyka analizy	Ethics of analysis
460	D3	heading	Obserwator w polu bitwy: czy można badać zaklęcia, nie będąc samemu zaczarowanym?	2	807	Wojna informacyjna	Information warfare
460	D3	heading	Obserwator w polu bitwy: czy można badać zaklęcia, nie będąc samemu zaczarowanym?	3	856	Błąd potwierdzenia	Confirmation bias
461	D3	heading	Mana: czy pojęcie niefalsyfikowalne zachowuje moc analityczną?	1	857	Falsyfikowalność	Falsifiability
461	D3	heading	Mana: czy pojęcie niefalsyfikowalne zachowuje moc analityczną?	2	858	Walidacja empiryczna	Empirical validation
461	D3	heading	Mana: czy pojęcie niefalsyfikowalne zachowuje moc analityczną?	3	556	Disinfolklore	Disinfolklore
462	D3	heading	Czy twierdzenie „Ukraina to cywilizacja źródłowa Zachodu" nie jest samo w sobie aktem Disinfolklore?	1	589	Przekształcanie archetypów	Re-Archetyping
462	D3	heading	Czy twierdzenie „Ukraina to cywilizacja źródłowa Zachodu" nie jest samo w sobie aktem Disinfolklore?	2	805	Propaganda	Propaganda
462	D3	heading	Czy twierdzenie „Ukraina to cywilizacja źródłowa Zachodu" nie jest samo w sobie aktem Disinfolklore?	3	862	Etyka analizy	Ethics of analysis
463	D3	heading	Indoeuropocentryzm jako ślepy punkt: co z umysłami, które ukształtowały inne matryce?	1	822	Archetypy narracyjne	Narrative archetypes
463	D3	heading	Indoeuropocentryzm jako ślepy punkt: co z umysłami, które ukształtowały inne matryce?	2	824	Folklor polityczny	Political folklore
463	D3	heading	Indoeuropocentryzm jako ślepy punkt: co z umysłami, które ukształtowały inne matryce?	3	858	Walidacja empiryczna	Empirical validation
464	D3	heading	Problem skali: 1,5 miliona słów vs. 15-sekundowy TikTok. Czy antywirusem na snajpera jest encyklopedia?	1	367	Przeciążenie informacyjne	information overload
464	D3	heading	Problem skali: 1,5 miliona słów vs. 15-sekundowy TikTok. Czy antywirusem na snajpera jest encyklopedia?	2	833	Odporność poznawcza	Cognitive resilience
464	D3	heading	Problem skali: 1,5 miliona słów vs. 15-sekundowy TikTok. Czy antywirusem na snajpera jest encyklopedia?	3	556	Disinfolklore	Disinfolklore
465	D3	heading	Granica między narzędziem a systemem wierzeń: kiedy analityk staje się kapłanem?	1	857	Falsyfikowalność	Falsifiability
465	D3	heading	Granica między narzędziem a systemem wierzeń: kiedy analityk staje się kapłanem?	2	856	Błąd potwierdzenia	Confirmation bias
465	D3	heading	Granica między narzędziem a systemem wierzeń: kiedy analityk staje się kapłanem?	3	556	Disinfolklore	Disinfolklore
466	D3	heading	Czy demokratyczna broń może przetrwać kontakt z demokratycznym wyborcą?	1	833	Odporność poznawcza	Cognitive resilience
466	D3	heading	Czy demokratyczna broń może przetrwać kontakt z demokratycznym wyborcą?	2	367	Przeciążenie informacyjne	information overload
466	D3	heading	Czy demokratyczna broń może przetrwać kontakt z demokratycznym wyborcą?	3	834	Higiena informacyjna	Information hygiene
467	D3	heading	Fabuła o trzech postaciach: czy redukcja geopolityki do bajki nie jest formą tego, co Pan krytykuje?	1	822	Archetypy narracyjne	Narrative archetypes
467	D3	heading	Fabuła o trzech postaciach: czy redukcja geopolityki do bajki nie jest formą tego, co Pan krytykuje?	2	805	Propaganda	Propaganda
467	D3	heading	Fabuła o trzech postaciach: czy redukcja geopolityki do bajki nie jest formą tego, co Pan krytykuje?	3	856	Błąd potwierdzenia	Confirmation bias
468	D3	heading	Ostateczna aporia: czy można zbudować post-narracyjne narzędzie wyłącznie z narracji?	1	822	Archetypy narracyjne	Narrative archetypes
468	D3	heading	Ostateczna aporia: czy można zbudować post-narracyjne narzędzie wyłącznie z narracji?	2	825	Kontrnarracje	Counter-narratives
468	D3	heading	Ostateczna aporia: czy można zbudować post-narracyjne narzędzie wyłącznie z narracji?	3	556	Disinfolklore	Disinfolklore
469	D3	heading	Przesłuchanie informacyjne biegłegow trybie art. 278 i nast. k.p.c.	1	859	Powtarzalność analizy	Analytical reproducibility
469	D3	heading	Przesłuchanie informacyjne biegłegow trybie art. 278 i nast. k.p.c.	2	857	Falsyfikowalność	Falsifiability
469	D3	heading	Przesłuchanie informacyjne biegłegow trybie art. 278 i nast. k.p.c.	3	858	Walidacja empiryczna	Empirical validation
469	D3	heading	Przesłuchanie informacyjne biegłegow trybie art. 278 i nast. k.p.c.	4	556	Disinfolklore	Disinfolklore
470	D3	heading	Panie biegły, proszę wskazać, w jakim recenzowanym piśmie naukowym opublikował Pan pełny opis metody Disinfolklore, wraz z recenzjami zewnętrznymi.	1	858	Walidacja empiryczna	Empirical validation
470	D3	heading	Panie biegły, proszę wskazać, w jakim recenzowanym piśmie naukowym opublikował Pan pełny opis metody Disinfolklore, wraz z recenzjami zewnętrznymi.	2	556	Disinfolklore	Disinfolklore
471	D3	heading	Czy dwóch niezależnych analityków, stosujących Pana dwunastoelementowy algorytm do tego samego memu, dojdzie do identycznej konkluzji co do jego klasyfikacji jako Disinfolklore?	1	859	Powtarzalność analizy	Analytical reproducibility
471	D3	heading	Czy dwóch niezależnych analityków, stosujących Pana dwunastoelementowy algorytm do tego samego memu, dojdzie do identycznej konkluzji co do jego klasyfikacji jako Disinfolklore?	2	858	Walidacja empiryczna	Empirical validation
472	D3	heading	Panie biegły, Pan posługuje się pojęciem „mana" jako kluczowym wskaźnikiem analitycznym. Proszę wskazać, jaki wynik empiryczny sfalsyfikowałby twierdzenie, że dany mem „zawiera silną manę".	1	857	Falsyfikowalność	Falsifiability
472	D3	heading	Panie biegły, Pan posługuje się pojęciem „mana" jako kluczowym wskaźnikiem analitycznym. Proszę wskazać, jaki wynik empiryczny sfalsyfikowałby twierdzenie, że dany mem „zawiera silną manę".	2	858	Walidacja empiryczna	Empirical validation
472	D3	heading	Panie biegły, Pan posługuje się pojęciem „mana" jako kluczowym wskaźnikiem analitycznym. Proszę wskazać, jaki wynik empiryczny sfalsyfikowałby twierdzenie, że dany mem „zawiera silną manę".	3	556	Disinfolklore	Disinfolklore
473	D3	heading	Pana wykształcenie formalne i doświadczenie zawodowe to dyplomacja i mediacja w kontekście OBWE. Proszę wskazać Pana kwalifikacje w zakresie lingwistyki porównawczej, folklorystyki, psychologii poznawczej i archeogenetyki — dyscyplin, na których opiera Pan swoją metodę.	1	858	Walidacja empiryczna	Empirical validation
473	D3	heading	Pana wykształcenie formalne i doświadczenie zawodowe to dyplomacja i mediacja w kontekście OBWE. Proszę wskazać Pana kwalifikacje w zakresie lingwistyki porównawczej, folklorystyki, psychologii poznawczej i archeogenetyki — dyscyplin, na których opiera Pan swoją metodę.	2	862	Etyka analizy	Ethics of analysis
473	D3	heading	Pana wykształcenie formalne i doświadczenie zawodowe to dyplomacja i mediacja w kontekście OBWE. Proszę wskazać Pana kwalifikacje w zakresie lingwistyki porównawczej, folklorystyki, psychologii poznawczej i archeogenetyki — dyscyplin, na których opiera Pan swoją metodę.	3	556	Disinfolklore	Disinfolklore
474	D3	heading	Pan jest publicznie zaangażowanym obrońcą sprawy ukraińskiej. Prowadzi Pan fundację Volya, współpracuje z NAFO, określa Rosję terminem „Ruschia". Jak Pan zapewnia sąd o swojej bezstronności jako biegłego w sprawie, w której jedną ze stron jest podmiot powiązany z Federacją Rosyjską?	1	862	Etyka analizy	Ethics of analysis
474	D3	heading	Pan jest publicznie zaangażowanym obrońcą sprawy ukraińskiej. Prowadzi Pan fundację Volya, współpracuje z NAFO, określa Rosję terminem „Ruschia". Jak Pan zapewnia sąd o swojej bezstronności jako biegłego w sprawie, w której jedną ze stron jest podmiot powiązany z Federacją Rosyjską?	2	856	Błąd potwierdzenia	Confirmation bias
474	D3	heading	Pan jest publicznie zaangażowanym obrońcą sprawy ukraińskiej. Prowadzi Pan fundację Volya, współpracuje z NAFO, określa Rosję terminem „Ruschia". Jak Pan zapewnia sąd o swojej bezstronności jako biegłego w sprawie, w której jedną ze stron jest podmiot powiązany z Federacją Rosyjską?	3	863	Wojna rosyjsko-ukraińska	Russo-Ukrainian war
475	D3	heading	Proszę podać precyzyjną, operacyjną definicję pojęcia „archetyp" w Pana metodzie, odróżniającą je od definicji Junga, Campbella i Proppa — na tyle ścisłą, by dwóch prawników mogło niezależnie zastosować ją do tego samego stanu faktycznego.	1	822	Archetypy narracyjne	Narrative archetypes
475	D3	heading	Proszę podać precyzyjną, operacyjną definicję pojęcia „archetyp" w Pana metodzie, odróżniającą je od definicji Junga, Campbella i Proppa — na tyle ścisłą, by dwóch prawników mogło niezależnie zastosować ją do tego samego stanu faktycznego.	2	859	Powtarzalność analizy	Analytical reproducibility
475	D3	heading	Proszę podać precyzyjną, operacyjną definicję pojęcia „archetyp" w Pana metodzie, odróżniającą je od definicji Junga, Campbella i Proppa — na tyle ścisłą, by dwóch prawników mogło niezależnie zastosować ją do tego samego stanu faktycznego.	3	858	Walidacja empiryczna	Empirical validation
476	D3	heading	Czy Pan dysponuje danymi empirycznymi — w formie badań eksperymentalnych, quasi-eksperymentalnych lub choćby studium przypadku z grupą kontrolną — potwierdzającymi, że zastosowanie metody Disinfolklore zwiększa odporność odbiorców na dezinformację?	1	858	Walidacja empiryczna	Empirical validation
476	D3	heading	Czy Pan dysponuje danymi empirycznymi — w formie badań eksperymentalnych, quasi-eksperymentalnych lub choćby studium przypadku z grupą kontrolną — potwierdzającymi, że zastosowanie metody Disinfolklore zwiększa odporność odbiorców na dezinformację?	2	833	Odporność poznawcza	Cognitive resilience
477	D3	heading	Pan twierdzi, że dźwięk M-N stanowi „najistotniejsze odkrycie w lingwistyce indoeuropejskiej od czasów de Saussure'a". Proszę wskazać, ilu profesorów lingwistyki indoeuropejskiej — choćby jeden — publicznie poparło to twierdzenie.	1	858	Walidacja empiryczna	Empirical validation
477	D3	heading	Pan twierdzi, że dźwięk M-N stanowi „najistotniejsze odkrycie w lingwistyce indoeuropejskiej od czasów de Saussure'a". Proszę wskazać, ilu profesorów lingwistyki indoeuropejskiej — choćby jeden — publicznie poparło to twierdzenie.	2	824	Folklor polityczny	Political folklore
477	D3	heading	Pan twierdzi, że dźwięk M-N stanowi „najistotniejsze odkrycie w lingwistyce indoeuropejskiej od czasów de Saussure'a". Proszę wskazać, ilu profesorów lingwistyki indoeuropejskiej — choćby jeden — publicznie poparło to twierdzenie.	3	556	Disinfolklore	Disinfolklore
478	D3	heading	Proszę wskazać konkretny przypadek, w którym Pana metoda dałaby wynik fałszywie pozytywny — tj. zidentyfikowałaby jako Disinfolklore komunikat, który nim nie jest.	1	858	Walidacja empiryczna	Empirical validation
478	D3	heading	Proszę wskazać konkretny przypadek, w którym Pana metoda dałaby wynik fałszywie pozytywny — tj. zidentyfikowałaby jako Disinfolklore komunikat, który nim nie jest.	2	829	Manipulacja emocjonalna	Emotional manipulation
478	D3	heading	Proszę wskazać konkretny przypadek, w którym Pana metoda dałaby wynik fałszywie pozytywny — tj. zidentyfikowałaby jako Disinfolklore komunikat, który nim nie jest.	3	556	Disinfolklore	Disinfolklore
479	D3	heading	Pan twierdzi, że „Accusation in a Mirror" jest strukturą wspólną dla wszystkich ludobójstw — sprawca oskarża ofiarę o to, co sam planuje. Ale wzajemne oskarżenia są codziennością polityki. Proszę podać precyzyjne kryterium, na podstawie którego sąd mógłby odróżnić autentyczne oskarżenie od „Accusation in a Mirror".	1	826	Projekcja zamiarów	Projection of intentions
479	D3	heading	Pan twierdzi, że „Accusation in a Mirror" jest strukturą wspólną dla wszystkich ludobójstw — sprawca oskarża ofiarę o to, co sam planuje. Ale wzajemne oskarżenia są codziennością polityki. Proszę podać precyzyjne kryterium, na podstawie którego sąd mógłby odróżnić autentyczne oskarżenie od „Accusation in a Mirror".	2	858	Walidacja empiryczna	Empirical validation
479	D3	heading	Pan twierdzi, że „Accusation in a Mirror" jest strukturą wspólną dla wszystkich ludobójstw — sprawca oskarża ofiarę o to, co sam planuje. Ale wzajemne oskarżenia są codziennością polityki. Proszę podać precyzyjne kryterium, na podstawie którego sąd mógłby odróżnić autentyczne oskarżenie od „Accusation in a Mirror".	3	806	Dezinformacja	Disinformation
480	D3	heading	W jakim typie postępowania cywilnego — o ochronę dóbr osobistych, o naruszenie praw autorskich, o zadośćuczynienie — Pana metoda miałaby walor dowodowy? Proszę wskazać konkretny przepis k.c. lub k.p.c., który dopuszczałby opinię opartą na tej metodzie.	1	858	Walidacja empiryczna	Empirical validation
480	D3	heading	W jakim typie postępowania cywilnego — o ochronę dóbr osobistych, o naruszenie praw autorskich, o zadośćuczynienie — Pana metoda miałaby walor dowodowy? Proszę wskazać konkretny przepis k.c. lub k.p.c., który dopuszczałby opinię opartą na tej metodzie.	2	862	Etyka analizy	Ethics of analysis
480	D3	heading	W jakim typie postępowania cywilnego — o ochronę dóbr osobistych, o naruszenie praw autorskich, o zadośćuczynienie — Pana metoda miałaby walor dowodowy? Proszę wskazać konkretny przepis k.c. lub k.p.c., który dopuszczałby opinię opartą na tej metodzie.	3	556	Disinfolklore	Disinfolklore
481	D3	heading	Panie biegły, ostatnie pytanie: czy Pan, jako twórca tej metody, jest w stanie wskazać warunki, w których sam uznałby ją za obaloną?	1	857	Falsyfikowalność	Falsifiability
481	D3	heading	Panie biegły, ostatnie pytanie: czy Pan, jako twórca tej metody, jest w stanie wskazać warunki, w których sam uznałby ją za obaloną?	2	858	Walidacja empiryczna	Empirical validation
481	D3	heading	Panie biegły, ostatnie pytanie: czy Pan, jako twórca tej metody, jest w stanie wskazać warunki, w których sam uznałby ją za obaloną?	3	556	Disinfolklore	Disinfolklore
482	D4	heading	☠️ Taksonomia rosyjskiego samobójstwa	1	630	Podejrzane zgony elit	Suspicious elite deaths
482	D4	heading	☠️ Taksonomia rosyjskiego samobójstwa	2	852	Wnioskowanie przy niepełnych danych	Inference under incomplete information
482	D4	heading	☠️ Taksonomia rosyjskiego samobójstwa	3	853	OSINT	Open-source intelligence
483	D4	heading	I. Defenestracja (upadek z okna)	1	630	Podejrzane zgony elit	Suspicious elite deaths
483	D4	heading	I. Defenestracja (upadek z okna)	2	623	Oligarchowie	Oligarchs
483	D4	heading	I. Defenestracja (upadek z okna)	3	626	Biurokracja	Bureaucracy
484	D4	heading	II. Broń palna	1	630	Podejrzane zgony elit	Suspicious elite deaths
484	D4	heading	II. Broń palna	2	852	Wnioskowanie przy niepełnych danych	Inference under incomplete information
485	D4	heading	III. Powieszenie / uduszenie	1	630	Podejrzane zgony elit	Suspicious elite deaths
485	D4	heading	III. Powieszenie / uduszenie	2	623	Oligarchowie	Oligarchs
485	D4	heading	III. Powieszenie / uduszenie	3	626	Biurokracja	Bureaucracy
486	D4	heading	IV. Utonięcie / upadek z jednostki pływającej	1	630	Podejrzane zgony elit	Suspicious elite deaths
487	D4	heading	V. Nagły zawał / „ostre niewydolności"	1	630	Podejrzane zgony elit	Suspicious elite deaths
487	D4	heading	V. Nagły zawał / „ostre niewydolności"	2	852	Wnioskowanie przy niepełnych danych	Inference under incomplete information
488	D4	heading	VI. Trucizny i substancje egzotyczne	1	630	Podejrzane zgony elit	Suspicious elite deaths
488	D4	heading	VI. Trucizny i substancje egzotyczne	2	631	Zabójstwa polityczne	Political assassinations
488	D4	heading	VI. Trucizny i substancje egzotyczne	3	627	Represje polityczne	Political repression
489	D4	heading	VII. Śmierć w więzieniu / kolonii karnej	1	630	Podejrzane zgony elit	Suspicious elite deaths
489	D4	heading	VII. Śmierć w więzieniu / kolonii karnej	2	632	Więźniowie polityczni	Political prisoners
489	D4	heading	VII. Śmierć w więzieniu / kolonii karnej	3	627	Represje polityczne	Political repression
489	D4	heading	VII. Śmierć w więzieniu / kolonii karnej	4	816	Ukrywanie danych	Data suppression
490	D4	heading	VIII. Znaleziony martwy (bez wyjaśnienia)	1	630	Podejrzane zgony elit	Suspicious elite deaths
490	D4	heading	VIII. Znaleziony martwy (bez wyjaśnienia)	2	815	Przemilczenia	Omissions
490	D4	heading	VIII. Znaleziony martwy (bez wyjaśnienia)	3	852	Wnioskowanie przy niepełnych danych	Inference under incomplete information
491	D4	heading	IX. Katastrofa lotnicza (cel = grupa)	1	630	Podejrzane zgony elit	Suspicious elite deaths
491	D4	heading	IX. Katastrofa lotnicza (cel = grupa)	2	631	Zabójstwa polityczne	Political assassinations
491	D4	heading	IX. Katastrofa lotnicza (cel = grupa)	3	690	Lotnictwo cywilne	Civil aviation
492	D4	heading	X. Dekapitacja	1	630	Podejrzane zgony elit	Suspicious elite deaths
492	D4	heading	X. Dekapitacja	2	631	Zabójstwa polityczne	Political assassinations
493	D4	heading	XI. Metoda podwójna (combo)	1	630	Podejrzane zgony elit	Suspicious elite deaths
493	D4	heading	XI. Metoda podwójna (combo)	2	852	Wnioskowanie przy niepełnych danych	Inference under incomplete information
493	D4	heading	XI. Metoda podwójna (combo)	3	858	Walidacja empiryczna	Empirical validation
494	D4	heading	XII. Metaanaliza — co mówi taksonomia	1	630	Podejrzane zgony elit	Suspicious elite deaths
494	D4	heading	XII. Metaanaliza — co mówi taksonomia	2	851	Wskaźniki wyprzedzające	Leading indicators
494	D4	heading	XII. Metaanaliza — co mówi taksonomia	3	403	Rozpoznawanie wzorców	pattern recognition
495	D5	heading	🐀 Putin — cornered animal edition (v3)	1	629	Przetrwanie polityczne	Political survival
495	D5	heading	🐀 Putin — cornered animal edition (v3)	2	607	Dyktatura personalistyczna	Personalist dictatorship
495	D5	heading	🐀 Putin — cornered animal edition (v3)	3	559	Asymetria opcji strategicznych	asymmetry of optionality
495	D5	heading	🐀 Putin — cornered animal edition (v3)	4	836	Style decyzyjne	Decision-making styles
496	D5	heading	0. Dlaczego to nie jest pytanie o pieniądze	1	629	Przetrwanie polityczne	Political survival
496	D5	heading	0. Dlaczego to nie jest pytanie o pieniądze	2	607	Dyktatura personalistyczna	Personalist dictatorship
496	D5	heading	0. Dlaczego to nie jest pytanie o pieniądze	3	652	Zamrożenie konfliktu	Frozen conflict
496	D5	heading	0. Dlaczego to nie jest pytanie o pieniądze	4	653	Negocjacje pokojowe	Peace negotiations
497	D5	heading	I. Co mu realnie zostaje (po wszystkich korektach)	1	708	Dochody surowcowe	Resource revenues
497	D5	heading	I. Co mu realnie zostaje (po wszystkich korektach)	2	709	Obciążenia podatkowe	Tax burden
497	D5	heading	I. Co mu realnie zostaje (po wszystkich korektach)	3	710	Rezerwy walutowe	Foreign exchange reserves
497	D5	heading	I. Co mu realnie zostaje (po wszystkich korektach)	4	890	Zależność Rosji od Chin	Russia's dependence on China
498	D5	heading	II. Co nie działa (skreślone)	1	713	Zamrożone aktywa	Frozen assets
498	D5	heading	II. Co nie działa (skreślone)	2	724	Dewaluacja rubla	Rouble devaluation
498	D5	heading	II. Co nie działa (skreślone)	3	721	Dodruk pieniądza	Money creation
498	D5	heading	II. Co nie działa (skreślone)	4	715	Kryzys bankowy	Banking crisis
498	D5	heading	II. Co nie działa (skreślone)	5	559	Asymetria opcji strategicznych	asymmetry of optionality
499	D5	heading	III. Ukryty majątek — $1 bln dark money	1	714	Majątek offshore	Offshore wealth
499	D5	heading	III. Ukryty majątek — $1 bln dark money	2	713	Zamrożone aktywa	Frozen assets
499	D5	heading	III. Ukryty majątek — $1 bln dark money	3	807	Wojna informacyjna	Information warfare
500	D5	heading	IV. Cornered animal — scenariusze desperacji	1	559	Asymetria opcji strategicznych	asymmetry of optionality
500	D5	heading	IV. Cornered animal — scenariusze desperacji	2	650	Eskalacja konfliktu	Conflict escalation
500	D5	heading	IV. Cornered animal — scenariusze desperacji	3	653	Negocjacje pokojowe	Peace negotiations
500	D5	heading	IV. Cornered animal — scenariusze desperacji	4	629	Przetrwanie polityczne	Political survival
501	D5	heading	V. Kluczowe pytanie: kiedy elity odłączą się od Putina?	1	620	Lojalność elit	Elite loyalty
501	D5	heading	V. Kluczowe pytanie: kiedy elity odłączą się od Putina?	2	621	Rozłam elit	Elite splits
501	D5	heading	V. Kluczowe pytanie: kiedy elity odłączą się od Putina?	3	619	Przewrót pałacowy	Palace coup
501	D5	heading	V. Kluczowe pytanie: kiedy elity odłączą się od Putina?	4	629	Przetrwanie polityczne	Political survival
502	D5	heading	Synteza v3: Projekt życia mu nie wyszedł	1	559	Asymetria opcji strategicznych	asymmetry of optionality
502	D5	heading	Synteza v3: Projekt życia mu nie wyszedł	2	629	Przetrwanie polityczne	Political survival
502	D5	heading	Synteza v3: Projekt życia mu nie wyszedł	3	836	Style decyzyjne	Decision-making styles
503	D6	heading	Jałta 3.0	1	555	Hanza 2.0	Hanseatic League 2.0
503	D6	heading	Jałta 3.0	2	873	Rozpad Iranu	Disintegration of Iran
503	D6	heading	Jałta 3.0	3	869	Kaukaz Południowy	South Caucasus
503	D6	heading	Jałta 3.0	4	889	Zbieżność interesów	Convergence of interests
503	D6	heading	Jałta 3.0	5	872	Zatoka Perska	Persian Gulf
504	D6	heading	Spis treści	1	555	Hanza 2.0	Hanseatic League 2.0
504	D6	heading	Spis treści	2	849	Analiza scenariuszowa	Scenario analysis
505	D6	heading	1. Wizja — Synteza	1	873	Rozpad Iranu	Disintegration of Iran
505	D6	heading	1. Wizja — Synteza	2	888	Korytarze transportowe	Transport corridors
505	D6	heading	1. Wizja — Synteza	3	555	Hanza 2.0	Hanseatic League 2.0
506	D6	heading	Filary wizji	1	873	Rozpad Iranu	Disintegration of Iran
506	D6	heading	Filary wizji	2	889	Zbieżność interesów	Convergence of interests
506	D6	heading	Filary wizji	3	734	Inwestycje infrastrukturalne	Infrastructure investment
506	D6	heading	Filary wizji	4	555	Hanza 2.0	Hanseatic League 2.0
507	D6	heading	2. Koncepcja operacyjna	1	888	Korytarze transportowe	Transport corridors
507	D6	heading	2. Koncepcja operacyjna	2	881	Interwencja zbrojna	Military intervention
507	D6	heading	2. Koncepcja operacyjna	3	869	Kaukaz Południowy	South Caucasus
508	D6	heading	2.1 Rzeka Aras — klucz do operacji azerskiej	1	869	Kaukaz Południowy	South Caucasus
508	D6	heading	2.1 Rzeka Aras — klucz do operacji azerskiej	2	888	Korytarze transportowe	Transport corridors
508	D6	heading	2.1 Rzeka Aras — klucz do operacji azerskiej	3	756	Niedobór wody	Water scarcity
509	D6	heading	2.2 Pas 30 km — logika operacyjna	1	888	Korytarze transportowe	Transport corridors
509	D6	heading	2.2 Pas 30 km — logika operacyjna	2	881	Interwencja zbrojna	Military intervention
509	D6	heading	2.2 Pas 30 km — logika operacyjna	3	882	Rozszerzanie zakresu interwencji	Mission creep
510	D6	heading	2.3 Zagros — domena kurdyjska	1	874	Kwestia kurdyjska	Kurdish question
510	D6	heading	2.3 Zagros — domena kurdyjska	2	873	Rozpad Iranu	Disintegration of Iran
510	D6	heading	2.3 Zagros — domena kurdyjska	3	613	Separatyzm	Separatism
511	D6	heading	2.4 Wielki deal — Władywostok za Kaukaz	1	870	Rosyjski Daleki Wschód	Russian Far East
511	D6	heading	2.4 Wielki deal — Władywostok za Kaukaz	2	869	Kaukaz Południowy	South Caucasus
511	D6	heading	2.4 Wielki deal — Władywostok za Kaukaz	3	811	Sygnalizacja strategiczna	Strategic signalling
511	D6	heading	2.4 Wielki deal — Władywostok za Kaukaz	4	887	Strefy wpływów	Spheres of influence
511	D6	heading	2.4 Wielki deal — Władywostok za Kaukaz	5	890	Zależność Rosji od Chin	Russia's dependence on China
512	D6	heading	2.5 Model końcowy — Hanza 2.0	1	555	Hanza 2.0	Hanseatic League 2.0
512	D6	heading	2.5 Model końcowy — Hanza 2.0	2	883	Sojusze regionalne	Regional alliances
512	D6	heading	2.5 Model końcowy — Hanza 2.0	3	888	Korytarze transportowe	Transport corridors
512	D6	heading	2.5 Model końcowy — Hanza 2.0	4	886	Autonomia strategiczna	Strategic autonomy
513	D6	heading	3. Mapa driverów — aktor po aktorze	1	889	Zbieżność interesów	Convergence of interests
513	D6	heading	3. Mapa driverów — aktor po aktorze	2	883	Sojusze regionalne	Regional alliances
513	D6	heading	3. Mapa driverów — aktor po aktorze	3	849	Analiza scenariuszowa	Scenario analysis
514	D6	heading	4. Analizy przeprowadzone	1	860	Steelmanning	Steelmanning
514	D6	heading	4. Analizy przeprowadzone	2	873	Rozpad Iranu	Disintegration of Iran
514	D6	heading	4. Analizy przeprowadzone	3	883	Sojusze regionalne	Regional alliances
514	D6	heading	4. Analizy przeprowadzone	4	849	Analiza scenariuszowa	Scenario analysis
515	D6	heading	4.1 Analiza rozpadu irańskiej państwowości	1	873	Rozpad Iranu	Disintegration of Iran
515	D6	heading	4.1 Analiza rozpadu irańskiej państwowości	2	604	Ciągłość państwowości	Continuity of statehood
515	D6	heading	4.1 Analiza rozpadu irańskiej państwowości	3	605	Zmiana reżimu	Regime change
515	D6	heading	4.1 Analiza rozpadu irańskiej państwowości	4	860	Steelmanning	Steelmanning
516	D6	heading	Argumenty za rozpoczęciem rozpadu	1	873	Rozpad Iranu	Disintegration of Iran
516	D6	heading	Argumenty za rozpoczęciem rozpadu	2	782	Przerwy w dostawach prądu	Power outages
516	D6	heading	Argumenty za rozpoczęciem rozpadu	3	618	Sukcesja władzy	Political succession
516	D6	heading	Argumenty za rozpoczęciem rozpadu	4	615	Monopol na przemoc	Monopoly on violence
516	D6	heading	Argumenty za rozpoczęciem rozpadu	5	840	Progi krytyczne	Critical thresholds
517	D6	heading	Argumenty przeciw	1	604	Ciągłość państwowości	Continuity of statehood
517	D6	heading	Argumenty przeciw	2	626	Biurokracja	Bureaucracy
517	D6	heading	Argumenty przeciw	3	875	Tożsamość narodowa	National identity
517	D6	heading	Argumenty przeciw	4	860	Steelmanning	Steelmanning
518	D6	heading	4.2 Analiza utraty aury strachu przez IRGC	1	832	Mit niezwyciężoności	Myth of invincibility
518	D6	heading	4.2 Analiza utraty aury strachu przez IRGC	2	615	Monopol na przemoc	Monopoly on violence
518	D6	heading	4.2 Analiza utraty aury strachu przez IRGC	3	814	Demonstracja siły	Show of force
518	D6	heading	4.2 Analiza utraty aury strachu przez IRGC	4	616	Legitymizacja władzy	Political legitimacy
519	D6	heading	Wnioski	1	880	Wojny zastępcze	Proxy wars
519	D6	heading	Wnioski	2	832	Mit niezwyciężoności	Myth of invincibility
519	D6	heading	Wnioski	3	814	Demonstracja siły	Show of force
519	D6	heading	Wnioski	4	679	Nieodwracalność strat	Irreversibility of losses
520	D6	heading	4.3 Analiza operacji azerskiej	1	881	Interwencja zbrojna	Military intervention
520	D6	heading	4.3 Analiza operacji azerskiej	2	888	Korytarze transportowe	Transport corridors
520	D6	heading	4.3 Analiza operacji azerskiej	3	869	Kaukaz Południowy	South Caucasus
521	D6	heading	Feasibility	1	881	Interwencja zbrojna	Military intervention
521	D6	heading	Feasibility	2	884	Gwarancje bezpieczeństwa	Security guarantees
521	D6	heading	Feasibility	3	811	Sygnalizacja strategiczna	Strategic signalling
522	D6	heading	4.4 Analiza konwergencji interesów sojuszników	1	889	Zbieżność interesów	Convergence of interests
522	D6	heading	4.4 Analiza konwergencji interesów sojuszników	2	883	Sojusze regionalne	Regional alliances
522	D6	heading	4.4 Analiza konwergencji interesów sojuszników	3	860	Steelmanning	Steelmanning
523	D6	heading	Zbieżności	1	873	Rozpad Iranu	Disintegration of Iran
523	D6	heading	Zbieżności	2	888	Korytarze transportowe	Transport corridors
523	D6	heading	Zbieżności	3	889	Zbieżność interesów	Convergence of interests
524	D6	heading	Sprzeczności	1	888	Korytarze transportowe	Transport corridors
524	D6	heading	Sprzeczności	2	874	Kwestia kurdyjska	Kurdish question
524	D6	heading	Sprzeczności	3	873	Rozpad Iranu	Disintegration of Iran
524	D6	heading	Sprzeczności	4	883	Sojusze regionalne	Regional alliances
525	D6	heading	4.5 Analiza roli Rosji	1	887	Strefy wpływów	Spheres of influence
525	D6	heading	4.5 Analiza roli Rosji	2	869	Kaukaz Południowy	South Caucasus
525	D6	heading	4.5 Analiza roli Rosji	3	559	Asymetria opcji strategicznych	asymmetry of optionality
526	D6	heading	Dlaczego Rosja się nie liczy	1	887	Strefy wpływów	Spheres of influence
526	D6	heading	Dlaczego Rosja się nie liczy	2	869	Kaukaz Południowy	South Caucasus
526	D6	heading	Dlaczego Rosja się nie liczy	3	665	Pomoc wojskowa	Military assistance
526	D6	heading	Dlaczego Rosja się nie liczy	4	863	Wojna rosyjsko-ukraińska	Russo-Ukrainian war
527	D6	heading	4.6 Analiza modelu finansowania	1	734	Inwestycje infrastrukturalne	Infrastructure investment
527	D6	heading	4.6 Analiza modelu finansowania	2	892	Unia Europejska	European Union
527	D6	heading	4.6 Analiza modelu finansowania	3	555	Hanza 2.0	Hanseatic League 2.0
528	D6	heading	Źródła kapitału	1	734	Inwestycje infrastrukturalne	Infrastructure investment
528	D6	heading	Źródła kapitału	2	888	Korytarze transportowe	Transport corridors
528	D6	heading	Źródła kapitału	3	872	Zatoka Perska	Persian Gulf
529	D6	heading	4.7 Analiza szoku jako akceleratora	1	734	Inwestycje infrastrukturalne	Infrastructure investment
529	D6	heading	4.7 Analiza szoku jako akceleratora	2	840	Progi krytyczne	Critical thresholds
529	D6	heading	4.7 Analiza szoku jako akceleratora	3	845	Inercja instytucjonalna	Institutional inertia
530	D6	heading	Precedensy historyczne	1	855	Analogie historyczne	Historical analogies
530	D6	heading	Precedensy historyczne	2	773	Szok naftowy	Oil shock
530	D6	heading	Precedensy historyczne	3	792	Dekarbonizacja	Decarbonization
531	D6	heading	5. Zidentyfikowane dziury i ryzyka	1	878	Proliferacja nuklearna	Nuclear proliferation
531	D6	heading	5. Zidentyfikowane dziury i ryzyka	2	773	Szok naftowy	Oil shock
531	D6	heading	5. Zidentyfikowane dziury i ryzyka	3	650	Eskalacja konfliktu	Conflict escalation
531	D6	heading	5. Zidentyfikowane dziury i ryzyka	4	875	Tożsamość narodowa	National identity
531	D6	heading	5. Zidentyfikowane dziury i ryzyka	5	849	Analiza scenariuszowa	Scenario analysis
532	D6	heading	RYZYKO KRYTYCZNE 1: 440 kg uranu w rozpadającym się państwie	1	879	Uran wzbogacony	Enriched uranium
532	D6	heading	RYZYKO KRYTYCZNE 1: 440 kg uranu w rozpadającym się państwie	2	878	Proliferacja nuklearna	Nuclear proliferation
532	D6	heading	RYZYKO KRYTYCZNE 1: 440 kg uranu w rozpadającym się państwie	3	649	Kontrola arsenału jądrowego	Nuclear arsenal control
532	D6	heading	RYZYKO KRYTYCZNE 1: 440 kg uranu w rozpadającym się państwie	4	873	Rozpad Iranu	Disintegration of Iran
533	D6	heading	RYZYKO KRYTYCZNE 2: Globalny szok naftowy	1	773	Szok naftowy	Oil shock
533	D6	heading	RYZYKO KRYTYCZNE 2: Globalny szok naftowy	2	888	Korytarze transportowe	Transport corridors
533	D6	heading	RYZYKO KRYTYCZNE 2: Globalny szok naftowy	3	734	Inwestycje infrastrukturalne	Infrastructure investment
533	D6	heading	RYZYKO KRYTYCZNE 2: Globalny szok naftowy	4	804	Koszty transformacji energetycznej	Energy transition costs
534	D6	heading	RYZYKO 3: Pakistan i Beludżystan	1	873	Rozpad Iranu	Disintegration of Iran
534	D6	heading	RYZYKO 3: Pakistan i Beludżystan	2	613	Separatyzm	Separatism
534	D6	heading	RYZYKO 3: Pakistan i Beludżystan	3	878	Proliferacja nuklearna	Nuclear proliferation
534	D6	heading	RYZYKO 3: Pakistan i Beludżystan	4	650	Eskalacja konfliktu	Conflict escalation
535	D6	heading	RYZYKO 4: Tożsamość irańskich Azerów	1	875	Tożsamość narodowa	National identity
535	D6	heading	RYZYKO 4: Tożsamość irańskich Azerów	2	877	Samostanowienie	Self-determination
535	D6	heading	RYZYKO 4: Tożsamość irańskich Azerów	3	611	Integralność terytorialna	Territorial integrity
536	D6	heading	RYZYKO 5: Mission creep i eskalacja	1	882	Rozszerzanie zakresu interwencji	Mission creep
536	D6	heading	RYZYKO 5: Mission creep i eskalacja	2	881	Interwencja zbrojna	Military intervention
536	D6	heading	RYZYKO 5: Mission creep i eskalacja	3	650	Eskalacja konfliktu	Conflict escalation
537	D6	heading	RYZYKO 6: Fragmentacja kurdyjska	1	874	Kwestia kurdyjska	Kurdish question
537	D6	heading	RYZYKO 6: Fragmentacja kurdyjska	2	621	Rozłam elit	Elite splits
537	D6	heading	RYZYKO 6: Fragmentacja kurdyjska	3	883	Sojusze regionalne	Regional alliances
538	D6	heading	RYZYKO 7: Sekwencja zdarzeń	1	841	Opóźnienia systemowe	System delays
538	D6	heading	RYZYKO 7: Sekwencja zdarzeń	2	849	Analiza scenariuszowa	Scenario analysis
538	D6	heading	RYZYKO 7: Sekwencja zdarzeń	3	840	Progi krytyczne	Critical thresholds
539	D6	heading	6. Werdykt końcowy	1	849	Analiza scenariuszowa	Scenario analysis
539	D6	heading	6. Werdykt końcowy	2	852	Wnioskowanie przy niepełnych danych	Inference under incomplete information
539	D6	heading	6. Werdykt końcowy	3	860	Steelmanning	Steelmanning
540	D6	heading	Ocena analityka	1	852	Wnioskowanie przy niepełnych danych	Inference under incomplete information
540	D6	heading	Ocena analityka	2	860	Steelmanning	Steelmanning
540	D6	heading	Ocena analityka	3	890	Zależność Rosji od Chin	Russia's dependence on China
540	D6	heading	Ocena analityka	4	873	Rozpad Iranu	Disintegration of Iran
541	D7	heading	Jałta 3.0	1	596	Jałta 3.0	Yalta 3.0
541	D7	heading	Jałta 3.0	2	836	Style decyzyjne	Decision-making styles
541	D7	heading	Jałta 3.0	3	875	Tożsamość narodowa	National identity
541	D7	heading	Jałta 3.0	4	848	Równowaga Nasha	Nash equilibrium
541	D7	heading	Jałta 3.0	5	837	Analiza systemowa	Systems analysis
542	D7	heading	1 Warstwa kognitywna — AuDHD jako styl decyzyjny	1	835	Neuroróżnorodność	Neurodiversity
542	D7	heading	1 Warstwa kognitywna — AuDHD jako styl decyzyjny	2	836	Style decyzyjne	Decision-making styles
543	D7	heading	Hipoteza	1	836	Style decyzyjne	Decision-making styles
543	D7	heading	Hipoteza	2	835	Neuroróżnorodność	Neurodiversity
543	D7	heading	Hipoteza	3	889	Zbieżność interesów	Convergence of interests
544	D7	heading	Trump — podręcznikowy profil ADHD	1	836	Style decyzyjne	Decision-making styles
544	D7	heading	Trump — podręcznikowy profil ADHD	2	835	Neuroróżnorodność	Neurodiversity
545	D7	heading	Aliyev — AuDHD w trybie strategicznym	1	836	Style decyzyjne	Decision-making styles
545	D7	heading	Aliyev — AuDHD w trybie strategicznym	2	835	Neuroróżnorodność	Neurodiversity
545	D7	heading	Aliyev — AuDHD w trybie strategicznym	3	403	Rozpoznawanie wzorców	pattern recognition
546	D7	heading	Izrael — państwo z AuDHD	1	836	Style decyzyjne	Decision-making styles
546	D7	heading	Izrael — państwo z AuDHD	2	835	Neuroróżnorodność	Neurodiversity
546	D7	heading	Izrael — państwo z AuDHD	3	403	Rozpoznawanie wzorców	pattern recognition
547	D7	heading	2 Warstwa tożsamościowa — trzy narody bez państwa	1	876	Narody bez państwa	Stateless nations
547	D7	heading	2 Warstwa tożsamościowa — trzy narody bez państwa	2	875	Tożsamość narodowa	National identity
547	D7	heading	2 Warstwa tożsamościowa — trzy narody bez państwa	3	877	Samostanowienie	Self-determination
548	D7	heading	Fundament koalicji	1	875	Tożsamość narodowa	National identity
548	D7	heading	Fundament koalicji	2	876	Narody bez państwa	Stateless nations
548	D7	heading	Fundament koalicji	3	883	Sojusze regionalne	Regional alliances
549	D7	heading	Wspólna cecha 1: Państwo jako projekt, nie dana	1	604	Ciągłość państwowości	Continuity of statehood
549	D7	heading	Wspólna cecha 1: Państwo jako projekt, nie dana	2	877	Samostanowienie	Self-determination
549	D7	heading	Wspólna cecha 1: Państwo jako projekt, nie dana	3	876	Narody bez państwa	Stateless nations
550	D7	heading	Wspólna cecha 2: Wzajemne rozpoznanie	1	875	Tożsamość narodowa	National identity
550	D7	heading	Wspólna cecha 2: Wzajemne rozpoznanie	2	876	Narody bez państwa	Stateless nations
550	D7	heading	Wspólna cecha 2: Wzajemne rozpoznanie	3	883	Sojusze regionalne	Regional alliances
551	D7	heading	Wspólna cecha 3: Samowystarczalność jako imperatyw przetrwania	1	885	Zależność od patrona	Dependence on a patron
551	D7	heading	Wspólna cecha 3: Samowystarczalność jako imperatyw przetrwania	2	886	Autonomia strategiczna	Strategic autonomy
551	D7	heading	Wspólna cecha 3: Samowystarczalność jako imperatyw przetrwania	3	884	Gwarancje bezpieczeństwa	Security guarantees
552	D7	heading	Trzy tysiące lat wspólnej historii	1	855	Analogie historyczne	Historical analogies
552	D7	heading	Trzy tysiące lat wspólnej historii	2	875	Tożsamość narodowa	National identity
552	D7	heading	Trzy tysiące lat wspólnej historii	3	883	Sojusze regionalne	Regional alliances
553	D7	heading	Abraham w górach Zagros	1	875	Tożsamość narodowa	National identity
553	D7	heading	Abraham w górach Zagros	2	869	Kaukaz Południowy	South Caucasus
553	D7	heading	Abraham w górach Zagros	3	824	Folklor polityczny	Political folklore
554	D7	heading	3 Warstwa paradoksu — nieufność jako stabilizator	1	886	Autonomia strategiczna	Strategic autonomy
554	D7	heading	3 Warstwa paradoksu — nieufność jako stabilizator	2	885	Zależność od patrona	Dependence on a patron
554	D7	heading	3 Warstwa paradoksu — nieufność jako stabilizator	3	884	Gwarancje bezpieczeństwa	Security guarantees
554	D7	heading	3 Warstwa paradoksu — nieufność jako stabilizator	4	844	Antykruchość	Antifragility
555	D7	heading	Teza	1	874	Kwestia kurdyjska	Kurdish question
555	D7	heading	Teza	2	886	Autonomia strategiczna	Strategic autonomy
555	D7	heading	Teza	3	884	Gwarancje bezpieczeństwa	Security guarantees
556	D7	heading	Precedensy zdrady	1	874	Kwestia kurdyjska	Kurdish question
556	D7	heading	Precedensy zdrady	2	884	Gwarancje bezpieczeństwa	Security guarantees
556	D7	heading	Precedensy zdrady	3	855	Analogie historyczne	Historical analogies
556	D7	heading	Precedensy zdrady	4	885	Zależność od patrona	Dependence on a patron
557	D7	heading	Pięć mechanizmów, przez które nieufność wzmacnia projekt	1	886	Autonomia strategiczna	Strategic autonomy
557	D7	heading	Pięć mechanizmów, przez które nieufność wzmacnia projekt	2	885	Zależność od patrona	Dependence on a patron
557	D7	heading	Pięć mechanizmów, przez które nieufność wzmacnia projekt	3	844	Antykruchość	Antifragility
558	D7	heading	Mechanizm 1: Autonomia działania	1	886	Autonomia strategiczna	Strategic autonomy
558	D7	heading	Mechanizm 1: Autonomia działania	2	885	Zależność od patrona	Dependence on a patron
558	D7	heading	Mechanizm 1: Autonomia działania	3	836	Style decyzyjne	Decision-making styles
559	D7	heading	Mechanizm 2: Struktury niepodległe od patrona	1	666	Autonomia militarna	Military autonomy
559	D7	heading	Mechanizm 2: Struktury niepodległe od patrona	2	883	Sojusze regionalne	Regional alliances
559	D7	heading	Mechanizm 2: Struktury niepodległe od patrona	3	886	Autonomia strategiczna	Strategic autonomy
559	D7	heading	Mechanizm 2: Struktury niepodległe od patrona	4	884	Gwarancje bezpieczeństwa	Security guarantees
560	D7	heading	Mechanizm 3: Uniezależnienie od attention spanu Trumpa	1	886	Autonomia strategiczna	Strategic autonomy
560	D7	heading	Mechanizm 3: Uniezależnienie od attention spanu Trumpa	2	885	Zależność od patrona	Dependence on a patron
560	D7	heading	Mechanizm 3: Uniezależnienie od attention spanu Trumpa	3	836	Style decyzyjne	Decision-making styles
561	D7	heading	Mechanizm 4: Eliminacja pułapki zależności	1	885	Zależność od patrona	Dependence on a patron
561	D7	heading	Mechanizm 4: Eliminacja pułapki zależności	2	886	Autonomia strategiczna	Strategic autonomy
561	D7	heading	Mechanizm 4: Eliminacja pułapki zależności	3	883	Sojusze regionalne	Regional alliances
562	D7	heading	Mechanizm 5: Budowa legitymacji wewnętrznej, nie zewnętrznej	1	616	Legitymizacja władzy	Political legitimacy
562	D7	heading	Mechanizm 5: Budowa legitymacji wewnętrznej, nie zewnętrznej	2	877	Samostanowienie	Self-determination
562	D7	heading	Mechanizm 5: Budowa legitymacji wewnętrznej, nie zewnętrznej	3	886	Autonomia strategiczna	Strategic autonomy
563	D7	heading	4 Warstwa matematyczna — równowagi Nasha	1	847	Teoria gier	Game theory
563	D7	heading	4 Warstwa matematyczna — równowagi Nasha	2	848	Równowaga Nasha	Nash equilibrium
563	D7	heading	4 Warstwa matematyczna — równowagi Nasha	3	889	Zbieżność interesów	Convergence of interests
564	D7	heading	Definicja	1	848	Równowaga Nasha	Nash equilibrium
564	D7	heading	Definicja	2	847	Teoria gier	Game theory
565	D7	heading	Test Nasha: trójkąt Żydzi — Azerowie — Kurdowie	1	848	Równowaga Nasha	Nash equilibrium
565	D7	heading	Test Nasha: trójkąt Żydzi — Azerowie — Kurdowie	2	883	Sojusze regionalne	Regional alliances
565	D7	heading	Test Nasha: trójkąt Żydzi — Azerowie — Kurdowie	3	889	Zbieżność interesów	Convergence of interests
566	D7	heading	Izrael defektuje?	1	848	Równowaga Nasha	Nash equilibrium
566	D7	heading	Izrael defektuje?	2	883	Sojusze regionalne	Regional alliances
566	D7	heading	Izrael defektuje?	3	889	Zbieżność interesów	Convergence of interests
567	D7	heading	Azerbejdżan defektuje?	1	848	Równowaga Nasha	Nash equilibrium
567	D7	heading	Azerbejdżan defektuje?	2	883	Sojusze regionalne	Regional alliances
567	D7	heading	Azerbejdżan defektuje?	3	874	Kwestia kurdyjska	Kurdish question
567	D7	heading	Azerbejdżan defektuje?	4	869	Kaukaz Południowy	South Caucasus
568	D7	heading	Kurdowie defektują?	1	848	Równowaga Nasha	Nash equilibrium
568	D7	heading	Kurdowie defektują?	2	874	Kwestia kurdyjska	Kurdish question
568	D7	heading	Kurdowie defektują?	3	883	Sojusze regionalne	Regional alliances
569	D7	heading	Test Nasha: czworokąt z USA	1	848	Równowaga Nasha	Nash equilibrium
569	D7	heading	Test Nasha: czworokąt z USA	2	884	Gwarancje bezpieczeństwa	Security guarantees
569	D7	heading	Test Nasha: czworokąt z USA	3	886	Autonomia strategiczna	Strategic autonomy
570	D7	heading	USA defektują?	1	848	Równowaga Nasha	Nash equilibrium
570	D7	heading	USA defektują?	2	887	Strefy wpływów	Spheres of influence
570	D7	heading	USA defektują?	3	889	Zbieżność interesów	Convergence of interests
571	D7	heading	Trójkąt defektuje wobec USA?	1	848	Równowaga Nasha	Nash equilibrium
571	D7	heading	Trójkąt defektuje wobec USA?	2	883	Sojusze regionalne	Regional alliances
571	D7	heading	Trójkąt defektuje wobec USA?	3	886	Autonomia strategiczna	Strategic autonomy
572	D7	heading	Test Nasha: pełny system	1	848	Równowaga Nasha	Nash equilibrium
572	D7	heading	Test Nasha: pełny system	2	889	Zbieżność interesów	Convergence of interests
572	D7	heading	Test Nasha: pełny system	3	883	Sojusze regionalne	Regional alliances
573	D7	heading	Turcja defektuje? → irracjonalne	1	848	Równowaga Nasha	Nash equilibrium
573	D7	heading	Turcja defektuje? → irracjonalne	2	888	Korytarze transportowe	Transport corridors
573	D7	heading	Turcja defektuje? → irracjonalne	3	887	Strefy wpływów	Spheres of influence
574	D7	heading	Armenia defektuje? → irracjonalne	1	848	Równowaga Nasha	Nash equilibrium
574	D7	heading	Armenia defektuje? → irracjonalne	2	869	Kaukaz Południowy	South Caucasus
574	D7	heading	Armenia defektuje? → irracjonalne	3	888	Korytarze transportowe	Transport corridors
575	D7	heading	UE defektuje? → irracjonalne	1	848	Równowaga Nasha	Nash equilibrium
575	D7	heading	UE defektuje? → irracjonalne	2	892	Unia Europejska	European Union
575	D7	heading	UE defektuje? → irracjonalne	3	775	Bezpieczeństwo energetyczne	Energy security
575	D7	heading	UE defektuje? → irracjonalne	4	888	Korytarze transportowe	Transport corridors
576	D7	heading	GCC defektuje? → irracjonalne	1	848	Równowaga Nasha	Nash equilibrium
576	D7	heading	GCC defektuje? → irracjonalne	2	872	Zatoka Perska	Persian Gulf
576	D7	heading	GCC defektuje? → irracjonalne	3	884	Gwarancje bezpieczeństwa	Security guarantees
577	D7	heading	Chiny defektują? → irracjonalne (jeśli deal Władywostok)	1	848	Równowaga Nasha	Nash equilibrium
577	D7	heading	Chiny defektują? → irracjonalne (jeśli deal Władywostok)	2	870	Rosyjski Daleki Wschód	Russian Far East
577	D7	heading	Chiny defektują? → irracjonalne (jeśli deal Władywostok)	3	890	Zależność Rosji od Chin	Russia's dependence on China
578	D7	heading	Trzy zagnieżdżone równowagi	1	848	Równowaga Nasha	Nash equilibrium
578	D7	heading	Trzy zagnieżdżone równowagi	2	883	Sojusze regionalne	Regional alliances
578	D7	heading	Trzy zagnieżdżone równowagi	3	837	Analiza systemowa	Systems analysis
579	D7	heading	5 Warstwa epistemologiczna — dlaczego ta analiza wygląda tak, jak wygląda	1	837	Analiza systemowa	Systems analysis
579	D7	heading	5 Warstwa epistemologiczna — dlaczego ta analiza wygląda tak, jak wygląda	2	403	Rozpoznawanie wzorców	pattern recognition
579	D7	heading	5 Warstwa epistemologiczna — dlaczego ta analiza wygląda tak, jak wygląda	3	858	Walidacja empiryczna	Empirical validation
580	D7	heading	Odwrócona metoda naukowa	1	403	Rozpoznawanie wzorców	pattern recognition
580	D7	heading	Odwrócona metoda naukowa	2	858	Walidacja empiryczna	Empirical validation
580	D7	heading	Odwrócona metoda naukowa	3	856	Błąd potwierdzenia	Confirmation bias
581	D7	heading	Synteza: dlaczego to zadziała(ć może)	1	596	Jałta 3.0	Yalta 3.0
581	D7	heading	Synteza: dlaczego to zadziała(ć może)	2	889	Zbieżność interesów	Convergence of interests
581	D7	heading	Synteza: dlaczego to zadziała(ć może)	3	848	Równowaga Nasha	Nash equilibrium
581	D7	heading	Synteza: dlaczego to zadziała(ć może)	4	837	Analiza systemowa	Systems analysis
582	D7	heading	Pięć warstw = pięć powodów	1	836	Style decyzyjne	Decision-making styles
582	D7	heading	Pięć warstw = pięć powodów	2	875	Tożsamość narodowa	National identity
582	D7	heading	Pięć warstw = pięć powodów	3	848	Równowaga Nasha	Nash equilibrium
582	D7	heading	Pięć warstw = pięć powodów	4	886	Autonomia strategiczna	Strategic autonomy
582	D7	heading	Pięć warstw = pięć powodów	5	596	Jałta 3.0	Yalta 3.0
583	D7	heading	Ostatnie zdanie	1	596	Jałta 3.0	Yalta 3.0
583	D7	heading	Ostatnie zdanie	2	889	Zbieżność interesów	Convergence of interests
583	D7	heading	Ostatnie zdanie	3	848	Równowaga Nasha	Nash equilibrium
584	E1	heading	Ropa, gaz i geopolityka	1	765	Ropa naftowa	Crude oil
584	E1	heading	Ropa, gaz i geopolityka	2	766	Gaz ziemny	Natural gas
584	E1	heading	Ropa, gaz i geopolityka	3	793	Substytucja paliw kopalnych	Fossil fuel substitution
584	E1	heading	Ropa, gaz i geopolityka	4	776	Zależność energetyczna	Energy dependence
584	E1	heading	Ropa, gaz i geopolityka	5	792	Dekarbonizacja	Decarbonization
585	E1	heading	1. Struktura globalnego popytu na ropę i gaz (2024)	1	765	Ropa naftowa	Crude oil
585	E1	heading	1. Struktura globalnego popytu na ropę i gaz (2024)	2	766	Gaz ziemny	Natural gas
585	E1	heading	1. Struktura globalnego popytu na ropę i gaz (2024)	3	794	Petrochemia	Petrochemicals
585	E1	heading	1. Struktura globalnego popytu na ropę i gaz (2024)	4	687	Transport drogowy	Road transport
585	E1	heading	1. Struktura globalnego popytu na ropę i gaz (2024)	5	783	Ciepłownictwo	District heating
586	E1	heading	1.1. Transport — podział wewnętrzny	1	687	Transport drogowy	Road transport
586	E1	heading	1.1. Transport — podział wewnętrzny	2	690	Lotnictwo cywilne	Civil aviation
586	E1	heading	1.1. Transport — podział wewnętrzny	3	688	Transport morski	Maritime transport
586	E1	heading	1.1. Transport — podział wewnętrzny	4	793	Substytucja paliw kopalnych	Fossil fuel substitution
586	E1	heading	1.1. Transport — podział wewnętrzny	5	790	Elektromobilność	Electric mobility
587	E1	heading	2. Substytucja: co można zastąpić „już teraz"?	1	793	Substytucja paliw kopalnych	Fossil fuel substitution
587	E1	heading	2. Substytucja: co można zastąpić „już teraz"?	2	784	Elektryfikacja	Electrification
587	E1	heading	2. Substytucja: co można zastąpić „już teraz"?	3	785	Odnawialne źródła energii	Renewable energy
588	E1	heading	2.1. Transport drogowy + generacja prądu i ciepła (~267 EJ, 78%)	1	790	Elektromobilność	Electric mobility
588	E1	heading	2.1. Transport drogowy + generacja prądu i ciepła (~267 EJ, 78%)	2	785	Odnawialne źródła energii	Renewable energy
588	E1	heading	2.1. Transport drogowy + generacja prądu i ciepła (~267 EJ, 78%)	3	787	Energetyka jądrowa	Nuclear energy
588	E1	heading	2.1. Transport drogowy + generacja prądu i ciepła (~267 EJ, 78%)	4	789	Pompy ciepła	Heat pumps
588	E1	heading	2.1. Transport drogowy + generacja prądu i ciepła (~267 EJ, 78%)	5	734	Inwestycje infrastrukturalne	Infrastructure investment
589	E1	heading	2.2. Surowiec do procesów przemysłowych (~35 EJ, 10%)	1	794	Petrochemia	Petrochemicals
589	E1	heading	2.2. Surowiec do procesów przemysłowych (~35 EJ, 10%)	2	793	Substytucja paliw kopalnych	Fossil fuel substitution
589	E1	heading	2.2. Surowiec do procesów przemysłowych (~35 EJ, 10%)	3	765	Ropa naftowa	Crude oil
590	E1	heading	2.3. Nawozy — szczególny przypadek feedstocku	1	760	Nawozy	Fertilizers
590	E1	heading	2.3. Nawozy — szczególny przypadek feedstocku	2	766	Gaz ziemny	Natural gas
590	E1	heading	2.3. Nawozy — szczególny przypadek feedstocku	3	673	Łańcuchy dostaw	Supply chains
591	E1	heading	3. Scenariusz Ormuz: inflacja ≠ głód	1	871	Cieśnina Ormuz	Strait of Hormuz
591	E1	heading	3. Scenariusz Ormuz: inflacja ≠ głód	2	773	Szok naftowy	Oil shock
591	E1	heading	3. Scenariusz Ormuz: inflacja ≠ głód	3	762	Bezpieczeństwo żywnościowe	Food security
591	E1	heading	3. Scenariusz Ormuz: inflacja ≠ głód	4	736	Szok podażowy	Supply shock
592	E1	heading	3.1. Kluczowa dystynkcja: szok cenowy vs. fizyczny brak	1	736	Szok podażowy	Supply shock
592	E1	heading	3.1. Kluczowa dystynkcja: szok cenowy vs. fizyczny brak	2	774	Ceny energii	Energy prices
592	E1	heading	3.1. Kluczowa dystynkcja: szok cenowy vs. fizyczny brak	3	762	Bezpieczeństwo żywnościowe	Food security
592	E1	heading	3.1. Kluczowa dystynkcja: szok cenowy vs. fizyczny brak	4	771	Niedobory paliw	Fuel shortages
593	E1	heading	3.2. Skala szoku: porównanie z Lehman Brothers / dot-com	1	871	Cieśnina Ormuz	Strait of Hormuz
593	E1	heading	3.2. Skala szoku: porównanie z Lehman Brothers / dot-com	2	723	Stagflacja	Stagflation
593	E1	heading	3.2. Skala szoku: porównanie z Lehman Brothers / dot-com	3	736	Szok podażowy	Supply shock
593	E1	heading	3.2. Skala szoku: porównanie z Lehman Brothers / dot-com	4	773	Szok naftowy	Oil shock
593	E1	heading	3.2. Skala szoku: porównanie z Lehman Brothers / dot-com	5	855	Analogie historyczne	Historical analogies
594	E1	heading	3.3. Paradoks szybkiego szoku	1	735	Koszty adaptacji	Adaptation costs
594	E1	heading	3.3. Paradoks szybkiego szoku	2	736	Szok podażowy	Supply shock
594	E1	heading	3.3. Paradoks szybkiego szoku	3	841	Opóźnienia systemowe	System delays
594	E1	heading	3.3. Paradoks szybkiego szoku	4	722	Inflacja	Inflation
595	E1	heading	4. Geopolityka energii: substytucja jako zmiana topologii władzy	1	793	Substytucja paliw kopalnych	Fossil fuel substitution
595	E1	heading	4. Geopolityka energii: substytucja jako zmiana topologii władzy	2	776	Zależność energetyczna	Energy dependence
595	E1	heading	4. Geopolityka energii: substytucja jako zmiana topologii władzy	3	792	Dekarbonizacja	Decarbonization
595	E1	heading	4. Geopolityka energii: substytucja jako zmiana topologii władzy	4	887	Strefy wpływów	Spheres of influence
596	E1	heading	4.1. Gdyby a.1 + b były zelektryfikowane	1	784	Elektryfikacja	Electrification
596	E1	heading	4.1. Gdyby a.1 + b były zelektryfikowane	2	801	Kartele naftowe	Oil cartels
596	E1	heading	4.1. Gdyby a.1 + b były zelektryfikowane	3	777	Szantaż energetyczny	Energy coercion
596	E1	heading	4.1. Gdyby a.1 + b były zelektryfikowane	4	674	Wąskie gardła	Bottlenecks
597	E1	heading	4.2. Stary paradygmat vs. nowy: centralizacja vs. decentralizacja	1	791	Energetyka rozproszona	Distributed energy
597	E1	heading	4.2. Stary paradygmat vs. nowy: centralizacja vs. decentralizacja	2	786	Fotowoltaika	Solar photovoltaics
597	E1	heading	4.2. Stary paradygmat vs. nowy: centralizacja vs. decentralizacja	3	788	Magazynowanie energii	Energy storage
597	E1	heading	4.2. Stary paradygmat vs. nowy: centralizacja vs. decentralizacja	4	673	Łańcuchy dostaw	Supply chains
598	E1	heading	4.3. Panel to capital good, baryłka to consumable	1	786	Fotowoltaika	Solar photovoltaics
598	E1	heading	4.3. Panel to capital good, baryłka to consumable	2	578	Zapas a strumień	stock vs flow
598	E1	heading	4.3. Panel to capital good, baryłka to consumable	3	793	Substytucja paliw kopalnych	Fossil fuel substitution
598	E1	heading	4.3. Panel to capital good, baryłka to consumable	4	765	Ropa naftowa	Crude oil
599	E1	heading	5. Monopole surowcowe: trwałość saudyjska vs. chińska	1	800	Monopole surowcowe	Resource monopolies
599	E1	heading	5. Monopole surowcowe: trwałość saudyjska vs. chińska	2	798	Przetwarzanie surowców	Mineral processing
599	E1	heading	5. Monopole surowcowe: trwałość saudyjska vs. chińska	3	795	Surowce krytyczne	Critical minerals
599	E1	heading	5. Monopole surowcowe: trwałość saudyjska vs. chińska	4	765	Ropa naftowa	Crude oil
600	E1	heading	5.1. Saudyjska dźwignia cenowa: autoimmunologia	1	802	Wojny cenowe	Price wars
600	E1	heading	5.1. Saudyjska dźwignia cenowa: autoimmunologia	2	765	Ropa naftowa	Crude oil
600	E1	heading	5.1. Saudyjska dźwignia cenowa: autoimmunologia	3	793	Substytucja paliw kopalnych	Fossil fuel substitution
600	E1	heading	5.1. Saudyjska dźwignia cenowa: autoimmunologia	4	801	Kartele naftowe	Oil cartels
601	E1	heading	5.2. Chiński monopol na surowce krytyczne: aktywny i czasowy	1	798	Przetwarzanie surowców	Mineral processing
601	E1	heading	5.2. Chiński monopol na surowce krytyczne: aktywny i czasowy	2	795	Surowce krytyczne	Critical minerals
601	E1	heading	5.2. Chiński monopol na surowce krytyczne: aktywny i czasowy	3	800	Monopole surowcowe	Resource monopolies
602	E1	heading	5.3. Dlaczego chiński „OPEC na surowce krytyczne" ma wbudowany zegar samozniszczenia	1	799	Recykling	Recycling
602	E1	heading	5.3. Dlaczego chiński „OPEC na surowce krytyczne" ma wbudowany zegar samozniszczenia	2	578	Zapas a strumień	stock vs flow
602	E1	heading	5.3. Dlaczego chiński „OPEC na surowce krytyczne" ma wbudowany zegar samozniszczenia	3	800	Monopole surowcowe	Resource monopolies
602	E1	heading	5.3. Dlaczego chiński „OPEC na surowce krytyczne" ma wbudowany zegar samozniszczenia	4	795	Surowce krytyczne	Critical minerals
603	E1	heading	6. Wymiar etyczny: kryzysy, moralność i transformacja	1	792	Dekarbonizacja	Decarbonization
603	E1	heading	6. Wymiar etyczny: kryzysy, moralność i transformacja	2	776	Zależność energetyczna	Energy dependence
603	E1	heading	6. Wymiar etyczny: kryzysy, moralność i transformacja	3	606	Autorytaryzm	Authoritarianism
603	E1	heading	6. Wymiar etyczny: kryzysy, moralność i transformacja	4	862	Etyka analizy	Ethics of analysis
604	E1	heading	6.1. Tani surowiec od dyktatorów jako moralny hazard	1	776	Zależność energetyczna	Energy dependence
604	E1	heading	6.1. Tani surowiec od dyktatorów jako moralny hazard	2	606	Autorytaryzm	Authoritarianism
604	E1	heading	6.1. Tani surowiec od dyktatorów jako moralny hazard	3	862	Etyka analizy	Ethics of analysis
604	E1	heading	6.1. Tani surowiec od dyktatorów jako moralny hazard	4	856	Błąd potwierdzenia	Confirmation bias
605	E1	heading	6.2. Kryzysy nie zawsze moralizują — warunek: substytut	1	793	Substytucja paliw kopalnych	Fossil fuel substitution
605	E1	heading	6.2. Kryzysy nie zawsze moralizują — warunek: substytut	2	776	Zależność energetyczna	Energy dependence
605	E1	heading	6.2. Kryzysy nie zawsze moralizują — warunek: substytut	3	735	Koszty adaptacji	Adaptation costs
606	E1	heading	6.3. Kto przyspieszył dekarbonizację?	1	792	Dekarbonizacja	Decarbonization
606	E1	heading	6.3. Kto przyspieszył dekarbonizację?	2	775	Bezpieczeństwo energetyczne	Energy security
606	E1	heading	6.3. Kto przyspieszył dekarbonizację?	3	774	Ceny energii	Energy prices
606	E1	heading	6.3. Kto przyspieszył dekarbonizację?	4	863	Wojna rosyjsko-ukraińska	Russo-Ukrainian war
607	E1	heading	6.4. Energia jako narzędzie sprawiedliwości	1	791	Energetyka rozproszona	Distributed energy
607	E1	heading	6.4. Energia jako narzędzie sprawiedliwości	2	775	Bezpieczeństwo energetyczne	Energy security
607	E1	heading	6.4. Energia jako narzędzie sprawiedliwości	3	804	Koszty transformacji energetycznej	Energy transition costs
608	E1	heading	7. Podsumowanie tez	1	793	Substytucja paliw kopalnych	Fossil fuel substitution
608	E1	heading	7. Podsumowanie tez	2	794	Petrochemia	Petrochemicals
608	E1	heading	7. Podsumowanie tez	3	800	Monopole surowcowe	Resource monopolies
609	E2	heading	Monopole, moralność i transformacja	1	858	Walidacja empiryczna	Empirical validation
609	E2	heading	Monopole, moralność i transformacja	2	800	Monopole surowcowe	Resource monopolies
609	E2	heading	Monopole, moralność i transformacja	3	776	Zależność energetyczna	Energy dependence
609	E2	heading	Monopole, moralność i transformacja	4	792	Dekarbonizacja	Decarbonization
609	E2	heading	Monopole, moralność i transformacja	5	862	Etyka analizy	Ethics of analysis
610	E2	heading	1. Saudyjska dźwignia cenowa: anatomia samolikwidacji	1	802	Wojny cenowe	Price wars
610	E2	heading	1. Saudyjska dźwignia cenowa: anatomia samolikwidacji	2	803	Ropa łupkowa	Shale oil
610	E2	heading	1. Saudyjska dźwignia cenowa: anatomia samolikwidacji	3	801	Kartele naftowe	Oil cartels
610	E2	heading	1. Saudyjska dźwignia cenowa: anatomia samolikwidacji	4	765	Ropa naftowa	Crude oil
611	E2	heading	2. Chiński monopol na REE i lit: strategia, mechanizm, erozja	1	796	Metale ziem rzadkich	Rare earth elements
611	E2	heading	2. Chiński monopol na REE i lit: strategia, mechanizm, erozja	2	797	Lit	Lithium
611	E2	heading	2. Chiński monopol na REE i lit: strategia, mechanizm, erozja	3	798	Przetwarzanie surowców	Mineral processing
611	E2	heading	2. Chiński monopol na REE i lit: strategia, mechanizm, erozja	4	800	Monopole surowcowe	Resource monopolies
612	E2	heading	2.1. Strategia: „nie geologia, lecz processing"	1	798	Przetwarzanie surowców	Mineral processing
612	E2	heading	2.1. Strategia: „nie geologia, lecz processing"	2	732	Kontrola eksportu	Export controls
612	E2	heading	2.1. Strategia: „nie geologia, lecz processing"	3	795	Surowce krytyczne	Critical minerals
612	E2	heading	2.1. Strategia: „nie geologia, lecz processing"	4	800	Monopole surowcowe	Resource monopolies
613	E2	heading	2.2. Erozja: czy zegar samozniszczenia naprawdę tyka?	1	796	Metale ziem rzadkich	Rare earth elements
613	E2	heading	2.2. Erozja: czy zegar samozniszczenia naprawdę tyka?	2	799	Recykling	Recycling
613	E2	heading	2.2. Erozja: czy zegar samozniszczenia naprawdę tyka?	3	800	Monopole surowcowe	Resource monopolies
613	E2	heading	2.2. Erozja: czy zegar samozniszczenia naprawdę tyka?	4	732	Kontrola eksportu	Export controls
614	E2	heading	3. Wandel durch Handel: anatomia moralnego hazardu energetycznego	1	776	Zależność energetyczna	Energy dependence
614	E2	heading	3. Wandel durch Handel: anatomia moralnego hazardu energetycznego	2	856	Błąd potwierdzenia	Confirmation bias
614	E2	heading	3. Wandel durch Handel: anatomia moralnego hazardu energetycznego	3	766	Gaz ziemny	Natural gas
615	E2	heading	3.1. Niemiecka zależność od rosyjskiego gazu jako case study	1	776	Zależność energetyczna	Energy dependence
615	E2	heading	3.1. Niemiecka zależność od rosyjskiego gazu jako case study	2	766	Gaz ziemny	Natural gas
615	E2	heading	3.1. Niemiecka zależność od rosyjskiego gazu jako case study	3	693	Rurociągi	Pipelines
615	E2	heading	3.1. Niemiecka zależność od rosyjskiego gazu jako case study	4	845	Inercja instytucjonalna	Institutional inertia
616	E2	heading	3.2. „Nowe kraje członkowskie" vs. „stare"	1	776	Zależność energetyczna	Energy dependence
616	E2	heading	3.2. „Nowe kraje członkowskie" vs. „stare"	2	775	Bezpieczeństwo energetyczne	Energy security
616	E2	heading	3.2. „Nowe kraje członkowskie" vs. „stare"	3	766	Gaz ziemny	Natural gas
616	E2	heading	3.2. „Nowe kraje członkowskie" vs. „stare"	4	892	Unia Europejska	European Union
617	E2	heading	4. Kryzysy a moralność: kiedy szok prowadzi do solidarności, a kiedy do sauve qui peut?	1	889	Zbieżność interesów	Convergence of interests
617	E2	heading	4. Kryzysy a moralność: kiedy szok prowadzi do solidarności, a kiedy do sauve qui peut?	2	793	Substytucja paliw kopalnych	Fossil fuel substitution
617	E2	heading	4. Kryzysy a moralność: kiedy szok prowadzi do solidarności, a kiedy do sauve qui peut?	3	892	Unia Europejska	European Union
618	E2	heading	4.1. 1973 vs. 2022: dwa tryby reakcji	1	855	Analogie historyczne	Historical analogies
618	E2	heading	4.1. 1973 vs. 2022: dwa tryby reakcji	2	776	Zależność energetyczna	Energy dependence
618	E2	heading	4.1. 1973 vs. 2022: dwa tryby reakcji	3	793	Substytucja paliw kopalnych	Fossil fuel substitution
618	E2	heading	4.1. 1973 vs. 2022: dwa tryby reakcji	4	892	Unia Europejska	European Union
619	E2	heading	4.2. Asymetria kosztów: kto płaci za transformację?	1	804	Koszty transformacji energetycznej	Energy transition costs
619	E2	heading	4.2. Asymetria kosztów: kto płaci za transformację?	2	791	Energetyka rozproszona	Distributed energy
619	E2	heading	4.2. Asymetria kosztów: kto płaci za transformację?	3	774	Ceny energii	Energy prices
619	E2	heading	4.2. Asymetria kosztów: kto płaci za transformację?	4	736	Szok podażowy	Supply shock
620	E2	heading	5. Podsumowanie korekt	1	800	Monopole surowcowe	Resource monopolies
620	E2	heading	5. Podsumowanie korekt	2	793	Substytucja paliw kopalnych	Fossil fuel substitution
620	E2	heading	5. Podsumowanie korekt	3	889	Zbieżność interesów	Convergence of interests
620	E2	heading	5. Podsumowanie korekt	4	858	Walidacja empiryczna	Empirical validation
