dokument_kod	dokument_plik	dokument_tytul	url_stabilny	poziom	glebokosc	kolejnosc	sekcja_tytul	anchor	anchor_status	deep_link	opis
A4	a4_lipiec-2026-przejscie-na-hurt-v20_11-2026-08-01.html	lipiec 2026. przejscie na hurt — v20.11	https://maciektora-hue.github.io/rosja/przejscie-na-hurt/	H1	1	1	lipiec 2026. przejscie na hurt	tytul	OK	https://maciektora-hue.github.io/rosja/przejscie-na-hurt/#tytul	Lipiec 2026 jako przejście ukraińskiej presji z pojedynczych uderzeń na skalę systemową. Analiza paliw, gospodarki, mobilizacji, adaptacji i kurczących się opcji Rosji.
A4	a4_lipiec-2026-przejscie-na-hurt-v20_11-2026-08-01.html	lipiec 2026. przejscie na hurt — v20.11	https://maciektora-hue.github.io/rosja/przejscie-na-hurt/	H2	2	2	I. Skala hurtu	skala-hurtu	OK	https://maciektora-hue.github.io/rosja/przejscie-na-hurt/#skala-hurtu	Zmiana jednostki pomiaru: z pojedynczych trafień na bilans całych klas zdolności.
A4	a4_lipiec-2026-przejscie-na-hurt-v20_11-2026-08-01.html	lipiec 2026. przejscie na hurt — v20.11	https://maciektora-hue.github.io/rosja/przejscie-na-hurt/	H3	3	3	1. Przerób — dno dwudziestolecia	przerob-dno-dwudziestolecia	OK	https://maciektora-hue.github.io/rosja/przejscie-na-hurt/#przerob-dno-dwudziestolecia	Rosyjski przerób ropy na minimum od dwóch dekad, z trwałymi wyłączeniami rafinerii.
A4	a4_lipiec-2026-przejscie-na-hurt-v20_11-2026-08-01.html	lipiec 2026. przejscie na hurt — v20.11	https://maciektora-hue.github.io/rosja/przejscie-na-hurt/	H3	3	4	2. Tempo uderzeń	tempo-uderzen	OK	https://maciektora-hue.github.io/rosja/przejscie-na-hurt/#tempo-uderzen	Skok liczby i geograficznego zasięgu trafień w rosyjską infrastrukturę paliwową.
A4	a4_lipiec-2026-przejscie-na-hurt-v20_11-2026-08-01.html	lipiec 2026. przejscie na hurt — v20.11	https://maciektora-hue.github.io/rosja/przejscie-na-hurt/	H6	6	5	"o „przerwie"", której nie było"	dygresja-o-lulu	OK	https://maciektora-hue.github.io/rosja/przejscie-na-hurt/#dygresja-o-lulu	Rzekoma pauza rafineryjna była przesunięciem kampanii na magazyny i logistykę.
A4	a4_lipiec-2026-przejscie-na-hurt-v20_11-2026-08-01.html	lipiec 2026. przejscie na hurt — v20.11	https://maciektora-hue.github.io/rosja/przejscie-na-hurt/	H3	3	6	3. Zasięg kryzysu po stronie rosyjskiej	zasieg-kryzysu	OK	https://maciektora-hue.github.io/rosja/przejscie-na-hurt/#zasieg-kryzysu	Deficyt paliw obejmuje niemal całą Rosję i zaczyna dotykać także frontu.
A4	a4_lipiec-2026-przejscie-na-hurt-v20_11-2026-08-01.html	lipiec 2026. przejscie na hurt — v20.11	https://maciektora-hue.github.io/rosja/przejscie-na-hurt/	H3	3	7	"4. Co znaczy „hurt"""	co-znaczy-hurt	OK	https://maciektora-hue.github.io/rosja/przejscie-na-hurt/#co-znaczy-hurt	Celami stają się klasy obiektów, a miarą bilans i nieodwracalność strat.
A4	a4_lipiec-2026-przejscie-na-hurt-v20_11-2026-08-01.html	lipiec 2026. przejscie na hurt — v20.11	https://maciektora-hue.github.io/rosja/przejscie-na-hurt/	H2	2	8	II. Marketplace jako cel	marketplace-jako-cel	OK	https://maciektora-hue.github.io/rosja/przejscie-na-hurt/#marketplace-jako-cel	Magazyny handlu internetowego jako element wojskowej logistyki i kanał transmisji strat finansowych.
A4	a4_lipiec-2026-przejscie-na-hurt-v20_11-2026-08-01.html	lipiec 2026. przejscie na hurt — v20.11	https://maciektora-hue.github.io/rosja/przejscie-na-hurt/	H3	3	9	1. Kampania Wildberries	kampania-wildberries	OK	https://maciektora-hue.github.io/rosja/przejscie-na-hurt/#kampania-wildberries	Seria uderzeń w magazyny Wildberries odsłania nową, słabo bronioną klasę celów.
A4	a4_lipiec-2026-przejscie-na-hurt-v20_11-2026-08-01.html	lipiec 2026. przejscie na hurt — v20.11	https://maciektora-hue.github.io/rosja/przejscie-na-hurt/	H6	6	10	o ewakuacji, której nie było	dygresja-ewakuacja	OK	https://maciektora-hue.github.io/rosja/przejscie-na-hurt/#dygresja-ewakuacja	Brak ewakuacji pracowników jako wskaźnik nieprzygotowania systemu na tę kategorię uderzeń.
A4	a4_lipiec-2026-przejscie-na-hurt-v20_11-2026-08-01.html	lipiec 2026. przejscie na hurt — v20.11	https://maciektora-hue.github.io/rosja/przejscie-na-hurt/	H3	3	11	2. Pierwszy Ozon	pierwszy-ozon	OK	https://maciektora-hue.github.io/rosja/przejscie-na-hurt/#pierwszy-ozon	Rozszerzenie kampanii z Wildberries na infrastrukturę Ozona.
A4	a4_lipiec-2026-przejscie-na-hurt-v20_11-2026-08-01.html	lipiec 2026. przejscie na hurt — v20.11	https://maciektora-hue.github.io/rosja/przejscie-na-hurt/	H3	3	12	3. Uzasadnienie celu	uzasadnienie-celu	OK	https://maciektora-hue.github.io/rosja/przejscie-na-hurt/#uzasadnienie-celu	Marketplace jako realny węzeł dostaw wojskowych, nie przypadkowy obiekt cywilny.
A4	a4_lipiec-2026-przejscie-na-hurt-v20_11-2026-08-01.html	lipiec 2026. przejscie na hurt — v20.11	https://maciektora-hue.github.io/rosja/przejscie-na-hurt/	H3	3	13	4. Powód, nie pretekst — i przypieczętowanie przez UE	powod-nie-pretekst	OK	https://maciektora-hue.github.io/rosja/przejscie-na-hurt/#powod-nie-pretekst	Rosyjskie oznaczenia wojskowych towarów potwierdzają materialny powód wyboru celu.
A4	a4_lipiec-2026-przejscie-na-hurt-v20_11-2026-08-01.html	lipiec 2026. przejscie na hurt — v20.11	https://maciektora-hue.github.io/rosja/przejscie-na-hurt/	H4	4	14	Co mogła zrobić Unia	co-mogla-zrobic-ue	OK	https://maciektora-hue.github.io/rosja/przejscie-na-hurt/#co-mogla-zrobic-ue	UE odpowiada sankcjami na te same podmioty, zamiast podważać ukraińską kwalifikację celu.
A4	a4_lipiec-2026-przejscie-na-hurt-v20_11-2026-08-01.html	lipiec 2026. przejscie na hurt — v20.11	https://maciektora-hue.github.io/rosja/przejscie-na-hurt/	H3	3	15	5. Efekt finansowy i przerzucenie ryzyka	efekt-finansowy	OK	https://maciektora-hue.github.io/rosja/przejscie-na-hurt/#efekt-finansowy	Straty magazynowe przechodzą na sprzedawców, kredyty, rezerwy bankowe i państwo.
A4	a4_lipiec-2026-przejscie-na-hurt-v20_11-2026-08-01.html	lipiec 2026. przejscie na hurt — v20.11	https://maciektora-hue.github.io/rosja/przejscie-na-hurt/	H2	2	16	III. Milczenie strategiczne Zachodu	milczenie-strategiczne	OK	https://maciektora-hue.github.io/rosja/przejscie-na-hurt/#milczenie-strategiczne	Zachód działa według analiz strukturalnych, ale publicznie mówi głównie o bieżących zdarzeniach.
A4	a4_lipiec-2026-przejscie-na-hurt-v20_11-2026-08-01.html	lipiec 2026. przejscie na hurt — v20.11	https://maciektora-hue.github.io/rosja/przejscie-na-hurt/	H3	3	17	1. Luka między wiedzą a mową	luka-miedzy-wiedza-a-mowa	OK	https://maciektora-hue.github.io/rosja/przejscie-na-hurt/#luka-miedzy-wiedza-a-mowa	Decyzje Zachodu zdradzają więcej wiedzy strategicznej niż oficjalne wypowiedzi.
A4	a4_lipiec-2026-przejscie-na-hurt-v20_11-2026-08-01.html	lipiec 2026. przejscie na hurt — v20.11	https://maciektora-hue.github.io/rosja/przejscie-na-hurt/	H3	3	18	2. Słowo urzędującego to zobowiązanie, nie opinia	slowo-jako-zobowiazanie	OK	https://maciektora-hue.github.io/rosja/przejscie-na-hurt/#slowo-jako-zobowiazanie	Strategiczna prognoza urzędującego polityka natychmiast tworzy obowiązek działania.
A4	a4_lipiec-2026-przejscie-na-hurt-v20_11-2026-08-01.html	lipiec 2026. przejscie na hurt — v20.11	https://maciektora-hue.github.io/rosja/przejscie-na-hurt/	H3	3	19	3. Pytanie, którego nikt nie chce usłyszeć	pytanie-ktorego-nikt-nie-chce	OK	https://maciektora-hue.github.io/rosja/przejscie-na-hurt/#pytanie-ktorego-nikt-nie-chce	Rozpad Rosji otwiera niewygodne pytanie o kontrolę arsenału jądrowego.
A4	a4_lipiec-2026-przejscie-na-hurt-v20_11-2026-08-01.html	lipiec 2026. przejscie na hurt — v20.11	https://maciektora-hue.github.io/rosja/przejscie-na-hurt/	H6	6	20	o cenie ropy	dygresja-cena-ropy	OK	https://maciektora-hue.github.io/rosja/przejscie-na-hurt/#dygresja-cena-ropy	Słowa decydentów o rosyjskiej ropie same mogą poruszać cenami energii.
A4	a4_lipiec-2026-przejscie-na-hurt-v20_11-2026-08-01.html	lipiec 2026. przejscie na hurt — v20.11	https://maciektora-hue.github.io/rosja/przejscie-na-hurt/	H3	3	21	4. Asymetria kosztu pomyłki	koszt-pomylki	OK	https://maciektora-hue.github.io/rosja/przejscie-na-hurt/#koszt-pomylki	Politycznie taniej milczeć niż publicznie pomylić się co do rozpadu Rosji.
A4	a4_lipiec-2026-przejscie-na-hurt-v20_11-2026-08-01.html	lipiec 2026. przejscie na hurt — v20.11	https://maciektora-hue.github.io/rosja/przejscie-na-hurt/	H3	3	22	5. Emeryci mówią — test kontrolny	emeryci-mowia	OK	https://maciektora-hue.github.io/rosja/przejscie-na-hurt/#emeryci-mowia	Po odejściu z urzędu ci sami ludzie mówią znacznie swobodniej o scenariuszach końcowych.
A4	a4_lipiec-2026-przejscie-na-hurt-v20_11-2026-08-01.html	lipiec 2026. przejscie na hurt — v20.11	https://maciektora-hue.github.io/rosja/przejscie-na-hurt/	H3	3	23	6. Media też — inny mechanizm, ten sam skutek	media-tez	OK	https://maciektora-hue.github.io/rosja/przejscie-na-hurt/#media-tez	Media unikają kategorycznych prognoz strukturalnych z innych powodów niż urzędujący politycy.
A4	a4_lipiec-2026-przejscie-na-hurt-v20_11-2026-08-01.html	lipiec 2026. przejscie na hurt — v20.11	https://maciektora-hue.github.io/rosja/przejscie-na-hurt/	H3	3	24	7. Błąd ramy porównawczej	blad-ramy-porownawczej	OK	https://maciektora-hue.github.io/rosja/przejscie-na-hurt/#blad-ramy-porownawczej	Błędne analogie historyczne zasłaniają odmienną strukturę obecnej rosyjskiej erozji.
A4	a4_lipiec-2026-przejscie-na-hurt-v20_11-2026-08-01.html	lipiec 2026. przejscie na hurt — v20.11	https://maciektora-hue.github.io/rosja/przejscie-na-hurt/	H3	3	25	8. Kto może zobaczyć, że król jest nagi	kto-moze-zobaczyc	OK	https://maciektora-hue.github.io/rosja/przejscie-na-hurt/#kto-moze-zobaczyc	Najłatwiej nazwać pełny obraz tym, którzy nie ponoszą kosztu własnej diagnozy.
A4	a4_lipiec-2026-przejscie-na-hurt-v20_11-2026-08-01.html	lipiec 2026. przejscie na hurt — v20.11	https://maciektora-hue.github.io/rosja/przejscie-na-hurt/	H2	2	26	IV. Budanow i Zełenski — zmiana języka	budanow-zelenski	OK	https://maciektora-hue.github.io/rosja/przejscie-na-hurt/#budanow-zelenski	Zmiana języka ukraińskiego kierownictwa z przetrwania na termin zakończenia wojny.
A4	a4_lipiec-2026-przejscie-na-hurt-v20_11-2026-08-01.html	lipiec 2026. przejscie na hurt — v20.11	https://maciektora-hue.github.io/rosja/przejscie-na-hurt/	H3	3	27	1. Awans, który sam jest tezą	awans-ktory-jest-teza	OK	https://maciektora-hue.github.io/rosja/przejscie-na-hurt/#awans-ktory-jest-teza	Awans Budanowa odczytany jako przesunięcie ciężaru ku fazie politycznego domknięcia.
A4	a4_lipiec-2026-przejscie-na-hurt-v20_11-2026-08-01.html	lipiec 2026. przejscie na hurt — v20.11	https://maciektora-hue.github.io/rosja/przejscie-na-hurt/	H3	3	28	2. Od przetrwania do terminu	od-przetrwania-do-terminu	OK	https://maciektora-hue.github.io/rosja/przejscie-na-hurt/#od-przetrwania-do-terminu	Publiczny język przechodzi od „wytrzymamy” do konkretnego okna zakończenia wojny.
A4	a4_lipiec-2026-przejscie-na-hurt-v20_11-2026-08-01.html	lipiec 2026. przejscie na hurt — v20.11	https://maciektora-hue.github.io/rosja/przejscie-na-hurt/	H3	3	29	3. Doktryna maksymalizacji eskalacji	doktryna-maksymalizacji	OK	https://maciektora-hue.github.io/rosja/przejscie-na-hurt/#doktryna-maksymalizacji	Wyjście z eskalacji przez zwiększenie presji aż do wymuszenia decyzji przeciwnika.
A4	a4_lipiec-2026-przejscie-na-hurt-v20_11-2026-08-01.html	lipiec 2026. przejscie na hurt — v20.11	https://maciektora-hue.github.io/rosja/przejscie-na-hurt/	H3	3	30	4. Dosłowność jako narzędzie	doslownosc	OK	https://maciektora-hue.github.io/rosja/przejscie-na-hurt/#doslownosc	Dosłowne komunikaty jako świadome ograniczenie nadinterpretacji i propagandowego szumu.
A4	a4_lipiec-2026-przejscie-na-hurt-v20_11-2026-08-01.html	lipiec 2026. przejscie na hurt — v20.11	https://maciektora-hue.github.io/rosja/przejscie-na-hurt/	H3	3	31	5. Rejestr mnicha-wojownika	rejestr-mnicha	OK	https://maciektora-hue.github.io/rosja/przejscie-na-hurt/#rejestr-mnicha	Budanow jako chłodny nadawca opisujący zweryfikowane zadania bez triumfalizmu.
A4	a4_lipiec-2026-przejscie-na-hurt-v20_11-2026-08-01.html	lipiec 2026. przejscie na hurt — v20.11	https://maciektora-hue.github.io/rosja/przejscie-na-hurt/	H4	4	32	Ta sama brakująca warstwa	ta-sama-warstwa	OK	https://maciektora-hue.github.io/rosja/przejscie-na-hurt/#ta-sama-warstwa	Brak performatywnego triumfu jako wspólna cecha analizowanych wypowiedzi.
A4	a4_lipiec-2026-przejscie-na-hurt-v20_11-2026-08-01.html	lipiec 2026. przejscie na hurt — v20.11	https://maciektora-hue.github.io/rosja/przejscie-na-hurt/	H4	4	33	Nawiązanie: gramatyka Budanowa	gramatyka-budanowa	OK	https://maciektora-hue.github.io/rosja/przejscie-na-hurt/#gramatyka-budanowa	Lipcowy język potwierdza wcześniejszy odczyt przemilczeń i kolejności komunikacji Budanowa.
A4	a4_lipiec-2026-przejscie-na-hurt-v20_11-2026-08-01.html	lipiec 2026. przejscie na hurt — v20.11	https://maciektora-hue.github.io/rosja/przejscie-na-hurt/	H3	3	34	6. Co mówią, a czego nadal nie	co-mowia-a-czego-nie	OK	https://maciektora-hue.github.io/rosja/przejscie-na-hurt/#co-mowia-a-czego-nie	Jawność kończy się przed pytaniem o rozpad Rosji, Putina i arsenał jądrowy.
A4	a4_lipiec-2026-przejscie-na-hurt-v20_11-2026-08-01.html	lipiec 2026. przejscie na hurt — v20.11	https://maciektora-hue.github.io/rosja/przejscie-na-hurt/	H2	2	35	V. Kasparow — stała odniesienia	kasparow	OK	https://maciektora-hue.github.io/rosja/przejscie-na-hurt/#kasparow	Niezmienna od lat diagnoza Kasparowa jako linia bazowa dla przesuwającej się rzeczywistości.
A4	a4_lipiec-2026-przejscie-na-hurt-v20_11-2026-08-01.html	lipiec 2026. przejscie na hurt — v20.11	https://maciektora-hue.github.io/rosja/przejscie-na-hurt/	H3	3	36	1. Dwadzieścia lat tej samej tezy	dwadziescia-lat-tej-samej-tezy	OK	https://maciektora-hue.github.io/rosja/przejscie-na-hurt/#dwadziescia-lat-tej-samej-tezy	Stała teza: reżim Putina kończy się dopiero wraz z rosyjską porażką.
A4	a4_lipiec-2026-przejscie-na-hurt-v20_11-2026-08-01.html	lipiec 2026. przejscie na hurt — v20.11	https://maciektora-hue.github.io/rosja/przejscie-na-hurt/	H3	3	37	2. Trzy rzeczy, których nie mówi nikt inny	trzy-rzeczy-ktorych-nikt-nie-mowi	OK	https://maciektora-hue.github.io/rosja/przejscie-na-hurt/#trzy-rzeczy-ktorych-nikt-nie-mowi	Kasparow wypowiada wprost trzy wnioski omijane przez urzędujących decydentów.
A4	a4_lipiec-2026-przejscie-na-hurt-v20_11-2026-08-01.html	lipiec 2026. przejscie na hurt — v20.11	https://maciektora-hue.github.io/rosja/przejscie-na-hurt/	H4	4	38	Po pierwsze: Rosja się rozpadnie	teza-rozpadnie-sie	OK	https://maciektora-hue.github.io/rosja/przejscie-na-hurt/#teza-rozpadnie-sie	Rozpad rosyjskiej konstrukcji imperialnej jako przewidywany skutek przegranej reżimu.
A4	a4_lipiec-2026-przejscie-na-hurt-v20_11-2026-08-01.html	lipiec 2026. przejscie na hurt — v20.11	https://maciektora-hue.github.io/rosja/przejscie-na-hurt/	H4	4	39	Po drugie: Rosja powinna się rozpaść	teza-powinna-sie-rozpasc	OK	https://maciektora-hue.github.io/rosja/przejscie-na-hurt/#teza-powinna-sie-rozpasc	Rozpad Rosji przedstawiony także jako pożądany wynik moralny i strategiczny.
A4	a4_lipiec-2026-przejscie-na-hurt-v20_11-2026-08-01.html	lipiec 2026. przejscie na hurt — v20.11	https://maciektora-hue.github.io/rosja/przejscie-na-hurt/	H4	4	40	Po trzecie: na tej wojnie zarabiają Chiny, i właściwie nikt inny	teza-chiny-zyskuja	OK	https://maciektora-hue.github.io/rosja/przejscie-na-hurt/#teza-chiny-zyskuja	Pekin jako główny beneficjent przeciągającej się wojny i rosnącej zależności Rosji.
A4	a4_lipiec-2026-przejscie-na-hurt-v20_11-2026-08-01.html	lipiec 2026. przejscie na hurt — v20.11	https://maciektora-hue.github.io/rosja/przejscie-na-hurt/	H4	4	41	I wniosek, który wynika z trzech powyższych: to nic strasznego	teza-nic-strasznego	OK	https://maciektora-hue.github.io/rosja/przejscie-na-hurt/#teza-nic-strasznego	Rozpad imperium nie musi być katastrofą większą niż koszt jego dalszego trwania.
A4	a4_lipiec-2026-przejscie-na-hurt-v20_11-2026-08-01.html	lipiec 2026. przejscie na hurt — v20.11	https://maciektora-hue.github.io/rosja/przejscie-na-hurt/	H3	3	42	3. Dlaczego teraz brzmi inaczej	dlaczego-teraz-brzmi-inaczej	OK	https://maciektora-hue.github.io/rosja/przejscie-na-hurt/#dlaczego-teraz-brzmi-inaczej	Dane przesunęły się w stronę diagnozy, która wcześniej brzmiała jak dysydencka przesada.
A4	a4_lipiec-2026-przejscie-na-hurt-v20_11-2026-08-01.html	lipiec 2026. przejscie na hurt — v20.11	https://maciektora-hue.github.io/rosja/przejscie-na-hurt/	H3	3	43	4. Trzy głosy, jeden model	trzy-glosy-jeden-model	OK	https://maciektora-hue.github.io/rosja/przejscie-na-hurt/#trzy-glosy-jeden-model	Zachód, Ukraina i Kasparow różnią się stopniem zobowiązania, niekoniecznie wiedzy.
A4	a4_lipiec-2026-przejscie-na-hurt-v20_11-2026-08-01.html	lipiec 2026. przejscie na hurt — v20.11	https://maciektora-hue.github.io/rosja/przejscie-na-hurt/	H2	2	44	VI. Jak niewinnie zaczął się hurt	geneza-hurtu	OK	https://maciektora-hue.github.io/rosja/przejscie-na-hurt/#geneza-hurtu	Hurt wyrósł z reakcji na rosyjski atak, ale utrzymał się dzięki wysokiej skuteczności.
A4	a4_lipiec-2026-przejscie-na-hurt-v20_11-2026-08-01.html	lipiec 2026. przejscie na hurt — v20.11	https://maciektora-hue.github.io/rosja/przejscie-na-hurt/	H3	3	45	1. Drabina zaczęła się wcześniej	drabina-zaczela-sie-wczesniej	OK	https://maciektora-hue.github.io/rosja/przejscie-na-hurt/#drabina-zaczela-sie-wczesniej	Lipcowy hurt opiera się na zdolnościach budowanych wcześniej dla większej autonomii Ukrainy.
A4	a4_lipiec-2026-przejscie-na-hurt-v20_11-2026-08-01.html	lipiec 2026. przejscie na hurt — v20.11	https://maciektora-hue.github.io/rosja/przejscie-na-hurt/	H3	3	46	2. Dwa motory w jednym kierunku	dwa-motory	OK	https://maciektora-hue.github.io/rosja/przejscie-na-hurt/#dwa-motory	Kalkulacja strategiczna i odwet moralny popychają kampanię w tym samym kierunku.
A4	a4_lipiec-2026-przejscie-na-hurt-v20_11-2026-08-01.html	lipiec 2026. przejscie na hurt — v20.11	https://maciektora-hue.github.io/rosja/przejscie-na-hurt/	H3	3	47	3. Drabina lipcowa, dzień po dniu	drabina-lipcowa	OK	https://maciektora-hue.github.io/rosja/przejscie-na-hurt/#drabina-lipcowa	Dzień po dniu odpowiedź eskaluje od gestu do trwałej kampanii nowych celów.
A4	a4_lipiec-2026-przejscie-na-hurt-v20_11-2026-08-01.html	lipiec 2026. przejscie na hurt — v20.11	https://maciektora-hue.github.io/rosja/przejscie-na-hurt/	H3	3	48	4. Odpowiedź podwójna — realna i wizerunkowa	odpowiedz-podwojna	OK	https://maciektora-hue.github.io/rosja/przejscie-na-hurt/#odpowiedz-podwojna	Jednoczesny efekt materialny i komunikacyjny po rosyjskim ataku.
A4	a4_lipiec-2026-przejscie-na-hurt-v20_11-2026-08-01.html	lipiec 2026. przejscie na hurt — v20.11	https://maciektora-hue.github.io/rosja/przejscie-na-hurt/	H3	3	49	5. Pewność następnego kroku	pewnosc-nastepnego-kroku	OK	https://maciektora-hue.github.io/rosja/przejscie-na-hurt/#pewnosc-nastepnego-kroku	Odnawialny zasób broni zwiększa możliwość powtarzania udanych ruchów bez wielkiej stawki magazynowej.
A4	a4_lipiec-2026-przejscie-na-hurt-v20_11-2026-08-01.html	lipiec 2026. przejscie na hurt — v20.11	https://maciektora-hue.github.io/rosja/przejscie-na-hurt/	H3	3	50	6. Przypadkowa trwałość	przypadkowa-trwalosc	OK	https://maciektora-hue.github.io/rosja/przejscie-na-hurt/#przypadkowa-trwalosc	Tymczasowa odpowiedź zostaje utrzymana, bo nowa klasa celów okazuje się wyjątkowo opłacalna.
A4	a4_lipiec-2026-przejscie-na-hurt-v20_11-2026-08-01.html	lipiec 2026. przejscie na hurt — v20.11	https://maciektora-hue.github.io/rosja/przejscie-na-hurt/	H2	2	51	VII. Inwersja historyczna	inwersja-historyczna	OK	https://maciektora-hue.github.io/rosja/przejscie-na-hurt/#inwersja-historyczna	Rosja walczy dziś przeciw zapleczu ludzkiego i przemysłowego, które dawniej zasilało jej zwycięstwa.
A4	a4_lipiec-2026-przejscie-na-hurt-v20_11-2026-08-01.html	lipiec 2026. przejscie na hurt — v20.11	https://maciektora-hue.github.io/rosja/przejscie-na-hurt/	H3	3	52	1. Czym Rosja wygrywała wojny	czym-rosja-wygrywala	OK	https://maciektora-hue.github.io/rosja/przejscie-na-hurt/#czym-rosja-wygrywala	Imperium korzystało przez stulecia z ukraińskich ludzi, przemysłu i kompetencji wojskowych.
A4	a4_lipiec-2026-przejscie-na-hurt-v20_11-2026-08-01.html	lipiec 2026. przejscie na hurt — v20.11	https://maciektora-hue.github.io/rosja/przejscie-na-hurt/	H3	3	53	2. Amputacja własnego mięśnia	amputacja	OK	https://maciektora-hue.github.io/rosja/przejscie-na-hurt/#amputacja	Atak na Ukrainę odciął Rosję od części własnego historycznego zaplecza siłowego.
A4	a4_lipiec-2026-przejscie-na-hurt-v20_11-2026-08-01.html	lipiec 2026. przejscie na hurt — v20.11	https://maciektora-hue.github.io/rosja/przejscie-na-hurt/	H3	3	54	3. Co z tego wynika dla tej wojny	co-z-tego-wynika	OK	https://maciektora-hue.github.io/rosja/przejscie-na-hurt/#co-z-tego-wynika	Utracone kompetencje imperium tłumaczą rosyjskie braki i ukraińską zdolność innowacji.
A4	a4_lipiec-2026-przejscie-na-hurt-v20_11-2026-08-01.html	lipiec 2026. przejscie na hurt — v20.11	https://maciektora-hue.github.io/rosja/przejscie-na-hurt/	H2	2	55	VIII. Prognoza dogania rzeczywistość	prognoza-dogania	OK	https://maciektora-hue.github.io/rosja/przejscie-na-hurt/#prognoza-dogania	Wcześniej niszowy scenariusz przyspieszonego rozstrzygnięcia wchodzi do języka decydentów.
A4	a4_lipiec-2026-przejscie-na-hurt-v20_11-2026-08-01.html	lipiec 2026. przejscie na hurt — v20.11	https://maciektora-hue.github.io/rosja/przejscie-na-hurt/	H3	3	56	1. Co napisano w marcu	co-napisano-w-marcu	OK	https://maciektora-hue.github.io/rosja/przejscie-na-hurt/#co-napisano-w-marcu	Marcowy rozkład scenariuszy dawał przyspieszonemu końcowi wojny istotne, lecz mniejszościowe prawdopodobieństwo.
A4	a4_lipiec-2026-przejscie-na-hurt-v20_11-2026-08-01.html	lipiec 2026. przejscie na hurt — v20.11	https://maciektora-hue.github.io/rosja/przejscie-na-hurt/	H3	3	57	2. Co dopisano w czerwcu	co-dopisano-w-czerwcu	OK	https://maciektora-hue.github.io/rosja/przejscie-na-hurt/#co-dopisano-w-czerwcu	Niezależne zegary przesuwają ciężar prognozy ku jesieni 2026.
A4	a4_lipiec-2026-przejscie-na-hurt-v20_11-2026-08-01.html	lipiec 2026. przejscie na hurt — v20.11	https://maciektora-hue.github.io/rosja/przejscie-na-hurt/	H3	3	58	3. Co mówią teraz Zełenski i Budanow	co-mowia-teraz	OK	https://maciektora-hue.github.io/rosja/przejscie-na-hurt/#co-mowia-teraz	Zełenski i Budanow publicznie wskazują zimę 2026 jako realną granicę okna.
A4	a4_lipiec-2026-przejscie-na-hurt-v20_11-2026-08-01.html	lipiec 2026. przejscie na hurt — v20.11	https://maciektora-hue.github.io/rosja/przejscie-na-hurt/	H3	3	59	4. Czego wcześniej w obiegu nie było	czego-nie-bylo-w-obiegu	OK	https://maciektora-hue.github.io/rosja/przejscie-na-hurt/#czego-nie-bylo-w-obiegu	Nowością jest samo wejście szybkiego zakończenia wojny do publicznego repertuaru scenariuszy.
A4	a4_lipiec-2026-przejscie-na-hurt-v20_11-2026-08-01.html	lipiec 2026. przejscie na hurt — v20.11	https://maciektora-hue.github.io/rosja/przejscie-na-hurt/	H3	3	60	5. Dyscyplina — mapa, nie GPS	dyscyplina	OK	https://maciektora-hue.github.io/rosja/przejscie-na-hurt/#dyscyplina	Prognoza pozostaje mapą ryzyka, nie pewną datą ani GPS-em zdarzeń.
A4	a4_lipiec-2026-przejscie-na-hurt-v20_11-2026-08-01.html	lipiec 2026. przejscie na hurt — v20.11	https://maciektora-hue.github.io/rosja/przejscie-na-hurt/	H2	2	61	IX. Zapaść w czasie teraźniejszym ciągłym	zapasc	OK	https://maciektora-hue.github.io/rosja/przejscie-na-hurt/#zapasc	Równoległa degradacja rosyjskiego budżetu, rolnictwa, rezerw, transportu i przedsiębiorstw.
A4	a4_lipiec-2026-przejscie-na-hurt-v20_11-2026-08-01.html	lipiec 2026. przejscie na hurt — v20.11	https://maciektora-hue.github.io/rosja/przejscie-na-hurt/	H3	3	62	1. Budżet — oficjalna dziura i paradoks naftowy	budzet	OK	https://maciektora-hue.github.io/rosja/przejscie-na-hurt/#budzet	Deficyt przekracza plany mimo odkładania reguł fiskalnych poza bieżący horyzont.
A4	a4_lipiec-2026-przejscie-na-hurt-v20_11-2026-08-01.html	lipiec 2026. przejscie na hurt — v20.11	https://maciektora-hue.github.io/rosja/przejscie-na-hurt/	H4	4	63	Paradoks naftowy — spadek wpływów przy rekordowych cenach	paradoks-naftowy	OK	https://maciektora-hue.github.io/rosja/przejscie-na-hurt/#paradoks-naftowy	Wpływy spadają mimo rekordowej ceny ropy, bo ograniczeniem staje się fizyczny eksport.
A4	a4_lipiec-2026-przejscie-na-hurt-v20_11-2026-08-01.html	lipiec 2026. przejscie na hurt — v20.11	https://maciektora-hue.github.io/rosja/przejscie-na-hurt/	H3	3	64	2. Zbiory — paliwo zjada plon, a technologia zjada resztę	zbiory	OK	https://maciektora-hue.github.io/rosja/przejscie-na-hurt/#zbiory	Braki paliwa, technologii i ludzi uderzają bezpośrednio w tempo i wynik żniw.
A4	a4_lipiec-2026-przejscie-na-hurt-v20_11-2026-08-01.html	lipiec 2026. przejscie na hurt — v20.11	https://maciektora-hue.github.io/rosja/przejscie-na-hurt/	H4	4	65	Degradacja technologiczna pod spodem	degradacja-technologiczna	OK	https://maciektora-hue.github.io/rosja/przejscie-na-hurt/#degradacja-technologiczna	Tańsze nasiona, mniej nawozów i starzejący sprzęt wzmacniają podatność rolnictwa.
A4	a4_lipiec-2026-przejscie-na-hurt-v20_11-2026-08-01.html	lipiec 2026. przejscie na hurt — v20.11	https://maciektora-hue.github.io/rosja/przejscie-na-hurt/	H4	4	66	Pogoda i pułapka płynności	pogoda-i-plynnosc	OK	https://maciektora-hue.github.io/rosja/przejscie-na-hurt/#pogoda-i-plynnosc	Pogoda i brak gotówki zamykają rolników w pętli paliwo–zbiór–dochód.
A4	a4_lipiec-2026-przejscie-na-hurt-v20_11-2026-08-01.html	lipiec 2026. przejscie na hurt — v20.11	https://maciektora-hue.github.io/rosja/przejscie-na-hurt/	H4	4	67	Wieś się wyżywi, miasta niekoniecznie	wies-i-miasto	OK	https://maciektora-hue.github.io/rosja/przejscie-na-hurt/#wies-i-miasto	Wieś ma bufory przetrwania; politycznie groźniejsze są braki żywności w dużych miastach.
A4	a4_lipiec-2026-przejscie-na-hurt-v20_11-2026-08-01.html	lipiec 2026. przejscie na hurt — v20.11	https://maciektora-hue.github.io/rosja/przejscie-na-hurt/	H3	3	68	3. Złoto — wyprzedaż stulecia	zloto	OK	https://maciektora-hue.github.io/rosja/przejscie-na-hurt/#zloto	Bank centralny sprzedaje złoto w rekordowym tempie, by łatać budżet.
A4	a4_lipiec-2026-przejscie-na-hurt-v20_11-2026-08-01.html	lipiec 2026. przejscie na hurt — v20.11	https://maciektora-hue.github.io/rosja/przejscie-na-hurt/	H3	3	69	4. Kolej — piąty rok spadku i degradacja pod spodem	kolej	OK	https://maciektora-hue.github.io/rosja/przejscie-na-hurt/#kolej	Spadek przewozów nakłada się na kadry, majątek i coraz gorszą jakość infrastruktury.
A4	a4_lipiec-2026-przejscie-na-hurt-v20_11-2026-08-01.html	lipiec 2026. przejscie na hurt — v20.11	https://maciektora-hue.github.io/rosja/przejscie-na-hurt/	H4	4	70	Paradoks pracy przewozowej	paradoks-gruzooborotu	OK	https://maciektora-hue.github.io/rosja/przejscie-na-hurt/#paradoks-gruzooborotu	Praca przewozowa może maskować kurczący się wolumen dzięki zmianie długości tras i struktury ładunków.
A4	a4_lipiec-2026-przejscie-na-hurt-v20_11-2026-08-01.html	lipiec 2026. przejscie na hurt — v20.11	https://maciektora-hue.github.io/rosja/przejscie-na-hurt/	H4	4	71	Wyprzedaż majątku i ubytek ludzi	wyprzedaz-i-kadry	OK	https://maciektora-hue.github.io/rosja/przejscie-na-hurt/#wyprzedaz-i-kadry	Kolej wyprzedaje aktywa i traci techników potrzebnych do utrzymania systemu.
A4	a4_lipiec-2026-przejscie-na-hurt-v20_11-2026-08-01.html	lipiec 2026. przejscie na hurt — v20.11	https://maciektora-hue.github.io/rosja/przejscie-na-hurt/	H4	4	72	Fałszowane remonty i zakazy załadunku	falszowane-remonty	OK	https://maciektora-hue.github.io/rosja/przejscie-na-hurt/#falszowane-remonty	Papierowa sprawność i zakazy załadunku maskują realną degradację infrastruktury kolejowej.
A4	a4_lipiec-2026-przejscie-na-hurt-v20_11-2026-08-01.html	lipiec 2026. przejscie na hurt — v20.11	https://maciektora-hue.github.io/rosja/przejscie-na-hurt/	H3	3	73	5. Lotnictwo cywilne — awaria co tydzień	lotnictwo	OK	https://maciektora-hue.github.io/rosja/przejscie-na-hurt/#lotnictwo	Kanibalizacja części i ograniczony serwis przekładają się na rosnącą awaryjność lotnictwa cywilnego.
A4	a4_lipiec-2026-przejscie-na-hurt-v20_11-2026-08-01.html	lipiec 2026. przejscie na hurt — v20.11	https://maciektora-hue.github.io/rosja/przejscie-na-hurt/	H3	3	74	6. Sektor korporacyjny — zarządzany upadek	sektor-korporacyjny	OK	https://maciektora-hue.github.io/rosja/przejscie-na-hurt/#sektor-korporacyjny	Duże firmy przechodzą od wzrostu do restrukturyzacji, strat i kontrolowanego kurczenia.
A4	a4_lipiec-2026-przejscie-na-hurt-v20_11-2026-08-01.html	lipiec 2026. przejscie na hurt — v20.11	https://maciektora-hue.github.io/rosja/przejscie-na-hurt/	H3	3	75	7. Dlaczego to już czas przyszły dokonany	czas-dokonany	OK	https://maciektora-hue.github.io/rosja/przejscie-na-hurt/#czas-dokonany	Część procesów przekroczyła etap prognozy: pytanie dotyczy skutków, nie samego wystąpienia.
A4	a4_lipiec-2026-przejscie-na-hurt-v20_11-2026-08-01.html	lipiec 2026. przejscie na hurt — v20.11	https://maciektora-hue.github.io/rosja/przejscie-na-hurt/	H2	2	76	X. Mobilizacja cicha i pełna	mobilizacja	OK	https://maciektora-hue.github.io/rosja/przejscie-na-hurt/#mobilizacja	Rosja między kosztownym werbunkiem, cichym poborem i ryzykiem pełnej mobilizacji.
A4	a4_lipiec-2026-przejscie-na-hurt-v20_11-2026-08-01.html	lipiec 2026. przejscie na hurt — v20.11	https://maciektora-hue.github.io/rosja/przejscie-na-hurt/	H3	3	77	1. Werbunek siada	werbunek-siada	OK	https://maciektora-hue.github.io/rosja/przejscie-na-hurt/#werbunek-siada	Premie rosną, a dobrowolny napływ ludzi daje coraz mniejszy efekt marginalny.
A4	a4_lipiec-2026-przejscie-na-hurt-v20_11-2026-08-01.html	lipiec 2026. przejscie na hurt — v20.11	https://maciektora-hue.github.io/rosja/przejscie-na-hurt/	H3	3	78	2. Cicha mobilizacja — co już trwa	cicha-mobilizacja	OK	https://maciektora-hue.github.io/rosja/przejscie-na-hurt/#cicha-mobilizacja	Administracyjne i kontraktowe mechanizmy zwiększają zasób ludzi bez formalnego ogłoszenia mobilizacji.
A4	a4_lipiec-2026-przejscie-na-hurt-v20_11-2026-08-01.html	lipiec 2026. przejscie na hurt — v20.11	https://maciektora-hue.github.io/rosja/przejscie-na-hurt/	H3	3	79	3. Głos przeciwny — czy na pewno brakuje	glos-przeciwny	OK	https://maciektora-hue.github.io/rosja/przejscie-na-hurt/#glos-przeciwny	Kontrargument: obecny werbunek może wystarczać do utrzymania frontu, choć nie do przełomu.
A4	a4_lipiec-2026-przejscie-na-hurt-v20_11-2026-08-01.html	lipiec 2026. przejscie na hurt — v20.11	https://maciektora-hue.github.io/rosja/przejscie-na-hurt/	H3	3	80	4. Pełna mobilizacja po wyborach	pelna-po-wyborach	OK	https://maciektora-hue.github.io/rosja/przejscie-na-hurt/#pelna-po-wyborach	Wrzesień ogranicza politycznie decyzję, więc pełny pobór rozważany jest po wyborach.
A4	a4_lipiec-2026-przejscie-na-hurt-v20_11-2026-08-01.html	lipiec 2026. przejscie na hurt — v20.11	https://maciektora-hue.github.io/rosja/przejscie-na-hurt/	H3	3	81	5. Co by dała, a co zabrała	co-by-dala	OK	https://maciektora-hue.github.io/rosja/przejscie-na-hurt/#co-by-dala	Pełna mobilizacja kupuje piechotę kosztem rynku pracy, specjalistów, emigracji i spokoju.
A4	a4_lipiec-2026-przejscie-na-hurt-v20_11-2026-08-01.html	lipiec 2026. przejscie na hurt — v20.11	https://maciektora-hue.github.io/rosja/przejscie-na-hurt/	H4	4	82	Dałaby: masę piechoty, na jeden sezon	dalaby-piechote	OK	https://maciektora-hue.github.io/rosja/przejscie-na-hurt/#dalaby-piechote	Kilkaset tysięcy ludzi daje jednorazowy sezon większej masy frontowej.
A4	a4_lipiec-2026-przejscie-na-hurt-v20_11-2026-08-01.html	lipiec 2026. przejscie na hurt — v20.11	https://maciektora-hue.github.io/rosja/przejscie-na-hurt/	H4	4	83	Zabrałaby: ostatnie rezerwy rynku pracy	zabralaby-rynek-pracy	OK	https://maciektora-hue.github.io/rosja/przejscie-na-hurt/#zabralaby-rynek-pracy	Pobór wyciąga ludzi z rynku, który już niemal nie ma rezerw.
A4	a4_lipiec-2026-przejscie-na-hurt-v20_11-2026-08-01.html	lipiec 2026. przejscie na hurt — v20.11	https://maciektora-hue.github.io/rosja/przejscie-na-hurt/	H4	4	84	Zabrałaby: specjalistów, których wojna potrzebuje najbardziej	zabralaby-specjalistow	OK	https://maciektora-hue.github.io/rosja/przejscie-na-hurt/#zabralaby-specjalistow	Mobilizacja odbiera gospodarce techników potrzebnych także samemu wojsku.
A4	a4_lipiec-2026-przejscie-na-hurt-v20_11-2026-08-01.html	lipiec 2026. przejscie na hurt — v20.11	https://maciektora-hue.github.io/rosja/przejscie-na-hurt/	H4	4	85	Zabrałaby: kolejną falę emigracji, tym razem trwałą	zabralaby-ludzi-za-granice	OK	https://maciektora-hue.github.io/rosja/przejscie-na-hurt/#zabralaby-ludzi-za-granice	Nowa fala poboru może wywołać trwałą emigrację młodych i mobilnych.
A4	a4_lipiec-2026-przejscie-na-hurt-v20_11-2026-08-01.html	lipiec 2026. przejscie na hurt — v20.11	https://maciektora-hue.github.io/rosja/przejscie-na-hurt/	H4	4	86	Zabrałaby: spokój społeczny, którego nie da się odkupić	zabralaby-spokoj	OK	https://maciektora-hue.github.io/rosja/przejscie-na-hurt/#zabralaby-spokoj	Pełna mobilizacja ujawnia skalę wojny i podnosi koszt społeczny reżimu.
A4	a4_lipiec-2026-przejscie-na-hurt-v20_11-2026-08-01.html	lipiec 2026. przejscie na hurt — v20.11	https://maciektora-hue.github.io/rosja/przejscie-na-hurt/	H2	2	87	XI. Chiński substytut komponentowy	chinski-substytut	OK	https://maciektora-hue.github.io/rosja/przejscie-na-hurt/#chinski-substytut	Chiny zastępują część zachodnich dostaw, lecz pogłębiają jednostronną zależność Rosji.
A4	a4_lipiec-2026-przejscie-na-hurt-v20_11-2026-08-01.html	lipiec 2026. przejscie na hurt — v20.11	https://maciektora-hue.github.io/rosja/przejscie-na-hurt/	H3	3	88	1. Skala zastąpienia	skala-zastapienia	OK	https://maciektora-hue.github.io/rosja/przejscie-na-hurt/#skala-zastapienia	Chińskie komponenty masowo wypełniają rosyjskie luki w elektronice i technologiach podwójnego zastosowania.
A4	a4_lipiec-2026-przejscie-na-hurt-v20_11-2026-08-01.html	lipiec 2026. przejscie na hurt — v20.11	https://maciektora-hue.github.io/rosja/przejscie-na-hurt/	H3	3	89	2. Oficjalna kapitulacja programu niezależności	oficjalna-kapitulacja	OK	https://maciektora-hue.github.io/rosja/przejscie-na-hurt/#oficjalna-kapitulacja	Rosja formalnie obniża cel niezależności elektronicznej i tnie programy krajowe.
A4	a4_lipiec-2026-przejscie-na-hurt-v20_11-2026-08-01.html	lipiec 2026. przejscie na hurt — v20.11	https://maciektora-hue.github.io/rosja/przejscie-na-hurt/	H3	3	90	3. Irtysz — procesor, który nie jest rosyjski	irtysz	OK	https://maciektora-hue.github.io/rosja/przejscie-na-hurt/#irtysz	„Rosyjski” procesor okazuje się chińską architekturą i zagraniczną produkcją.
A4	a4_lipiec-2026-przejscie-na-hurt-v20_11-2026-08-01.html	lipiec 2026. przejscie na hurt — v20.11	https://maciektora-hue.github.io/rosja/przejscie-na-hurt/	H3	3	91	4. Kanały szarej strefy	szarej-strefy	OK	https://maciektora-hue.github.io/rosja/przejscie-na-hurt/#szarej-strefy	Sankcjonowane komponenty płyną przez pośredników, firmy słupowe i trzecie państwa.
A4	a4_lipiec-2026-przejscie-na-hurt-v20_11-2026-08-01.html	lipiec 2026. przejscie na hurt — v20.11	https://maciektora-hue.github.io/rosja/przejscie-na-hurt/	H3	3	92	5. Gaz — oba kierunki zamknięte	gaz-oba-kierunki	OK	https://maciektora-hue.github.io/rosja/przejscie-na-hurt/#gaz-oba-kierunki	Rynek europejski utracony, a chiński kierunek nie daje porównywalnej skali ani warunków.
A4	a4_lipiec-2026-przejscie-na-hurt-v20_11-2026-08-01.html	lipiec 2026. przejscie na hurt — v20.11	https://maciektora-hue.github.io/rosja/przejscie-na-hurt/	H3	3	93	6. To nie substytucja, to zamiana wierzyciela	zamiana-nie-substytucja	OK	https://maciektora-hue.github.io/rosja/przejscie-na-hurt/#zamiana-nie-substytucja	Rosja nie odzyskała samodzielności, tylko zamieniła Zachód na silniejszego wierzyciela chińskiego.
A4	a4_lipiec-2026-przejscie-na-hurt-v20_11-2026-08-01.html	lipiec 2026. przejscie na hurt — v20.11	https://maciektora-hue.github.io/rosja/przejscie-na-hurt/	H2	2	94	XII. Przemysł zbrojeniowy — cztery domknięcia	przemysl-domkniecia	OK	https://maciektora-hue.github.io/rosja/przejscie-na-hurt/#przemysl-domkniecia	Powtarzane uderzenia, komponentowe wąskie gardła i brak ludzi spinają presję na zbrojeniówkę.
A4	a4_lipiec-2026-przejscie-na-hurt-v20_11-2026-08-01.html	lipiec 2026. przejscie na hurt — v20.11	https://maciektora-hue.github.io/rosja/przejscie-na-hurt/	H3	3	95	1. Macierz powtórzeń	macierz-powtorzen	OK	https://maciektora-hue.github.io/rosja/przejscie-na-hurt/#macierz-powtorzen	Te same zakłady trafiane szybciej, niż mogą kończyć kolejne cykle napraw.
A4	a4_lipiec-2026-przejscie-na-hurt-v20_11-2026-08-01.html	lipiec 2026. przejscie na hurt — v20.11	https://maciektora-hue.github.io/rosja/przejscie-na-hurt/	H3	3	96	2. Wąskim gardłem jest komponent, nie budynek	waskie-gardlo	OK	https://maciektora-hue.github.io/rosja/przejscie-na-hurt/#waskie-gardlo	Kluczowym ograniczeniem stają się trudne do zastąpienia części i technologie, nie hale.
A4	a4_lipiec-2026-przejscie-na-hurt-v20_11-2026-08-01.html	lipiec 2026. przejscie na hurt — v20.11	https://maciektora-hue.github.io/rosja/przejscie-na-hurt/	H3	3	97	3. KAB — jeden produkt, trzy ogniwa	kab-trzy-ogniwa	OK	https://maciektora-hue.github.io/rosja/przejscie-na-hurt/#kab-trzy-ogniwa	Produkcja KAB zależy od kilku różnych, równocześnie podatnych ogniw dostaw.
A4	a4_lipiec-2026-przejscie-na-hurt-v20_11-2026-08-01.html	lipiec 2026. przejscie na hurt — v20.11	https://maciektora-hue.github.io/rosja/przejscie-na-hurt/	H3	3	98	4. Trójkąt konkurencji o ludzi	trojkat-o-ludzi	OK	https://maciektora-hue.github.io/rosja/przejscie-na-hurt/#trojkat-o-ludzi	Wojsko, zbrojeniówka i gospodarka cywilna konkurują o tę samą kurczącą się pulę specjalistów.
A4	a4_lipiec-2026-przejscie-na-hurt-v20_11-2026-08-01.html	lipiec 2026. przejscie na hurt — v20.11	https://maciektora-hue.github.io/rosja/przejscie-na-hurt/	H2	2	99	XIII. Strumień pod obciążeniem	strumien-pod-obciazeniem	OK	https://maciektora-hue.github.io/rosja/przejscie-na-hurt/#strumien-pod-obciazeniem	Test drugiej strony równania: ukraiński strumień jest realny, ale też ma ograniczenia.
A4	a4_lipiec-2026-przejscie-na-hurt-v20_11-2026-08-01.html	lipiec 2026. przejscie na hurt — v20.11	https://maciektora-hue.github.io/rosja/przejscie-na-hurt/	H3	3	100	1. Strumień jest realny — liczby	strumien-jest-realny	OK	https://maciektora-hue.github.io/rosja/przejscie-na-hurt/#strumien-jest-realny	Produkcja dronów i pocisków rośnie jako odnawialny strumień, nie wyczerpywany magazyn.
A4	a4_lipiec-2026-przejscie-na-hurt-v20_11-2026-08-01.html	lipiec 2026. przejscie na hurt — v20.11	https://maciektora-hue.github.io/rosja/przejscie-na-hurt/	H3	3	101	2. Strumień finansowany, nie darmowy	strumien-finansowany	OK	https://maciektora-hue.github.io/rosja/przejscie-na-hurt/#strumien-finansowany	Głównym wąskim gardłem ukraińskiej produkcji jest finansowanie zewnętrzne, nie moce przemysłowe.
A4	a4_lipiec-2026-przejscie-na-hurt-v20_11-2026-08-01.html	lipiec 2026. przejscie na hurt — v20.11	https://maciektora-hue.github.io/rosja/przejscie-na-hurt/	H3	3	102	3. Piechota — deficyt, którego nie łata technologia	piechota	OK	https://maciektora-hue.github.io/rosja/przejscie-na-hurt/#piechota	Technologia nie usuwa strukturalnego braku wyszkolonej piechoty do utrzymywania terenu.
A4	a4_lipiec-2026-przejscie-na-hurt-v20_11-2026-08-01.html	lipiec 2026. przejscie na hurt — v20.11	https://maciektora-hue.github.io/rosja/przejscie-na-hurt/	H3	3	103	4. Energetyka — korekta własnej tezy	energetyka-korekta	OK	https://maciektora-hue.github.io/rosja/przejscie-na-hurt/#energetyka-korekta	Ukraińska sieć regeneruje się, lecz ciężkie transformatory mają długi cykl odtworzenia.
A4	a4_lipiec-2026-przejscie-na-hurt-v20_11-2026-08-01.html	lipiec 2026. przejscie na hurt — v20.11	https://maciektora-hue.github.io/rosja/przejscie-na-hurt/	H3	3	104	5. Asymetria ograniczeń	asymetria-ograniczen	OK	https://maciektora-hue.github.io/rosja/przejscie-na-hurt/#asymetria-ograniczen	Rosyjskie ograniczenia są głównie fizyczne i jednokierunkowe; ukraińskie częściej politycznie odwracalne.
A4	a4_lipiec-2026-przejscie-na-hurt-v20_11-2026-08-01.html	lipiec 2026. przejscie na hurt — v20.11	https://maciektora-hue.github.io/rosja/przejscie-na-hurt/	H2	2	105	XIV. Czego Rosja nauczyła się dobrze	adaptacja	OK	https://maciektora-hue.github.io/rosja/przejscie-na-hurt/#adaptacja	Steelmanning: Rosja skutecznie obchodzi część sankcji i buduje nowe mechanizmy odporności.
A4	a4_lipiec-2026-przejscie-na-hurt-v20_11-2026-08-01.html	lipiec 2026. przejscie na hurt — v20.11	https://maciektora-hue.github.io/rosja/przejscie-na-hurt/	H3	3	106	1. Flota cieni — od obejścia do instytucji	flota-cieni	OK	https://maciektora-hue.github.io/rosja/przejscie-na-hurt/#flota-cieni	Flota cieni stała się trwałą rosyjską instytucją eksportową mimo sankcji jednostkowych.
A4	a4_lipiec-2026-przejscie-na-hurt-v20_11-2026-08-01.html	lipiec 2026. przejscie na hurt — v20.11	https://maciektora-hue.github.io/rosja/przejscie-na-hurt/	H3	3	107	2. Nowy poziom: budowa mocy pod sankcjami	budowa-pod-sankcjami	OK	https://maciektora-hue.github.io/rosja/przejscie-na-hurt/#budowa-pod-sankcjami	Rosja i partnerzy rozwijają nowe moce projektowe nawet wewnątrz reżimu sankcyjnego.
A4	a4_lipiec-2026-przejscie-na-hurt-v20_11-2026-08-01.html	lipiec 2026. przejscie na hurt — v20.11	https://maciektora-hue.github.io/rosja/przejscie-na-hurt/	H3	3	108	3. Kontradaptacja: sankcje kinetyczne	sankcje-kinetyczne	OK	https://maciektora-hue.github.io/rosja/przejscie-na-hurt/#sankcje-kinetyczne	Ukraina odpowiada na sankcyjne obejścia fizycznym niszczeniem infrastruktury i środków transportu.
A4	a4_lipiec-2026-przejscie-na-hurt-v20_11-2026-08-01.html	lipiec 2026. przejscie na hurt — v20.11	https://maciektora-hue.github.io/rosja/przejscie-na-hurt/	H3	3	109	4. Pozostałe adaptacje	pozostale-adaptacje	OK	https://maciektora-hue.github.io/rosja/przejscie-na-hurt/#pozostale-adaptacje	Import równoległy, substytucja i reorganizacja produkcji łagodzą część zewnętrznej presji.
A4	a4_lipiec-2026-przejscie-na-hurt-v20_11-2026-08-01.html	lipiec 2026. przejscie na hurt — v20.11	https://maciektora-hue.github.io/rosja/przejscie-na-hurt/	H3	3	110	5. Cena każdej adaptacji	cena-adaptacji	OK	https://maciektora-hue.github.io/rosja/przejscie-na-hurt/#cena-adaptacji	Każde obejście podnosi koszt, wydłuża łańcuch i zwiększa zależność od pośredników.
A4	a4_lipiec-2026-przejscie-na-hurt-v20_11-2026-08-01.html	lipiec 2026. przejscie na hurt — v20.11	https://maciektora-hue.github.io/rosja/przejscie-na-hurt/	H3	3	111	6. Dlaczego to wzmacnia tezę, a nie osłabia	dlaczego-to-wzmacnia-teze	OK	https://maciektora-hue.github.io/rosja/przejscie-na-hurt/#dlaczego-to-wzmacnia-teze	Skuteczna adaptacja pokazuje, że system trwa, ale za cenę rosnącej złożoności i kosztu.
A4	a4_lipiec-2026-przejscie-na-hurt-v20_11-2026-08-01.html	lipiec 2026. przejscie na hurt — v20.11	https://maciektora-hue.github.io/rosja/przejscie-na-hurt/	H2	2	112	XV. Bankowość — najkrótszy zapalnik	bankowosc	OK	https://maciektora-hue.github.io/rosja/przejscie-na-hurt/#bankowosc	Utajony kryzys bankowy jako najszybszy mechanizm przejścia z erozji do paniki.
A4	a4_lipiec-2026-przejscie-na-hurt-v20_11-2026-08-01.html	lipiec 2026. przejscie na hurt — v20.11	https://maciektora-hue.github.io/rosja/przejscie-na-hurt/	H3	3	113	1. Formalnie kryzys już trwa	formalnie-juz-kryzys	OK	https://maciektora-hue.github.io/rosja/przejscie-na-hurt/#formalnie-juz-kryzys	Złe aktywa i niespłacalność przekraczają poziomy odpowiadające kryzysowi bankowemu.
A4	a4_lipiec-2026-przejscie-na-hurt-v20_11-2026-08-01.html	lipiec 2026. przejscie na hurt — v20.11	https://maciektora-hue.github.io/rosja/przejscie-na-hurt/	H3	3	114	2. Maskowanie przez restrukturyzację	maskowanie	OK	https://maciektora-hue.github.io/rosja/przejscie-na-hurt/#maskowanie	Restrukturyzacje odsuwają klasyfikację złych długów i przenoszą koszt na państwo.
A4	a4_lipiec-2026-przejscie-na-hurt-v20_11-2026-08-01.html	lipiec 2026. przejscie na hurt — v20.11	https://maciektora-hue.github.io/rosja/przejscie-na-hurt/	H3	3	115	3. Marketplace'y jako przyspiesznik	marketplace-przyspiesznik	OK	https://maciektora-hue.github.io/rosja/przejscie-na-hurt/#marketplace-przyspiesznik	Uderzenia magazynowe pogarszają jakość kredytów firm i zwiększają rezerwy banków.
A4	a4_lipiec-2026-przejscie-na-hurt-v20_11-2026-08-01.html	lipiec 2026. przejscie na hurt — v20.11	https://maciektora-hue.github.io/rosja/przejscie-na-hurt/	H3	3	116	4. Ucieczka gotówki i niespłacalność	ucieczka-gotowki	OK	https://maciektora-hue.github.io/rosja/przejscie-na-hurt/#ucieczka-gotowki	Rosną jednocześnie gotówka poza bankami i niespłacalność gospodarstw oraz firm.
A4	a4_lipiec-2026-przejscie-na-hurt-v20_11-2026-08-01.html	lipiec 2026. przejscie na hurt — v20.11	https://maciektora-hue.github.io/rosja/przejscie-na-hurt/	H3	3	117	5. Dlaczego to najkrótszy zapalnik	dlaczego-najkrotszy	OK	https://maciektora-hue.github.io/rosja/przejscie-na-hurt/#dlaczego-najkrotszy	Bankowa percepcja może zmienić kryzys utajony w jawny w ciągu dni.
A4	a4_lipiec-2026-przejscie-na-hurt-v20_11-2026-08-01.html	lipiec 2026. przejscie na hurt — v20.11	https://maciektora-hue.github.io/rosja/przejscie-na-hurt/	H2	2	118	XVI. Zima 2026/27 — zbieg wektorów	zima	OK	https://maciektora-hue.github.io/rosja/przejscie-na-hurt/#zima	Jesień i zima skupiają w jednym oknie paliwa, finanse, mobilizację, budżet i ciepłownictwo.
A4	a4_lipiec-2026-przejscie-na-hurt-v20_11-2026-08-01.html	lipiec 2026. przejscie na hurt — v20.11	https://maciektora-hue.github.io/rosja/przejscie-na-hurt/	H3	3	119	1. Kalendarz zbieżności	kalendarz-zbieznosci	OK	https://maciektora-hue.github.io/rosja/przejscie-na-hurt/#kalendarz-zbieznosci	Niezależne zegary wielu procesów schodzą się wokół jesieni 2026 i początku 2027.
A4	a4_lipiec-2026-przejscie-na-hurt-v20_11-2026-08-01.html	lipiec 2026. przejscie na hurt — v20.11	https://maciektora-hue.github.io/rosja/przejscie-na-hurt/	H3	3	120	2. Ciepłownictwo — zużycie 70% przy budżecie ciętym 2,3 raza	cieplownictwo	OK	https://maciektora-hue.github.io/rosja/przejscie-na-hurt/#cieplownictwo	Zużyta infrastruktura grzewcza wchodzi w zimę przy mocno obciętym finansowaniu remontów.
A4	a4_lipiec-2026-przejscie-na-hurt-v20_11-2026-08-01.html	lipiec 2026. przejscie na hurt — v20.11	https://maciektora-hue.github.io/rosja/przejscie-na-hurt/	H3	3	121	3. Przyznanie wpisane w dokument rządowy	przyznanie-w-dokumencie	OK	https://maciektora-hue.github.io/rosja/przejscie-na-hurt/#przyznanie-w-dokumencie	Rosyjskie dokumenty rządowe same wpisują ryzyko awarii i niedoborów infrastrukturalnych.
A4	a4_lipiec-2026-przejscie-na-hurt-v20_11-2026-08-01.html	lipiec 2026. przejscie na hurt — v20.11	https://maciektora-hue.github.io/rosja/przejscie-na-hurt/	H3	3	122	4. Dlaczego splot mnoży, a nie sumuje	dlaczego-splot-mnozy	OK	https://maciektora-hue.github.io/rosja/przejscie-na-hurt/#dlaczego-splot-mnozy	Jednoczesne kryzysy wzajemnie zabierają sobie zasoby potrzebne do reagowania.
A4	a4_lipiec-2026-przejscie-na-hurt-v20_11-2026-08-01.html	lipiec 2026. przejscie na hurt — v20.11	https://maciektora-hue.github.io/rosja/przejscie-na-hurt/	H3	3	123	5. Co musiałoby pójść dobrze	co-musialoby-pojsc-dobrze	OK	https://maciektora-hue.github.io/rosja/przejscie-na-hurt/#co-musialoby-pojsc-dobrze	Scenariusz stabilizacji wymaga równoczesnego powodzenia na wielu niezależnych osiach.
A4	a4_lipiec-2026-przejscie-na-hurt-v20_11-2026-08-01.html	lipiec 2026. przejscie na hurt — v20.11	https://maciektora-hue.github.io/rosja/przejscie-na-hurt/	H2	2	124	XVII. Tryb wojenny i cofnięcie się w czasie	tryb-wojenny	OK	https://maciektora-hue.github.io/rosja/przejscie-na-hurt/#tryb-wojenny	Pełna mobilizacja gospodarki może rozwiązać problem alokacji, ale nie dostępności materialnej.
A4	a4_lipiec-2026-przejscie-na-hurt-v20_11-2026-08-01.html	lipiec 2026. przejscie na hurt — v20.11	https://maciektora-hue.github.io/rosja/przejscie-na-hurt/	H3	3	125	1. Co tryb wojenny faktycznie rozwiązuje	co-tryb-rozwiazuje	OK	https://maciektora-hue.github.io/rosja/przejscie-na-hurt/#co-tryb-rozwiazuje	Przymus kieruje ludzi, pieniądze i priorytety tam, gdzie chce państwo.
A4	a4_lipiec-2026-przejscie-na-hurt-v20_11-2026-08-01.html	lipiec 2026. przejscie na hurt — v20.11	https://maciektora-hue.github.io/rosja/przejscie-na-hurt/	H3	3	126	2. Drzwi zamknięto przed decyzją	drzwi-zamkniete	OK	https://maciektora-hue.github.io/rosja/przejscie-na-hurt/#drzwi-zamkniete	Kontrola społeczna i gospodarcza została zbudowana zanim formalnie nazwano pełny tryb wojenny.
A4	a4_lipiec-2026-przejscie-na-hurt-v20_11-2026-08-01.html	lipiec 2026. przejscie na hurt — v20.11	https://maciektora-hue.github.io/rosja/przejscie-na-hurt/	H3	3	127	3. Czego nie ma: dostaw sojuszniczych	brak-lend-lease	OK	https://maciektora-hue.github.io/rosja/przejscie-na-hurt/#brak-lend-lease	Rosji brakuje zewnętrznego dostawcy skali porównywalnej z historycznym alianckim zapleczem.
A4	a4_lipiec-2026-przejscie-na-hurt-v20_11-2026-08-01.html	lipiec 2026. przejscie na hurt — v20.11	https://maciektora-hue.github.io/rosja/przejscie-na-hurt/	H3	3	128	4. Trzy warstwy czasowe jednej gospodarki	trzy-warstwy-czasowe	OK	https://maciektora-hue.github.io/rosja/przejscie-na-hurt/#trzy-warstwy-czasowe	W jednej gospodarce współistnieją archaiczna produkcja, sowiecka baza i importowana nowoczesność.
A4	a4_lipiec-2026-przejscie-na-hurt-v20_11-2026-08-01.html	lipiec 2026. przejscie na hurt — v20.11	https://maciektora-hue.github.io/rosja/przejscie-na-hurt/	H3	3	129	5. Przymus nowoczesny, produkcja archaiczna	przymus-nowoczesny	OK	https://maciektora-hue.github.io/rosja/przejscie-na-hurt/#przymus-nowoczesny	Najnowocześniejsza jest kontrola obywatela, podczas gdy produkcja technicznie się cofa.
A4	a4_lipiec-2026-przejscie-na-hurt-v20_11-2026-08-01.html	lipiec 2026. przejscie na hurt — v20.11	https://maciektora-hue.github.io/rosja/przejscie-na-hurt/	H2	2	130	XVIII. Inwentarz opcji — co Rosji zostaje	inwentarz-opcji	OK	https://maciektora-hue.github.io/rosja/przejscie-na-hurt/#inwentarz-opcji	Oddzielenie realnych narzędzi Rosji od działań brzmiących jak rozwiązanie, lecz pustych materialnie.
A4	a4_lipiec-2026-przejscie-na-hurt-v20_11-2026-08-01.html	lipiec 2026. przejscie na hurt — v20.11	https://maciektora-hue.github.io/rosja/przejscie-na-hurt/	H3	3	131	1. Opcje pozorne	opcje-puste	OK	https://maciektora-hue.github.io/rosja/przejscie-na-hurt/#opcje-puste	Bailout, konfiskata i sztuczki monetarne nie tworzą brakujących rzeczy fizycznych.
A4	a4_lipiec-2026-przejscie-na-hurt-v20_11-2026-08-01.html	lipiec 2026. przejscie na hurt — v20.11	https://maciektora-hue.github.io/rosja/przejscie-na-hurt/	H3	3	132	2. Opcje realne	opcje-realne	OK	https://maciektora-hue.github.io/rosja/przejscie-na-hurt/#opcje-realne	Realne są przesunięcia zasobów, obniżanie standardów i import rzeczy z zewnątrz.
A4	a4_lipiec-2026-przejscie-na-hurt-v20_11-2026-08-01.html	lipiec 2026. przejscie na hurt — v20.11	https://maciektora-hue.github.io/rosja/przejscie-na-hurt/	H3	3	133	3. Pieniądz przestał być wiązaniem	pieniadz-nie-jest-wiazaniem	OK	https://maciektora-hue.github.io/rosja/przejscie-na-hurt/#pieniadz-nie-jest-wiazaniem	Ograniczeniem staje się dostęp do komponentów, ludzi i infrastruktury, nie liczba rubli.
A4	a4_lipiec-2026-przejscie-na-hurt-v20_11-2026-08-01.html	lipiec 2026. przejscie na hurt — v20.11	https://maciektora-hue.github.io/rosja/przejscie-na-hurt/	H2	2	134	XIX. Co jeszcze może spłonąć	co-jeszcze-splonie	OK	https://maciektora-hue.github.io/rosja/przejscie-na-hurt/#co-jeszcze-splonie	Katalog kolejnych klas celów o wysokim potencjale odbierania rosyjskich zdolności wojennych.
A4	a4_lipiec-2026-przejscie-na-hurt-v20_11-2026-08-01.html	lipiec 2026. przejscie na hurt — v20.11	https://maciektora-hue.github.io/rosja/przejscie-na-hurt/	H2	2	135	XX. Granica analizy materialnej	granica-materii	OK	https://maciektora-hue.github.io/rosja/przejscie-na-hurt/#granica-materii	Materialne wskaźniki pokazują dojrzewanie warunków, ale nie wyznaczają chwili przełomu.
A4	a4_lipiec-2026-przejscie-na-hurt-v20_11-2026-08-01.html	lipiec 2026. przejscie na hurt — v20.11	https://maciektora-hue.github.io/rosja/przejscie-na-hurt/	H3	3	136	1. Założenie wypowiedziane wprost	zalozenie-jawne	OK	https://maciektora-hue.github.io/rosja/przejscie-na-hurt/#zalozenie-jawne	Jawne założenie: w Wielkiej Wojnie sam bilans zasobów nie przewiduje momentu końca.
A4	a4_lipiec-2026-przejscie-na-hurt-v20_11-2026-08-01.html	lipiec 2026. przejscie na hurt — v20.11	https://maciektora-hue.github.io/rosja/przejscie-na-hurt/	H3	3	137	2. Materia daje warunki, sens daje moment	warunki-i-moment	OK	https://maciektora-hue.github.io/rosja/przejscie-na-hurt/#warunki-i-moment	Materia tworzy możliwość przełomu; sens, lojalność i narracja mogą uruchomić moment.
A4	a4_lipiec-2026-przejscie-na-hurt-v20_11-2026-08-01.html	lipiec 2026. przejscie na hurt — v20.11	https://maciektora-hue.github.io/rosja/przejscie-na-hurt/	H3	3	138	3. Asymetria symboliczna	asymetria-symboliczna	OK	https://maciektora-hue.github.io/rosja/przejscie-na-hurt/#asymetria-symboliczna	Rosyjska narracja stabilizuje, ukraińska mobilizuje do tworzenia nowych zdolności.
A4	a4_lipiec-2026-przejscie-na-hurt-v20_11-2026-08-01.html	lipiec 2026. przejscie na hurt — v20.11	https://maciektora-hue.github.io/rosja/przejscie-na-hurt/	H6	6	139	o uzasadnieniach moralnych	uwaga-o-moralnosci	OK	https://maciektora-hue.github.io/rosja/przejscie-na-hurt/#uwaga-o-moralnosci	Obie strony mają własne ramy moralne; analiza musi odróżniać ich funkcję od prawdziwości.
A4	a4_lipiec-2026-przejscie-na-hurt-v20_11-2026-08-01.html	lipiec 2026. przejscie na hurt — v20.11	https://maciektora-hue.github.io/rosja/przejscie-na-hurt/	H3	3	140	4. Cele symboliczne — inna logika	cele-symboliczne	OK	https://maciektora-hue.github.io/rosja/przejscie-na-hurt/#cele-symboliczne	Niektóre cele wpływają głównie na poczucie nietykalności i kalkulację elit.
A4	a4_lipiec-2026-przejscie-na-hurt-v20_11-2026-08-01.html	lipiec 2026. przejscie na hurt — v20.11	https://maciektora-hue.github.io/rosja/przejscie-na-hurt/	H3	3	141	5. Czego ten dokument nie mierzy	czego-ten-dokument-nie-mierzy	OK	https://maciektora-hue.github.io/rosja/przejscie-na-hurt/#czego-ten-dokument-nie-mierzy	Ślepe plamy: wola, lojalność aparatu, sens i rozstrzygające zdarzenia jednostkowe.
A5	a5_ZAMROZONE-audyt-2rewizje-v03_00-2026-06-23-anchory.html	ZAMROZONE · audyt kolumbryny — dwie rewizje · v03.00	https://maciektora-hue.github.io/rosja/audyt/	H1	1	1	Kolumbryna kontra rzeczywistość — dwie rewizje	kolumbryna-kontra-rzeczywistosc	OK	https://maciektora-hue.github.io/rosja/audyt/#kolumbryna-kontra-rzeczywistosc	Audyt 24 prognoz Kolumbryny w dwóch rewizjach: 31 maja i 23 czerwca 2026.
A5	a5_ZAMROZONE-audyt-2rewizje-v03_00-2026-06-23-anchory.html	ZAMROZONE · audyt kolumbryny — dwie rewizje · v03.00	https://maciektora-hue.github.io/rosja/audyt/	H2	2	2	Jak czytać	jak-czytac	OK	https://maciektora-hue.github.io/rosja/audyt/#jak-czytac	Legenda czterech statusów i oznaczeń zmian między rewizjami.
A5	a5_ZAMROZONE-audyt-2rewizje-v03_00-2026-06-23-anchory.html	ZAMROZONE · audyt kolumbryny — dwie rewizje · v03.00	https://maciektora-hue.github.io/rosja/audyt/	H2	2	3	Licznik rewizji	licznik-rewizji	OK	https://maciektora-hue.github.io/rosja/audyt/#licznik-rewizji	Zbiorcze przesunięcie 24 nosorożców między stanem majowym i czerwcowym.
A5	a5_ZAMROZONE-audyt-2rewizje-v03_00-2026-06-23-anchory.html	ZAMROZONE · audyt kolumbryny — dwie rewizje · v03.00	https://maciektora-hue.github.io/rosja/audyt/	H2	2	4	24 nosorożce — stan na 31.05	nosorozce-stan-31-05	OK	https://maciektora-hue.github.io/rosja/audyt/#nosorozce-stan-31-05	Pozycja po pozycji: status, nowe dane i zmiana każdego z 24 nosorożców.
A6	a6_ZAMROZONE-zapas-kontra-strumien-v02_00-2026-07-03.html	ZAMROZONE · zapas kontra strumień · v02.00	https://maciektora-hue.github.io/rosja/zapas-kontra-strumien/	H1	1	1	Zapas kontra strumień	tytul	OK	https://maciektora-hue.github.io/rosja/zapas-kontra-strumien/#tytul	Rosyjski system opiera się na zużywających się zapasach, gdy ukraińska presja działa coraz bardziej strumieniowo. Analiza łączy kryzys paliwowy z pułapką decyzyjną Putina.
A6	a6_ZAMROZONE-zapas-kontra-strumien-v02_00-2026-07-03.html	ZAMROZONE · zapas kontra strumień · v02.00	https://maciektora-hue.github.io/rosja/zapas-kontra-strumien/	H2	2	2	Część I — Materia: układ paliwowy Rosji	czesc-materia	OK	https://maciektora-hue.github.io/rosja/zapas-kontra-strumien/#czesc-materia	Bilans paliw: utrata slacku, niemal brak stocku, asymetria produktów i rosnące ograniczenia logistyczne.
A6	a6_ZAMROZONE-zapas-kontra-strumien-v02_00-2026-07-03.html	ZAMROZONE · zapas kontra strumień · v02.00	https://maciektora-hue.github.io/rosja/zapas-kontra-strumien/	H3	3	3	1. Uderzenie 28.06 — trzy obiekty, skala zweryfikowana	uderzenie-2806	OK	https://maciektora-hue.github.io/rosja/zapas-kontra-strumien/#uderzenie-2806	Jedna fala trafia trzy obiekty naftowe; skalę pożarów potwierdzają dane termiczne.
A6	a6_ZAMROZONE-zapas-kontra-strumien-v02_00-2026-07-03.html	ZAMROZONE · zapas kontra strumień · v02.00	https://maciektora-hue.github.io/rosja/zapas-kontra-strumien/	H3	3	4	2. Moce nominalne kontra faktyczny przerób	moce-nominalne	OK	https://maciektora-hue.github.io/rosja/zapas-kontra-strumien/#moce-nominalne	Nominalna moc rafinerii zawyża odporność; faktyczny przerób zostawiał 57–75 Mt luzu.
A6	a6_ZAMROZONE-zapas-kontra-strumien-v02_00-2026-07-03.html	ZAMROZONE · zapas kontra strumień · v02.00	https://maciektora-hue.github.io/rosja/zapas-kontra-strumien/	H3	3	5	3. Piętnaście największych rafinerii — udział nominalny	top-rafinerie	OK	https://maciektora-hue.github.io/rosja/zapas-kontra-strumien/#top-rafinerie	Ranking największych rafinerii pokazuje koncentrację mocy i skalę uszkodzeń do czerwca 2026.
A6	a6_ZAMROZONE-zapas-kontra-strumien-v02_00-2026-07-03.html	ZAMROZONE · zapas kontra strumień · v02.00	https://maciektora-hue.github.io/rosja/zapas-kontra-strumien/	H3	3	6	4. Bilans per-produkt i asymetria buforów	bilans-produktow	OK	https://maciektora-hue.github.io/rosja/zapas-kontra-strumien/#bilans-produktow	Benzyna ma cienki bufor, diesel gruby; ten sam spadek przerobu boli produkty asymetrycznie.
A6	a6_ZAMROZONE-zapas-kontra-strumien-v02_00-2026-07-03.html	ZAMROZONE · zapas kontra strumień · v02.00	https://maciektora-hue.github.io/rosja/zapas-kontra-strumien/	H3	3	7	5. Zapasy magazynowe — flow kontra stock	zapasy-magazynowe	OK	https://maciektora-hue.github.io/rosja/zapas-kontra-strumien/#zapasy-magazynowe	Rosja praktycznie nie ma strategicznego stocku paliw; system opiera się na bieżącym przepływie.
A6	a6_ZAMROZONE-zapas-kontra-strumien-v02_00-2026-07-03.html	ZAMROZONE · zapas kontra strumień · v02.00	https://maciektora-hue.github.io/rosja/zapas-kontra-strumien/	H3	3	8	6. Drabina zakazów i sprzężenie współproduktów	drabina-zakazow	OK	https://maciektora-hue.github.io/rosja/zapas-kontra-strumien/#drabina-zakazow	Kolejne zakazy eksportu ujawniają ranking niedoboru: benzyna, paliwo lotnicze, potem diesel.
A6	a6_ZAMROZONE-zapas-kontra-strumien-v02_00-2026-07-03.html	ZAMROZONE · zapas kontra strumień · v02.00	https://maciektora-hue.github.io/rosja/zapas-kontra-strumien/	H6	6	9	"Zawory ciśnienia i „dziura w ziemi"""	dziura-w-ziemi	OK	https://maciektora-hue.github.io/rosja/zapas-kontra-strumien/#dziura-w-ziemi	Współprodukty nie dławią przerobu; nadwyżki są odpadem, więc spadek throughputu oznacza wymuszone wyłączenia.
A6	a6_ZAMROZONE-zapas-kontra-strumien-v02_00-2026-07-03.html	ZAMROZONE · zapas kontra strumień · v02.00	https://maciektora-hue.github.io/rosja/zapas-kontra-strumien/	H3	3	10	7. Offline ≈ slack — zmiana fazy	offline-slack	OK	https://maciektora-hue.github.io/rosja/zapas-kontra-strumien/#offline-slack	Wyłączenia zrównały się z dawnym luzem mocy; kolejne trafienia schodzą już w realną produkcję.
A6	a6_ZAMROZONE-zapas-kontra-strumien-v02_00-2026-07-03.html	ZAMROZONE · zapas kontra strumień · v02.00	https://maciektora-hue.github.io/rosja/zapas-kontra-strumien/	H3	3	11	8. Poziomy kreski i popyt stłumiony	poziomy-kreski	OK	https://maciektora-hue.github.io/rosja/zapas-kontra-strumien/#poziomy-kreski	Spadek cywilnego zużycia może być skutkiem racjonowania, nie realnie niższego popytu.
A6	a6_ZAMROZONE-zapas-kontra-strumien-v02_00-2026-07-03.html	ZAMROZONE · zapas kontra strumień · v02.00	https://maciektora-hue.github.io/rosja/zapas-kontra-strumien/	H3	3	12	9. Cebula transportowa — cztery warstwy	cebula-transportowa	OK	https://maciektora-hue.github.io/rosja/zapas-kontra-strumien/#cebula-transportowa	Ocalałe wschodnie rafinerie są daleko; kolej, przepustowość i tabor tworzą kolejne wąskie gardła.
A6	a6_ZAMROZONE-zapas-kontra-strumien-v02_00-2026-07-03.html	ZAMROZONE · zapas kontra strumień · v02.00	https://maciektora-hue.github.io/rosja/zapas-kontra-strumien/	H2	2	13	Część II — Strategia: pułapka jedynego decydenta	czesc-strategia	OK	https://maciektora-hue.github.io/rosja/zapas-kontra-strumien/#czesc-strategia	Kurczące się zasoby spotykają się z pułapką decydenta, zamkniętym freeze’em i rosnącym ryzykiem ruchu resztkowego.
A6	a6_ZAMROZONE-zapas-kontra-strumien-v02_00-2026-07-03.html	ZAMROZONE · zapas kontra strumień · v02.00	https://maciektora-hue.github.io/rosja/zapas-kontra-strumien/	H3	3	14	1. Cztery osie zapas kontra strumień	cztery-osie	OK	https://maciektora-hue.github.io/rosja/zapas-kontra-strumien/#cztery-osie	Cztery rosyjskie zapasy kurczą się równolegle: paliwo, precyzyjny ogień, lojalność elit i eskalacja.
A6	a6_ZAMROZONE-zapas-kontra-strumien-v02_00-2026-07-03.html	ZAMROZONE · zapas kontra strumień · v02.00	https://maciektora-hue.github.io/rosja/zapas-kontra-strumien/	H3	3	15	2. Odczyt przez absencję	odczyt-absencja	OK	https://maciektora-hue.github.io/rosja/zapas-kontra-strumien/#odczyt-absencja	Brak oczekiwanej reakcji według własnej doktryny jest informacją o realnych ograniczeniach.
A6	a6_ZAMROZONE-zapas-kontra-strumien-v02_00-2026-07-03.html	ZAMROZONE · zapas kontra strumień · v02.00	https://maciektora-hue.github.io/rosja/zapas-kontra-strumien/	H3	3	16	3. Generałowie i urojony obraz	generalowie	OK	https://maciektora-hue.github.io/rosja/zapas-kontra-strumien/#generalowie	Selekcja lojalności usuwa kompetentnych dowódców i produkuje fałszywy obraz sytuacji dla Putina.
A6	a6_ZAMROZONE-zapas-kontra-strumien-v02_00-2026-07-03.html	ZAMROZONE · zapas kontra strumień · v02.00	https://maciektora-hue.github.io/rosja/zapas-kontra-strumien/	H3	3	17	4. Zablokowana elita — inaczej niż 2010/2019	zablokowana-elita	OK	https://maciektora-hue.github.io/rosja/zapas-kontra-strumien/#zablokowana-elita	Elita ma zamknięte wyjście, głos i przeczekanie; pozorna stabilność zwiększa ryzyko nagłego flipu.
A6	a6_ZAMROZONE-zapas-kontra-strumien-v02_00-2026-07-03.html	ZAMROZONE · zapas kontra strumień · v02.00	https://maciektora-hue.github.io/rosja/zapas-kontra-strumien/	H3	3	18	5. Szachmat — freeze zamknięty od strony Rosji	szachmat	OK	https://maciektora-hue.github.io/rosja/zapas-kontra-strumien/#szachmat	Freeze jest dla Kremla politycznie trudniejszy niż dalsza wojna: odsłania słabość i uruchamia własny kryzys.
A6	a6_ZAMROZONE-zapas-kontra-strumien-v02_00-2026-07-03.html	ZAMROZONE · zapas kontra strumień · v02.00	https://maciektora-hue.github.io/rosja/zapas-kontra-strumien/	H3	3	19	6. Załamanie ramy — Rosja = Putin	rosja-rowna-putin	OK	https://maciektora-hue.github.io/rosja/zapas-kontra-strumien/#rosja-rowna-putin	Interes państwa rozchodzi się z funkcją celu jedynego realnego decydenta: osobistym przetrwaniem Putina.
A6	a6_ZAMROZONE-zapas-kontra-strumien-v02_00-2026-07-03.html	ZAMROZONE · zapas kontra strumień · v02.00	https://maciektora-hue.github.io/rosja/zapas-kontra-strumien/	H3	3	20	7. Gambit NATO i casus belli	gambit-nato	OK	https://maciektora-hue.github.io/rosja/zapas-kontra-strumien/#gambit-nato	Eskalacja wobec NATO jako ruch resztkowy: narracyjnie łatwiejsza klęska niż przegrana z Ukrainą.
A6	a6_ZAMROZONE-zapas-kontra-strumien-v02_00-2026-07-03.html	ZAMROZONE · zapas kontra strumień · v02.00	https://maciektora-hue.github.io/rosja/zapas-kontra-strumien/	H4	4	21	Miękkie lądowanie — struktura, nie życzenie	miekkie-ladowanie	OK	https://maciektora-hue.github.io/rosja/zapas-kontra-strumien/#miekkie-ladowanie	Ograniczona klęska wobec NATO mogłaby zachować rosyjską państwowość i dozór nuklearny, degradując Putina.
A6	a6_ZAMROZONE-zapas-kontra-strumien-v02_00-2026-07-03.html	ZAMROZONE · zapas kontra strumień · v02.00	https://maciektora-hue.github.io/rosja/zapas-kontra-strumien/	H4	4	22	Casus belli — Polska 1939 (model Gliwice)	casus-belli-polska	OK	https://maciektora-hue.github.io/rosja/zapas-kontra-strumien/#casus-belli-polska	False flag na wschodniej flance jako sposób przedstawienia eskalacji wobec NATO jako obrony.
A6	a6_ZAMROZONE-zapas-kontra-strumien-v02_00-2026-07-03.html	ZAMROZONE · zapas kontra strumień · v02.00	https://maciektora-hue.github.io/rosja/zapas-kontra-strumien/	H3	3	23	8. Paradoks zapędzenia	paradoks-zapedzenia	OK	https://maciektora-hue.github.io/rosja/zapas-kontra-strumien/#paradoks-zapedzenia	Im mniej Rosji zostaje bezpiecznych wyjść, tym atrakcyjniejszy staje się ruch resztkowy o wysokim ryzyku.
A6	a6_ZAMROZONE-zapas-kontra-strumien-v02_00-2026-07-03.html	ZAMROZONE · zapas kontra strumień · v02.00	https://maciektora-hue.github.io/rosja/zapas-kontra-strumien/	H3	3	24	9. Advocatus diaboli — zebrane zawiasy	advocatus-zebrany	OK	https://maciektora-hue.github.io/rosja/zapas-kontra-strumien/#advocatus-zebrany	Zebrane zastrzeżenia: degradacja nie oznacza bliskiego końca, a kluczowe tezy są zależne od obecnej konfiguracji.
A7	a7_ZAMROZONE-jak-koncza-sie-panstwa-v02_00-2026-06-28.html	ZAMROZONE · jak koncza sie panstwa · v02.00	https://maciektora-hue.github.io/rosja/jak-koncza-sie-panstwa/	H1	1	1	jak kończą się państwa — fenomenologia, typologia, rachunek rosyjski	jak-koncza-sie-panstwa	OK	https://maciektora-hue.github.io/rosja/jak-koncza-sie-panstwa/#jak-koncza-sie-panstwa	Typologia sposobów końca państw i filtr zastosowany do współczesnej Rosji. Rdzeń analizy: długi okres erozji może przejść w bardzo szybki rozpad.
A7	a7_ZAMROZONE-jak-koncza-sie-panstwa-v02_00-2026-06-28.html	ZAMROZONE · jak koncza sie panstwa · v02.00	https://maciektora-hue.github.io/rosja/jak-koncza-sie-panstwa/	H2	2	2	I. Ramy — fenomenologia, nie etiologia	ramy	OK	https://maciektora-hue.github.io/rosja/jak-koncza-sie-panstwa/#ramy	Analiza opisuje formę i przebieg końca państwa, nie pełną etiologię jego upadku.
A7	a7_ZAMROZONE-jak-koncza-sie-panstwa-v02_00-2026-06-28.html	ZAMROZONE · jak koncza sie panstwa · v02.00	https://maciektora-hue.github.io/rosja/jak-koncza-sie-panstwa/	H2	2	3	II. Jak wyglądał upadek III Rzeszy	iii-rzesza	OK	https://maciektora-hue.github.io/rosja/jak-koncza-sie-panstwa/#iii-rzesza	Przykład długiej erozji zakończonej czteromiesięcznym wygaszeniem państwa przez podbój.
A7	a7_ZAMROZONE-jak-koncza-sie-panstwa-v02_00-2026-06-28.html	ZAMROZONE · jak koncza sie panstwa · v02.00	https://maciektora-hue.github.io/rosja/jak-koncza-sie-panstwa/	H3	3	4	Dziesięć markerów	rzesza-markery	OK	https://maciektora-hue.github.io/rosja/jak-koncza-sie-panstwa/#rzesza-markery	Dziesięć obserwowalnych oznak przejścia od mocarstwa do fizycznego zaniku państwa.
A7	a7_ZAMROZONE-jak-koncza-sie-panstwa-v02_00-2026-06-28.html	ZAMROZONE · jak koncza sie panstwa · v02.00	https://maciektora-hue.github.io/rosja/jak-koncza-sie-panstwa/	H3	3	5	Dwa bieguny — 1945 vs 1918	rzesza-bieguny	OK	https://maciektora-hue.github.io/rosja/jak-koncza-sie-panstwa/#rzesza-bieguny	Kontrast: ekstynkcja przez podbój w 1945 versus wewnętrzne pęknięcie w 1918.
A7	a7_ZAMROZONE-jak-koncza-sie-panstwa-v02_00-2026-06-28.html	ZAMROZONE · jak koncza sie panstwa · v02.00	https://maciektora-hue.github.io/rosja/jak-koncza-sie-panstwa/	H2	2	6	III. Typologia trybów końca państwa	typologia	OK	https://maciektora-hue.github.io/rosja/jak-koncza-sie-panstwa/#typologia	Rozszerzenie prostego podziału 1945/1918 do wielu odmiennych form końca państwa.
A7	a7_ZAMROZONE-jak-koncza-sie-panstwa-v02_00-2026-06-28.html	ZAMROZONE · jak koncza sie panstwa · v02.00	https://maciektora-hue.github.io/rosja/jak-koncza-sie-panstwa/	H3	3	7	Osiem trybów	osiem-trybow	OK	https://maciektora-hue.github.io/rosja/jak-koncza-sie-panstwa/#osiem-trybow	Osiem mechanizmów końca: od podboju i rewolucji po dezintegrację, implozję protezy i absorpcję.
A7	a7_ZAMROZONE-jak-koncza-sie-panstwa-v02_00-2026-06-28.html	ZAMROZONE · jak koncza sie panstwa · v02.00	https://maciektora-hue.github.io/rosja/jak-koncza-sie-panstwa/	H3	3	8	Wzorzec poprzeczny — śmierć i odrodzenie z rdzenia	dwustopniowy	OK	https://maciektora-hue.github.io/rosja/jak-koncza-sie-panstwa/#dwustopniowy	Państwo może umrzeć, a potem odrodzić się z rdzenia pod nową formą.
A7	a7_ZAMROZONE-jak-koncza-sie-panstwa-v02_00-2026-06-28.html	ZAMROZONE · jak koncza sie panstwa · v02.00	https://maciektora-hue.github.io/rosja/jak-koncza-sie-panstwa/	H3	3	9	Osie rozróżniające	osie	OK	https://maciektora-hue.github.io/rosja/jak-koncza-sie-panstwa/#osie	Tryby rozróżniają m.in. akt kapitulacji, proces rozpadu, ciągłość aparatu i los terytorium.
A7	a7_ZAMROZONE-jak-koncza-sie-panstwa-v02_00-2026-06-28.html	ZAMROZONE · jak koncza sie panstwa · v02.00	https://maciektora-hue.github.io/rosja/jak-koncza-sie-panstwa/	H2	2	10	IV. Filtr rosyjski	filtr-rosyjski	OK	https://maciektora-hue.github.io/rosja/jak-koncza-sie-panstwa/#filtr-rosyjski	Typologia zostaje zawężona do trybów rzeczywiście możliwych dla nuklearnej, ogromnej Rosji.
A7	a7_ZAMROZONE-jak-koncza-sie-panstwa-v02_00-2026-06-28.html	ZAMROZONE · jak koncza sie panstwa · v02.00	https://maciektora-hue.github.io/rosja/jak-koncza-sie-panstwa/	H3	3	11	Które tryby odpadają	ktore-odpadaja	OK	https://maciektora-hue.github.io/rosja/jak-koncza-sie-panstwa/#ktore-odpadaja	Podbój, rozbiór i część trybów kapitulacyjnych odpadają; zostają głównie zmiana centrum i dezintegracja.
A7	a7_ZAMROZONE-jak-koncza-sie-panstwa-v02_00-2026-06-28.html	ZAMROZONE · jak koncza sie panstwa · v02.00	https://maciektora-hue.github.io/rosja/jak-koncza-sie-panstwa/	H3	3	12	Dwa silniki samorozwiązania — ZSRR vs Austro-Węgry	dwa-silniki	OK	https://maciektora-hue.github.io/rosja/jak-koncza-sie-panstwa/#dwa-silniki	Rosji bliżej do odgórnej defekcji elit ZSRR niż oddolnego rozpadu narodowego Austro-Węgier.
A7	a7_ZAMROZONE-jak-koncza-sie-panstwa-v02_00-2026-06-28.html	ZAMROZONE · jak koncza sie panstwa · v02.00	https://maciektora-hue.github.io/rosja/jak-koncza-sie-panstwa/	H3	3	13	Liczba 1,1 mln — armia frontu vs aparat trzymania	liczba-armii	OK	https://maciektora-hue.github.io/rosja/jak-koncza-sie-panstwa/#liczba-armii	Armia frontowa i aparat represji to różne pule; klęska frontu jest sygnałem, nie automatycznym rozpadem.
A7	a7_ZAMROZONE-jak-koncza-sie-panstwa-v02_00-2026-06-28.html	ZAMROZONE · jak koncza sie panstwa · v02.00	https://maciektora-hue.github.io/rosja/jak-koncza-sie-panstwa/	H3	3	14	Monopol na przemoc jako przekonanie o sobie	monopol-przekonanie	OK	https://maciektora-hue.github.io/rosja/jak-koncza-sie-panstwa/#monopol-przekonanie	Monopol przemocy trwa, dopóki aparat wierzy, że centrum pozostaje silne i zwycięskie.
A7	a7_ZAMROZONE-jak-koncza-sie-panstwa-v02_00-2026-06-28.html	ZAMROZONE · jak koncza sie panstwa · v02.00	https://maciektora-hue.github.io/rosja/jak-koncza-sie-panstwa/	H2	2	15	V. Hierarchia zewnętrzna — z patrona w klienta	hierarchia	OK	https://maciektora-hue.github.io/rosja/jak-koncza-sie-panstwa/#hierarchia	Rosja spadła z roli patrona do klienta Chin, tracąc kolejne szczeble zewnętrznej suwerenności.
A7	a7_ZAMROZONE-jak-koncza-sie-panstwa-v02_00-2026-06-28.html	ZAMROZONE · jak koncza sie panstwa · v02.00	https://maciektora-hue.github.io/rosja/jak-koncza-sie-panstwa/	H2	2	16	VI. Kto chce jakiej Rosji	kto-chce	OK	https://maciektora-hue.github.io/rosja/jak-koncza-sie-panstwa/#kto-chce	Rozdzielenie interesów aktorów według tego, czy chcą Rosji całej, silnej czy ograniczonej do rdzenia.
A7	a7_ZAMROZONE-jak-koncza-sie-panstwa-v02_00-2026-06-28.html	ZAMROZONE · jak koncza sie panstwa · v02.00	https://maciektora-hue.github.io/rosja/jak-koncza-sie-panstwa/	H3	3	17	Trzy stany — całość, siła, siła bez federacji	trzy-stany	OK	https://maciektora-hue.github.io/rosja/jak-koncza-sie-panstwa/#trzy-stany	Integralność, siła i federacyjność są osobnymi osiami; atrakcyjny bywa silny rdzeń bez peryferii.
A7	a7_ZAMROZONE-jak-koncza-sie-panstwa-v02_00-2026-06-28.html	ZAMROZONE · jak koncza sie panstwa · v02.00	https://maciektora-hue.github.io/rosja/jak-koncza-sie-panstwa/	H3	3	18	Chiny i norma integralności (vide Ukraina)	chiny-integralnosc	OK	https://maciektora-hue.github.io/rosja/jak-koncza-sie-panstwa/#chiny-integralnosc	Pekin traktuje integralność Rosji instrumentalnie; ważniejsze są stabilność, dostęp i zależność ekonomiczna.
A7	a7_ZAMROZONE-jak-koncza-sie-panstwa-v02_00-2026-06-28.html	ZAMROZONE · jak koncza sie panstwa · v02.00	https://maciektora-hue.github.io/rosja/jak-koncza-sie-panstwa/	H3	3	19	Iran na osi proliferacyjnej	iran-proliferacja	OK	https://maciektora-hue.github.io/rosja/jak-koncza-sie-panstwa/#iran-proliferacja	Iranowi bardziej niż na mapie Rosji zależałoby na krótkim oknie dostępu do technologii nuklearnej.
A7	a7_ZAMROZONE-jak-koncza-sie-panstwa-v02_00-2026-06-28.html	ZAMROZONE · jak koncza sie panstwa · v02.00	https://maciektora-hue.github.io/rosja/jak-koncza-sie-panstwa/	H3	3	20	Kategoria IV — Musk i Thiel	musk-thiel	OK	https://maciektora-hue.github.io/rosja/jak-koncza-sie-panstwa/#musk-thiel	Prywatni aktorzy mogą preferować fragmentację i wpływać na zachodni instynkt stabilizacyjny, choć jej nie wywołają.
A7	a7_ZAMROZONE-jak-koncza-sie-panstwa-v02_00-2026-06-28.html	ZAMROZONE · jak koncza sie panstwa · v02.00	https://maciektora-hue.github.io/rosja/jak-koncza-sie-panstwa/	H3	3	21	Bilans — kto realnie po której stronie	bilans-kto	OK	https://maciektora-hue.github.io/rosja/jak-koncza-sie-panstwa/#bilans-kto	Po stronie integralności Rosji nie ma silnej, spójnej koalicji; interesy zewnętrzne są rozproszone.
A7	a7_ZAMROZONE-jak-koncza-sie-panstwa-v02_00-2026-06-28.html	ZAMROZONE · jak koncza sie panstwa · v02.00	https://maciektora-hue.github.io/rosja/jak-koncza-sie-panstwa/	H2	2	22	VII. Rozbrojenie straszaka uchodźczego	uchodzcy	OK	https://maciektora-hue.github.io/rosja/jak-koncza-sie-panstwa/#uchodzcy	Ryzyko uchodźcze jest realne, lecz bardziej zależy od mobilizacji i przemocy niż samej biedy czy rozpadu.
A7	a7_ZAMROZONE-jak-koncza-sie-panstwa-v02_00-2026-06-28.html	ZAMROZONE · jak koncza sie panstwa · v02.00	https://maciektora-hue.github.io/rosja/jak-koncza-sie-panstwa/	H2	2	23	VIII. Spoiwo wewnętrzne — trzy warstwy	spoiwo	OK	https://maciektora-hue.github.io/rosja/jak-koncza-sie-panstwa/#spoiwo	Trzy wewnętrzne warstwy trzymania Rosji okazują się warunkową kalkulacją, nie trwałą lojalnością.
A7	a7_ZAMROZONE-jak-koncza-sie-panstwa-v02_00-2026-06-28.html	ZAMROZONE · jak koncza sie panstwa · v02.00	https://maciektora-hue.github.io/rosja/jak-koncza-sie-panstwa/	H3	3	24	Warstwa I — siłowicy jako czujnik siły (~300 tys. + rodziny)	warstwa-silowicy	OK	https://maciektora-hue.github.io/rosja/jak-koncza-sie-panstwa/#warstwa-silowicy	Siłowicy są czujnikiem postrzeganej siły centrum i mogą zmienić stronę, gdy kalkulacja się odwróci.
A7	a7_ZAMROZONE-jak-koncza-sie-panstwa-v02_00-2026-06-28.html	ZAMROZONE · jak koncza sie panstwa · v02.00	https://maciektora-hue.github.io/rosja/jak-koncza-sie-panstwa/	H3	3	25	Warstwa II — biurokracja jako inercja (X mln federalnych i quasi-federalnych)	warstwa-inercja	OK	https://maciektora-hue.github.io/rosja/jak-koncza-sie-panstwa/#warstwa-inercja	Biurokracja podtrzymuje funkcjonowanie państwa, nie reżimu; warunkiem jej inercji jest wypłacalność.
A7	a7_ZAMROZONE-jak-koncza-sie-panstwa-v02_00-2026-06-28.html	ZAMROZONE · jak koncza sie panstwa · v02.00	https://maciektora-hue.github.io/rosja/jak-koncza-sie-panstwa/	H3	3	26	Warstwa III — oligarchowie jako zakładnicy	warstwa-oligarchowie	OK	https://maciektora-hue.github.io/rosja/jak-koncza-sie-panstwa/#warstwa-oligarchowie	Oligarchowie są zakładnikami systemu i potencjalnym wskaźnikiem wyprzedzającym jego chwiania.
A7	a7_ZAMROZONE-jak-koncza-sie-panstwa-v02_00-2026-06-28.html	ZAMROZONE · jak koncza sie panstwa · v02.00	https://maciektora-hue.github.io/rosja/jak-koncza-sie-panstwa/	H2	2	27	IX. Synteza — spoiwo to kalkulacja na dwóch zmiennych	synteza	OK	https://maciektora-hue.github.io/rosja/jak-koncza-sie-panstwa/#synteza	Wewnętrzne spoiwo zależy od dwóch sygnałów: postrzeganej siły i wypłacalności centrum.
A7	a7_ZAMROZONE-jak-koncza-sie-panstwa-v02_00-2026-06-28.html	ZAMROZONE · jak koncza sie panstwa · v02.00	https://maciektora-hue.github.io/rosja/jak-koncza-sie-panstwa/	H2	2	28	X. Otwarte — peryferie vs rdzeń	otwarte	OK	https://maciektora-hue.github.io/rosja/jak-koncza-sie-panstwa/#otwarte	Nierozstrzygnięte pozostaje, co zatrzyma żywiołową dezintegrację na peryferiach zamiast wciągnąć rdzeń.
D1	d1-zamrozone-narzedzie-dark-legitimacy-horbyk-v01_00-2026-03-25-anchory.html	ZAMROZONE · Dark legitimacy: What Russia and Ukraine reveal about authoritarianism — Roman Horbyk · v01.00	https://maciektora-hue.github.io/rosja/dark-legitimacy/	H1	1	1	Dark legitimacy: What Russia and Ukraine reveal about authoritarianism	dark-legitimacy-authoritarianism	OK	https://maciektora-hue.github.io/rosja/dark-legitimacy/#dark-legitimacy-authoritarianism	Koncepcja „ciemnej legitymizacji”: autorytaryzm stabilizowany przez cyniczne oczekiwanie, że każda władza jest zła. Rosja i Ukraina pokazują przeciwstawne logiki legitymizacji.
D1	d1-zamrozone-narzedzie-dark-legitimacy-horbyk-v01_00-2026-03-25-anchory.html	ZAMROZONE · Dark legitimacy: What Russia and Ukraine reveal about authoritarianism — Roman Horbyk · v01.00	https://maciektora-hue.github.io/rosja/dark-legitimacy/	H2	2	2	Abstract	abstract	OK	https://maciektora-hue.github.io/rosja/dark-legitimacy/#abstract	Definicja dark legitimacy i kontrast między rosyjską akceptacją zła a ukraińską legitymizacją afirmatywną.
D1	d1-zamrozone-narzedzie-dark-legitimacy-horbyk-v01_00-2026-03-25-anchory.html	ZAMROZONE · Dark legitimacy: What Russia and Ukraine reveal about authoritarianism — Roman Horbyk · v01.00	https://maciektora-hue.github.io/rosja/dark-legitimacy/	H2	2	3	An affirmative concept of legitimacy	affirmative-concept-legitimacy	OK	https://maciektora-hue.github.io/rosja/dark-legitimacy/#affirmative-concept-legitimacy	Przegląd modeli, w których władza uzasadnia się wartością, misją, zgodą, prawem lub wspólnym celem.
D1	d1-zamrozone-narzedzie-dark-legitimacy-horbyk-v01_00-2026-03-25-anchory.html	ZAMROZONE · Dark legitimacy: What Russia and Ukraine reveal about authoritarianism — Roman Horbyk · v01.00	https://maciektora-hue.github.io/rosja/dark-legitimacy/	H2	2	4	Governmentality: Affirmative legitimacy beyond democracy	governmentality-affirmative-legitimacy	OK	https://maciektora-hue.github.io/rosja/dark-legitimacy/#governmentality-affirmative-legitimacy	Governmentality rozszerza afirmatywną legitymizację poza demokrację: władza uzasadnia się produktywnym zarządzaniem i wiedzą.
D1	d1-zamrozone-narzedzie-dark-legitimacy-horbyk-v01_00-2026-03-25-anchory.html	ZAMROZONE · Dark legitimacy: What Russia and Ukraine reveal about authoritarianism — Roman Horbyk · v01.00	https://maciektora-hue.github.io/rosja/dark-legitimacy/	H2	2	5	Legitimacy crisis in the Soviet and post-Soviet context	legitimacy-crisis-soviet-post-soviet	OK	https://maciektora-hue.github.io/rosja/dark-legitimacy/#legitimacy-crisis-soviet-post-soviet	Upadek wiary w sowiecką ideologię tworzy cyniczną próżnię, z której Rosja buduje nowy model legitymizacji.
D1	d1-zamrozone-narzedzie-dark-legitimacy-horbyk-v01_00-2026-03-25-anchory.html	ZAMROZONE · Dark legitimacy: What Russia and Ukraine reveal about authoritarianism — Roman Horbyk · v01.00	https://maciektora-hue.github.io/rosja/dark-legitimacy/	H2	2	6	Dark legitimacy: Bad is good	dark-legitimacy-bad-is-good	OK	https://maciektora-hue.github.io/rosja/dark-legitimacy/#dark-legitimacy-bad-is-good	Korupcja i przemoc przestają delegitymizować władzę, gdy uznaje się je za normalne, nieuniknione lub nawet pożądane.
D1	d1-zamrozone-narzedzie-dark-legitimacy-horbyk-v01_00-2026-03-25-anchory.html	ZAMROZONE · Dark legitimacy: What Russia and Ukraine reveal about authoritarianism — Roman Horbyk · v01.00	https://maciektora-hue.github.io/rosja/dark-legitimacy/	H2	2	7	Russia-Ukraine: The war over legitimacy	russia-ukraine-war-over-legitimacy	OK	https://maciektora-hue.github.io/rosja/dark-legitimacy/#russia-ukraine-war-over-legitimacy	Wojna jako starcie rosyjskiej ciemnej legitymizacji z ukraińską tradycją zgody, mobilizacji społecznej i godności.
D1	d1-zamrozone-narzedzie-dark-legitimacy-horbyk-v01_00-2026-03-25-anchory.html	ZAMROZONE · Dark legitimacy: What Russia and Ukraine reveal about authoritarianism — Roman Horbyk · v01.00	https://maciektora-hue.github.io/rosja/dark-legitimacy/	H2	2	8	Consequences of dark legitimacy	consequences-dark-legitimacy	OK	https://maciektora-hue.github.io/rosja/dark-legitimacy/#consequences-dark-legitimacy	Krytyka korupcji wzmacnia system, który już ją zakłada; realną słabością pozostaje utrata obrazu siły.
D1	d1-zamrozone-narzedzie-dark-legitimacy-horbyk-v01_00-2026-03-25-anchory.html	ZAMROZONE · Dark legitimacy: What Russia and Ukraine reveal about authoritarianism — Roman Horbyk · v01.00	https://maciektora-hue.github.io/rosja/dark-legitimacy/	H2	2	9	Acknowledgments	acknowledgments	OK	https://maciektora-hue.github.io/rosja/dark-legitimacy/#acknowledgments	Podziękowania autora za wkład, dyskusje i wsparcie pracy.
D1	d1-zamrozone-narzedzie-dark-legitimacy-horbyk-v01_00-2026-03-25-anchory.html	ZAMROZONE · Dark legitimacy: What Russia and Ukraine reveal about authoritarianism — Roman Horbyk · v01.00	https://maciektora-hue.github.io/rosja/dark-legitimacy/	H2	2	10	References	references	OK	https://maciektora-hue.github.io/rosja/dark-legitimacy/#references	Bibliografia źródeł teoretycznych i empirycznych wykorzystanych w artykule.
D2	d2-zamrozone-narzedzie-disinfolklore-kompilacja-v01_00-2026-03-25-anchory.html	ZAMROZONE · Disinfolklore — Kompilacja Głównych Tez · v01.00	https://maciektora-hue.github.io/rosja/disinfolklore/	H1	1	1	DISINFOLKLORE	disinfolklore	OK	https://maciektora-hue.github.io/rosja/disinfolklore/#disinfolklore	Disinfolklore jako rama łącząca folklor, archetypy i analizę współczesnej dezinformacji. Celem jest rozpoznawanie mechanizmów narracyjnych i budowa odporności poznawczej.
D2	d2-zamrozone-narzedzie-disinfolklore-kompilacja-v01_00-2026-03-25-anchory.html	ZAMROZONE · Disinfolklore — Kompilacja Głównych Tez · v01.00	https://maciektora-hue.github.io/rosja/disinfolklore/	H2	2	2	Spis treści	spis-tresci	OK	https://maciektora-hue.github.io/rosja/disinfolklore/#spis-tresci	Mapa dwunastu głównych części kompilacji i jej narzędzi analitycznych.
D2	d2-zamrozone-narzedzie-disinfolklore-kompilacja-v01_00-2026-03-25-anchory.html	ZAMROZONE · Disinfolklore — Kompilacja Głównych Tez · v01.00	https://maciektora-hue.github.io/rosja/disinfolklore/	H2	2	3	IGeneza: most, trolle i folklor	geneza-most-trolle-folklor	OK	https://maciektora-hue.github.io/rosja/disinfolklore/#geneza-most-trolle-folklor	Metoda wyrasta z doświadczeń mediatora na moście w Donbasie i obserwacji folklorystycznej struktury konfliktu.
D2	d2-zamrozone-narzedzie-disinfolklore-kompilacja-v01_00-2026-03-25-anchory.html	ZAMROZONE · Disinfolklore — Kompilacja Głównych Tez · v01.00	https://maciektora-hue.github.io/rosja/disinfolklore/	H2	2	4	IICzym jest Disinfolklore — definicja i zakres	definicja-i-zakres	OK	https://maciektora-hue.github.io/rosja/disinfolklore/#definicja-i-zakres	Disinfolklore jako forma narracji, teoria analityczna i metoda kontrdziałania w wojnie informacyjnej.
D2	d2-zamrozone-narzedzie-disinfolklore-kompilacja-v01_00-2026-03-25-anchory.html	ZAMROZONE · Disinfolklore — Kompilacja Głównych Tez · v01.00	https://maciektora-hue.github.io/rosja/disinfolklore/	H2	2	5	IIIDwanaście narzędzi metody analitycznej	dwanascie-narzedzi	OK	https://maciektora-hue.github.io/rosja/disinfolklore/#dwanascie-narzedzi	Dwunastoelementowy zestaw do parsowania memów, emocji, archetypów, prowokacji i dystrybucji treści.
D2	d2-zamrozone-narzedzie-disinfolklore-kompilacja-v01_00-2026-03-25-anchory.html	ZAMROZONE · Disinfolklore — Kompilacja Głównych Tez · v01.00	https://maciektora-hue.github.io/rosja/disinfolklore/	H4	4	6	Archetypal Disinfolklore Literacy	archetypal-disinfolklore-literacy	OK	https://maciektora-hue.github.io/rosja/disinfolklore/#archetypal-disinfolklore-literacy	Rozpoznawanie archetypów folklorystycznych ukrytych we współczesnych komunikatach.
D2	d2-zamrozone-narzedzie-disinfolklore-kompilacja-v01_00-2026-03-25-anchory.html	ZAMROZONE · Disinfolklore — Kompilacja Głównych Tez · v01.00	https://maciektora-hue.github.io/rosja/disinfolklore/	H4	4	7	Incoming-Outgoing Troll Radars	troll-radars	OK	https://maciektora-hue.github.io/rosja/disinfolklore/#troll-radars	Filtrowanie treści, które wpuszczamy do własnego umysłu i sami przekazujemy dalej.
D2	d2-zamrozone-narzedzie-disinfolklore-kompilacja-v01_00-2026-03-25-anchory.html	ZAMROZONE · Disinfolklore — Kompilacja Głównych Tez · v01.00	https://maciektora-hue.github.io/rosja/disinfolklore/	H4	4	8	Look for the Mana in the Meme!	mana-in-the-meme	OK	https://maciektora-hue.github.io/rosja/disinfolklore/#mana-in-the-meme	Identyfikowanie emocjonalnej energii osadzonej w komunikacie i kierunku jej działania.
D2	d2-zamrozone-narzedzie-disinfolklore-kompilacja-v01_00-2026-03-25-anchory.html	ZAMROZONE · Disinfolklore — Kompilacja Głównych Tez · v01.00	https://maciektora-hue.github.io/rosja/disinfolklore/	H4	4	9	Archetypal Structures	archetypal-structures	OK	https://maciektora-hue.github.io/rosja/disinfolklore/#archetypal-structures	Wykrywanie przełączeń sfer, przemian tożsamości i personifikowania abstrakcji.
D2	d2-zamrozone-narzedzie-disinfolklore-kompilacja-v01_00-2026-03-25-anchory.html	ZAMROZONE · Disinfolklore — Kompilacja Głównych Tez · v01.00	https://maciektora-hue.github.io/rosja/disinfolklore/	H4	4	10	Trigger → Experience → Reaction	trigger-experience-reaction	OK	https://maciektora-hue.github.io/rosja/disinfolklore/#trigger-experience-reaction	Rozdzielenie bodźca, doświadczenia i reakcji, by przerwać automatyczny łańcuch emocjonalny.
D2	d2-zamrozone-narzedzie-disinfolklore-kompilacja-v01_00-2026-03-25-anchory.html	ZAMROZONE · Disinfolklore — Kompilacja Głównych Tez · v01.00	https://maciektora-hue.github.io/rosja/disinfolklore/	H4	4	11	Code of Positive Trolls	code-of-positive-trolls	OK	https://maciektora-hue.github.io/rosja/disinfolklore/#code-of-positive-trolls	Sześć wartości jako filtr odróżniający komunikację obronną od manipulacyjnej.
D2	d2-zamrozone-narzedzie-disinfolklore-kompilacja-v01_00-2026-03-25-anchory.html	ZAMROZONE · Disinfolklore — Kompilacja Głównych Tez · v01.00	https://maciektora-hue.github.io/rosja/disinfolklore/	H4	4	12	Accusation in a Mirror	accusation-in-a-mirror	OK	https://maciektora-hue.github.io/rosja/disinfolklore/#accusation-in-a-mirror	Sprawca oskarża przyszłą ofiarę o działania, które sam planuje lub wykonuje.
D2	d2-zamrozone-narzedzie-disinfolklore-kompilacja-v01_00-2026-03-25-anchory.html	ZAMROZONE · Disinfolklore — Kompilacja Głównych Tez · v01.00	https://maciektora-hue.github.io/rosja/disinfolklore/	H4	4	13	Provocation Logic Cycle	provocation-logic-cycle	OK	https://maciektora-hue.github.io/rosja/disinfolklore/#provocation-logic-cycle	Fabrykowanie zagrożenia, a następnie przedstawianie własnej agresji jako odpowiedzi na nie.
D2	d2-zamrozone-narzedzie-disinfolklore-kompilacja-v01_00-2026-03-25-anchory.html	ZAMROZONE · Disinfolklore — Kompilacja Głównych Tez · v01.00	https://maciektora-hue.github.io/rosja/disinfolklore/	H4	4	14	Witch Switch	witch-switch	OK	https://maciektora-hue.github.io/rosja/disinfolklore/#witch-switch	Przekierowanie realnego lęku społecznego na sfabrykowanego winnego.
D2	d2-zamrozone-narzedzie-disinfolklore-kompilacja-v01_00-2026-03-25-anchory.html	ZAMROZONE · Disinfolklore — Kompilacja Głównych Tez · v01.00	https://maciektora-hue.github.io/rosja/disinfolklore/	H4	4	15	Coercive Control	coercive-control	OK	https://maciektora-hue.github.io/rosja/disinfolklore/#coercive-control	Model kontroli przymusowej powtarzający się od relacji osobistych po politykę państwa.
D2	d2-zamrozone-narzedzie-disinfolklore-kompilacja-v01_00-2026-03-25-anchory.html	ZAMROZONE · Disinfolklore — Kompilacja Głównych Tez · v01.00	https://maciektora-hue.github.io/rosja/disinfolklore/	H4	4	16	Re-Archetyping	re-archetyping	OK	https://maciektora-hue.github.io/rosja/disinfolklore/#re-archetyping	Świadoma zmiana mentalnego modelu obiektu poprzez podstawienie nowego archetypu.
D2	d2-zamrozone-narzedzie-disinfolklore-kompilacja-v01_00-2026-03-25-anchory.html	ZAMROZONE · Disinfolklore — Kompilacja Głównych Tez · v01.00	https://maciektora-hue.github.io/rosja/disinfolklore/	H4	4	17	Understanding Rashist Construction	rashist-construction	OK	https://maciektora-hue.github.io/rosja/disinfolklore/#rashist-construction	Analiza produkcji propagandy: temników, fabryk trolli, wektorów i sieci dystrybucji.
D2	d2-zamrozone-narzedzie-disinfolklore-kompilacja-v01_00-2026-03-25-anchory.html	ZAMROZONE · Disinfolklore — Kompilacja Głównych Tez · v01.00	https://maciektora-hue.github.io/rosja/disinfolklore/	H2	2	18	IVTrzy archetypy: Druidy Don, Duncey Putin, Komik	trzy-archetypy	OK	https://maciektora-hue.github.io/rosja/disinfolklore/#trzy-archetypy	Trump, Putin i Zełenski jako trzy figury archetypowe organizujące analizowane pole informacyjne.
D2	d2-zamrozone-narzedzie-disinfolklore-kompilacja-v01_00-2026-03-25-anchory.html	ZAMROZONE · Disinfolklore — Kompilacja Głównych Tez · v01.00	https://maciektora-hue.github.io/rosja/disinfolklore/	H4	4	19	Druidy Don (Trump)	druidy-don	OK	https://maciektora-hue.github.io/rosja/disinfolklore/#druidy-don	Trump jako masowy trickster-szaman zdolny archetypować rzeczywistość polityczną.
D2	d2-zamrozone-narzedzie-disinfolklore-kompilacja-v01_00-2026-03-25-anchory.html	ZAMROZONE · Disinfolklore — Kompilacja Głównych Tez · v01.00	https://maciektora-hue.github.io/rosja/disinfolklore/	H4	4	20	Duncey Putin	duncey-putin	OK	https://maciektora-hue.github.io/rosja/disinfolklore/#duncey-putin	Putin jako groźny, lecz nieuczący się archetyp tępego bohatera folklorystycznego.
D2	d2-zamrozone-narzedzie-disinfolklore-kompilacja-v01_00-2026-03-25-anchory.html	ZAMROZONE · Disinfolklore — Kompilacja Głównych Tez · v01.00	https://maciektora-hue.github.io/rosja/disinfolklore/	H4	4	21	Komik (Zełenski)	komik-zelenski	OK	https://maciektora-hue.github.io/rosja/disinfolklore/#komik-zelenski	Zełenski jako archetyp komunikatora wykorzystującego symboliczną „manę” w funkcji obronnej.
D2	d2-zamrozone-narzedzie-disinfolklore-kompilacja-v01_00-2026-03-25-anchory.html	ZAMROZONE · Disinfolklore — Kompilacja Głównych Tez · v01.00	https://maciektora-hue.github.io/rosja/disinfolklore/	H2	2	22	VMana — energia w memach	mana-energia-w-memach	OK	https://maciektora-hue.github.io/rosja/disinfolklore/#mana-energia-w-memach	Mem przenosi emocjonalną energię; samo jej rozpoznanie staje się pierwszym filtrem obronnym.
D2	d2-zamrozone-narzedzie-disinfolklore-kompilacja-v01_00-2026-03-25-anchory.html	ZAMROZONE · Disinfolklore — Kompilacja Głównych Tez · v01.00	https://maciektora-hue.github.io/rosja/disinfolklore/	H2	2	23	VIAccusation in a Mirror i Provocation Logic	accusation-in-a-mirror-i-provocation-logic	OK	https://maciektora-hue.github.io/rosja/disinfolklore/#accusation-in-a-mirror-i-provocation-logic	Dwa sprzężone mechanizmy: projekcja własnych zamiarów i tworzenie pretekstu do agresji.
D2	d2-zamrozone-narzedzie-disinfolklore-kompilacja-v01_00-2026-03-25-anchory.html	ZAMROZONE · Disinfolklore — Kompilacja Głównych Tez · v01.00	https://maciektora-hue.github.io/rosja/disinfolklore/	H3	3	24	Oskarżenie w lustrze (Accusation in a Mirror)	oskarzenie-w-lustrze	OK	https://maciektora-hue.github.io/rosja/disinfolklore/#oskarzenie-w-lustrze	Rosyjskie oskarżenia można czytać jako projekcję własnych planów sprawcy.
D2	d2-zamrozone-narzedzie-disinfolklore-kompilacja-v01_00-2026-03-25-anchory.html	ZAMROZONE · Disinfolklore — Kompilacja Głównych Tez · v01.00	https://maciektora-hue.github.io/rosja/disinfolklore/	H3	3	25	Cykl logiki prowokacji (Provocation Logic Cycle)	cykl-logiki-prowokacji	OK	https://maciektora-hue.github.io/rosja/disinfolklore/#cykl-logiki-prowokacji	Sfabrykowany pretekst uruchamia pozornie reaktywną, wcześniej zamierzoną agresję.
D2	d2-zamrozone-narzedzie-disinfolklore-kompilacja-v01_00-2026-03-25-anchory.html	ZAMROZONE · Disinfolklore — Kompilacja Głównych Tez · v01.00	https://maciektora-hue.github.io/rosja/disinfolklore/	H2	2	26	VIIWitch Switch — przełącznik czarownicy	witch-switch-przelacznik-czarownicy	OK	https://maciektora-hue.github.io/rosja/disinfolklore/#witch-switch-przelacznik-czarownicy	Autentyczne problemy społeczne zostają podmienione na łatwy, niewinny cel gniewu.
D2	d2-zamrozone-narzedzie-disinfolklore-kompilacja-v01_00-2026-03-25-anchory.html	ZAMROZONE · Disinfolklore — Kompilacja Głównych Tez · v01.00	https://maciektora-hue.github.io/rosja/disinfolklore/	H2	2	27	VIIIData Resistant Archetypes — mentalne modele oporne na fakty	data-resistant-archetypes	OK	https://maciektora-hue.github.io/rosja/disinfolklore/#data-resistant-archetypes	Głęboki archetyp może ignorować fakty, dopóki dramatyczne kontr-dane nie rozbiją modelu.
D2	d2-zamrozone-narzedzie-disinfolklore-kompilacja-v01_00-2026-03-25-anchory.html	ZAMROZONE · Disinfolklore — Kompilacja Głównych Tez · v01.00	https://maciektora-hue.github.io/rosja/disinfolklore/	H2	2	28	IXFinding Manuland — indoeuropejskie fundamenty	finding-manuland	OK	https://maciektora-hue.github.io/rosja/disinfolklore/#finding-manuland	Projekt szuka sześciotysięcznej ciągłości indoeuropejskich struktur narracyjnych od Jamna do współczesności.
D2	d2-zamrozone-narzedzie-disinfolklore-kompilacja-v01_00-2026-03-25-anchory.html	ZAMROZONE · Disinfolklore — Kompilacja Głównych Tez · v01.00	https://maciektora-hue.github.io/rosja/disinfolklore/	H3	3	29	Główne tezy Finding Manuland	finding-manuland-glowne-tezy	OK	https://maciektora-hue.github.io/rosja/disinfolklore/#finding-manuland-glowne-tezy	Ukraina jako cywilizacja źródłowa, Manuland jako kontr-geografia i hipoteza dźwiękowych wzorców semantycznych.
D2	d2-zamrozone-narzedzie-disinfolklore-kompilacja-v01_00-2026-03-25-anchory.html	ZAMROZONE · Disinfolklore — Kompilacja Głównych Tez · v01.00	https://maciektora-hue.github.io/rosja/disinfolklore/	H2	2	30	XDisinfolklore a FIMI UE — komplementarność ram	disinfolklore-fimi	OK	https://maciektora-hue.github.io/rosja/disinfolklore/#disinfolklore-fimi	FIMI opisuje infrastrukturę manipulacji, Disinfolklore jej archetypowy i emocjonalny mechanizm.
D2	d2-zamrozone-narzedzie-disinfolklore-kompilacja-v01_00-2026-03-25-anchory.html	ZAMROZONE · Disinfolklore — Kompilacja Głównych Tez · v01.00	https://maciektora-hue.github.io/rosja/disinfolklore/	H3	3	31	Co FIMI robi dobrze	fimi-co-robi-dobrze	OK	https://maciektora-hue.github.io/rosja/disinfolklore/#fimi-co-robi-dobrze	FIMI skutecznie mapuje incydenty, kanały, atrybucję i wspólną terminologię dla państw UE.
D2	d2-zamrozone-narzedzie-disinfolklore-kompilacja-v01_00-2026-03-25-anchory.html	ZAMROZONE · Disinfolklore — Kompilacja Głównych Tez · v01.00	https://maciektora-hue.github.io/rosja/disinfolklore/	H3	3	32	Czego FIMI nie widzi — a Disinfolklore tak	fimi-czego-nie-widzi	OK	https://maciektora-hue.github.io/rosja/disinfolklore/#fimi-czego-nie-widzi	FIMI słabiej ujmuje wewnętrznych pośredników oraz emocjonalną i archetypową treść memu.
D2	d2-zamrozone-narzedzie-disinfolklore-kompilacja-v01_00-2026-03-25-anchory.html	ZAMROZONE · Disinfolklore — Kompilacja Głównych Tez · v01.00	https://maciektora-hue.github.io/rosja/disinfolklore/	H2	2	33	XICounter-Disinfolklore — narzędzia obrony	counter-disinfolklore	OK	https://maciektora-hue.github.io/rosja/disinfolklore/#counter-disinfolklore	Sześć kroków: rozpoznanie manipulacji, diagnoza mechanizmu i świadome wdrożenie kontr-archetypu.
D2	d2-zamrozone-narzedzie-disinfolklore-kompilacja-v01_00-2026-03-25-anchory.html	ZAMROZONE · Disinfolklore — Kompilacja Głównych Tez · v01.00	https://maciektora-hue.github.io/rosja/disinfolklore/	H2	2	34	XIIWnioski i kierunki dalszych badań	wnioski-i-kierunki	OK	https://maciektora-hue.github.io/rosja/disinfolklore/#wnioski-i-kierunki	Rama wymaga dalszej walidacji i rozwoju w AI, prawie oraz re-archetypowaniu Ukrainy.
D3	d3-zamrozone-narzedzie-disinfolklore-swot-advocatus-v01_00-2026-03-25-anchory.html	ZAMROZONE · Disinfolklore — Analiza SWOT · Advocatus Diaboli · Przesłuchanie · v01.00	https://maciektora-hue.github.io/rosja/disinfolklore-swot/	H1	1	1	Disinfolklore: SWOT,Advocatus Diaboli,Przesłuchanie	disinfolklore-swot-advocatus-przesluchanie	OK	https://maciektora-hue.github.io/rosja/disinfolklore-swot/#disinfolklore-swot-advocatus-przesluchanie	Potrójny test Disinfolklore: SWOT, filozoficzny advocatus diaboli i quasi-sądowe badanie wiarygodności metody.
D3	d3-zamrozone-narzedzie-disinfolklore-swot-advocatus-v01_00-2026-03-25-anchory.html	ZAMROZONE · Disinfolklore — Analiza SWOT · Advocatus Diaboli · Przesłuchanie · v01.00	https://maciektora-hue.github.io/rosja/disinfolklore-swot/	H2	2	2	Analiza SWOT	analiza-swot	OK	https://maciektora-hue.github.io/rosja/disinfolklore-swot/#analiza-swot	Bilans mocnych stron, słabości, szans i zagrożeń przed próbą głębszego podważenia metody.
D3	d3-zamrozone-narzedzie-disinfolklore-swot-advocatus-v01_00-2026-03-25-anchory.html	ZAMROZONE · Disinfolklore — Analiza SWOT · Advocatus Diaboli · Przesłuchanie · v01.00	https://maciektora-hue.github.io/rosja/disinfolklore-swot/	H3	3	3	Strengths — Siły	strengths-sily	OK	https://maciektora-hue.github.io/rosja/disinfolklore-swot/#strengths-sily	Siłą są interdyscyplinarność, doświadczenie terenowe, operacyjne narzędzia i możliwość kontr-narracji.
D3	d3-zamrozone-narzedzie-disinfolklore-swot-advocatus-v01_00-2026-03-25-anchory.html	ZAMROZONE · Disinfolklore — Analiza SWOT · Advocatus Diaboli · Przesłuchanie · v01.00	https://maciektora-hue.github.io/rosja/disinfolklore-swot/	H3	3	4	Weaknesses — Słabości	weaknesses-slabosci	OK	https://maciektora-hue.github.io/rosja/disinfolklore-swot/#weaknesses-slabosci	Największe słabości to zależność od autora, brak walidacji i spekulatywne elementy lingwistyczne.
D3	d3-zamrozone-narzedzie-disinfolklore-swot-advocatus-v01_00-2026-03-25-anchory.html	ZAMROZONE · Disinfolklore — Analiza SWOT · Advocatus Diaboli · Przesłuchanie · v01.00	https://maciektora-hue.github.io/rosja/disinfolklore-swot/	H3	3	5	Opportunities — Szanse	opportunities-szanse	OK	https://maciektora-hue.github.io/rosja/disinfolklore-swot/#opportunities-szanse	Szanse: skalowanie przez AI, instytucjonalizacja, edukacja i rosnące zapotrzebowanie na analizę wojny informacyjnej.
D3	d3-zamrozone-narzedzie-disinfolklore-swot-advocatus-v01_00-2026-03-25-anchory.html	ZAMROZONE · Disinfolklore — Analiza SWOT · Advocatus Diaboli · Przesłuchanie · v01.00	https://maciektora-hue.github.io/rosja/disinfolklore-swot/	H3	3	6	Threats — Zagrożenia	threats-zagrozenia	OK	https://maciektora-hue.github.io/rosja/disinfolklore-swot/#threats-zagrozenia	Ryzyka: odrzucenie jako pseudonauki, instrumentalizacja polityczna i utrata wiarygodności całego narzędzia.
D3	d3-zamrozone-narzedzie-disinfolklore-swot-advocatus-v01_00-2026-03-25-anchory.html	ZAMROZONE · Disinfolklore — Analiza SWOT · Advocatus Diaboli · Przesłuchanie · v01.00	https://maciektora-hue.github.io/rosja/disinfolklore-swot/	H3	3	7	Synteza strategiczna	synteza-strategiczna	OK	https://maciektora-hue.github.io/rosja/disinfolklore-swot/#synteza-strategiczna	Oddzielić empirycznie użyteczny toolkit od spekulacji, sformalizować i poddać zewnętrznej walidacji.
D3	d3-zamrozone-narzedzie-disinfolklore-swot-advocatus-v01_00-2026-03-25-anchory.html	ZAMROZONE · Disinfolklore — Analiza SWOT · Advocatus Diaboli · Przesłuchanie · v01.00	https://maciektora-hue.github.io/rosja/disinfolklore-swot/	H2	2	8	Advocatus Diaboli	advocatus-diaboli	OK	https://maciektora-hue.github.io/rosja/disinfolklore-swot/#advocatus-diaboli	Seria pytań badających etykę, epistemologię i wewnętrzne sprzeczności Disinfolklore.
D3	d3-zamrozone-narzedzie-disinfolklore-swot-advocatus-v01_00-2026-03-25-anchory.html	ZAMROZONE · Disinfolklore — Analiza SWOT · Advocatus Diaboli · Przesłuchanie · v01.00	https://maciektora-hue.github.io/rosja/disinfolklore-swot/	H4	4	9	Jeśli archetypowanie jest bronią — to czy re-archetypowanie nie jest tą samą bronią z odwróconym ostrzem?	archetypowanie-jako-bron	OK	https://maciektora-hue.github.io/rosja/disinfolklore-swot/#archetypowanie-jako-bron	Czy kontr-archetypowanie naprawdę różni się strukturalnie od manipulacji, którą metoda krytykuje?
D3	d3-zamrozone-narzedzie-disinfolklore-swot-advocatus-v01_00-2026-03-25-anchory.html	ZAMROZONE · Disinfolklore — Analiza SWOT · Advocatus Diaboli · Przesłuchanie · v01.00	https://maciektora-hue.github.io/rosja/disinfolklore-swot/	H4	4	10	Obserwator w polu bitwy: czy można badać zaklęcia, nie będąc samemu zaczarowanym?	obserwator-w-polu-bitwy	OK	https://maciektora-hue.github.io/rosja/disinfolklore-swot/#obserwator-w-polu-bitwy	Czy zaangażowany uczestnik wojny informacyjnej może zachować dystans potrzebny do jej analizy?
D3	d3-zamrozone-narzedzie-disinfolklore-swot-advocatus-v01_00-2026-03-25-anchory.html	ZAMROZONE · Disinfolklore — Analiza SWOT · Advocatus Diaboli · Przesłuchanie · v01.00	https://maciektora-hue.github.io/rosja/disinfolklore-swot/	H4	4	11	Mana: czy pojęcie niefalsyfikowalne zachowuje moc analityczną?	mana-falsyfikowalnosc	OK	https://maciektora-hue.github.io/rosja/disinfolklore-swot/#mana-falsyfikowalnosc	Czy „mana” ma kryterium empiryczne, czy pozostaje metaforą odporną na falsyfikację?
D3	d3-zamrozone-narzedzie-disinfolklore-swot-advocatus-v01_00-2026-03-25-anchory.html	ZAMROZONE · Disinfolklore — Analiza SWOT · Advocatus Diaboli · Przesłuchanie · v01.00	https://maciektora-hue.github.io/rosja/disinfolklore-swot/	H4	4	12	"Czy twierdzenie „Ukraina to cywilizacja źródłowa Zachodu"" nie jest samo w sobie aktem Disinfolklore?"	ukraina-jako-disinfolklore	OK	https://maciektora-hue.github.io/rosja/disinfolklore-swot/#ukraina-jako-disinfolklore	Czy heroiczne re-archetypowanie Ukrainy samo nie staje się świadomie konstruowaną narracją polityczną?
D3	d3-zamrozone-narzedzie-disinfolklore-swot-advocatus-v01_00-2026-03-25-anchory.html	ZAMROZONE · Disinfolklore — Analiza SWOT · Advocatus Diaboli · Przesłuchanie · v01.00	https://maciektora-hue.github.io/rosja/disinfolklore-swot/	H4	4	13	Indoeuropocentryzm jako ślepy punkt: co z umysłami, które ukształtowały inne matryce?	indoeuropocentryzm	OK	https://maciektora-hue.github.io/rosja/disinfolklore-swot/#indoeuropocentryzm	Czy rama oparta na indoeuropejskich archetypach działa poza kulturami ukształtowanymi przez tę tradycję?
D3	d3-zamrozone-narzedzie-disinfolklore-swot-advocatus-v01_00-2026-03-25-anchory.html	ZAMROZONE · Disinfolklore — Analiza SWOT · Advocatus Diaboli · Przesłuchanie · v01.00	https://maciektora-hue.github.io/rosja/disinfolklore-swot/	H4	4	14	Problem skali: 1,5 miliona słów vs. 15-sekundowy TikTok. Czy antywirusem na snajpera jest encyklopedia?	problem-skali	OK	https://maciektora-hue.github.io/rosja/disinfolklore-swot/#problem-skali	Metoda jest za ciężka poznawczo wobec szybkości i prostoty współczesnych kanałów dezinformacji.
D3	d3-zamrozone-narzedzie-disinfolklore-swot-advocatus-v01_00-2026-03-25-anchory.html	ZAMROZONE · Disinfolklore — Analiza SWOT · Advocatus Diaboli · Przesłuchanie · v01.00	https://maciektora-hue.github.io/rosja/disinfolklore-swot/	H4	4	15	Granica między narzędziem a systemem wierzeń: kiedy analityk staje się kapłanem?	narzedzie-czy-system-wierzen	OK	https://maciektora-hue.github.io/rosja/disinfolklore-swot/#narzedzie-czy-system-wierzen	Test granicy, po której analityczna terminologia zaczyna funkcjonować jak zamknięty system wiary.
D3	d3-zamrozone-narzedzie-disinfolklore-swot-advocatus-v01_00-2026-03-25-anchory.html	ZAMROZONE · Disinfolklore — Analiza SWOT · Advocatus Diaboli · Przesłuchanie · v01.00	https://maciektora-hue.github.io/rosja/disinfolklore-swot/	H4	4	16	Czy demokratyczna broń może przetrwać kontakt z demokratycznym wyborcą?	demokratyczna-bron-i-wyborca	OK	https://maciektora-hue.github.io/rosja/disinfolklore-swot/#demokratyczna-bron-i-wyborca	Czy wymagające narzędzie obronne może działać masowo w realnym środowisku demokratycznej uwagi?
D3	d3-zamrozone-narzedzie-disinfolklore-swot-advocatus-v01_00-2026-03-25-anchory.html	ZAMROZONE · Disinfolklore — Analiza SWOT · Advocatus Diaboli · Przesłuchanie · v01.00	https://maciektora-hue.github.io/rosja/disinfolklore-swot/	H4	4	17	Fabuła o trzech postaciach: czy redukcja geopolityki do bajki nie jest formą tego, co Pan krytykuje?	trzy-postacie-redukcja-geopolityki	OK	https://maciektora-hue.github.io/rosja/disinfolklore-swot/#trzy-postacie-redukcja-geopolityki	Archetypizacja Trumpa, Putina i Zełenskiego może upraszczać geopolitykę tak samo jak krytykowana propaganda.
D3	d3-zamrozone-narzedzie-disinfolklore-swot-advocatus-v01_00-2026-03-25-anchory.html	ZAMROZONE · Disinfolklore — Analiza SWOT · Advocatus Diaboli · Przesłuchanie · v01.00	https://maciektora-hue.github.io/rosja/disinfolklore-swot/	H4	4	18	Ostateczna aporia: czy można zbudować post-narracyjne narzędzie wyłącznie z narracji?	postnarracyjne-narzedzie-z-narracji	OK	https://maciektora-hue.github.io/rosja/disinfolklore-swot/#postnarracyjne-narzedzie-z-narracji	Aporia: narzędzie mające wyzwalać z narracji samo jest skonstruowane z narracyjnych kategorii.
D3	d3-zamrozone-narzedzie-disinfolklore-swot-advocatus-v01_00-2026-03-25-anchory.html	ZAMROZONE · Disinfolklore — Analiza SWOT · Advocatus Diaboli · Przesłuchanie · v01.00	https://maciektora-hue.github.io/rosja/disinfolklore-swot/	H2	2	19	Przesłuchanie informacyjne biegłegow trybie art. 278 i nast. k.p.c.	przesluchanie-bieglego	OK	https://maciektora-hue.github.io/rosja/disinfolklore-swot/#przesluchanie-bieglego	Quasi-sądowy test, czy Disinfolklore spełnia wymogi powtarzalności, falsyfikowalności i kompetencji eksperckiej.
D3	d3-zamrozone-narzedzie-disinfolklore-swot-advocatus-v01_00-2026-03-25-anchory.html	ZAMROZONE · Disinfolklore — Analiza SWOT · Advocatus Diaboli · Przesłuchanie · v01.00	https://maciektora-hue.github.io/rosja/disinfolklore-swot/	H4	4	20	Panie biegły, proszę wskazać, w jakim recenzowanym piśmie naukowym opublikował Pan pełny opis metody Disinfolklore, wraz z recenzjami zewnętrznymi.	publikacja-i-recenzja-metody	OK	https://maciektora-hue.github.io/rosja/disinfolklore-swot/#publikacja-i-recenzja-metody	Pytanie o recenzowaną publikację pełnej metody i niezależny peer review.
D3	d3-zamrozone-narzedzie-disinfolklore-swot-advocatus-v01_00-2026-03-25-anchory.html	ZAMROZONE · Disinfolklore — Analiza SWOT · Advocatus Diaboli · Przesłuchanie · v01.00	https://maciektora-hue.github.io/rosja/disinfolklore-swot/	H4	4	21	Czy dwóch niezależnych analityków, stosujących Pana dwunastoelementowy algorytm do tego samego memu, dojdzie do identycznej konkluzji co do jego klasyfikacji jako Disinfolklore?	powtarzalnosc-klasyfikacji	OK	https://maciektora-hue.github.io/rosja/disinfolklore-swot/#powtarzalnosc-klasyfikacji	Test zgodności wyników uzyskiwanych przez niezależnych analityków na tym samym materiale.
D3	d3-zamrozone-narzedzie-disinfolklore-swot-advocatus-v01_00-2026-03-25-anchory.html	ZAMROZONE · Disinfolklore — Analiza SWOT · Advocatus Diaboli · Przesłuchanie · v01.00	https://maciektora-hue.github.io/rosja/disinfolklore-swot/	H4	4	22	"Panie biegły, Pan posługuje się pojęciem „mana"" jako kluczowym wskaźnikiem analitycznym. Proszę wskazać, jaki wynik empiryczny sfalsyfikowałby twierdzenie, że dany mem „zawiera silną manę""."	mana-kryterium-falsyfikacji	OK	https://maciektora-hue.github.io/rosja/disinfolklore-swot/#mana-kryterium-falsyfikacji	Żądanie wyniku empirycznego, który pozwoliłby uznać diagnozę „silnej many” za błędną.
D3	d3-zamrozone-narzedzie-disinfolklore-swot-advocatus-v01_00-2026-03-25-anchory.html	ZAMROZONE · Disinfolklore — Analiza SWOT · Advocatus Diaboli · Przesłuchanie · v01.00	https://maciektora-hue.github.io/rosja/disinfolklore-swot/	H4	4	23	Pana wykształcenie formalne i doświadczenie zawodowe to dyplomacja i mediacja w kontekście OBWE. Proszę wskazać Pana kwalifikacje w zakresie lingwistyki porównawczej, folklorystyki, psychologii poznawczej i archeogenetyki — dyscyplin, na których opiera Pan swoją metodę.	kwalifikacje-bieglego	OK	https://maciektora-hue.github.io/rosja/disinfolklore-swot/#kwalifikacje-bieglego	Test formalnych kompetencji autora w dyscyplinach, na których opiera szeroką metodę.
D3	d3-zamrozone-narzedzie-disinfolklore-swot-advocatus-v01_00-2026-03-25-anchory.html	ZAMROZONE · Disinfolklore — Analiza SWOT · Advocatus Diaboli · Przesłuchanie · v01.00	https://maciektora-hue.github.io/rosja/disinfolklore-swot/	H4	4	24	"Pan jest publicznie zaangażowanym obrońcą sprawy ukraińskiej. Prowadzi Pan fundację Volya, współpracuje z NAFO, określa Rosję terminem „Ruschia"". Jak Pan zapewnia sąd o swojej bezstronności jako biegłego w sprawie, w której jedną ze stron jest podmiot powiązany z Federacją Rosyjską?"	bezstronnosc-bieglego	OK	https://maciektora-hue.github.io/rosja/disinfolklore-swot/#bezstronnosc-bieglego	Pytanie, czy jawne zaangażowanie po stronie Ukrainy pozwala zachować bezstronność ekspercką.
D3	d3-zamrozone-narzedzie-disinfolklore-swot-advocatus-v01_00-2026-03-25-anchory.html	ZAMROZONE · Disinfolklore — Analiza SWOT · Advocatus Diaboli · Przesłuchanie · v01.00	https://maciektora-hue.github.io/rosja/disinfolklore-swot/	H4	4	25	"Proszę podać precyzyjną, operacyjną definicję pojęcia „archetyp"" w Pana metodzie, odróżniającą je od definicji Junga, Campbella i Proppa — na tyle ścisłą, by dwóch prawników mogło niezależnie zastosować ją do tego samego stanu faktycznego."	operacyjna-definicja-archetypu	OK	https://maciektora-hue.github.io/rosja/disinfolklore-swot/#operacyjna-definicja-archetypu	Żądanie ścisłej definicji archetypu umożliwiającej niezależne i powtarzalne zastosowanie.
D3	d3-zamrozone-narzedzie-disinfolklore-swot-advocatus-v01_00-2026-03-25-anchory.html	ZAMROZONE · Disinfolklore — Analiza SWOT · Advocatus Diaboli · Przesłuchanie · v01.00	https://maciektora-hue.github.io/rosja/disinfolklore-swot/	H4	4	26	Czy Pan dysponuje danymi empirycznymi — w formie badań eksperymentalnych, quasi-eksperymentalnych lub choćby studium przypadku z grupą kontrolną — potwierdzającymi, że zastosowanie metody Disinfolklore zwiększa odporność odbiorców na dezinformację?	dane-empiryczne-odpornosc-na-dezinformacje	OK	https://maciektora-hue.github.io/rosja/disinfolklore-swot/#dane-empiryczne-odpornosc-na-dezinformacje	Pytanie o kontrolowane dane dowodzące, że metoda faktycznie zwiększa odporność odbiorców.
D3	d3-zamrozone-narzedzie-disinfolklore-swot-advocatus-v01_00-2026-03-25-anchory.html	ZAMROZONE · Disinfolklore — Analiza SWOT · Advocatus Diaboli · Przesłuchanie · v01.00	https://maciektora-hue.github.io/rosja/disinfolklore-swot/	H4	4	27	"Pan twierdzi, że dźwięk M-N stanowi „najistotniejsze odkrycie w lingwistyce indoeuropejskiej od czasów de Saussure'a"". Proszę wskazać, ilu profesorów lingwistyki indoeuropejskiej — choćby jeden — publicznie poparło to twierdzenie."	m-n-poparcie-lingwistow	OK	https://maciektora-hue.github.io/rosja/disinfolklore-swot/#m-n-poparcie-lingwistow	Test zewnętrznego poparcia lingwistów dla najbardziej ambitnej hipotezy dźwiękowej M-N.
D3	d3-zamrozone-narzedzie-disinfolklore-swot-advocatus-v01_00-2026-03-25-anchory.html	ZAMROZONE · Disinfolklore — Analiza SWOT · Advocatus Diaboli · Przesłuchanie · v01.00	https://maciektora-hue.github.io/rosja/disinfolklore-swot/	H4	4	28	Proszę wskazać konkretny przypadek, w którym Pana metoda dałaby wynik fałszywie pozytywny — tj. zidentyfikowałaby jako Disinfolklore komunikat, który nim nie jest.	falszywie-pozytywny	OK	https://maciektora-hue.github.io/rosja/disinfolklore-swot/#falszywie-pozytywny	Żądanie przykładu i mechanizmu, w którym metoda błędnie klasyfikuje niewinną treść jako manipulację.
D3	d3-zamrozone-narzedzie-disinfolklore-swot-advocatus-v01_00-2026-03-25-anchory.html	ZAMROZONE · Disinfolklore — Analiza SWOT · Advocatus Diaboli · Przesłuchanie · v01.00	https://maciektora-hue.github.io/rosja/disinfolklore-swot/	H4	4	29	"Pan twierdzi, że „Accusation in a Mirror"" jest strukturą wspólną dla wszystkich ludobójstw — sprawca oskarża ofiarę o to, co sam planuje. Ale wzajemne oskarżenia są codziennością polityki. Proszę podać precyzyjne kryterium, na podstawie którego sąd mógłby odróżnić autentyczne oskarżenie od „Accusation in a Mirror""."	accusation-in-a-mirror-kryterium	OK	https://maciektora-hue.github.io/rosja/disinfolklore-swot/#accusation-in-a-mirror-kryterium	Potrzeba kryterium odróżniającego projekcję sprawcy od zwykłego politycznego oskarżenia.
D3	d3-zamrozone-narzedzie-disinfolklore-swot-advocatus-v01_00-2026-03-25-anchory.html	ZAMROZONE · Disinfolklore — Analiza SWOT · Advocatus Diaboli · Przesłuchanie · v01.00	https://maciektora-hue.github.io/rosja/disinfolklore-swot/	H4	4	30	W jakim typie postępowania cywilnego — o ochronę dóbr osobistych, o naruszenie praw autorskich, o zadośćuczynienie — Pana metoda miałaby walor dowodowy? Proszę wskazać konkretny przepis k.c. lub k.p.c., który dopuszczałby opinię opartą na tej metodzie.	walor-dowodowy	OK	https://maciektora-hue.github.io/rosja/disinfolklore-swot/#walor-dowodowy	Test konkretnej podstawy prawnej i zakresu, w którym metoda mogłaby być dowodem w postępowaniu.
D3	d3-zamrozone-narzedzie-disinfolklore-swot-advocatus-v01_00-2026-03-25-anchory.html	ZAMROZONE · Disinfolklore — Analiza SWOT · Advocatus Diaboli · Przesłuchanie · v01.00	https://maciektora-hue.github.io/rosja/disinfolklore-swot/	H4	4	31	Panie biegły, ostatnie pytanie: czy Pan, jako twórca tej metody, jest w stanie wskazać warunki, w których sam uznałby ją za obaloną?	warunki-obalenia-metody	OK	https://maciektora-hue.github.io/rosja/disinfolklore-swot/#warunki-obalenia-metody	Najostrzejszy test naukowości: wskazanie warunków, przy których twórca uznałby metodę za obaloną.
D4	d4-zamrozone-rosyjskie-samobojstwa-taksonomia-v08_01-2026-06-13-anchory.html	ZAMROZONE · Taksonomia rosyjskiego samobójstwa — katalog metod · v08.01	https://maciektora-hue.github.io/rosja/rosyjskie-samobojstwa/	H1	1	1	☠️ Taksonomia rosyjskiego samobójstwa	taksonomia-rosyjskiego-samobojstwa	OK	https://maciektora-hue.github.io/rosja/rosyjskie-samobojstwa/#taksonomia-rosyjskiego-samobojstwa	Katalog podejrzanych zgonów prominentnych Rosjan, uporządkowany według oficjalnej lub widocznej metody śmierci. Przy każdym przypadku oddziela fakt zgonu od otwartej interpretacji.
D4	d4-zamrozone-rosyjskie-samobojstwa-taksonomia-v08_01-2026-06-13-anchory.html	ZAMROZONE · Taksonomia rosyjskiego samobójstwa — katalog metod · v08.01	https://maciektora-hue.github.io/rosja/rosyjskie-samobojstwa/	H2	2	2	I. Defenestracja (upadek z okna)	defenestracja	OK	https://maciektora-hue.github.io/rosja/rosyjskie-samobojstwa/#defenestracja	Przypadki upadków z okien, szczególnie częste wśród elit biznesowych i urzędniczych po 2022.
D4	d4-zamrozone-rosyjskie-samobojstwa-taksonomia-v08_01-2026-06-13-anchory.html	ZAMROZONE · Taksonomia rosyjskiego samobójstwa — katalog metod · v08.01	https://maciektora-hue.github.io/rosja/rosyjskie-samobojstwa/	H2	2	3	II. Broń palna	bron-palna	OK	https://maciektora-hue.github.io/rosja/rosyjskie-samobojstwa/#bron-palna	Zgony od broni palnej oficjalnie lub wstępnie kwalifikowane jako samobójstwa, często z nietypowymi okolicznościami.
D4	d4-zamrozone-rosyjskie-samobojstwa-taksonomia-v08_01-2026-06-13-anchory.html	ZAMROZONE · Taksonomia rosyjskiego samobójstwa — katalog metod · v08.01	https://maciektora-hue.github.io/rosja/rosyjskie-samobojstwa/	H2	2	4	III. Powieszenie / uduszenie	powieszenie-uduszenie	OK	https://maciektora-hue.github.io/rosja/rosyjskie-samobojstwa/#powieszenie-uduszenie	Przypadki powieszeń i uduszeń obejmujące biznes, administrację i osoby z niewygodną wiedzą.
D4	d4-zamrozone-rosyjskie-samobojstwa-taksonomia-v08_01-2026-06-13-anchory.html	ZAMROZONE · Taksonomia rosyjskiego samobójstwa — katalog metod · v08.01	https://maciektora-hue.github.io/rosja/rosyjskie-samobojstwa/	H2	2	5	IV. Utonięcie / upadek z jednostki pływającej	utoniecie-upadek-z-jednostki	OK	https://maciektora-hue.github.io/rosja/rosyjskie-samobojstwa/#utoniecie-upadek-z-jednostki	Zgony w wodzie lub po wypadnięciu z jednostek pływających, zestawione jako osobny wzorzec.
D4	d4-zamrozone-rosyjskie-samobojstwa-taksonomia-v08_01-2026-06-13-anchory.html	ZAMROZONE · Taksonomia rosyjskiego samobójstwa — katalog metod · v08.01	https://maciektora-hue.github.io/rosja/rosyjskie-samobojstwa/	H2	2	6	"V. Nagły zawał / „ostre niewydolności"""	nagly-zawal-niewydolnosc	OK	https://maciektora-hue.github.io/rosja/rosyjskie-samobojstwa/#nagly-zawal-niewydolnosc	Nagłe zgony medyczne oficjalnie tłumaczone zawałem, udarem lub ostrą niewydolnością.
D4	d4-zamrozone-rosyjskie-samobojstwa-taksonomia-v08_01-2026-06-13-anchory.html	ZAMROZONE · Taksonomia rosyjskiego samobójstwa — katalog metod · v08.01	https://maciektora-hue.github.io/rosja/rosyjskie-samobojstwa/	H2	2	7	VI. Trucizny i substancje egzotyczne	trucizny-substancje-egzotyczne	OK	https://maciektora-hue.github.io/rosja/rosyjskie-samobojstwa/#trucizny-substancje-egzotyczne	Udokumentowane i podejrzewane użycia trucizn, od polonu i nowiczoka po inne substancje.
D4	d4-zamrozone-rosyjskie-samobojstwa-taksonomia-v08_01-2026-06-13-anchory.html	ZAMROZONE · Taksonomia rosyjskiego samobójstwa — katalog metod · v08.01	https://maciektora-hue.github.io/rosja/rosyjskie-samobojstwa/	H2	2	8	VII. Śmierć w więzieniu / kolonii karnej	smierc-w-wiezieniu	OK	https://maciektora-hue.github.io/rosja/rosyjskie-samobojstwa/#smierc-w-wiezieniu	Zgony w więzieniach i koloniach karnych, gdzie państwo kontroluje warunki, opiekę i dostęp do informacji.
D4	d4-zamrozone-rosyjskie-samobojstwa-taksonomia-v08_01-2026-06-13-anchory.html	ZAMROZONE · Taksonomia rosyjskiego samobójstwa — katalog metod · v08.01	https://maciektora-hue.github.io/rosja/rosyjskie-samobojstwa/	H2	2	9	VIII. Znaleziony martwy (bez wyjaśnienia)	znaleziony-martwy	OK	https://maciektora-hue.github.io/rosja/rosyjskie-samobojstwa/#znaleziony-martwy	Przypadki, w których oficjalny komunikat ogranicza się do znalezienia ciała bez jasnego mechanizmu śmierci.
D4	d4-zamrozone-rosyjskie-samobojstwa-taksonomia-v08_01-2026-06-13-anchory.html	ZAMROZONE · Taksonomia rosyjskiego samobójstwa — katalog metod · v08.01	https://maciektora-hue.github.io/rosja/rosyjskie-samobojstwa/	H2	2	10	IX. Katastrofa lotnicza (cel = grupa)	katastrofa-lotnicza	OK	https://maciektora-hue.github.io/rosja/rosyjskie-samobojstwa/#katastrofa-lotnicza	Katastrofy lotnicze jako metoda eliminująca jednocześnie cel i jego otoczenie.
D4	d4-zamrozone-rosyjskie-samobojstwa-taksonomia-v08_01-2026-06-13-anchory.html	ZAMROZONE · Taksonomia rosyjskiego samobójstwa — katalog metod · v08.01	https://maciektora-hue.github.io/rosja/rosyjskie-samobojstwa/	H2	2	11	X. Dekapitacja	dekapitacja	OK	https://maciektora-hue.github.io/rosja/rosyjskie-samobojstwa/#dekapitacja	Przypadki dosłownej lub skrajnie brutalnej dekapitacji jako osobna, rzadka kategoria.
D4	d4-zamrozone-rosyjskie-samobojstwa-taksonomia-v08_01-2026-06-13-anchory.html	ZAMROZONE · Taksonomia rosyjskiego samobójstwa — katalog metod · v08.01	https://maciektora-hue.github.io/rosja/rosyjskie-samobojstwa/	H2	2	12	XI. Metoda podwójna (combo)	metoda-podwojna	OK	https://maciektora-hue.github.io/rosja/rosyjskie-samobojstwa/#metoda-podwojna	Zgony z więcej niż jednym pozornie samobójczym mechanizmem, podważające prostą wersję oficjalną.
D4	d4-zamrozone-rosyjskie-samobojstwa-taksonomia-v08_01-2026-06-13-anchory.html	ZAMROZONE · Taksonomia rosyjskiego samobójstwa — katalog metod · v08.01	https://maciektora-hue.github.io/rosja/rosyjskie-samobojstwa/	H2	2	13	XII. Metaanaliza — co mówi taksonomia	metaanaliza-taksonomii	OK	https://maciektora-hue.github.io/rosja/rosyjskie-samobojstwa/#metaanaliza-taksonomii	Wzorce sektorowe, budżetowe i temporalne pokazują, gdzie podejrzane zgony skupiają się w rosyjskim systemie.
D5	d5-zamrozone-putin-cornered-animal-v03_00-2026-03-24-anchory.html	ZAMROZONE · Putin — chytry plan? cornered animal edition · v03.00	https://maciektora-hue.github.io/rosja/putin-cornered/	H1	1	1	🐀 Putin — cornered animal edition (v3)	putin-cornered-animal	OK	https://maciektora-hue.github.io/rosja/putin-cornered/#putin-cornered-animal	Mapa opcji Putina jako zapędzonego autokraty, dla którego przegrana może oznaczać utratę władzy lub życia. Punkt ciężkości przesuwa się z finansów na osobiste przetrwanie.
D5	d5-zamrozone-putin-cornered-animal-v03_00-2026-03-24-anchory.html	ZAMROZONE · Putin — chytry plan? cornered animal edition · v03.00	https://maciektora-hue.github.io/rosja/putin-cornered/	H2	2	2	0. Dlaczego to nie jest pytanie o pieniądze	nie-pytanie-o-pieniadze	OK	https://maciektora-hue.github.io/rosja/putin-cornered/#nie-pytanie-o-pieniadze	Kluczowe ograniczenie nie jest księgowe: pokój i przegrana mogą być dla personalistycznego dyktatora groźniejsze niż dalsza wojna.
D5	d5-zamrozone-putin-cornered-animal-v03_00-2026-03-24-anchory.html	ZAMROZONE · Putin — chytry plan? cornered animal edition · v03.00	https://maciektora-hue.github.io/rosja/putin-cornered/	H2	2	3	I. Co mu realnie zostaje (po wszystkich korektach)	co-mu-zostaje	OK	https://maciektora-hue.github.io/rosja/putin-cornered/#co-mu-zostaje	Realne zasoby to chwilowy windfall naftowy, fiskalne wyciskanie ludności, rezerwy CB i pogłębianie zależności od Chin.
D5	d5-zamrozone-putin-cornered-animal-v03_00-2026-03-24-anchory.html	ZAMROZONE · Putin — chytry plan? cornered animal edition · v03.00	https://maciektora-hue.github.io/rosja/putin-cornered/	H2	2	4	II. Co nie działa (skreślone)	co-nie-dziala	OK	https://maciektora-hue.github.io/rosja/putin-cornered/#co-nie-dziala	Skreślone opcje obejmują m.in. zamrożone aktywa, powrót gazu do Europy, dodruk, banki i klasyczne sztuczki monetarne.
D5	d5-zamrozone-putin-cornered-animal-v03_00-2026-03-24-anchory.html	ZAMROZONE · Putin — chytry plan? cornered animal edition · v03.00	https://maciektora-hue.github.io/rosja/putin-cornered/	H2	2	5	III. Ukryty majątek — $1 bln dark money	ukryty-majatek-dark-money	OK	https://maciektora-hue.github.io/rosja/putin-cornered/#ukryty-majatek-dark-money	Offshore Putina jest ogromny, ale trudny do ujawnienia i użycia bez zamrożenia; lepiej służy operacjom wpływu niż finansowaniu wojny.
D5	d5-zamrozone-putin-cornered-animal-v03_00-2026-03-24-anchory.html	ZAMROZONE · Putin — chytry plan? cornered animal edition · v03.00	https://maciektora-hue.github.io/rosja/putin-cornered/	H2	2	6	IV. Cornered animal — scenariusze desperacji	scenariusze-desperacji	OK	https://maciektora-hue.github.io/rosja/putin-cornered/#scenariusze-desperacji	Mapa ruchów resztkowych od politycznych dealów po eskalację, gdy normalne drogi wyjścia się zamykają.
D5	d5-zamrozone-putin-cornered-animal-v03_00-2026-03-24-anchory.html	ZAMROZONE · Putin — chytry plan? cornered animal edition · v03.00	https://maciektora-hue.github.io/rosja/putin-cornered/	H2	2	7	V. Kluczowe pytanie: kiedy elity odłączą się od Putina?	kiedy-elity-odlacza-sie-od-putina	OK	https://maciektora-hue.github.io/rosja/putin-cornered/#kiedy-elity-odlacza-sie-od-putina	Lojalność elit trwa z kalkulacji, dopóki koszt pozostania przy Putinie nie przekroczy ryzyka jego usunięcia.
D5	d5-zamrozone-putin-cornered-animal-v03_00-2026-03-24-anchory.html	ZAMROZONE · Putin — chytry plan? cornered animal edition · v03.00	https://maciektora-hue.github.io/rosja/putin-cornered/	H3	3	8	Synteza v3: Projekt życia mu nie wyszedł	projekt-zycia-mu-nie-wyszedl	OK	https://maciektora-hue.github.io/rosja/putin-cornered/#projekt-zycia-mu-nie-wyszedl	Synteza: nie ma ukrytego wielkiego planu, tylko kurczący się zestaw kosztownych i coraz gorszych opcji.
D6	d6-zamrozone-jalta-3-analiza-strategiczna-v01_00-2026-03-08-anchory.html	ZAMROZONE · Jałta 3.0 — Analiza Strategiczna · v01.00	https://maciektora-hue.github.io/rosja/jalta-3/	H1	1	1	Jałta 3.0	jalta-3-0	OK	https://maciektora-hue.github.io/rosja/jalta-3/#jalta-3-0	Scenariusz przebudowy porządku od Kaukazu po Zatokę po osłabieniu irańskiej państwowości. Hanza 2.0 ma powstać z konwergencji interesów, nie z jednej konferencji czy planu mocarstwa.
D6	d6-zamrozone-jalta-3-analiza-strategiczna-v01_00-2026-03-08-anchory.html	ZAMROZONE · Jałta 3.0 — Analiza Strategiczna · v01.00	https://maciektora-hue.github.io/rosja/jalta-3/	H3	3	2	Spis treści	spis-tresci	OK	https://maciektora-hue.github.io/rosja/jalta-3/#spis-tresci	Mapa wizji, koncepcji operacyjnej, driverów aktorów, testów wykonalności, ryzyk i werdyktu.
D6	d6-zamrozone-jalta-3-analiza-strategiczna-v01_00-2026-03-08-anchory.html	ZAMROZONE · Jałta 3.0 — Analiza Strategiczna · v01.00	https://maciektora-hue.github.io/rosja/jalta-3/	H2	2	3	1. Wizja — Synteza	wizja-synteza	OK	https://maciektora-hue.github.io/rosja/jalta-3/#wizja-synteza	Rozpad Iranu jako proces otwierający przestrzeń dla organicznego układu korytarzy, handlu i bezpieczeństwa.
D6	d6-zamrozone-jalta-3-analiza-strategiczna-v01_00-2026-03-08-anchory.html	ZAMROZONE · Jałta 3.0 — Analiza Strategiczna · v01.00	https://maciektora-hue.github.io/rosja/jalta-3/	H3	3	4	Filary wizji	filary-wizji	OK	https://maciektora-hue.github.io/rosja/jalta-3/#filary-wizji	Pięć podpór: procesowy rozpad, naturalne strefy, zbieżność interesów, szok jako akcelerator i prywatny kapitał.
D6	d6-zamrozone-jalta-3-analiza-strategiczna-v01_00-2026-03-08-anchory.html	ZAMROZONE · Jałta 3.0 — Analiza Strategiczna · v01.00	https://maciektora-hue.github.io/rosja/jalta-3/	H2	2	5	2. Koncepcja operacyjna	koncepcja-operacyjna	OK	https://maciektora-hue.github.io/rosja/jalta-3/#koncepcja-operacyjna	Przekład wizji na geografię, korytarze i ograniczone działania, które nie wymagają pełnej okupacji Iranu.
D6	d6-zamrozone-jalta-3-analiza-strategiczna-v01_00-2026-03-08-anchory.html	ZAMROZONE · Jałta 3.0 — Analiza Strategiczna · v01.00	https://maciektora-hue.github.io/rosja/jalta-3/	H3	3	6	2.1 Rzeka Aras — klucz do operacji azerskiej	rzeka-aras	OK	https://maciektora-hue.github.io/rosja/jalta-3/#rzeka-aras	Aras łączy znaczenie wodne, graniczne i symboliczne, dając Azerbejdżanowi naturalną oś operacji.
D6	d6-zamrozone-jalta-3-analiza-strategiczna-v01_00-2026-03-08-anchory.html	ZAMROZONE · Jałta 3.0 — Analiza Strategiczna · v01.00	https://maciektora-hue.github.io/rosja/jalta-3/	H3	3	7	2.2 Pas 30 km — logika operacyjna	pas-30-km	OK	https://maciektora-hue.github.io/rosja/jalta-3/#pas-30-km	Wąski pas przygraniczny daje barierę obronną i korytarz bez ciężaru administrowania milionami ludzi.
D6	d6-zamrozone-jalta-3-analiza-strategiczna-v01_00-2026-03-08-anchory.html	ZAMROZONE · Jałta 3.0 — Analiza Strategiczna · v01.00	https://maciektora-hue.github.io/rosja/jalta-3/	H3	3	8	2.3 Zagros — domena kurdyjska	zagros-domena-kurdyjska	OK	https://maciektora-hue.github.io/rosja/jalta-3/#zagros-domena-kurdyjska	Osłabienie Teheranu otwiera Zagros dla kurdyjskich aktorów, ale ich wewnętrzne podziały ograniczają prosty scenariusz.
D6	d6-zamrozone-jalta-3-analiza-strategiczna-v01_00-2026-03-08-anchory.html	ZAMROZONE · Jałta 3.0 — Analiza Strategiczna · v01.00	https://maciektora-hue.github.io/rosja/jalta-3/	H3	3	9	2.4 Wielki deal — Władywostok za Kaukaz	wielki-deal-wladywostok-za-kaukaz	OK	https://maciektora-hue.github.io/rosja/jalta-3/#wielki-deal-wladywostok-za-kaukaz	Hipotetyczny sygnał USA do Chin: ustępstwo wobec rosyjskiego Dalekiego Wschodu w zamian za nieblokowanie Kaukazu.
D6	d6-zamrozone-jalta-3-analiza-strategiczna-v01_00-2026-03-08-anchory.html	ZAMROZONE · Jałta 3.0 — Analiza Strategiczna · v01.00	https://maciektora-hue.github.io/rosja/jalta-3/	H3	3	10	2.5 Model końcowy — Hanza 2.0	hanza-2-0	OK	https://maciektora-hue.github.io/rosja/jalta-3/#hanza-2-0	Sieć handlowa z funkcjami bezpieczeństwa, gdzie regionalni aktorzy odpowiadają za własne odcinki zamiast budować nowe imperium.
D6	d6-zamrozone-jalta-3-analiza-strategiczna-v01_00-2026-03-08-anchory.html	ZAMROZONE · Jałta 3.0 — Analiza Strategiczna · v01.00	https://maciektora-hue.github.io/rosja/jalta-3/	H2	2	11	3. Mapa driverów — aktor po aktorze	mapa-driverow	OK	https://maciektora-hue.github.io/rosja/jalta-3/#mapa-driverow	Bilans interesów poszczególnych państw pokazuje, kto zyskuje, czego się boi i co może realnie zrobić.
D6	d6-zamrozone-jalta-3-analiza-strategiczna-v01_00-2026-03-08-anchory.html	ZAMROZONE · Jałta 3.0 — Analiza Strategiczna · v01.00	https://maciektora-hue.github.io/rosja/jalta-3/	H2	2	12	4. Analizy przeprowadzone	analizy-przeprowadzone	OK	https://maciektora-hue.github.io/rosja/jalta-3/#analizy-przeprowadzone	Seria testów głównych założeń: rozpad Iranu, IRGC, operacja azerska, koalicja, Rosja, finansowanie i szok.
D6	d6-zamrozone-jalta-3-analiza-strategiczna-v01_00-2026-03-08-anchory.html	ZAMROZONE · Jałta 3.0 — Analiza Strategiczna · v01.00	https://maciektora-hue.github.io/rosja/jalta-3/	H3	3	13	4.1 Analiza rozpadu irańskiej państwowości	rozpad-iranskiej-panstwowosci	OK	https://maciektora-hue.github.io/rosja/jalta-3/#rozpad-iranskiej-panstwowosci	Test, czy obserwowane uszkodzenia oznaczają początek rozpadu państwa czy tylko adaptację reżimu.
D6	d6-zamrozone-jalta-3-analiza-strategiczna-v01_00-2026-03-08-anchory.html	ZAMROZONE · Jałta 3.0 — Analiza Strategiczna · v01.00	https://maciektora-hue.github.io/rosja/jalta-3/	H4	4	14	Argumenty za rozpoczęciem rozpadu	argumenty-za-rozpadem	OK	https://maciektora-hue.github.io/rosja/jalta-3/#argumenty-za-rozpadem	Blackout, zerwana sukcesja, utrata koordynacji i monopolu przemocy wskazują na jakościową degradację państwa.
D6	d6-zamrozone-jalta-3-analiza-strategiczna-v01_00-2026-03-08-anchory.html	ZAMROZONE · Jałta 3.0 — Analiza Strategiczna · v01.00	https://maciektora-hue.github.io/rosja/jalta-3/	H4	4	15	Argumenty przeciw	argumenty-przeciw-rozpadowi	OK	https://maciektora-hue.github.io/rosja/jalta-3/#argumenty-przeciw-rozpadowi	Silna tradycja państwowa, biurokracja i tożsamość irańska mogą utrzymać kraj mimo dekapitacji reżimu.
D6	d6-zamrozone-jalta-3-analiza-strategiczna-v01_00-2026-03-08-anchory.html	ZAMROZONE · Jałta 3.0 — Analiza Strategiczna · v01.00	https://maciektora-hue.github.io/rosja/jalta-3/	H3	3	16	4.2 Analiza utraty aury strachu przez IRGC	utrata-aury-strachu-irgc	OK	https://maciektora-hue.github.io/rosja/jalta-3/#utrata-aury-strachu-irgc	Pytanie, czy militarne osłabienie IRGC niszczy jego najważniejszy zasób: reputację nieuchronnej siły.
D6	d6-zamrozone-jalta-3-analiza-strategiczna-v01_00-2026-03-08-anchory.html	ZAMROZONE · Jałta 3.0 — Analiza Strategiczna · v01.00	https://maciektora-hue.github.io/rosja/jalta-3/	H4	4	17	Wnioski	wnioski-irgc	OK	https://maciektora-hue.github.io/rosja/jalta-3/#wnioski-irgc	Rozpad sieci proxy i nieskuteczność odwetu czynią utratę aury strachu trudną do odwrócenia.
D6	d6-zamrozone-jalta-3-analiza-strategiczna-v01_00-2026-03-08-anchory.html	ZAMROZONE · Jałta 3.0 — Analiza Strategiczna · v01.00	https://maciektora-hue.github.io/rosja/jalta-3/	H3	3	18	4.3 Analiza operacji azerskiej	operacja-azerska	OK	https://maciektora-hue.github.io/rosja/jalta-3/#operacja-azerska	Ocena ograniczonego wejścia Azerbejdżanu do północnego Iranu jako ruchu stabilizacyjnego i korytarzowego.
D6	d6-zamrozone-jalta-3-analiza-strategiczna-v01_00-2026-03-08-anchory.html	ZAMROZONE · Jałta 3.0 — Analiza Strategiczna · v01.00	https://maciektora-hue.github.io/rosja/jalta-3/	H4	4	19	Feasibility	feasibility-operacji-azerskiej	OK	https://maciektora-hue.github.io/rosja/jalta-3/#feasibility-operacji-azerskiej	Gotowość armii, casus belli, kontakt z USA, istniejąca infrastruktura i narracja humanitarna wspierają wykonalność.
D6	d6-zamrozone-jalta-3-analiza-strategiczna-v01_00-2026-03-08-anchory.html	ZAMROZONE · Jałta 3.0 — Analiza Strategiczna · v01.00	https://maciektora-hue.github.io/rosja/jalta-3/	H3	3	20	4.4 Analiza konwergencji interesów sojuszników	konwergencja-interesow-sojusznikow	OK	https://maciektora-hue.github.io/rosja/jalta-3/#konwergencja-interesow-sojusznikow	Test, czy egoistyczne interesy Azerbejdżanu, Turcji, Izraela, USA, UE, Armenii i GCC wystarczą do wspólnego kierunku.
D6	d6-zamrozone-jalta-3-analiza-strategiczna-v01_00-2026-03-08-anchory.html	ZAMROZONE · Jałta 3.0 — Analiza Strategiczna · v01.00	https://maciektora-hue.github.io/rosja/jalta-3/	H4	4	21	Zbieżności	zbieznosci-sojusznikow	OK	https://maciektora-hue.github.io/rosja/jalta-3/#zbieznosci-sojusznikow	Wspólnym mianownikiem są osłabienie Iranu oraz nowe korytarze transportowe i energetyczne.
D6	d6-zamrozone-jalta-3-analiza-strategiczna-v01_00-2026-03-08-anchory.html	ZAMROZONE · Jałta 3.0 — Analiza Strategiczna · v01.00	https://maciektora-hue.github.io/rosja/jalta-3/	H4	4	22	Sprzeczności	sprzecznosci-sojusznikow	OK	https://maciektora-hue.github.io/rosja/jalta-3/#sprzecznosci-sojusznikow	Koalicję rozrywają konkurencyjne korytarze, kwestia kurdyjska i różny apetyt na skalę rozpadu Iranu.
D6	d6-zamrozone-jalta-3-analiza-strategiczna-v01_00-2026-03-08-anchory.html	ZAMROZONE · Jałta 3.0 — Analiza Strategiczna · v01.00	https://maciektora-hue.github.io/rosja/jalta-3/	H3	3	23	4.5 Analiza roli Rosji	rola-rosji	OK	https://maciektora-hue.github.io/rosja/jalta-3/#rola-rosji	Ocena, czy Moskwa ma jeszcze materialną zdolność blokowania przebudowy Kaukazu i Bliskiego Wschodu.
D6	d6-zamrozone-jalta-3-analiza-strategiczna-v01_00-2026-03-08-anchory.html	ZAMROZONE · Jałta 3.0 — Analiza Strategiczna · v01.00	https://maciektora-hue.github.io/rosja/jalta-3/	H4	4	24	Dlaczego Rosja się nie liczy	dlaczego-rosja-sie-nie-liczy	OK	https://maciektora-hue.github.io/rosja/jalta-3/#dlaczego-rosja-sie-nie-liczy	Wojna z Ukrainą i utrata wpływów w Armenii redukują Rosję z veto-playera do słabego dostawcy wsparcia Iranowi.
D6	d6-zamrozone-jalta-3-analiza-strategiczna-v01_00-2026-03-08-anchory.html	ZAMROZONE · Jałta 3.0 — Analiza Strategiczna · v01.00	https://maciektora-hue.github.io/rosja/jalta-3/	H3	3	25	4.6 Analiza modelu finansowania	model-finansowania	OK	https://maciektora-hue.github.io/rosja/jalta-3/#model-finansowania	Nowa infrastruktura miałaby powstawać z mieszanki kapitału UE, GCC, USA, Izraela i prywatnego old money.
D6	d6-zamrozone-jalta-3-analiza-strategiczna-v01_00-2026-03-08-anchory.html	ZAMROZONE · Jałta 3.0 — Analiza Strategiczna · v01.00	https://maciektora-hue.github.io/rosja/jalta-3/	H4	4	26	Źródła kapitału	zrodla-kapitalu	OK	https://maciektora-hue.github.io/rosja/jalta-3/#zrodla-kapitalu	Kapitał dla korytarzy istnieje w energetyce, logistyce, funduszach Zatoki i cierpliwych inwestorach prywatnych.
D6	d6-zamrozone-jalta-3-analiza-strategiczna-v01_00-2026-03-08-anchory.html	ZAMROZONE · Jałta 3.0 — Analiza Strategiczna · v01.00	https://maciektora-hue.github.io/rosja/jalta-3/	H3	3	27	4.7 Analiza szoku jako akceleratora	szok-jako-akcelerator	OK	https://maciektora-hue.github.io/rosja/jalta-3/#szok-jako-akcelerator	Kryzys ma wymusić inwestycje i decyzje, które w normalnych warunkach blokowałoby status quo.
D6	d6-zamrozone-jalta-3-analiza-strategiczna-v01_00-2026-03-08-anchory.html	ZAMROZONE · Jałta 3.0 — Analiza Strategiczna · v01.00	https://maciektora-hue.github.io/rosja/jalta-3/	H4	4	28	Precedensy historyczne	precedensy-historyczne	OK	https://maciektora-hue.github.io/rosja/jalta-3/#precedensy-historyczne	1973, dot.com, 2008, COVID i 2022 pokazują szoki przyspieszające wcześniej rozpoczęte transformacje.
D6	d6-zamrozone-jalta-3-analiza-strategiczna-v01_00-2026-03-08-anchory.html	ZAMROZONE · Jałta 3.0 — Analiza Strategiczna · v01.00	https://maciektora-hue.github.io/rosja/jalta-3/	H2	2	29	5. Zidentyfikowane dziury i ryzyka	dziury-i-ryzyka	OK	https://maciektora-hue.github.io/rosja/jalta-3/#dziury-i-ryzyka	Największe ryzyka dotyczą nukleariów, ropy, rozlania konfliktu, tożsamości lokalnych i utraty kontroli nad sekwencją.
D6	d6-zamrozone-jalta-3-analiza-strategiczna-v01_00-2026-03-08-anchory.html	ZAMROZONE · Jałta 3.0 — Analiza Strategiczna · v01.00	https://maciektora-hue.github.io/rosja/jalta-3/	H4	4	30	RYZYKO KRYTYCZNE 1: 440 kg uranu w rozpadającym się państwie	ryzyko-uran-440-kg	OK	https://maciektora-hue.github.io/rosja/jalta-3/#ryzyko-uran-440-kg	Utrata kontroli nad wysoko wzbogaconym uranem może uruchomić proliferację albo wymusić międzynarodowe zabezpieczenie.
D6	d6-zamrozone-jalta-3-analiza-strategiczna-v01_00-2026-03-08-anchory.html	ZAMROZONE · Jałta 3.0 — Analiza Strategiczna · v01.00	https://maciektora-hue.github.io/rosja/jalta-3/	H4	4	31	RYZYKO KRYTYCZNE 2: Globalny szok naftowy	ryzyko-globalny-szok-naftowy	OK	https://maciektora-hue.github.io/rosja/jalta-3/#ryzyko-globalny-szok-naftowy	Szok naftowy jednocześnie zwiększa potrzebę nowych korytarzy i osłabia zdolność sponsorów do ich finansowania.
D6	d6-zamrozone-jalta-3-analiza-strategiczna-v01_00-2026-03-08-anchory.html	ZAMROZONE · Jałta 3.0 — Analiza Strategiczna · v01.00	https://maciektora-hue.github.io/rosja/jalta-3/	H4	4	32	RYZYKO 3: Pakistan i Beludżystan	ryzyko-pakistan-beludzystan	OK	https://maciektora-hue.github.io/rosja/jalta-3/#ryzyko-pakistan-beludzystan	Dezintegracja Iranu może przenieść dynamikę beludżyjską na nuklearny Pakistan.
D6	d6-zamrozone-jalta-3-analiza-strategiczna-v01_00-2026-03-08-anchory.html	ZAMROZONE · Jałta 3.0 — Analiza Strategiczna · v01.00	https://maciektora-hue.github.io/rosja/jalta-3/	H4	4	33	RYZYKO 4: Tożsamość irańskich Azerów	ryzyko-tozsamosc-iranskich-azerow	OK	https://maciektora-hue.github.io/rosja/jalta-3/#ryzyko-tozsamosc-iranskich-azerow	Irańscy Azerowie nie muszą automatycznie wybierać przyłączenia do Azerbejdżanu; tożsamość jest bardziej złożona.
D6	d6-zamrozone-jalta-3-analiza-strategiczna-v01_00-2026-03-08-anchory.html	ZAMROZONE · Jałta 3.0 — Analiza Strategiczna · v01.00	https://maciektora-hue.github.io/rosja/jalta-3/	H4	4	34	RYZYKO 5: Mission creep i eskalacja	ryzyko-mission-creep-eskalacja	OK	https://maciektora-hue.github.io/rosja/jalta-3/#ryzyko-mission-creep-eskalacja	Ograniczona misja stabilizacyjna może rozszerzyć się w okupację, konflikt regionalny lub starcie sponsorów.
D6	d6-zamrozone-jalta-3-analiza-strategiczna-v01_00-2026-03-08-anchory.html	ZAMROZONE · Jałta 3.0 — Analiza Strategiczna · v01.00	https://maciektora-hue.github.io/rosja/jalta-3/	H4	4	35	RYZYKO 6: Fragmentacja kurdyjska	ryzyko-fragmentacja-kurdyjska	OK	https://maciektora-hue.github.io/rosja/jalta-3/#ryzyko-fragmentacja-kurdyjska	Podziały między ugrupowaniami kurdyjskimi mogą zamienić próżnię w konkurencję zamiast stabilnej strefy.
D6	d6-zamrozone-jalta-3-analiza-strategiczna-v01_00-2026-03-08-anchory.html	ZAMROZONE · Jałta 3.0 — Analiza Strategiczna · v01.00	https://maciektora-hue.github.io/rosja/jalta-3/	H4	4	36	RYZYKO 7: Sekwencja zdarzeń	ryzyko-sekwencja-zdarzen	OK	https://maciektora-hue.github.io/rosja/jalta-3/#ryzyko-sekwencja-zdarzen	Model zależy od kolejności: te same wydarzenia w innym tempie mogą zamknąć zamiast otworzyć okno.
D6	d6-zamrozone-jalta-3-analiza-strategiczna-v01_00-2026-03-08-anchory.html	ZAMROZONE · Jałta 3.0 — Analiza Strategiczna · v01.00	https://maciektora-hue.github.io/rosja/jalta-3/	H2	2	37	6. Werdykt końcowy	werdykt-koncowy	OK	https://maciektora-hue.github.io/rosja/jalta-3/#werdykt-koncowy	Scenariusz jest możliwy, lecz zależy od kilku bardzo mocnych założeń i wymaga rygorystycznego pilnowania ryzyk.
D6	d6-zamrozone-jalta-3-analiza-strategiczna-v01_00-2026-03-08-anchory.html	ZAMROZONE · Jałta 3.0 — Analiza Strategiczna · v01.00	https://maciektora-hue.github.io/rosja/jalta-3/	H3	3	38	Ocena analityka	ocena-analityka	OK	https://maciektora-hue.github.io/rosja/jalta-3/#ocena-analityka	Końcowa samoocena oddziela elementy mocno uzasadnione od spekulatywnych, szczególnie w kwestii Chin i skali rozpadu.
D7	d7-zamrozone-jalta-3-apendyks-v01_00-2026-03-08-anchory.html	ZAMROZONE · Jałta 3.0 — Apendyks: Dlaczego to zadziała(ć może) · v01.00	https://maciektora-hue.github.io/rosja/jalta-3-apendyks/	H1	1	1	Jałta 3.0	jalta-3-0	OK	https://maciektora-hue.github.io/rosja/jalta-3-apendyks/#jalta-3-0	Pięć głębszych warstw argumentu za Jałtą 3.0: styl decyzyjny, tożsamość, nieufność, równowagi Nasha i metoda analizy.
D7	d7-zamrozone-jalta-3-apendyks-v01_00-2026-03-08-anchory.html	ZAMROZONE · Jałta 3.0 — Apendyks: Dlaczego to zadziała(ć może) · v01.00	https://maciektora-hue.github.io/rosja/jalta-3-apendyks/	H2	2	2	1 Warstwa kognitywna — AuDHD jako styl decyzyjny	warstwa-kognitywna	OK	https://maciektora-hue.github.io/rosja/jalta-3-apendyks/#warstwa-kognitywna	Spekulatywna rama traktująca cechy AuDHD jako styl decyzyjny, nie diagnozę kliniczną aktorów.
D7	d7-zamrozone-jalta-3-apendyks-v01_00-2026-03-08-anchory.html	ZAMROZONE · Jałta 3.0 — Apendyks: Dlaczego to zadziała(ć może) · v01.00	https://maciektora-hue.github.io/rosja/jalta-3-apendyks/	H3	3	3	Hipoteza	hipoteza-warstwa-kognitywna	OK	https://maciektora-hue.github.io/rosja/jalta-3-apendyks/#hipoteza-warstwa-kognitywna	Hipoteza wspólnego stylu poznawczego Trumpa, Aliyeva i Izraela jako źródła łatwiejszej synchronizacji.
D7	d7-zamrozone-jalta-3-apendyks-v01_00-2026-03-08-anchory.html	ZAMROZONE · Jałta 3.0 — Apendyks: Dlaczego to zadziała(ć może) · v01.00	https://maciektora-hue.github.io/rosja/jalta-3-apendyks/	H4	4	4	Trump — podręcznikowy profil ADHD	trump-profil-adhd	OK	https://maciektora-hue.github.io/rosja/jalta-3-apendyks/#trump-profil-adhd	Trump opisany przez impulsywność, krótki horyzont uwagi, transakcyjność i hiperfokus na atrakcyjnych dealach.
D7	d7-zamrozone-jalta-3-apendyks-v01_00-2026-03-08-anchory.html	ZAMROZONE · Jałta 3.0 — Apendyks: Dlaczego to zadziała(ć może) · v01.00	https://maciektora-hue.github.io/rosja/jalta-3-apendyks/	H4	4	5	Aliyev — AuDHD w trybie strategicznym	aliyev-audhd-strategiczne	OK	https://maciektora-hue.github.io/rosja/jalta-3-apendyks/#aliyev-audhd-strategiczne	Aliyev opisany jako długotrwale skupiony na celu, systemowy i zdolny do nagłego działania po długiej obserwacji.
D7	d7-zamrozone-jalta-3-apendyks-v01_00-2026-03-08-anchory.html	ZAMROZONE · Jałta 3.0 — Apendyks: Dlaczego to zadziała(ć może) · v01.00	https://maciektora-hue.github.io/rosja/jalta-3-apendyks/	H4	4	6	Izrael — państwo z AuDHD	izrael-panstwo-z-audhd	OK	https://maciektora-hue.github.io/rosja/jalta-3-apendyks/#izrael-panstwo-z-audhd	Izrael potraktowany metaforycznie jako system państwowy obsesyjnie modelujący wzorce zagrożeń i szybko reagujący.
D7	d7-zamrozone-jalta-3-apendyks-v01_00-2026-03-08-anchory.html	ZAMROZONE · Jałta 3.0 — Apendyks: Dlaczego to zadziała(ć może) · v01.00	https://maciektora-hue.github.io/rosja/jalta-3-apendyks/	H2	2	7	2 Warstwa tożsamościowa — trzy narody bez państwa	warstwa-tozsamosciowa	OK	https://maciektora-hue.github.io/rosja/jalta-3-apendyks/#warstwa-tozsamosciowa	Żydzi, Kurdowie i Azerowie jako narody z doświadczeniem przetrwania bez własnego lub pełnego państwa.
D7	d7-zamrozone-jalta-3-apendyks-v01_00-2026-03-08-anchory.html	ZAMROZONE · Jałta 3.0 — Apendyks: Dlaczego to zadziała(ć może) · v01.00	https://maciektora-hue.github.io/rosja/jalta-3-apendyks/	H3	3	8	Fundament koalicji	fundament-koalicji	OK	https://maciektora-hue.github.io/rosja/jalta-3-apendyks/#fundament-koalicji	Wspólne doświadczenie podziału i obcej dominacji ma tworzyć głębsze spoiwo niż bieżący interes.
D7	d7-zamrozone-jalta-3-apendyks-v01_00-2026-03-08-anchory.html	ZAMROZONE · Jałta 3.0 — Apendyks: Dlaczego to zadziała(ć może) · v01.00	https://maciektora-hue.github.io/rosja/jalta-3-apendyks/	H4	4	9	Wspólna cecha 1: Państwo jako projekt, nie dana	panstwo-jako-projekt	OK	https://maciektora-hue.github.io/rosja/jalta-3-apendyks/#panstwo-jako-projekt	Państwowość jako projekt pokoleniowy, który można odzyskać po dekadach lub stuleciach utraty.
D7	d7-zamrozone-jalta-3-apendyks-v01_00-2026-03-08-anchory.html	ZAMROZONE · Jałta 3.0 — Apendyks: Dlaczego to zadziała(ć może) · v01.00	https://maciektora-hue.github.io/rosja/jalta-3-apendyks/	H4	4	10	Wspólna cecha 2: Wzajemne rozpoznanie	wzajemne-rozpoznanie	OK	https://maciektora-hue.github.io/rosja/jalta-3-apendyks/#wzajemne-rozpoznanie	Wspólnota doświadczenia izolacji i przetrwania ma ułatwiać trwałe rozpoznanie między trzema narodami.
D7	d7-zamrozone-jalta-3-apendyks-v01_00-2026-03-08-anchory.html	ZAMROZONE · Jałta 3.0 — Apendyks: Dlaczego to zadziała(ć może) · v01.00	https://maciektora-hue.github.io/rosja/jalta-3-apendyks/	H4	4	11	Wspólna cecha 3: Samowystarczalność jako imperatyw przetrwania	samowystarczalnosc-przetrwanie	OK	https://maciektora-hue.github.io/rosja/jalta-3-apendyks/#samowystarczalnosc-przetrwanie	Historia zdrad protektorów wzmacnia kulturę samodzielnego zabezpieczania własnego przetrwania.
D7	d7-zamrozone-jalta-3-apendyks-v01_00-2026-03-08-anchory.html	ZAMROZONE · Jałta 3.0 — Apendyks: Dlaczego to zadziała(ć może) · v01.00	https://maciektora-hue.github.io/rosja/jalta-3-apendyks/	H3	3	12	Trzy tysiące lat wspólnej historii	trzy-tysiace-lat-historii	OK	https://maciektora-hue.github.io/rosja/jalta-3-apendyks/#trzy-tysiace-lat-historii	Długie relacje Żydów, Kurdów i Azerów przedstawione jako historyczna warstwa pod współczesną koalicją.
D7	d7-zamrozone-jalta-3-apendyks-v01_00-2026-03-08-anchory.html	ZAMROZONE · Jałta 3.0 — Apendyks: Dlaczego to zadziała(ć może) · v01.00	https://maciektora-hue.github.io/rosja/jalta-3-apendyks/	H3	3	13	Abraham w górach Zagros	abraham-w-zagros	OK	https://maciektora-hue.github.io/rosja/jalta-3-apendyks/#abraham-w-zagros	Geografia Zagros, Araratu i Arasu użyta jako symboliczna warstwa wspólnej pamięci i sakralnego znaczenia ziemi.
D7	d7-zamrozone-jalta-3-apendyks-v01_00-2026-03-08-anchory.html	ZAMROZONE · Jałta 3.0 — Apendyks: Dlaczego to zadziała(ć może) · v01.00	https://maciektora-hue.github.io/rosja/jalta-3-apendyks/	H2	2	14	3 Warstwa paradoksu — nieufność jako stabilizator	warstwa-paradoksu	OK	https://maciektora-hue.github.io/rosja/jalta-3-apendyks/#warstwa-paradoksu	Nieufność wobec zewnętrznych gwarantów ma wzmacniać autonomię i odporność projektowanego układu.
D7	d7-zamrozone-jalta-3-apendyks-v01_00-2026-03-08-anchory.html	ZAMROZONE · Jałta 3.0 — Apendyks: Dlaczego to zadziała(ć może) · v01.00	https://maciektora-hue.github.io/rosja/jalta-3-apendyks/	H3	3	15	Teza	teza-nieufnosc-stabilizator	OK	https://maciektora-hue.github.io/rosja/jalta-3-apendyks/#teza-nieufnosc-stabilizator	Kurdyjska nieufność wobec USA przedstawiona jako atut, bo wymusza planowanie bez gwaranta.
D7	d7-zamrozone-jalta-3-apendyks-v01_00-2026-03-08-anchory.html	ZAMROZONE · Jałta 3.0 — Apendyks: Dlaczego to zadziała(ć może) · v01.00	https://maciektora-hue.github.io/rosja/jalta-3-apendyks/	H3	3	16	Precedensy zdrady	precedensy-zdrady	OK	https://maciektora-hue.github.io/rosja/jalta-3-apendyks/#precedensy-zdrady	1975, 1991 i 2019 jako ciąg amerykańskich porzuceń Kurdów kształtujący ich strategię autonomii.
D7	d7-zamrozone-jalta-3-apendyks-v01_00-2026-03-08-anchory.html	ZAMROZONE · Jałta 3.0 — Apendyks: Dlaczego to zadziała(ć może) · v01.00	https://maciektora-hue.github.io/rosja/jalta-3-apendyks/	H3	3	17	Pięć mechanizmów, przez które nieufność wzmacnia projekt	piec-mechanizmow-nieufnosci	OK	https://maciektora-hue.github.io/rosja/jalta-3-apendyks/#piec-mechanizmow-nieufnosci	Pięć sposobów, w jakie oczekiwanie zdrady ma zwiększać samodzielność i trwałość układu.
D7	d7-zamrozone-jalta-3-apendyks-v01_00-2026-03-08-anchory.html	ZAMROZONE · Jałta 3.0 — Apendyks: Dlaczego to zadziała(ć może) · v01.00	https://maciektora-hue.github.io/rosja/jalta-3-apendyks/	H4	4	18	Mechanizm 1: Autonomia działania	autonomia-dzialania	OK	https://maciektora-hue.github.io/rosja/jalta-3-apendyks/#autonomia-dzialania	Brak zaufania do patrona skraca ścieżkę decyzji: aktor działa z własnego interesu, nie czeka na sygnał.
D7	d7-zamrozone-jalta-3-apendyks-v01_00-2026-03-08-anchory.html	ZAMROZONE · Jałta 3.0 — Apendyks: Dlaczego to zadziała(ć może) · v01.00	https://maciektora-hue.github.io/rosja/jalta-3-apendyks/	H4	4	19	Mechanizm 2: Struktury niepodległe od patrona	struktury-niezalezne-od-patrona	OK	https://maciektora-hue.github.io/rosja/jalta-3-apendyks/#struktury-niezalezne-od-patrona	Własna obrona, dochody i regionalne sojusze mają pozwolić przetrwać po zniknięciu zewnętrznego parasola.
D7	d7-zamrozone-jalta-3-apendyks-v01_00-2026-03-08-anchory.html	ZAMROZONE · Jałta 3.0 — Apendyks: Dlaczego to zadziała(ć może) · v01.00	https://maciektora-hue.github.io/rosja/jalta-3-apendyks/	H4	4	20	Mechanizm 3: Uniezależnienie od attention spanu Trumpa	niezaleznosc-od-attention-spanu-trumpa	OK	https://maciektora-hue.github.io/rosja/jalta-3-apendyks/#niezaleznosc-od-attention-spanu-trumpa	Jeśli lokalni aktorzy działają dla siebie, zmienność zainteresowania Trumpa przestaje być krytycznym ryzykiem.
D7	d7-zamrozone-jalta-3-apendyks-v01_00-2026-03-08-anchory.html	ZAMROZONE · Jałta 3.0 — Apendyks: Dlaczego to zadziała(ć może) · v01.00	https://maciektora-hue.github.io/rosja/jalta-3-apendyks/	H4	4	21	Mechanizm 4: Eliminacja pułapki zależności	eliminacja-pulapki-zaleznosci	OK	https://maciektora-hue.github.io/rosja/jalta-3-apendyks/#eliminacja-pulapki-zaleznosci	Dywersyfikacja partnerów i własnych zasobów ma usuwać strategiczne uzależnienie od jednego patrona.
D7	d7-zamrozone-jalta-3-apendyks-v01_00-2026-03-08-anchory.html	ZAMROZONE · Jałta 3.0 — Apendyks: Dlaczego to zadziała(ć może) · v01.00	https://maciektora-hue.github.io/rosja/jalta-3-apendyks/	H4	4	22	Mechanizm 5: Budowa legitymacji wewnętrznej, nie zewnętrznej	legitymacja-wewnetrzna	OK	https://maciektora-hue.github.io/rosja/jalta-3-apendyks/#legitymacja-wewnetrzna	Fakty na ziemi i lokalne instytucje mają dawać legitymację niezależną od formalnego uznania mocarstw.
D7	d7-zamrozone-jalta-3-apendyks-v01_00-2026-03-08-anchory.html	ZAMROZONE · Jałta 3.0 — Apendyks: Dlaczego to zadziała(ć może) · v01.00	https://maciektora-hue.github.io/rosja/jalta-3-apendyks/	H2	2	23	4 Warstwa matematyczna — równowagi Nasha	warstwa-matematyczna	OK	https://maciektora-hue.github.io/rosja/jalta-3-apendyks/#warstwa-matematyczna	Teoria gier ma wykazać, że układ może być samoegzekwujący się bez arbitra i zaufania.
D7	d7-zamrozone-jalta-3-apendyks-v01_00-2026-03-08-anchory.html	ZAMROZONE · Jałta 3.0 — Apendyks: Dlaczego to zadziała(ć może) · v01.00	https://maciektora-hue.github.io/rosja/jalta-3-apendyks/	H3	3	24	Definicja	definicja-rownowagi-nasha	OK	https://maciektora-hue.github.io/rosja/jalta-3-apendyks/#definicja-rownowagi-nasha	Równowaga Nasha jako stan, w którym jednostronna defekcja nie poprawia sytuacji żadnego aktora.
D7	d7-zamrozone-jalta-3-apendyks-v01_00-2026-03-08-anchory.html	ZAMROZONE · Jałta 3.0 — Apendyks: Dlaczego to zadziała(ć może) · v01.00	https://maciektora-hue.github.io/rosja/jalta-3-apendyks/	H3	3	25	Test Nasha: trójkąt Żydzi — Azerowie — Kurdowie	nash-trojkat-zydzi-azerowie-kurdowie	OK	https://maciektora-hue.github.io/rosja/jalta-3-apendyks/#nash-trojkat-zydzi-azerowie-kurdowie	Test stabilności podstawowego trójkąta przez policzenie kosztów jednostronnego odejścia każdego z partnerów.
D7	d7-zamrozone-jalta-3-apendyks-v01_00-2026-03-08-anchory.html	ZAMROZONE · Jałta 3.0 — Apendyks: Dlaczego to zadziała(ć może) · v01.00	https://maciektora-hue.github.io/rosja/jalta-3-apendyks/	H4	4	26	Izrael defektuje?	izrael-defektuje	OK	https://maciektora-hue.github.io/rosja/jalta-3-apendyks/#izrael-defektuje	Izrael traciłby bufor i wyjątkowych regionalnych partnerów, nie zyskując porównywalnej alternatywy.
D7	d7-zamrozone-jalta-3-apendyks-v01_00-2026-03-08-anchory.html	ZAMROZONE · Jałta 3.0 — Apendyks: Dlaczego to zadziała(ć może) · v01.00	https://maciektora-hue.github.io/rosja/jalta-3-apendyks/	H4	4	27	Azerbejdżan defektuje?	azerbejdzan-defektuje	OK	https://maciektora-hue.github.io/rosja/jalta-3-apendyks/#azerbejdzan-defektuje	Azerbejdżan traciłby izraelskie zdolności i kurdyjski bufor na rzecz słabszych alternatyw.
D7	d7-zamrozone-jalta-3-apendyks-v01_00-2026-03-08-anchory.html	ZAMROZONE · Jałta 3.0 — Apendyks: Dlaczego to zadziała(ć może) · v01.00	https://maciektora-hue.github.io/rosja/jalta-3-apendyks/	H4	4	28	Kurdowie defektują?	kurdowie-defektuja	OK	https://maciektora-hue.github.io/rosja/jalta-3-apendyks/#kurdowie-defektuja	Kurdowie wracaliby do izolacji, rezygnując z rzadkich partnerów tolerujących ich autonomię.
D7	d7-zamrozone-jalta-3-apendyks-v01_00-2026-03-08-anchory.html	ZAMROZONE · Jałta 3.0 — Apendyks: Dlaczego to zadziała(ć może) · v01.00	https://maciektora-hue.github.io/rosja/jalta-3-apendyks/	H3	3	29	Test Nasha: czworokąt z USA	nash-czworokat-z-usa	OK	https://maciektora-hue.github.io/rosja/jalta-3-apendyks/#nash-czworokat-z-usa	Dodanie USA testuje, czy amerykańskie zaangażowanie jest korzystne, lecz nie niezbędne dla rdzenia układu.
D7	d7-zamrozone-jalta-3-apendyks-v01_00-2026-03-08-anchory.html	ZAMROZONE · Jałta 3.0 — Apendyks: Dlaczego to zadziała(ć może) · v01.00	https://maciektora-hue.github.io/rosja/jalta-3-apendyks/	H4	4	30	USA defektują?	usa-defektuja	OK	https://maciektora-hue.github.io/rosja/jalta-3-apendyks/#usa-defektuja	Wyjście USA oznaczałoby utratę tanich wpływów i zysków z układu, który prawdopodobnie przetrwa bez nich.
D7	d7-zamrozone-jalta-3-apendyks-v01_00-2026-03-08-anchory.html	ZAMROZONE · Jałta 3.0 — Apendyks: Dlaczego to zadziała(ć może) · v01.00	https://maciektora-hue.github.io/rosja/jalta-3-apendyks/	H4	4	31	Trójkąt defektuje wobec USA?	trojkat-defektuje-wobec-usa	OK	https://maciektora-hue.github.io/rosja/jalta-3-apendyks/#trojkat-defektuje-wobec-usa	Trójkąt ma powody zachować USA jako użytecznego partnera, choć nie jako warunek własnego istnienia.
D7	d7-zamrozone-jalta-3-apendyks-v01_00-2026-03-08-anchory.html	ZAMROZONE · Jałta 3.0 — Apendyks: Dlaczego to zadziała(ć może) · v01.00	https://maciektora-hue.github.io/rosja/jalta-3-apendyks/	H3	3	32	Test Nasha: pełny system	nash-pelny-system	OK	https://maciektora-hue.github.io/rosja/jalta-3-apendyks/#nash-pelny-system	Test rozszerza rachunek defekcji na Turcję, Armenię, UE, GCC i Chiny.
D7	d7-zamrozone-jalta-3-apendyks-v01_00-2026-03-08-anchory.html	ZAMROZONE · Jałta 3.0 — Apendyks: Dlaczego to zadziała(ć może) · v01.00	https://maciektora-hue.github.io/rosja/jalta-3-apendyks/	H4	4	33	Turcja defektuje? → irracjonalne	turcja-defektuje	OK	https://maciektora-hue.github.io/rosja/jalta-3-apendyks/#turcja-defektuje	Turcja traciłaby korytarz turkijski, tranzyt i wpływy bez atrakcyjnej alternatywy.
D7	d7-zamrozone-jalta-3-apendyks-v01_00-2026-03-08-anchory.html	ZAMROZONE · Jałta 3.0 — Apendyks: Dlaczego to zadziała(ć może) · v01.00	https://maciektora-hue.github.io/rosja/jalta-3-apendyks/	H4	4	34	Armenia defektuje? → irracjonalne	armenia-defektuje	OK	https://maciektora-hue.github.io/rosja/jalta-3-apendyks/#armenia-defektuje	Armenia traciłaby zachodni zwrot, odblokowanie granic i korzyści z nowych korytarzy.
D7	d7-zamrozone-jalta-3-apendyks-v01_00-2026-03-08-anchory.html	ZAMROZONE · Jałta 3.0 — Apendyks: Dlaczego to zadziała(ć może) · v01.00	https://maciektora-hue.github.io/rosja/jalta-3-apendyks/	H4	4	35	UE defektuje? → irracjonalne	ue-defektuje	OK	https://maciektora-hue.github.io/rosja/jalta-3-apendyks/#ue-defektuje	UE traciłaby dywersyfikację energetyczną i dostęp do alternatywnych szlaków azjatyckich.
D7	d7-zamrozone-jalta-3-apendyks-v01_00-2026-03-08-anchory.html	ZAMROZONE · Jałta 3.0 — Apendyks: Dlaczego to zadziała(ć może) · v01.00	https://maciektora-hue.github.io/rosja/jalta-3-apendyks/	H4	4	36	GCC defektuje? → irracjonalne	gcc-defektuje	OK	https://maciektora-hue.github.io/rosja/jalta-3-apendyks/#gcc-defektuje	Państwa Zatoki wracałyby do kosztowniejszego środowiska z silniejszym zagrożeniem irańskim.
D7	d7-zamrozone-jalta-3-apendyks-v01_00-2026-03-08-anchory.html	ZAMROZONE · Jałta 3.0 — Apendyks: Dlaczego to zadziała(ć może) · v01.00	https://maciektora-hue.github.io/rosja/jalta-3-apendyks/	H4	4	37	Chiny defektują? → irracjonalne (jeśli deal Władywostok)	chiny-defektuja	OK	https://maciektora-hue.github.io/rosja/jalta-3-apendyks/#chiny-defektuja	Przy założeniu dealu Dalekiego Wschodu Chiny miałyby więcej do stracenia niż zyskać na blokowaniu układu.
D7	d7-zamrozone-jalta-3-apendyks-v01_00-2026-03-08-anchory.html	ZAMROZONE · Jałta 3.0 — Apendyks: Dlaczego to zadziała(ć może) · v01.00	https://maciektora-hue.github.io/rosja/jalta-3-apendyks/	H3	3	38	Trzy zagnieżdżone równowagi	trzy-zagniezdzone-rownowagi	OK	https://maciektora-hue.github.io/rosja/jalta-3-apendyks/#trzy-zagniezdzone-rownowagi	Lokalna, regionalna i szersza równowaga mają wzajemnie podtrzymywać system na różnych skalach.
D7	d7-zamrozone-jalta-3-apendyks-v01_00-2026-03-08-anchory.html	ZAMROZONE · Jałta 3.0 — Apendyks: Dlaczego to zadziała(ć może) · v01.00	https://maciektora-hue.github.io/rosja/jalta-3-apendyks/	H2	2	39	5 Warstwa epistemologiczna — dlaczego ta analiza wygląda tak, jak wygląda	warstwa-epistemologiczna	OK	https://maciektora-hue.github.io/rosja/jalta-3-apendyks/#warstwa-epistemologiczna	Refleksja nad tym, jak intuicja, prowokacja i dane prowadziły do wyłaniania kolejnych warstw modelu.
D7	d7-zamrozone-jalta-3-apendyks-v01_00-2026-03-08-anchory.html	ZAMROZONE · Jałta 3.0 — Apendyks: Dlaczego to zadziała(ć może) · v01.00	https://maciektora-hue.github.io/rosja/jalta-3-apendyks/	H3	3	40	Odwrócona metoda naukowa	odwrocona-metoda-naukowa	OK	https://maciektora-hue.github.io/rosja/jalta-3-apendyks/#odwrocona-metoda-naukowa	Proces opisany jako intuicja → prowokacja → dane → formalizacja, zamiast klasycznej kolejności hipoteza → test.
D7	d7-zamrozone-jalta-3-apendyks-v01_00-2026-03-08-anchory.html	ZAMROZONE · Jałta 3.0 — Apendyks: Dlaczego to zadziała(ć może) · v01.00	https://maciektora-hue.github.io/rosja/jalta-3-apendyks/	H2	2	41	Synteza: dlaczego to zadziała(ć może)	synteza-dlaczego-moze-zadzialac	OK	https://maciektora-hue.github.io/rosja/jalta-3-apendyks/#synteza-dlaczego-moze-zadzialac	Zebranie pięciu niezależnych warstw, które mają wspólnie tłumaczyć trwałość układu bez centralnego architekta.
D7	d7-zamrozone-jalta-3-apendyks-v01_00-2026-03-08-anchory.html	ZAMROZONE · Jałta 3.0 — Apendyks: Dlaczego to zadziała(ć może) · v01.00	https://maciektora-hue.github.io/rosja/jalta-3-apendyks/	H3	3	42	Pięć warstw = pięć powodów	piec-warstw-piec-powodow	OK	https://maciektora-hue.github.io/rosja/jalta-3-apendyks/#piec-warstw-piec-powodow	Pięć argumentów za trwałością: synchronizacja poznawcza, pamięć, nieufność, Nash i organiczny proces analityczny.
D7	d7-zamrozone-jalta-3-apendyks-v01_00-2026-03-08-anchory.html	ZAMROZONE · Jałta 3.0 — Apendyks: Dlaczego to zadziała(ć może) · v01.00	https://maciektora-hue.github.io/rosja/jalta-3-apendyks/	H3	3	43	Ostatnie zdanie	ostatnie-zdanie	OK	https://maciektora-hue.github.io/rosja/jalta-3-apendyks/#ostatnie-zdanie	Jałta 3.0 jako „pole grawitacyjne”: raz uruchomiony układ ma przyciągać aktorów siłą ich własnych interesów.
E1	ropa-gaz-geopolityka-analiza-v01_00-2026-03-17-anchory.html	Ropa, gaz i geopolityka: analiza strukturalna popytu i trwałości monopoli energetycznych · v01.00 · 2026-03-17	https://maciektora-hue.github.io/rosja/ropa-gaz/	H1	1	1	Ropa, gaz i geopolityka	ropa-gaz-geopolityka	OK	https://maciektora-hue.github.io/rosja/ropa-gaz/#ropa-gaz-geopolityka	Strukturalna analiza popytu na ropę i gaz, możliwości substytucji oraz geopolitycznych skutków transformacji energetycznej.
E1	ropa-gaz-geopolityka-analiza-v01_00-2026-03-17-anchory.html	Ropa, gaz i geopolityka: analiza strukturalna popytu i trwałości monopoli energetycznych · v01.00 · 2026-03-17	https://maciektora-hue.github.io/rosja/ropa-gaz/	H2	2	2	1. Struktura globalnego popytu na ropę i gaz (2024)	globalny-popyt-ropa-gaz-2024	OK	https://maciektora-hue.github.io/rosja/ropa-gaz/#globalny-popyt-ropa-gaz-2024	Podział globalnego zużycia ropy i gazu na transport, energię, feedstock i pozostałe zastosowania.
E1	ropa-gaz-geopolityka-analiza-v01_00-2026-03-17-anchory.html	Ropa, gaz i geopolityka: analiza strukturalna popytu i trwałości monopoli energetycznych · v01.00 · 2026-03-17	https://maciektora-hue.github.io/rosja/ropa-gaz/	H3	3	3	1.1. Transport — podział wewnętrzny	transport-podzial-wewnetrzny	OK	https://maciektora-hue.github.io/rosja/ropa-gaz/#transport-podzial-wewnetrzny	Transport drogowy dominuje i ma substytuty; lotnictwo oraz żegluga tworzą twardszy rdzeń popytu.
E1	ropa-gaz-geopolityka-analiza-v01_00-2026-03-17-anchory.html	Ropa, gaz i geopolityka: analiza strukturalna popytu i trwałości monopoli energetycznych · v01.00 · 2026-03-17	https://maciektora-hue.github.io/rosja/ropa-gaz/	H2	2	4	"2. Substytucja: co można zastąpić „już teraz""?"	substytucja-juz-teraz	OK	https://maciektora-hue.github.io/rosja/ropa-gaz/#substytucja-juz-teraz	Większość energetycznego użycia ropy i gazu można technicznie zastąpić bez nowych przełomów naukowych.
E1	ropa-gaz-geopolityka-analiza-v01_00-2026-03-17-anchory.html	Ropa, gaz i geopolityka: analiza strukturalna popytu i trwałości monopoli energetycznych · v01.00 · 2026-03-17	https://maciektora-hue.github.io/rosja/ropa-gaz/	H3	3	5	2.1. Transport drogowy + generacja prądu i ciepła (~267 EJ, 78%)	transport-drogi-prad-cieplo	OK	https://maciektora-hue.github.io/rosja/ropa-gaz/#transport-drogi-prad-cieplo	EV, OZE, atom i pompy ciepła mogą zastąpić dużą część zużycia, ale wymagają dekad infrastruktury.
E1	ropa-gaz-geopolityka-analiza-v01_00-2026-03-17-anchory.html	Ropa, gaz i geopolityka: analiza strukturalna popytu i trwałości monopoli energetycznych · v01.00 · 2026-03-17	https://maciektora-hue.github.io/rosja/ropa-gaz/	H3	3	6	2.2. Surowiec do procesów przemysłowych (~35 EJ, 10%)	surowiec-procesy-przemyslowe	OK	https://maciektora-hue.github.io/rosja/ropa-gaz/#surowiec-procesy-przemyslowe	Petrochemia potrzebuje węglowodorów jako materiału, nie tylko energii; substytucja jest znacznie trudniejsza.
E1	ropa-gaz-geopolityka-analiza-v01_00-2026-03-17-anchory.html	Ropa, gaz i geopolityka: analiza strukturalna popytu i trwałości monopoli energetycznych · v01.00 · 2026-03-17	https://maciektora-hue.github.io/rosja/ropa-gaz/	H3	3	7	2.3. Nawozy — szczególny przypadek feedstocku	nawozy-feedstock	OK	https://maciektora-hue.github.io/rosja/ropa-gaz/#nawozy-feedstock	Nawozy wymagają wodoru i gazu, lecz produkcja może być geograficznie przenoszona i odbudowywana stosunkowo szybko.
E1	ropa-gaz-geopolityka-analiza-v01_00-2026-03-17-anchory.html	Ropa, gaz i geopolityka: analiza strukturalna popytu i trwałości monopoli energetycznych · v01.00 · 2026-03-17	https://maciektora-hue.github.io/rosja/ropa-gaz/	H2	2	8	3. Scenariusz Ormuz: inflacja ≠ głód	scenariusz-ormuz	OK	https://maciektora-hue.github.io/rosja/ropa-gaz/#scenariusz-ormuz	Zamknięcie Ormuz jest przede wszystkim szokiem cenowym i logistycznym, nie automatycznym scenariuszem globalnego głodu.
E1	ropa-gaz-geopolityka-analiza-v01_00-2026-03-17-anchory.html	Ropa, gaz i geopolityka: analiza strukturalna popytu i trwałości monopoli energetycznych · v01.00 · 2026-03-17	https://maciektora-hue.github.io/rosja/ropa-gaz/	H3	3	9	3.1. Kluczowa dystynkcja: szok cenowy vs. fizyczny brak	szok-cenowy-vs-fizyczny-brak	OK	https://maciektora-hue.github.io/rosja/ropa-gaz/#szok-cenowy-vs-fizyczny-brak	Rynek redukuje mniej użyteczny popyt, zanim zabraknie paliwa dla transportu żywności i funkcji krytycznych.
E1	ropa-gaz-geopolityka-analiza-v01_00-2026-03-17-anchory.html	Ropa, gaz i geopolityka: analiza strukturalna popytu i trwałości monopoli energetycznych · v01.00 · 2026-03-17	https://maciektora-hue.github.io/rosja/ropa-gaz/	H3	3	10	3.2. Skala szoku: porównanie z Lehman Brothers / dot-com	skala-szoku-lehman-dot-com	OK	https://maciektora-hue.github.io/rosja/ropa-gaz/#skala-szoku-lehman-dot-com	Szok Ormuz może przypominać wielką recesję skalą, lecz uderza w podaż i tworzy stagflację zamiast kryzysu finansowego.
E1	ropa-gaz-geopolityka-analiza-v01_00-2026-03-17-anchory.html	Ropa, gaz i geopolityka: analiza strukturalna popytu i trwałości monopoli energetycznych · v01.00 · 2026-03-17	https://maciektora-hue.github.io/rosja/ropa-gaz/	H3	3	11	3.3. Paradoks szybkiego szoku	paradoks-szybkiego-szoku	OK	https://maciektora-hue.github.io/rosja/ropa-gaz/#paradoks-szybkiego-szoku	Jednoznaczna zła wiadomość może przyspieszyć adaptację i kosztować mniej niż długotrwała niepewność.
E1	ropa-gaz-geopolityka-analiza-v01_00-2026-03-17-anchory.html	Ropa, gaz i geopolityka: analiza strukturalna popytu i trwałości monopoli energetycznych · v01.00 · 2026-03-17	https://maciektora-hue.github.io/rosja/ropa-gaz/	H2	2	12	4. Geopolityka energii: substytucja jako zmiana topologii władzy	geopolityka-energii-topologia-wladzy	OK	https://maciektora-hue.github.io/rosja/ropa-gaz/#geopolityka-energii-topologia-wladzy	Substytucja paliw kopalnych zmienia nie tylko miks energetyczny, lecz układ politycznej i ekonomicznej zależności.
E1	ropa-gaz-geopolityka-analiza-v01_00-2026-03-17-anchory.html	Ropa, gaz i geopolityka: analiza strukturalna popytu i trwałości monopoli energetycznych · v01.00 · 2026-03-17	https://maciektora-hue.github.io/rosja/ropa-gaz/	H3	3	13	4.1. Gdyby a.1 + b były zelektryfikowane	elektryfikacja-transportu-i-generacji	OK	https://maciektora-hue.github.io/rosja/ropa-gaz/#elektryfikacja-transportu-i-generacji	Masowa elektryfikacja odbiera petrostates część dźwigni, redukując znaczenie chokepointów i karteli paliwowych.
E1	ropa-gaz-geopolityka-analiza-v01_00-2026-03-17-anchory.html	Ropa, gaz i geopolityka: analiza strukturalna popytu i trwałości monopoli energetycznych · v01.00 · 2026-03-17	https://maciektora-hue.github.io/rosja/ropa-gaz/	H3	3	14	4.2. Stary paradygmat vs. nowy: centralizacja vs. decentralizacja	centralizacja-vs-decentralizacja	OK	https://maciektora-hue.github.io/rosja/ropa-gaz/#centralizacja-vs-decentralizacja	Ropa wymaga scentralizowanych łańcuchów; solar i baterie przesuwają produkcję energii ku rozproszonym sieciom.
E1	ropa-gaz-geopolityka-analiza-v01_00-2026-03-17-anchory.html	Ropa, gaz i geopolityka: analiza strukturalna popytu i trwałości monopoli energetycznych · v01.00 · 2026-03-17	https://maciektora-hue.github.io/rosja/ropa-gaz/	H3	3	15	4.3. Panel to capital good, baryłka to consumable	panel-capital-good-barylka-consumable	OK	https://maciektora-hue.github.io/rosja/ropa-gaz/#panel-capital-good-barylka-consumable	Panel raz sprzedany zmniejsza przyszły popyt na paliwo, podczas gdy baryłka wymaga ciągłego ponownego zakupu.
E1	ropa-gaz-geopolityka-analiza-v01_00-2026-03-17-anchory.html	Ropa, gaz i geopolityka: analiza strukturalna popytu i trwałości monopoli energetycznych · v01.00 · 2026-03-17	https://maciektora-hue.github.io/rosja/ropa-gaz/	H2	2	16	5. Monopole surowcowe: trwałość saudyjska vs. chińska	monopole-surowcowe	OK	https://maciektora-hue.github.io/rosja/ropa-gaz/#monopole-surowcowe	Porównanie trwałości monopolu opartego na geologii ropy z chińską dominacją w przetwarzaniu surowców krytycznych.
E1	ropa-gaz-geopolityka-analiza-v01_00-2026-03-17-anchory.html	Ropa, gaz i geopolityka: analiza strukturalna popytu i trwałości monopoli energetycznych · v01.00 · 2026-03-17	https://maciektora-hue.github.io/rosja/ropa-gaz/	H3	3	17	5.1. Saudyjska dźwignia cenowa: autoimmunologia	saudyjska-dzwignia-autoimmunologia	OK	https://maciektora-hue.github.io/rosja/ropa-gaz/#saudyjska-dzwignia-autoimmunologia	Obniżanie cen ropy niszczy konkurentów, ale jednocześnie przyspiesza inwestycje w trwałe substytuty.
E1	ropa-gaz-geopolityka-analiza-v01_00-2026-03-17-anchory.html	Ropa, gaz i geopolityka: analiza strukturalna popytu i trwałości monopoli energetycznych · v01.00 · 2026-03-17	https://maciektora-hue.github.io/rosja/ropa-gaz/	H3	3	18	5.2. Chiński monopol na surowce krytyczne: aktywny i czasowy	chinski-monopol-surowcow-krytycznych	OK	https://maciektora-hue.github.io/rosja/ropa-gaz/#chinski-monopol-surowcow-krytycznych	Chińska przewaga wynika głównie z processingu, dotacji i skali przemysłowej, nie wyjątkowej geologii.
E1	ropa-gaz-geopolityka-analiza-v01_00-2026-03-17-anchory.html	Ropa, gaz i geopolityka: analiza strukturalna popytu i trwałości monopoli energetycznych · v01.00 · 2026-03-17	https://maciektora-hue.github.io/rosja/ropa-gaz/	H3	3	19	"5.3. Dlaczego chiński „OPEC na surowce krytyczne"" ma wbudowany zegar samozniszczenia"	chinski-opec-zegar-samozniszczenia	OK	https://maciektora-hue.github.io/rosja/ropa-gaz/#chinski-opec-zegar-samozniszczenia	Metale są stockiem możliwym do odzysku; rosnący recykling stopniowo ogranicza siłę monopolu na nowe wydobycie.
E1	ropa-gaz-geopolityka-analiza-v01_00-2026-03-17-anchory.html	Ropa, gaz i geopolityka: analiza strukturalna popytu i trwałości monopoli energetycznych · v01.00 · 2026-03-17	https://maciektora-hue.github.io/rosja/ropa-gaz/	H2	2	20	6. Wymiar etyczny: kryzysy, moralność i transformacja	wymiar-etyczny-transformacji	OK	https://maciektora-hue.github.io/rosja/ropa-gaz/#wymiar-etyczny-transformacji	Transformacja energetyczna ma także wymiar moralny: zmniejsza polityczną cenę zależności od autorytarnych dostawców.
E1	ropa-gaz-geopolityka-analiza-v01_00-2026-03-17-anchory.html	Ropa, gaz i geopolityka: analiza strukturalna popytu i trwałości monopoli energetycznych · v01.00 · 2026-03-17	https://maciektora-hue.github.io/rosja/ropa-gaz/	H3	3	21	6.1. Tani surowiec od dyktatorów jako moralny hazard	tani-surowiec-moralny-hazard	OK	https://maciektora-hue.github.io/rosja/ropa-gaz/#tani-surowiec-moralny-hazard	Tania energia od dyktatur zachęca demokracje do racjonalizowania zależności i rozdzielania wartości od polityki.
E1	ropa-gaz-geopolityka-analiza-v01_00-2026-03-17-anchory.html	Ropa, gaz i geopolityka: analiza strukturalna popytu i trwałości monopoli energetycznych · v01.00 · 2026-03-17	https://maciektora-hue.github.io/rosja/ropa-gaz/	H3	3	22	6.2. Kryzysy nie zawsze moralizują — warunek: substytut	kryzys-warunek-substytut	OK	https://maciektora-hue.github.io/rosja/ropa-gaz/#kryzys-warunek-substytut	Kryzys prowadzi do odłączenia od dostawcy tylko wtedy, gdy istnieje realna technologiczna alternatywa.
E1	ropa-gaz-geopolityka-analiza-v01_00-2026-03-17-anchory.html	Ropa, gaz i geopolityka: analiza strukturalna popytu i trwałości monopoli energetycznych · v01.00 · 2026-03-17	https://maciektora-hue.github.io/rosja/ropa-gaz/	H3	3	23	6.3. Kto przyspieszył dekarbonizację?	kto-przyspieszyl-dekarbonizacje	OK	https://maciektora-hue.github.io/rosja/ropa-gaz/#kto-przyspieszyl-dekarbonizacje	Putin stworzył bezpieczeństwowy push, a Chiny cenowy pull dla szybszej dekarbonizacji.
E1	ropa-gaz-geopolityka-analiza-v01_00-2026-03-17-anchory.html	Ropa, gaz i geopolityka: analiza strukturalna popytu i trwałości monopoli energetycznych · v01.00 · 2026-03-17	https://maciektora-hue.github.io/rosja/ropa-gaz/	H3	3	24	6.4. Energia jako narzędzie sprawiedliwości	energia-sprawiedliwosc	OK	https://maciektora-hue.github.io/rosja/ropa-gaz/#energia-sprawiedliwosc	Tania energia rozproszona zmniejsza podatność słabszych odbiorców na globalne szoki i pośredników.
E1	ropa-gaz-geopolityka-analiza-v01_00-2026-03-17-anchory.html	Ropa, gaz i geopolityka: analiza strukturalna popytu i trwałości monopoli energetycznych · v01.00 · 2026-03-17	https://maciektora-hue.github.io/rosja/ropa-gaz/	H2	2	25	7. Podsumowanie tez	podsumowanie-tez	OK	https://maciektora-hue.github.io/rosja/ropa-gaz/#podsumowanie-tez	Zbiorczy werdykt: większość energetycznego popytu jest substytucyjna, feedstock zostaje, a monopole tracą trwałość.
E2	monopole-moralnosc-transformacja-zrodla-v01_00-2026-03-17-anchory.html	Monopole, moralność i transformacja: analiza źródłowa aspektów geopolitycznych · v01.00 · 2026-03-17	https://maciektora-hue.github.io/rosja/monopole/	H1	1	1	Monopole, moralność i transformacja	monopole-moralnosc-transformacja	OK	https://maciektora-hue.github.io/rosja/monopole/#monopole-moralnosc-transformacja	Źródłowa rewizja tez o monopolach energetycznych, zależności politycznej i moralnym wymiarze transformacji. Weryfikuje i koryguje wcześniejszą analizę.
E2	monopole-moralnosc-transformacja-zrodla-v01_00-2026-03-17-anchory.html	Monopole, moralność i transformacja: analiza źródłowa aspektów geopolitycznych · v01.00 · 2026-03-17	https://maciektora-hue.github.io/rosja/monopole/	H2	2	2	1. Saudyjska dźwignia cenowa: anatomia samolikwidacji	saudyjska-dzwignia-samolikwidacja	OK	https://maciektora-hue.github.io/rosja/monopole/#saudyjska-dzwignia-samolikwidacja	Wojny cenowe Arabii Saudyjskiej osłabiały konkurentów chwilowo, lecz trwale zwiększały odporność shale i kosztowały OPEC przychody.
E2	monopole-moralnosc-transformacja-zrodla-v01_00-2026-03-17-anchory.html	Monopole, moralność i transformacja: analiza źródłowa aspektów geopolitycznych · v01.00 · 2026-03-17	https://maciektora-hue.github.io/rosja/monopole/	H2	2	3	2. Chiński monopol na REE i lit: strategia, mechanizm, erozja	chinski-monopol-ree-lit	OK	https://maciektora-hue.github.io/rosja/monopole/#chinski-monopol-ree-lit	Chińska dominacja w REE i licie wynika z przemysłowego ekosystemu processingu, a jej erozja jest realna, lecz wolniejsza niż zakładano.
E2	monopole-moralnosc-transformacja-zrodla-v01_00-2026-03-17-anchory.html	Monopole, moralność i transformacja: analiza źródłowa aspektów geopolitycznych · v01.00 · 2026-03-17	https://maciektora-hue.github.io/rosja/monopole/	H3	3	4	"2.1. Strategia: „nie geologia, lecz processing"""	strategia-processing	OK	https://maciektora-hue.github.io/rosja/monopole/#strategia-processing	Czterdziestoletnia strategia łączy tani kapitał, tolerancję środowiskową, technologię separacji, klastry downstream i kontrolę eksportu.
E2	monopole-moralnosc-transformacja-zrodla-v01_00-2026-03-17-anchory.html	Monopole, moralność i transformacja: analiza źródłowa aspektów geopolitycznych · v01.00 · 2026-03-17	https://maciektora-hue.github.io/rosja/monopole/	H3	3	5	2.2. Erozja: czy zegar samozniszczenia naprawdę tyka?	erozja-zegar-samozniszczenia	OK	https://maciektora-hue.github.io/rosja/monopole/#erozja-zegar-samozniszczenia	Recykling i dywersyfikacja działają przeciw monopolowi długoterminowo, ale ciężkie REE dają Chinom kilkuletnią ostrą dźwignię.
E2	monopole-moralnosc-transformacja-zrodla-v01_00-2026-03-17-anchory.html	Monopole, moralność i transformacja: analiza źródłowa aspektów geopolitycznych · v01.00 · 2026-03-17	https://maciektora-hue.github.io/rosja/monopole/	H2	2	6	3. Wandel durch Handel: anatomia moralnego hazardu energetycznego	wandel-durch-handel-moralny-hazard	OK	https://maciektora-hue.github.io/rosja/monopole/#wandel-durch-handel-moralny-hazard	Zależność energetyczna od Rosji była wspierana nie tylko interesem, lecz szczerą doktryną polityczną racjonalizującą ryzyko.
E2	monopole-moralnosc-transformacja-zrodla-v01_00-2026-03-17-anchory.html	Monopole, moralność i transformacja: analiza źródłowa aspektów geopolitycznych · v01.00 · 2026-03-17	https://maciektora-hue.github.io/rosja/monopole/	H3	3	7	3.1. Niemiecka zależność od rosyjskiego gazu jako case study	niemiecka-zaleznosc-rosyjski-gaz	OK	https://maciektora-hue.github.io/rosja/monopole/#niemiecka-zaleznosc-rosyjski-gaz	Niemiecka polityka gazowa utrwaliła zależność infrastrukturalnie mimo rosnących sygnałów ryzyka politycznego.
E2	monopole-moralnosc-transformacja-zrodla-v01_00-2026-03-17-anchory.html	Monopole, moralność i transformacja: analiza źródłowa aspektów geopolitycznych · v01.00 · 2026-03-17	https://maciektora-hue.github.io/rosja/monopole/	H3	3	8	"3.2. „Nowe kraje członkowskie"" vs. „stare"""	nowe-vs-stare-kraje-czlonkowskie	OK	https://maciektora-hue.github.io/rosja/monopole/#nowe-vs-stare-kraje-czlonkowskie	Europa Środkowa i Bałtycy wcześniej traktowali rosyjski gaz jako zagrożenie; część Zachodu jako niskie ryzyko handlowe.
E2	monopole-moralnosc-transformacja-zrodla-v01_00-2026-03-17-anchory.html	Monopole, moralność i transformacja: analiza źródłowa aspektów geopolitycznych · v01.00 · 2026-03-17	https://maciektora-hue.github.io/rosja/monopole/	H2	2	9	4. Kryzysy a moralność: kiedy szok prowadzi do solidarności, a kiedy do sauve qui peut?	kryzysy-moralnosc-solidarnosc-sauve-qui-peut	OK	https://maciektora-hue.github.io/rosja/monopole/#kryzysy-moralnosc-solidarnosc-sauve-qui-peut	Kryzys może prowadzić do solidarności albo oportunizmu; decydują nie tylko substytuty, lecz także zdolność koordynacji.
E2	monopole-moralnosc-transformacja-zrodla-v01_00-2026-03-17-anchory.html	Monopole, moralność i transformacja: analiza źródłowa aspektów geopolitycznych · v01.00 · 2026-03-17	https://maciektora-hue.github.io/rosja/monopole/	H3	3	10	4.1. 1973 vs. 2022: dwa tryby reakcji	1973-vs-2022	OK	https://maciektora-hue.github.io/rosja/monopole/#1973-vs-2022	1973 wzmocnił transakcyjność, 2022 przyspieszył europejski decoupling dzięki technologii i istniejącym instytucjom wspólnego działania.
E2	monopole-moralnosc-transformacja-zrodla-v01_00-2026-03-17-anchory.html	Monopole, moralność i transformacja: analiza źródłowa aspektów geopolitycznych · v01.00 · 2026-03-17	https://maciektora-hue.github.io/rosja/monopole/	H3	3	11	4.2. Asymetria kosztów: kto płaci za transformację?	asymetria-kosztow-transformacji	OK	https://maciektora-hue.github.io/rosja/monopole/#asymetria-kosztow-transformacji	Koszty szoków najmocniej obciążają państwa bez rezerw, własnej podaży i kapitału; energia rozproszona zmniejsza tę zależność.
E2	monopole-moralnosc-transformacja-zrodla-v01_00-2026-03-17-anchory.html	Monopole, moralność i transformacja: analiza źródłowa aspektów geopolitycznych · v01.00 · 2026-03-17	https://maciektora-hue.github.io/rosja/monopole/	H2	2	12	5. Podsumowanie korekt	podsumowanie-korekt	OK	https://maciektora-hue.github.io/rosja/monopole/#podsumowanie-korekt	Dwie główne korekty: chiński monopol eroduje wolniej, a solidarność wymaga substytutu technologicznego oraz instytucji koordynacyjnych.
