section_id	section_title_en	description_en
1	Kolumbryna 🐙	A systems analysis of Russia's degradation, Putin's survival logic, Iran's disintegration, the energy transition, and analytical tools. It ends with an adversarial correction of its own theses.
2	Chapter 1. The Front and the Air-Defence Spiral — the Combustion Triangle	A shrinking army, air defence and strikes on refineries form a feedback loop that degrades both the front and the rear.
3	Chapter 2. The Nuclear Arsenal — Deterrence on Paper	Deterrence remains, but ageing delivery systems and the delayed Sarmat programme constrain Russia's superpower status.
4	Chapter 3. The Budget, the NWF and the Hormuz Paradox	A wartime budget, a rapidly widening deficit and a shrinking NWF collide with the paradox of temporary gains from expensive oil.
5	Chapter 4. Exports, Foreign Currency and Assets — What Still Works	The loss of European gas markets, degrading exports and the shadow fleet limit the durable inflow of foreign currency.
6	Chapter 5. Infrastructure Is Falling Apart — Railways, Pipelines, Aircraft	Railways, pipelines and aviation reveal the accumulation of years of neglect, parts shortages and weak replacement capacity.
7	Chapter 6. Society on the Edge — Brain Drain, Wages, Police	Brain drain, wage pressure and police vacancies weaken the state's capacity to serve and control society.
8	Chapter 7. Bestiary — 24 Grey Rhinos and Their Feedback Loops	Twenty-four parallel erosion processes are treated as one coupled system, not as a list of separate crises.
9	Chapter 8. Information Pathology and Why This Is Not North Korea	The information pathology of dictatorship and the limits of comparing Russia with North Korea.
10	Chapter 9. Fire Chemistry, Addiction and Seasonality	Fire and backdraft as a model of delayed catastrophe; addiction and seasonality amplify the risk.
11	Chapter 10. It Is Already Too Late — Conclusion to Part I	Part I synthesis: the system has passed the point of easy self-correction; further trajectories are framed probabilistically.
12	Chapter 11. Why This Is Not a Question of Money	Putin is assessed not through Russia's welfare, but through the personal objective function of a dictator with no safe retirement.
13	Chapter 12. Resources, Write-Offs and Nine Scenarios of Desperation	Remaining resources and nine desperation scenarios, from a political deal to escalation and scorched earth.
14	Chapter 13. When Will the Elites Detach from Putin?	The point at which the cost of elite loyalty to Putin exceeds the cost of defection.
15	Chapter 14. The Disintegration of Iranian Statehood and an Operational Concept	The breakdown of Iranian coordination opens Aras–Zagros variants and shifts the balance in the Caucasus and the Gulf.
16	Chapter 15. Actor Map and Critical Risks	The interests of key actors, their convergences and conflicts, and critical risks, with nuclear material at the top of the list.
17	Chapter 16. Hanseatic League 2.0 — Order Without an Architect	Hanseatic League 2.0 as a regional order sustained by interests and capital rather than by a single architect.
18	Chapter 17. From Hormuz to the Solar Panel — Structure, Shock and Substitution	The Hormuz shock as an impulse to substitute away from oil and gas and accelerate electrification and renewables.
19	Chapter 18. Monopolies and the Topology of Power	A comparison of Saudi and Chinese monopoly structures and the transition from centralised energy to a flatter topology of power.
20	Chapter 19. Disinfolklore and Dark Legitimacy — Poison and the Dark Side	Disinfolklore and dark legitimacy as tools for describing disinformation and the paradoxical strengthening of dictatorship through exposing pathology.
21	Chapter 20. Sources, Ethics and the Limits of Knowledge	Sources, bias, the ethics of analysing war, and explicit limits on what can be inferred honestly.
22	Chapter 21. Steelmanning the System — China, Inertia, Western Fatigue	The strongest arguments for system durability: China, inertia, adaptive capacity and Western fatigue.
23	Chapter 22. Disinfolklore Under the Microscope — SWOT and Cross-Examination	A SWOT analysis of Disinfolklore and an adversarial cross-examination of the method for errors, abuse and falsifiability.
24	Chapter 23. Revised Conclusion — A Map, Not GPS	A revised conclusion after steelmanning: the analysis as a map of scenarios and probabilities, not a precision GPS.
25	May 2026. Gradually Became Suddenly	An updated analysis of the Russian system's transition from mounting degradation to qualitative change. It connects strikes, logistics, energy, politics and forecast calibration.
26	I. Introduction — What Has Changed Since Kolumbryna	From a refinery monograph to a sequential analysis of Russia's systemic decay.
27	Quantitative Change — More of the Same, but Exponentially	An exponential increase in the number, frequency and reach of Ukrainian strikes.
28	Qualitative Change — Every Aspect Required Its Own Chapter	The campaign expands from refineries to logistics, Crimea, signalling and the fuel market.
29	A Document About How the Document Stopped Being What It Was Supposed to Be	A shift from a chronicle of strikes to an analysis of systemic decay.
30	II. Strike List — Fortnightly Periods, Weekly from May Onward	An anchor section after moving the full strike chronology into a separate file.
31	III. Methodological Note — Inference Under Missing Data	Scenario-based inference under unknown data, without guessing the missing variables.
32	IV. Target Gallery — Analysis of the Most Interesting Strikes	Selected strikes as examples of the mechanisms and logic of the campaign as a whole.
33	Non-Kinetic Targets — Signalling, Doctrine, Decapitation	Pressure on perception, command and morale rather than on physical targets alone.
34	V. Crimea as a Side Effect — The Geometry of Elimination	Crimea's isolation as a by-product of the campaign against logistics and energy.
35	Three Supply Vectors	The land, maritime and bridge-based supply channels to Crimea and their degradation.
36	Removing Civilians from the R-280 — Concession, Not Management	Removing civilians from the R-280 as a forced Russian logistical compromise.
37	The Decree Is an Involuntary Admission That the Drone Beat the Shield	Removing civilians from the R-280 as a forced abandonment of the shield.
38	The Bridge as Bait — Why the Sequence Is Constrained	Leaving the Kerch Bridge untouched ties down Russian air defence and exposes other targets.
39	The Kerch Bridge at the Meta Level — Earlier, for Dessert, or Continuous Pressure (and Why This Is Poker Now, Not Chess)	Three strategies for the bridge: strike earlier, save it for the finale, or maintain permanent pressure.
40	Why a Crimean Port Does Not Require a Single Drone	Cutting off Crimean ports by striking the Russian end of the maritime route.
41	The Other End of the Chain on Both Seas — Register of Russian and Occupied Ports (Excluding Crimea)	Russian and occupied ports as nodes in the maritime supply chain.
42	Black Sea — Russia's Krasnodar Coast	Black Sea ports in Krasnodar serving exports and wartime logistics.
43	Sea of Azov — Russian Coast	Russian Azov ports as the other end of the logistics chain.
44	Sea of Azov — Occupied Ports (Mariupol, Berdiansk)	Mariupol and Berdiansk as occupied transshipment nodes on the Sea of Azov.
45	Crimea Is Turning from a Peninsula into an Island	The gradual loss of connections is turning Crimea into a logistical island.
46	Slowly Cutting Crimea Off from Electricity — the Fourth Vector, Hidden in the Thicket	Energy as a fourth, parallel vector of Crimea's isolation.
47	The Material Result — Fuel Coupons in Crimea	Fuel rationing as a tangible symptom of the peninsula's mounting isolation.
48	Crimea Is Not a Separate Theatre — It Is an Externality	Crimea's isolation as a side effect of the broader logistics-and-oil campaign.
49	Threads Continued in Other Sections	Pointers to further analyses of Crimea: signalling, fuel and energy.
50	VI. Evolution of Target Typology — What Is Diversifying	How the campaign is expanding into new target classes and new theatres.
51	Matrix 1: Functional Target Categories	Changes in active target categories from January to June 2026.
52	Matrix 2: Geographic Vectors	The campaign shifting among the Baltic, the south, the centre, the Urals and occupied territories.
53	Evolutionary Synthesis — What Changed Between Periods	Five qualitative thresholds in the campaign's maturation from January to June.
54	Synthetic Observations (Since 4 January 2026)	The main patterns: reach, diversification, repair compression and air-defence overload.
55	Olexandrivka Front — Territory as a New Target Category	Recovered territory as a new category of outcome produced by the systemic campaign.
56	Why the Olexandrivka Front Belongs in This Analysis	Olexandrivka as a material consequence of degrading Russian logistics and air defence.
57	VII. Budanov — The Grammar of Decay and Reconstruction	Budanov as a framework for reading Russia's decay, information dynamics and Ukraine's reconstruction.
58	From “Victory” to “Unity” — Reading Through Omissions	A shift in Budanov's vocabulary: less “victory”, more unity and internal risks.
59	Negative Space as a Method — and as a Mirror for the “Four Modes”	Reading absence as data: missing words, actions and deliveries.
60	A Turning Point Named Four Years Too Early — Calibration Against One's Own Track Record	A 2022 forecast that was directionally right but roughly four years premature.
61	The Simultaneity of Contradictions — Nonlinear Logic	Contradictory states treated as simultaneously true, without forcing a binary choice.
62	Stoicism as an Operational Mask	“Stoicism” as a useful mask for Budanov's nonlinear mode of operation.
63	Knowing the Rules vs Understanding the Rules	Understanding rules makes it possible to create new categories rather than merely break existing ones.
64	Unity as an Operating System, Not Obedience	Situational unity as the capacity for joint decision-making, not permanent obedience.
65	Antifragile vs Dark Legitimacy — Reversing the Russian Model	Ukrainian unity as antifragility against Russian dark legitimacy.
66	“After a Tupolev, You Don't Go to the Tupolev Shop” — the Broken-Replacement-Chain Principle	Irreplaceable Soviet platforms: every loss permanently reduces the available stock.
67	A Note in the Margin — the A-50 Story as Precedent	Two lost A-50s as a precedent for irreversible degradation of AWACS capability.
68	Dnipro Map, 9 April 2026 — Three Layers of Falsification in a Single Artefact	The Dnipro map shows three layers of falsifying the picture of the front inside the system.
69	Saldo and the Siege of Leningrad — Self-Exposure Through Language	Saldo's propaganda metaphor inadvertently confirms the isolation of Russian logistics.
70	The Voenkory Crack — Splitting of the Milblogger Layer, March–May 2026	The fragmentation of Russian milbloggers as a signal that narrative discipline is breaking down.
71	Sokolenko — “Asked That No One Be Blamed” as a Grammar of Omission	The announcement of Sokolenko's death analysed through the grammar of omission and the formula of blame.
72	Sokolenko Is Not an Exception — the Soviet-Russian Tradition of Elite “Suicides”	Sokolenko placed within the broader pattern of unexplained deaths among Russian elites.
73	838 Pages — Precision as a Weapon	A precise count of killed officers as a tool of credibility and pressure.
74	The Neurodivergence Hypothesis for Intelligence Chiefs	Neurodivergence as a possible source of cognitive patterns useful in intelligence work.
75	VIII. Strategic Signalling and Asymmetry of Optionality	Strikes as strategic communication and as an asymmetry in the options available to both sides.
76	Methodological Assumptions	Professional multi-audience communication: the sender designs for the recipients' possible interpretations.
77	Case Study: Zelenskyy's Speech, 17 May 2026	Zelenskyy's 17 May statement as a signal of mature long-range capability.
78	A Multi-Audience Message — Interpretation Paths	The same statement read differently by Ukraine, Russia, Beijing and corporations.
79	Sequence: Commitment → Demonstration → Cumulative Effect	Political commitments first, then a capability demonstration to maximise signalling value.
80	The Hold-and-Show Logic:	Agreements made before the demonstration increase surplus value and legitimise the choice of partners.
81	Signals Supporting the Deliberate-Holdback Thesis:	Traces of tempo control: ammunition selection, a selective pause and concealment of maximum capability.
82	Alternative: “July Brought Forward by the War in Iran”	May politically accelerates the operational summer plan after the shock of the war in Iran.
83	The Reveal Campaign (17–23 May 2026)	A week-long campaign revealing capability, intelligence, weapons, doctrine and expectations.
84	Key Structural Observations:	Multiple channels and senders as evidence of a coordinated communications campaign.
85	Second Reveal Campaign (25–27 May 2026) — the Belarus Axis	Belarus as an axis of a synchronised diplomatic, deterrent and sanctions campaign.
86	Crimea as a Logistical Island — Qualitative Transformation of the Corridor	The land corridor to Crimea shifts from degradation to the effective loss of function.
87	The European Institutional Axis — EU Conditions for Russia	The EU formalises conditions for Russia and reinforces Ukraine's framework of pressure.
88	The Diplomatic Test — Who Stayed in Kyiv	The presence of foreign diplomats in Kyiv as a test of willingness to bear risk.
89	Galați — a Russian Drone in an Apartment Block in a NATO State	A Russian drone in Romania as a test of the boundary between incident and NATO response.
90	Gabala — Aliyev as a Candidate for Alternative Mediation	Aliyev as an alternative mediator thanks to Azerbaijan's growing autonomy from Moscow.
91	Five Lost Elections — the Fifth Front of Influence Erosion	A series of political defeats as a separate front in the erosion of Russian influence.
92	Asymmetry of Legitimate Target Sets (MTK vs PA-I) — and Capture of the Ceasefire Frame, 4–9 May	A contrast in target legality and Ukraine's capture of the ceasefire-and-sanctions frame.
93	The “Long-Range Sanctions” Doctrine — Named on 16 May, Formalised on 30 May	“Long-range sanctions” as a named political framework for Ukrainian deep strikes.
94	Two Orthogonal Processes — Process A (Front Degradation) and Process B (Strangulation)	Two independent processes: degradation of the front today and strangulation of the economy tomorrow.
95	Nyquist's Theorem — Why Tempo Beats OODA (Two Orthogonal Processes)	Two overlapping strike rhythms overload Russia's observation-and-response cycle.
96	Twenty Billion — the Number as a Thesis (Priced, Within Reach, Divisible)	The campaign cost framed as an attainable, divisible strategic investment for Ukraine.
97	P1-SUN — the Same Cheap Asymmetry, Reversed into Defence	Low-cost drone asymmetry reversed from attack into protection of Ukrainian targets.
98	The Kuban Historical Anomaly — What Russia Cannot Admit	Kuban as a problem for Russia's historical narrative and the doctrine of Russkiy Mir.
99	Moscow Floods Every Summer — Three Vectors of One Puddle (Corruption, War, Climate)	Moscow's floods as a combined effect of corruption, wartime pressure and climate.
100	Asymmetry of Optionality (the Value of Having Choices)	Ukraine retains more possible moves; Russia is gradually consuming its own options.
101	The Cost of Ukraine's Strategic Reserve (Approximate Estimate):	An approximate cost of maintaining Ukraine's strategic reserve and freedom of choice.
102	Russia Deliberately Spent Its Optionality:	Russia consumes resources and freedom of action to sustain current pressure.
103	System-Level Conclusion	Ukraine's advantage stems from growing optionality as Russia's choices contract.
104	IX. The Attack on Kyiv as a Response — Reading the Timing	Timing and Oreshnik as keys to reading Russia's response to the campaign.
105	Strikes on Civilians Are Constant — the Variable Is the Moment	Russian attacks on civilians are constant; the chosen timing of retaliation carries the information.
106	Oreshnik — a Signal of Class, Not Routine	Rare use of Oreshnik as a signal of the response's rank, not of its destructive effectiveness.
107	Could Not or Chose Not To — Open Questions	A delayed response: shortage of resources or a shifted Russian reaction threshold.
108	Four Modes of Intent — Asymmetry in Reading Both Sides	Four models of the relationship between intent, action and information distortion.
109	What Oreshnik Communicates — an Addition to the Package or a Separate Sentence?	Oreshnik as a distinct message within a larger missile package.
110	Past or Future — Retaliation or Pre-emption	Whether the missile is retaliation for the past or a warning about the future.
111	The Addressee — Who Was It Sent To?	Comparison of possible audiences; Europe as the leading hypothesis.
112	The Technical Leg — Why Oreshnik Threatens Europe in Particular	A technical gap in European defence against a fast missile with multiple effectors.
113	Oreshnik as a Rung on the Escalation Ladder	Oreshnik as an intermediate rung between conventional violence and the nuclear threshold.
114	Two Missiles — Three Readings of One Number	The number two unpacked into three competing interpretations.
115	X. Prediction Register — Real-Time Calibration	Ongoing accounting for tactical, structural and doctrinal forecasts.
116	Short-Term Tactical Predictions	Short-term, falsifiable forecasts of specific events and their ongoing evaluation.
117	Structural Predictions	Forecasts of changes in system state rather than individual hits.
118	External Predictions — Calibration Against Independent Clocks	Independent external clocks used to calibrate the autumn 2026 thesis.
119	Operational Prediction — High-Voltage Substation Campaign (July–September 2026)	A hypothesis of a systematic campaign against UES substations in July–September 2026.
120	Why Substations, Not Power Plants	Substations as less heavily defended network targets that are harder to replace.
121	Tempo — One Every Two Weeks as the Optimal Cadence	A fortnightly tempo: adaptation without regeneration and control of cascade risk.
122	Camouflage in the Thicket of the Campaign	Substation strikes hidden within packages of other targets and the campaign's information noise.
123	The Impossibility of Constructing a Single Escalation Moment	Salami slicing prevents the identification of one credible escalation threshold.
124	Projected State of the UES on 18 September 2026 — Operational Accounting for P6	A nominal projection of cumulative UES shortfall after six campaign cycles.
125	The Doctrine in Ten Points — the P6 Manifesto	A ten-point, falsifiable operational manifesto for prediction P6.
126	XI. Kolumbryna vs Reality — Audit of the Forecast After Two Months	A confrontation between Kolumbryna's March hypotheses and data from May and June.
127	The Bestiary After Two Months — 24 Rhinos	Status of the 24 rhinos after two months: what accelerated, was confirmed or remains pending.
128	The Remaining Bestiary Categories — Elephant, Flamingos, Swans, Tigers	A revision of the elephant, flamingos, swans and tigers outside the main rhino list.
129	Where May Jumped a Category	Places where May moved a process from forecast into a new qualitative category.
130	Convergence of the Clocks — Forecast Revision	Independent timing indicators converging around the end of 2026.
131	Patrimonial Gridlock — Why Decay Does Not Produce Immediate Collapse	Clientelist networks explain regime stability despite mounting decay.
132	Audit Conclusion	Kolumbryna's direction holds and the tempo is faster; the system-level “suddenly” has not arrived yet.
133	Absence Detection as an OSINT Method — a Meta-Reflection on the Method Itself	The disappearance of data and metrics as an independent OSINT signal.
134	The AuDHD Neurocognitive Profile and Mottron's Enhanced Perceptual Functioning	A hypothesis linking cognitive profile to the ability to detect missing elements in a pattern.
135	Deliberately Repeating an Irreversible Error — an Institutional Pattern	Institutions repeat costly mistakes despite explicit knowledge of their consequences.
136	XII. Petrol Stations and the Fuel Market — Seven Overlapping Shortages	Seven parallel failures, from refining to retail, create a structural fuel deficit.
137	Chronology — from August 2025 to Coupons	From the first disruptions in 2025 to fuel rationing in 2026.
138	Link 1 — Refining: Refineries Offline	Refining throughput falls as refineries are repeatedly shut down and destroyed.
139	Link 2 — Substitution: Imports from Belarus as a Band-Aid	Belarusian imports soften shortages but cannot replace lost Russian capacity.
140	Link 3 — Transmission: Pipelines Under Fire Control	Fuel transmission constrained by strikes on pumping stations and pipelines.
141	Link 4 — Rail: Systemic Decay Plus Partisans	Railways are overloaded by their own degradation, the war and sabotage.
142	Link 5 — Roads: Road Tankers Are Too Small	Road tanker transport lacks the scale required to replace railways and pipelines.
143	Link 6 — Storage: Tanks Are Burning	Strikes on storage tanks remove reserves and buffering capacity from the fuel system.
144	Link 7 — Retail: Coupons, Queues, Self-Exposure	Coupons, queues and limits as the consumer-facing endpoint of the fuel cascade.
145	XIII. Mother Nature Is Not Letting Russia Off — Climate Change as a Coherent Pressure Vector	Climate as an independent and growing vector of pressure on Russian infrastructure and public finances.
146	Climate Asymmetry — Why Russia, Not Ukraine or Europe	Russia's geography and infrastructure make the cost of climate change especially asymmetric.
147	Permafrost — 7 Trillion Rubles Already Written into the 2050 Balance Sheet	Permafrost thaw as a multi-trillion-ruble cost for infrastructure and resource extraction.
148	The 2009–2012 Freeze on Knowledge — Bibliography, Doctrine as Façade, Laws as a Gag	The chilling effect after 2009–2012 cuts Russia off from its own climate knowledge.
149	Infrastructure on Ground That Is Disappearing — Railways, Peat, the BAM as Phases of a Cycle	Railways, pipelines and foundations destabilised by different forms of degrading permafrost.
150	Mining Spoil Heaps as the Terrestrial Analogue — from Wałbrzych to Bovanenkovo	Burning spoil heaps as an analogy for the physics of hidden fire in peat and permafrost.
151	Droughts, Floods, Fires in 2025 — a Structural Change in the Map	Droughts, floods and fires reshape Russia's infrastructure risk map.
152	Summer 2026 Cascade — Power-Plant Cooling, Energy Deficit, Transmission Constraints	Drought and heat constrain power-plant cooling and deepen the power deficit.
153	Cascade Gradient — Three Formalised Paths from Climate to the Budget	Three pathways translating climate pressure into energy, logistics and fiscal effects.
154	Implications for the Kolumbryna Audit and Clock Calibration	Climate as an additional clock accelerating earlier systemic forecasts.
155	XIV. Energy — a Grid Without Redundancy, the Physics of the Russian System Under Pressure	Physics, topology and sanctions expose the fragility of Russia's energy system.
156	Yamal Stranded Assets — Gas with No Way Out	Yamal gas loses value without sufficient export and transmission routes.
157	The Rankine Cycle — Cooling Physics That Rivers Stop Providing	Low and warm river flows constrain cooling at thermal and nuclear power plants.
158	Aluminium Smelters and Military-Industrial Cannibalism	Electricity and raw-material shortages hit the aluminium needed by Russia's defence industry.
159	UES Topology — Seven Zones Without Meaningful Interconnection	Seven UES zones are linked by transmission corridors that are too narrow.
160	No Emergency Imports — a Eurasian Island Without a Neighbour	The Russian grid has negligible capacity for emergency electricity imports from neighbouring systems.
161	The Grid of Occupied Territories — Crimea Being Cut Off in the Thicket	Strikes on the occupied-territory grid gradually cut off Crimea and its military rear.
162	The Paradox of Soviet Redundancy — Quantitative Excess, Directional Rigidity	A lot of infrastructure does not mean redundancy when flows are directionally rigid.
163	Synthesis — Why Climate Can Cook the Grid Without Drones	Climate and topology alone can push the UES into chronic shortages.
164	XV. Index of People — Who Is Who in This Document	An index of people and roles needed to navigate a long document.
165	Ukraine — Politics and Intelligence	The principal Ukrainian politicians and intelligence figures appearing in the analysis.
166	Ukraine — Operational Commanders	Ukrainian operational commanders and their roles in the campaigns described.
167	Russia — Central and Regional Power	Russian central and regional decision-makers referenced in the document.
168	The West — Politicians, Diplomats, Intelligence	Western politicians, diplomats and intelligence officials cited in the analysis.
169	The Region — Azerbaijan, Belarus, Mediators	Regional actors from Azerbaijan, Belarus and mediation channels.
170	Our Intelligence Sources — OSINT, Analysts, Journalists	Analysts, journalists and OSINT sources used in the document.
171	Science, Research, Expertise	Researchers and experts providing data and scientific frameworks.
172	Figures from the Cultural and Historical Background	Historical and cultural figures used as reference points.
173	XVI. Doctrinal Motif — an Old Pattern Reversed	The Russian maskirovka pattern reversed and used against its original practitioner.
174	The Literary Pattern — “Kill Many to Hide One”	Hiding a key action under a flood of other events and stimuli.
175	Doctrinal History — Maskirovka as a Soviet and Post-Soviet Tool	Maskirovka from Soviet practice to contemporary Russian information warfare.
176	The Kremlin's Structural Blindness — Why a Known Doctrine Remains Invisible	The Kremlin fails to recognise a technique turned against it that it has historically used itself.
177	War Dynamics in the Mirror of the Second World War — Bagration, the Oil Campaign, Integration of Instruments	Analogies to Bagration and the oil campaign as cases of integrating multiple instruments of pressure.
178	XVII. Sources — Institutions, Media, OSINT, Interpretive Frameworks	A set of media, OSINT, satellite and academic sources.
179	Press and Analytical Institutions	Media outlets, agencies and analytical institutions used to verify events.
180	Telegram OSINT	Telegram OSINT channels providing data from Russia, Ukraine and Crimea.
181	Satellite and Imagery Data	Satellite and thermal data used for independent verification of strike effects.
182	OSINT on Bluesky / X	Analysts and OSINT accounts on Bluesky and X.
183	Interpretive Frameworks (Academic)	Horbyk, Douglas and Mottron as sources of the principal interpretive frameworks.
184	Target List	A chronological register of strategic strikes from January to June 2026: targets, effects, reach and the campaign's changing rhythm.
185	II. Strike List — Fortnightly Periods, Weekly from May Onward	Strikes organised by period, with classification of targets, effects and fronts.
186	Introduction — Key Dates, Classification, Baseline Statistics	Key dates, classification rules, damage-status categories and baseline statistics.
187	Period 1: 4–17 January	Register of strikes from 4–17 January: the campaign's initial, sparse phase.
188	Period 2: 18–31 January	Register of strikes from 18–31 January: refineries return and targets begin to cluster.
189	Period 3: 1–14 February	Register of strikes from 1–14 February: Volgograd and a leap in reach into the deep rear.
190	Period 4: 15–28 February	Register of strikes from 15–28 February: a slowdown ending with the outbreak of war in Iran.
191	The Hormuz Paradox — Calendar Start	The start of the Hormuz paradox: war in Iran temporarily lifts Russian oil revenues.
192	Period 5: 1–14 March	Register of strikes from 1–14 March: electronics, gas and selection of more precise munitions.
193	Period 6: 15–28 March	Register of strikes from 15–28 March: diversification toward the Baltic, Volga region, chemicals and aviation.
194	Period 7: 29 March–11 April	Register of strikes from 29 March–11 April: a selective pause, not a full halt.
195	Correction v1.2 — the Easter Pause Was Not Absolute	The Easter pause applied to selected target classes, not to the entire campaign.
196	Period 8: 12–25 April	Register of strikes from 12–25 April: the Black Sea, Bashkortostan and compression of the repair cycle.
197	Period 9: 26 April–9 May	Register of strikes from 26 April–9 May: deep Russia, the Baltic and new production nodes.
198	Period 10: 10–16 May	Register of strikes from 10–16 May: demembranisation of Moscow's perimeter and further compression of refinery repair cycles.
199	Note on the Change in Rhythm — Weekly from May	The tempo of events forces the register to shift from fortnightly to weekly periods.
200	Period 11: 17–23 May	Register of 17–23 May: strikes combined with a communications and signalling campaign.
201	Three-Day Communications Campaign, 17–18 May	A synchronised communications layer on 17–18 May superimposed on the kinetic campaign.
202	Period 12: 24–30 May	Register of 24–30 May: culmination of deep strikes and formalisation of “long-range sanctions”.
203	27 May — the Largest Deep-Strike Package of the War	27 May: the largest package of parallel deep strikes to date.
204	May Statistics — Commander-in-Chief of the Armed Forces of Ukraine (Gen. Syrskyi)	The official Ukrainian Armed Forces balance for May: Deep Strike targets, losses, territory and air defence.
205	Period 13: 31 May–6 June	Register of 31 May–6 June: SPIEF, the Baltic, Crimea and expansion of the campaign to roughly 1,000 km.
206	3 June — Strike on the Opening Day of SPIEF	A strike on St Petersburg on SPIEF's opening day as pure calendar-based signalling.
207	Period 14: 7–13 June	Register of 7–13 June: R-280 interdiction, substations, railways, arsenals and new target types.
208	Period 15: 14–20 June	Register of 14–20 June: continued pressure on fuel, Moscow, Crimea and infrastructure.
209	Period 16: from 21 June (Ongoing)	Register from 21 June onward: Crimea as an island, microelectronics, refineries and a nationwide fuel cascade.
210	July 2026. The Shift to Wholesale	July 2026 as the point when Ukrainian pressure shifts from individual strikes to system scale. An analysis of fuel, the economy, mobilisation, adaptation and Russia's shrinking options.
211	I. The Scale of Wholesale	A change in the unit of measurement: from individual hits to the balance of entire capability classes.
212	1. Refining — a Twenty-Year Low	Russian oil refining at its lowest level in two decades, with persistent refinery outages.
213	2. Strike Tempo	A surge in the number and geographic reach of hits on Russian fuel infrastructure.
214	On the “Pause” That Wasn't	The supposed refinery pause was a shift of the campaign toward storage and logistics.
215	3. The Geographic Reach of the Crisis on the Russian Side	Fuel shortages cover almost all of Russia and are beginning to affect the front as well.
216	4. What “Wholesale” Means	Target classes, rather than individual objects, become the unit of attack; the measure is the balance and irreversibility of losses.
217	II. The Marketplace as a Target	E-commerce warehouses as part of military logistics and as a channel transmitting financial losses.
218	1. The Wildberries Campaign	A series of strikes on Wildberries warehouses exposes a new, weakly defended target class.
219	On the Evacuation That Never Happened	The absence of worker evacuation as an indicator that the system was unprepared for this category of strike.
220	2. The First Ozon	Expansion of the campaign from Wildberries to Ozon infrastructure.
221	3. Target Rationale	The marketplace as a real military-supply node, not an accidental civilian object.
222	4. Reason, Not Pretext — and Sealed by the EU	Russian labelling of military goods confirms the material reason for selecting the target.
223	What the Union Could Do	The EU responds with sanctions against the same entities instead of challenging Ukraine's classification of the target.
224	5. Financial Effect and Risk Transfer	Warehouse losses flow through to sellers, loans, bank provisions and the state.
225	III. The West's Strategic Silence	The West acts on structural analysis while speaking publicly mostly about current events.
226	1. The Gap Between Knowledge and Speech	Western decisions reveal more strategic knowledge than official statements do.
227	2. The Word of an Incumbent Is a Commitment, Not an Opinion	A strategic forecast by a serving politician immediately creates an obligation to act.
228	3. The Question No One Wants to Hear	Russia's disintegration opens the uncomfortable question of who controls the nuclear arsenal.
229	On the Oil Price	Decision-makers' words about Russian oil can themselves move energy prices.
230	4. Asymmetry in the Cost of Being Wrong	Politically, silence is cheaper than being publicly wrong about Russia's disintegration.
231	5. Retirees Speak — the Control Test	Once out of office, the same people speak much more freely about end-state scenarios.
232	6. The Media Too — Different Mechanism, Same Effect	The media avoid categorical structural forecasts for different reasons than incumbent politicians do.
233	7. Error in the Comparative Frame	Misleading historical analogies obscure the different structure of Russia's current erosion.
234	8. Who Can See That the Emperor Has No Clothes	Those who do not bear the cost of their own diagnosis find it easiest to name the full picture.
235	IV. Budanov and Zelenskyy — a Change in Language	A shift in the language of Ukraine's leadership from survival to a timetable for ending the war.
236	1. A Promotion That Is Itself a Thesis	Budanov's promotion read as a shift of weight toward the phase of political closure.
237	2. From Survival to a Deadline	Public language shifts from “we will endure” to a concrete window for ending the war.
238	3. The Doctrine of Maximising Escalation	Exiting escalation by increasing pressure until the opponent is forced to decide.
239	4. Literalness as a Tool	Literal messages as a deliberate way to limit over-interpretation and propaganda noise.
240	5. The Warrior-Monk Register	Budanov as a cool, restrained sender reporting verified tasks without triumphalism.
241	The Same Missing Layer	The absence of performative triumph as a shared feature of the statements analysed.
242	Reference: Budanov's Grammar	The language of July confirms the earlier reading of Budanov's omissions and sequencing of communication.
243	6. What They Say, and What They Still Do Not	Transparency stops before the questions of Russia's disintegration, Putin and the nuclear arsenal.
244	V. Kasparov — the Reference Constant	Kasparov's diagnosis, unchanged for years, as a baseline against which a shifting reality can be measured.
245	1. Twenty Years of the Same Thesis	The constant thesis: Putin's regime ends only with Russia's defeat.
246	2. Three Things No One Else Says	Kasparov states openly three conclusions avoided by serving decision-makers.
247	First: Russia Will Disintegrate	The disintegration of Russia's imperial structure as the expected consequence of the regime's defeat.
248	Second: Russia Should Disintegrate	Russia's disintegration presented also as a desirable moral and strategic outcome.
249	Third: China Profits from This War, and Essentially No One Else Does	Beijing as the main beneficiary of a prolonged war and Russia's growing dependence.
250	And the Conclusion That Follows from the Three Above: It Is Not Terrible	The collapse of an empire need not be a greater catastrophe than the cost of keeping it alive.
251	3. Why It Sounds Different Now	The data have moved toward a diagnosis that once sounded like dissident exaggeration.
252	4. Three Voices, One Model	The West, Ukraine and Kasparov differ in degree of commitment, not necessarily in knowledge.
253	VI. How Innocently Wholesale Began	Wholesale grew out of a response to a Russian attack, but persisted because it proved highly effective.
254	1. The Ladder Began Earlier	July's wholesale campaign rests on capabilities built earlier to increase Ukraine's autonomy.
255	2. Two Engines in the Same Direction	Strategic calculation and moral retaliation push the campaign in the same direction.
256	3. The July Ladder, Day by Day	Day by day, the response escalates from a gesture into a sustained campaign against new target classes.
257	4. A Double Response — Material and Reputational	A simultaneous material and communications effect following the Russian attack.
258	5. Confidence in the Next Step	A renewable weapons stream increases the ability to repeat successful moves without making a large inventory bet.
259	6. Accidental Durability	A temporary response is retained because the new target class proves exceptionally cost-effective.
260	VII. Historical Inversion	Russia is now fighting against the human and industrial rear that once powered its victories.
261	1. What Russia Used to Win Wars With	For centuries, the empire drew on Ukrainian people, industry and military competence.
262	2. Amputating Its Own Muscle	The attack on Ukraine cut Russia off from part of its own historical base of power.
263	3. What This Means for the War	Lost imperial competencies help explain Russian shortages and Ukraine's capacity for innovation.
264	VIII. The Forecast Catches Up with Reality	A previously niche scenario of accelerated resolution enters the language of decision-makers.
265	1. What Was Written in March	The March scenario distribution assigned an accelerated end to the war a meaningful but minority probability.
266	2. What Was Added in June	Independent clocks shift the forecast weight toward autumn 2026.
267	3. What Zelenskyy and Budanov Say Now	Zelenskyy and Budanov publicly point to winter 2026 as a realistic boundary of the window.
268	4. What Was Not Previously in Circulation	The novelty is that a rapid end to the war has entered the public repertoire of scenarios at all.
269	5. Discipline — a Map, Not GPS	The forecast remains a risk map, not a certain date or a GPS for events.
270	IX. Collapse in the Present Continuous	Parallel degradation of Russia's budget, agriculture, reserves, transport and corporate sector.
271	1. The Budget — the Official Hole and the Oil Paradox	The deficit exceeds plans even as fiscal rules are pushed beyond the current horizon.
272	The Oil Paradox — Falling Revenues at Record Prices	Revenues fall despite record oil prices because the constraint is becoming physical export capacity.
273	2. Harvests — Fuel Eats the Crop, Technology Eats the Rest	Shortages of fuel, technology and labour directly hit the pace and outcome of the harvest.
274	Technological Degradation Underneath	Cheaper seeds, less fertiliser and ageing equipment increase agriculture's vulnerability.
275	Weather and the Liquidity Trap	Weather and lack of cash lock farmers into a fuel–harvest–income loop.
276	The Countryside Will Feed Itself; the Cities May Not	Rural areas retain survival buffers; politically, food shortages in large cities are more dangerous.
277	3. Gold — the Sale of the Century	The central bank sells gold at a record pace to plug the budget.
278	4. Railways — a Fifth Year of Decline, with Degradation Underneath	Falling freight volumes overlap with workforce losses, asset deterioration and worsening infrastructure quality.
279	The Freight-Work Paradox	Freight work can mask shrinking volumes through changes in route length and cargo mix.
280	Asset Sales and Loss of People	The railway sells assets and loses the technicians needed to keep the system running.
281	Falsified Repairs and Loading Bans	Paper readiness and loading bans conceal the real degradation of railway infrastructure.
282	5. Civil Aviation — a Failure Every Week	Parts cannibalisation and constrained maintenance translate into growing civil-aviation failure rates.
283	6. The Corporate Sector — Managed Decline	Large companies move from growth to restructuring, losses and controlled contraction.
284	7. Why This Is Already Future Perfect	Some processes have passed the forecasting stage: the question is about consequences, not whether they will occur.
285	X. Silent and Full Mobilisation	Russia between costly recruitment, quiet mobilisation and the risk of full mobilisation.
286	1. Recruitment Is Failing	Bonuses rise while voluntary inflows of manpower produce ever smaller marginal returns.
287	2. Quiet Mobilisation — What Is Already Happening	Administrative and contractual mechanisms increase manpower without formally declaring mobilisation.
288	3. The Counterargument — Is There Really a Shortage?	Counterargument: current recruitment may be enough to hold the front, though not to achieve a breakthrough.
289	4. Full Mobilisation After the Elections	September politically constrains the decision, so full mobilisation is considered more plausible after the elections.
290	5. What It Would Give, and What It Would Take Away	Full mobilisation buys infantry at the cost of the labour market, specialists, emigration and social calm.
291	It Would Give: Mass Infantry, for One Season	Several hundred thousand people would provide one season of greater mass at the front.
292	It Would Take Away: the Last Labour-Market Reserves	Conscription removes people from a labour market that already has almost no reserves.
293	It Would Take Away: the Specialists the War Needs Most	Mobilisation pulls technicians from the economy who are also needed by the military itself.
294	It Would Take Away: Another Wave of Emigration, This Time Permanent	A new mobilisation wave could trigger lasting emigration among the young and mobile.
295	It Would Take Away: Social Calm That Cannot Be Bought Back	Full mobilisation reveals the scale of the war and raises the regime's social cost.
296	XI. The Chinese Component Substitute	China replaces part of Western supply, but deepens Russia's one-sided dependence.
297	1. Scale of Replacement	Chinese components fill Russian gaps in electronics and dual-use technologies on a mass scale.
298	2. Official Surrender of the Independence Programme	Russia formally lowers its target for electronic independence and cuts domestic programmes.
299	3. Irtysh — a Processor That Is Not Russian	The “Russian” processor turns out to rely on Chinese architecture and foreign manufacturing.
300	4. Grey-Zone Channels	Sanctioned components flow through intermediaries, shell companies and third countries.
301	5. Gas — Both Directions Closed	The European market is lost, while the Chinese route cannot provide comparable scale or terms.
302	6. This Is Not Substitution, It Is Changing Creditors	Russia did not regain autonomy; it replaced the West with a stronger Chinese creditor.
303	XII. The Defence Industry — Four Closures	Repeated strikes, component bottlenecks and labour shortages close the pressure loop around the defence industry.
304	1. Repetition Matrix	The same plants are hit faster than they can complete successive repair cycles.
305	2. The Bottleneck Is the Component, Not the Building	The key constraint is hard-to-replace parts and technologies, not factory halls.
306	3. KAB — One Product, Three Links	KAB production depends on several different and simultaneously vulnerable supply links.
307	4. The Triangle of Competition for People	The military, defence industry and civilian economy compete for the same shrinking pool of specialists.
308	XIII. The Stream Under Load	Testing the other side of the equation: Ukraine's production stream is real, but it also has limits.
309	1. The Stream Is Real — the Numbers	Drone and missile production grows as a renewable flow rather than as a stockpile being depleted.
310	2. The Stream Is Funded, Not Free	The main bottleneck in Ukrainian production is external financing, not industrial capacity.
311	3. Infantry — a Shortage Technology Cannot Fix	Technology does not remove the structural shortage of trained infantry needed to hold ground.
312	4. Energy — a Correction to the Earlier Thesis	Ukraine's grid is regenerating, but heavy transformers have long replacement cycles.
313	5. Asymmetry of Constraints	Russian constraints are mainly physical and one-way; Ukrainian constraints are more often politically reversible.
314	XIV. What Russia Has Learned to Do Well	Steelmanning: Russia effectively circumvents some sanctions and builds new resilience mechanisms.
315	1. The Shadow Fleet — from Workaround to Institution	The shadow fleet has become a durable Russian export institution despite vessel-by-vessel sanctions.
316	2. A New Level: Building Capacity Under Sanctions	Russia and its partners develop new project capacity even within the sanctions regime.
317	3. Counter-Adaptation: Kinetic Sanctions	Ukraine answers sanctions circumvention by physically destroying infrastructure and transport assets.
318	4. Other Adaptations	Parallel imports, substitution and production reorganisation soften part of the external pressure.
319	5. The Cost of Every Adaptation	Every workaround raises costs, lengthens the chain and increases dependence on intermediaries.
320	6. Why This Strengthens the Thesis Rather Than Weakens It	Successful adaptation shows that the system persists, but at the price of growing complexity and cost.
321	XV. Banking — the Shortest Fuse	A concealed banking crisis as the fastest mechanism for turning erosion into panic.
322	1. Formally, the Crisis Is Already Underway	Bad assets and insolvency exceed levels consistent with a banking crisis.
323	2. Masking Through Restructuring	Restructuring delays classification of bad debt and shifts the cost onto the state.
324	3. Marketplaces as an Accelerator	Warehouse strikes worsen corporate credit quality and increase banks' provisioning needs.
325	4. Flight into Cash and Insolvency	Cash outside the banking system and insolvency among households and firms are rising at the same time.
326	5. Why This Is the Shortest Fuse	Banking perceptions can turn a hidden crisis into an open one within days.
327	XVI. Winter 2026/27 — Convergence of Vectors	Autumn and winter bring fuel, finance, mobilisation, the budget and district heating into one window.
328	1. Calendar of Convergence	Independent clocks across multiple processes converge around autumn 2026 and early 2027.
329	2. District Heating — 70% Wear with a Budget Cut 2.3-Fold	Worn heating infrastructure enters winter with maintenance funding sharply reduced.
330	3. The Admission Written into a Government Document	Russian government documents themselves record the risk of failures and infrastructure shortages.
331	4. Why the Tangle Multiplies Rather Than Adds	Simultaneous crises compete for the same resources needed for response.
332	5. What Would Have to Go Right	A stabilisation scenario requires simultaneous success across many independent axes.
333	XVII. War Mode and Moving Backward in Time	Full economic mobilisation can solve allocation, but not material availability.
334	1. What War Mode Actually Solves	Coercion directs people, money and priorities where the state wants them.
335	2. The Door Was Closed Before the Decision	Social and economic control was built before full war mode was formally named.
336	3. What Is Missing: Allied Supply	Russia lacks an external supplier on a scale comparable with the historical Allied rear.
337	4. Three Time Layers of One Economy	Archaic production, a Soviet base and imported modernity coexist within the same economy.
338	5. Modern Coercion, Archaic Production	Citizen control is the most modern element, while production is technologically regressing.
339	XVIII. Inventory of Options — What Russia Has Left	Separating Russia's real tools from measures that sound like solutions but are materially empty.
340	1. False Options	Bailouts, confiscation and monetary tricks do not create missing physical goods.
341	2. Real Options	What remains real is reallocating resources, lowering standards and importing physical goods from outside.
342	3. Money Has Stopped Being the Binding Constraint	The constraint is access to components, people and infrastructure, not the number of rubles.
343	XIX. What Else Can Burn	A catalogue of further target classes with high potential to strip Russia of wartime capabilities.
344	XX. The Boundary of Material Analysis	Material indicators show conditions maturing, but do not identify the moment of rupture.
345	1. The Assumption Stated Explicitly	Explicit assumption: in a Great War, resource balances alone do not predict the moment of the end.
346	2. Material Conditions Create the Possibility; Meaning Creates the Moment	Material conditions create the possibility of rupture; meaning, loyalty and narrative can trigger the moment.
347	3. Symbolic Asymmetry	The Russian narrative stabilises; the Ukrainian narrative mobilises the creation of new capabilities.
348	On Moral Justifications	Both sides have their own moral frames; analysis must distinguish their function from their truth value.
349	4. Symbolic Targets — a Different Logic	Some targets mainly affect the sense of invulnerability and elite calculations.
350	5. What This Document Does Not Measure	Blind spots: will, apparatus loyalty, meaning and decisive singular events.
351	Kolumbryna vs Reality — Two Revisions	An audit of Kolumbryna's 24 forecasts in two revisions: 31 May and 23 June 2026.
352	How to Read This	A legend for the four statuses and the change markers between revisions.
353	Revision Counter	The aggregate shift of the 24 rhinos between the May and June states.
354	24 Rhinos — Status as of 31 May	Item by item: status, new data and change for each of the 24 rhinos.
355	Stock vs Flow	The Russian system relies on depleting stocks while Ukrainian pressure increasingly operates as a flow. The analysis links the fuel crisis with Putin's decision trap.
356	Part I — Material: Russia's Fuel System	The fuel balance: loss of slack, almost no stock, product asymmetry and growing logistical constraints.
357	1. The 28 June Strike — Three Facilities, Scale Verified	A single wave hits three oil facilities; thermal data confirm the scale of the fires.
358	2. Nominal Capacity vs Actual Throughput	Nominal refinery capacity overstates resilience; actual throughput left 57–75 Mt of slack.
359	3. The Fifteen Largest Refineries — Nominal Share	A ranking of the largest refineries shows capacity concentration and the scale of damage by June 2026.
360	4. Product-by-Product Balance and Buffer Asymmetry	Petrol has a thin buffer, diesel a thick one; the same fall in throughput hurts products asymmetrically.
361	5. Storage Reserves — Flow vs Stock	Russia effectively lacks strategic fuel stocks; the system depends on continuous flow.
362	6. The Ladder of Bans and the Co-Product Feedback Loop	Successive export bans reveal the shortage ranking: petrol, aviation fuel, then diesel.
363	Pressure Valves and the “Hole in the Ground”	Co-products do not choke refining; surpluses become waste, so lower throughput means forced shutdowns.
364	7. Offline ≈ Slack — a Phase Change	Outages have caught up with former spare capacity; further hits now cut into real production.
365	8. Flat Lines and Suppressed Demand	Lower civilian consumption may reflect rationing rather than genuinely lower demand.
366	9. The Transport Onion — Four Layers	Surviving eastern refineries are far away; rail, capacity and rolling stock create successive bottlenecks.
367	Part II — Strategy: the Sole Decision-Maker Trap	Shrinking resources meet a decision-maker trap, a closed freeze and growing risk of a residual move.
368	1. Four Stock-vs-Flow Axes	Four Russian stocks are shrinking in parallel: fuel, precision fire, elite loyalty and escalation capacity.
369	2. Reading Through Absence	Failure to respond as one's own doctrine predicts is information about real constraints.
370	3. Generals and the Delusional Picture	Loyalty-based selection removes competent commanders and produces a false picture of reality for Putin.
371	4. The Locked Elite — Unlike 2010/2019	The elite has no exit, voice or waiting option; apparent stability increases the risk of a sudden flip.
372	5. Checkmate — the Freeze Closed from Russia's Side	A freeze is politically harder for the Kremlin than continuing the war: it exposes weakness and triggers its own crisis.
373	6. Collapse of the Frame — Russia = Putin	The state's interest diverges from the objective function of the only real decision-maker: Putin's personal survival.
374	7. The NATO Gambit and Casus Belli	Escalation against NATO as a residual move: a defeat that is narratively easier than losing to Ukraine.
375	Soft Landing — Structure, Not Wishful Thinking	A limited defeat by NATO could preserve Russian statehood and nuclear custody while politically degrading Putin.
376	Casus Belli — Poland 1939 (the Gleiwitz Model)	A false flag on NATO's eastern flank as a way to present escalation against NATO as defence.
377	8. The Cornering Paradox	The fewer safe exits Russia has left, the more attractive a high-risk residual move becomes.
378	9. Advocatus Diaboli — the Collected Hinges	Collected caveats: degradation does not imply an imminent end, and the key theses depend on the current configuration.
379	How States End — Phenomenology, Typology, the Russian Calculation	A typology of how states end and a filter applied to contemporary Russia. Core thesis: a long period of erosion can turn into very rapid disintegration.
380	I. Framework — Phenomenology, Not Aetiology	The analysis describes the form and course of a state's ending, not the full aetiology of its collapse.
381	II. What the Fall of the Third Reich Looked Like	An example of long erosion ending in a four-month extinguishing of the state through conquest.
382	Ten Markers	Ten observable signs of the transition from great power to the physical disappearance of a state.
383	Two Poles — 1945 vs 1918	Contrast: extinction through conquest in 1945 versus internal rupture in 1918.
384	III. Typology of Modes of State Ending	Expanding the simple 1945/1918 split into multiple distinct forms of state ending.
385	Eight Modes	Eight mechanisms of ending: from conquest and revolution to disintegration, prosthetic implosion and absorption.
386	Cross-Cutting Pattern — Death and Rebirth from the Core	A state can die and later re-emerge from its core in a new form.
387	Distinguishing Axes	The modes differ in surrender acts, dissolution processes, continuity of the apparatus and the fate of territory.
388	IV. The Russian Filter	The typology is narrowed to modes genuinely possible for a vast nuclear Russia.
389	Which Modes Drop Out	Conquest, partition and some surrender modes fall away; what remains is mainly a change of centre and disintegration.
390	Two Engines of Self-Dissolution — USSR vs Austria-Hungary	Russia is closer to the USSR's top-down elite defection than to Austria-Hungary's bottom-up national disintegration.
391	The 1.1 Million Figure — Front Army vs Holding Apparatus	The field army and coercive apparatus are separate pools; defeat at the front is a signal, not automatic disintegration.
392	The Monopoly on Violence as a Belief About Oneself	The monopoly on violence lasts as long as the apparatus believes the centre remains strong and victorious.
393	V. External Hierarchy — from Patron to Client	Russia has fallen from patron to client of China, losing successive layers of external sovereignty.
394	VI. Who Wants What Kind of Russia	Actors' interests separated by whether they want Russia whole, strong or reduced to its core.
395	Three States — Wholeness, Strength, Strength Without Federation	Territorial integrity, strength and federal structure are separate axes; a strong core without the periphery can be attractive.
396	China and the Norm of Territorial Integrity (cf. Ukraine)	Beijing treats Russia's territorial integrity instrumentally; stability, access and economic dependence matter more.
397	Iran on the Proliferation Axis	Iran would care less about Russia's map than about a brief window of access to nuclear technology.
398	Category IV — Musk and Thiel	Private actors may prefer fragmentation and influence the West's stabilising instinct, though they will not cause the fragmentation themselves.
399	Balance — Who Is Really on Which Side	There is no strong, coherent coalition on the side of Russia's territorial integrity; external interests are dispersed.
400	VII. Defusing the Refugee Scare	Refugee risk is real, but depends more on mobilisation and violence than on poverty or disintegration itself.
401	VIII. Internal Binding — Three Layers	Three internal layers holding Russia together turn out to be conditional calculations rather than durable loyalty.
402	Layer I — Siloviki as a Strength Sensor (~300,000 + Families)	The siloviki are a sensor of the centre's perceived strength and may switch sides when the calculation reverses.
403	Layer II — Bureaucracy as Inertia (X Million Federal and Quasi-Federal)	The bureaucracy sustains state functioning, not the regime; its inertia depends on solvency.
404	Layer III — Oligarchs as Hostages	Oligarchs are hostages of the system and a potential leading indicator of its instability.
405	IX. Synthesis — the Binding Agent Is a Calculation on Two Variables	Internal cohesion depends on two signals: perceived strength and the centre's solvency.
406	X. Open Question — Periphery vs Core	What remains unresolved is what would stop spontaneous disintegration at the periphery rather than draw in the core.
407	Dark Legitimacy: What Russia and Ukraine Reveal About Authoritarianism	The concept of “dark legitimacy”: authoritarianism stabilised by the cynical expectation that all power is bad. Russia and Ukraine reveal opposing logics of legitimacy.
408	Abstract	Definition of dark legitimacy and the contrast between Russian acceptance of evil and Ukrainian affirmative legitimacy.
409	An Affirmative Concept of Legitimacy	A review of models in which power justifies itself through value, mission, consent, law or a shared purpose.
410	Governmentality: Affirmative Legitimacy Beyond Democracy	Governmentality extends affirmative legitimacy beyond democracy: power justifies itself through productive governance and knowledge.
411	Legitimacy Crisis in the Soviet and Post-Soviet Context	The collapse of belief in Soviet ideology creates a cynical vacuum from which Russia builds a new model of legitimacy.
412	Dark Legitimacy: Bad Is Good	Corruption and violence stop delegitimising power when they are treated as normal, inevitable or even desirable.
413	Russia–Ukraine: The War Over Legitimacy	The war as a clash between Russian dark legitimacy and the Ukrainian tradition of consent, social mobilisation and dignity.
414	Consequences of Dark Legitimacy	Criticism of corruption reinforces a system that already assumes corruption; the real weakness is the loss of the image of strength.
415	Acknowledgments	The author's acknowledgments for contributions, discussions and support for the work.
416	References	Bibliography of theoretical and empirical sources used in the article.
417	DISINFOLKLORE	Disinfolklore as a framework combining folklore, archetypes and analysis of contemporary disinformation. Its purpose is to identify narrative mechanisms and build cognitive resilience.
418	Contents	A map of the compilation's twelve main parts and analytical tools.
419	I. Genesis: the Bridge, Trolls and Folklore	The method grows out of the experience of a mediator on a bridge in Donbas and observation of the folkloric structure of conflict.
420	II. What Disinfolklore Is — Definition and Scope	Disinfolklore as a narrative form, analytical theory and countermeasure in information warfare.
421	III. Twelve Tools of the Analytical Method	A twelve-part toolkit for parsing memes, emotions, archetypes, provocations and content distribution.
422	Archetypal Disinfolklore Literacy	Recognising folkloric archetypes hidden in contemporary messages.
423	Incoming–Outgoing Troll Radars	Filtering the content we let into our own minds and pass on to others.
424	Look for the Mana in the Meme!	Identifying the emotional energy embedded in a message and the direction in which it acts.
425	Archetypal Structures	Detecting realm-switching, identity transformations and personification of abstractions.
426	Trigger → Experience → Reaction	Separating stimulus, experience and reaction to interrupt an automatic emotional chain.
427	Code of Positive Trolls	Six values used as a filter distinguishing defensive communication from manipulative communication.
428	Accusation in a Mirror	The perpetrator accuses the future victim of actions the perpetrator plans or is already carrying out.
429	Provocation Logic Cycle	Fabricating a threat and then presenting one's own aggression as a response to it.
430	Witch Switch	Redirecting real social fear toward a fabricated culprit.
431	Coercive Control	A model of coercive control recurring from personal relationships to state politics.
432	Re-Archetyping	Deliberately changing the mental model of an object by substituting a new archetype.
433	Understanding Rashist Construction	Analysis of propaganda production: temniki, troll factories, vectors and distribution networks.
434	IV. Three Archetypes: Druidy Don, Duncey Putin, the Comedian	Trump, Putin and Zelenskyy as three archetypal figures organising the information field under analysis.
435	Druidy Don (Trump)	Trump as a mass-scale trickster-shaman capable of archetyping political reality.
436	Duncey Putin	Putin as a dangerous but non-learning archetype of the dim-witted folkloric hero.
437	The Comedian (Zelenskyy)	Zelenskyy as an archetypal communicator using symbolic “mana” in a defensive function.
438	V. Mana — Energy in Memes	A meme carries emotional energy; recognising it becomes the first defensive filter.
439	VI. Accusation in a Mirror and Provocation Logic	Two coupled mechanisms: projection of one's own intentions and construction of a pretext for aggression.
440	Accusation in a Mirror	Russian accusations can be read as projection of the perpetrator's own plans.
441	Provocation Logic Cycle	A fabricated pretext triggers apparently reactive aggression that was planned in advance.
442	VII. Witch Switch	Authentic social problems are swapped for an easy, innocent target of anger.
443	VIII. Data-Resistant Archetypes — Mental Models Resistant to Facts	A deep archetype can ignore facts until dramatic counter-data break the model.
444	IX. Finding Manuland — Indo-European Foundations	The project looks for six thousand years of continuity in Indo-European narrative structures from Yamnaya to the present.
445	Core Theses of Finding Manuland	Ukraine as a source civilisation, Manuland as a counter-geography, and a hypothesis of sound-based semantic patterns.
446	X. Disinfolklore and EU FIMI — Complementary Frameworks	FIMI describes the infrastructure of manipulation; Disinfolklore describes its archetypal and emotional mechanism.
447	What FIMI Does Well	FIMI effectively maps incidents, channels, attribution and shared terminology for EU states.
448	What FIMI Misses — and Disinfolklore Sees	FIMI is weaker at capturing internal intermediaries and the emotional and archetypal content of the meme.
449	XI. Counter-Disinfolklore — Defensive Tools	Six steps: recognise manipulation, diagnose the mechanism and deliberately deploy a counter-archetype.
450	XII. Conclusions and Directions for Further Research	The framework requires further validation and development in AI, law and the re-archetyping of Ukraine.
451	Disinfolklore: SWOT, Advocatus Diaboli, Cross-Examination	A triple test of Disinfolklore: SWOT, philosophical advocatus diaboli and a quasi-judicial examination of the method's credibility.
452	SWOT Analysis	A balance of strengths, weaknesses, opportunities and threats before attempting a deeper challenge to the method.
453	Strengths	Its strengths are interdisciplinarity, field experience, operational tools and the ability to build counter-narratives.
454	Weaknesses	The greatest weaknesses are dependence on the author, lack of validation and speculative linguistic elements.
455	Opportunities	Opportunities include scaling through AI, institutionalisation, education and growing demand for information-warfare analysis.
456	Threats	Risks include dismissal as pseudoscience, political instrumentalisation and loss of credibility for the entire toolkit.
457	Strategic Synthesis	Separate the empirically useful toolkit from speculation, formalise it and subject it to external validation.
458	Advocatus Diaboli	A series of questions testing the ethics, epistemology and internal contradictions of Disinfolklore.
459	If Archetyping Is a Weapon, Is Re-Archetyping Not the Same Weapon with the Blade Reversed?	Does counter-archetyping really differ structurally from the manipulation the method criticises?
460	The Observer on the Battlefield: Can One Study Spells Without Being Enchanted Oneself?	Can an engaged participant in information warfare preserve the distance required to analyse it?
461	Mana: Can a Non-Falsifiable Concept Retain Analytical Power?	Does “mana” have an empirical criterion, or does it remain a metaphor resistant to falsification?
462	Is the Claim “Ukraine Is the Source Civilisation of the West” Not Itself an Act of Disinfolklore?	Does heroic re-archetyping of Ukraine itself become a deliberately constructed political narrative?
463	Indo-Eurocentrism as a Blind Spot: What About Minds Shaped by Other Matrices?	Does a framework built on Indo-European archetypes work outside cultures shaped by that tradition?
464	The Scale Problem: 1.5 Million Words vs a 15-Second TikTok. Is an Encyclopaedia the Antivirus for a Sniper?	The method is cognitively too heavy for the speed and simplicity of contemporary disinformation channels.
465	The Boundary Between Tool and Belief System: When Does the Analyst Become a Priest?	A test of the point at which analytical terminology begins to function like a closed belief system.
466	Can a Democratic Weapon Survive Contact with a Democratic Voter?	Can a demanding defensive tool work at mass scale in the real ecology of democratic attention?
467	The Story of Three Characters: Is Reducing Geopolitics to a Fairy Tale Not a Form of What You Criticise?	Archetyping Trump, Putin and Zelenskyy may simplify geopolitics in the same way as the propaganda being criticised.
468	The Final Aporia: Can a Post-Narrative Tool Be Built Entirely from Narratives?	Aporia: a tool meant to liberate people from narratives is itself built from narrative categories.
469	Informational Cross-Examination of an Expert under Art. 278 et seq. of the Polish Code of Civil Procedure	A quasi-judicial test of whether Disinfolklore meets requirements of repeatability, falsifiability and expert competence.
470	Expert, Please Identify the Peer-Reviewed Journal in Which You Published the Full Description of the Disinfolklore Method, Together with External Reviews.	A question about peer-reviewed publication of the full method and independent peer review.
471	Would Two Independent Analysts Applying Your Twelve-Part Algorithm to the Same Meme Reach the Same Conclusion About Its Classification as Disinfolklore?	A test of inter-analyst consistency on the same material.
472	Expert, You Use the Concept of “Mana” as a Key Analytical Indicator. What Empirical Result Would Falsify the Claim That a Given Meme “Contains Strong Mana”?	A demand for an empirical outcome that would allow the diagnosis of “strong mana” to be judged wrong.
473	Your Formal Education and Professional Experience Are in Diplomacy and Mediation in the OSCE Context. Please Identify Your Qualifications in Comparative Linguistics, Folklore Studies, Cognitive Psychology and Archaeogenetics — the Disciplines on Which Your Method Relies.	A test of the author's formal competence in the disciplines underpinning the broad method.
474	You Are a Public Advocate of the Ukrainian Cause. You Run the Volya Foundation, Work with NAFO and Call Russia “Ruschia”. How Do You Assure the Court of Your Impartiality as an Expert in a Case Involving an Entity Linked to the Russian Federation?	A question about whether explicit engagement on Ukraine's side is compatible with expert impartiality.
475	Please Give a Precise Operational Definition of “Archetype” in Your Method, Distinguishing It from Jung, Campbell and Propp — Precise Enough for Two Lawyers to Apply It Independently to the Same Facts.	A demand for a strict definition of archetype enabling independent and repeatable application.
476	Do You Have Empirical Data — Experimental, Quasi-Experimental or Even a Controlled Case Study — Showing That Disinfolklore Increases Recipients' Resilience to Disinformation?	A question about controlled evidence that the method actually increases audience resilience.
477	You Claim That the M–N Sound Is “the Most Important Discovery in Indo-European Linguistics Since de Saussure”. How Many Professors of Indo-European Linguistics — Even One — Have Publicly Endorsed That Claim?	A test of external scholarly support for the most ambitious M–N sound hypothesis.
478	Please Give a Specific Case in Which Your Method Would Produce a False Positive — Identifying as Disinfolklore a Message That Is Not Disinfolklore.	A demand for an example and mechanism by which the method would misclassify innocent content as manipulation.
479	You Claim That “Accusation in a Mirror” Is a Structure Shared by All Genocides — the Perpetrator Accuses the Victim of What the Perpetrator Plans. But Mutual Accusations Are Routine in Politics. What Precise Criterion Would Let a Court Distinguish a Genuine Accusation from “Accusation in a Mirror”?	A need for a criterion distinguishing perpetrator projection from ordinary political accusation.
480	In What Type of Civil Proceeding — Protection of Personal Rights, Copyright Infringement, Damages — Would Your Method Have Evidentiary Value? Please Identify a Specific Provision of the Polish Civil Code or Code of Civil Procedure That Would Admit an Opinion Based on This Method.	A test of the concrete legal basis and scope in which the method could serve as evidence.
481	Expert, Final Question: As the Creator of This Method, Can You Identify the Conditions Under Which You Yourself Would Consider It Refuted?	The sharpest test of scientific status: specifying conditions under which the creator would consider the method falsified.
482	☠️ Taxonomy of Russian Suicide	A catalogue of suspicious deaths of prominent Russians, organised by the official or visible method of death. Each case separates the fact of death from open interpretation.
483	I. Defenestration (Falling from a Window)	Cases of falls from windows, especially frequent among business and administrative elites after 2022.
484	II. Firearms	Deaths by firearm officially or initially classified as suicides, often under unusual circumstances.
485	III. Hanging / Strangulation	Cases of hanging and strangulation involving business, administration and people with inconvenient knowledge.
486	IV. Drowning / Falling from a Vessel	Deaths in water or after falling from vessels, grouped as a separate pattern.
487	V. Sudden Heart Attack / “Acute Failure”	Sudden medical deaths officially explained as heart attack, stroke or acute organ failure.
488	VI. Poisons and Exotic Substances	Documented and suspected uses of poisons, from polonium and Novichok to other substances.
489	VII. Death in Prison / Penal Colony	Deaths in prisons and penal colonies, where the state controls conditions, care and access to information.
490	VIII. Found Dead (No Explanation)	Cases where the official communication goes no further than reporting that a body was found, without a clear mechanism of death.
491	IX. Plane Crash (Target = Group)	Plane crashes as a method capable of eliminating the target and the surrounding group at the same time.
492	X. Decapitation	Cases of literal or extremely brutal decapitation as a separate, rare category.
493	XI. Double Method (Combo)	Deaths involving more than one apparently suicidal mechanism, undermining a simple official account.
494	XII. Meta-Analysis — What the Taxonomy Says	Sectoral, fiscal and temporal patterns show where suspicious deaths cluster within the Russian system.
495	🐀 Putin — Cornered Animal Edition (v3)	A map of Putin's options as a cornered autocrat for whom defeat may mean loss of power or life. The centre of gravity shifts from finance to personal survival.
496	0. Why This Is Not a Question of Money	The key constraint is not accounting: peace and defeat may be more dangerous to a personalist dictator than continuing the war.
497	I. What He Really Has Left (After All Corrections)	The real resources are a temporary oil windfall, fiscal squeezing of the population, central-bank reserves and deeper dependence on China.
498	II. What Does Not Work (Crossed Out)	Discarded options include frozen assets, a return of gas to Europe, money printing, banks and classic monetary tricks.
499	III. Hidden Wealth — $1 Trillion in Dark Money	Putin's offshore wealth is enormous but difficult to reveal and use without freezing; it is better suited to influence operations than to financing the war.
500	IV. Cornered Animal — Scenarios of Desperation	A map of residual moves from political deals to escalation as normal exits close.
501	V. The Key Question: When Will the Elites Detach from Putin?	Elite loyalty persists as a calculation until the cost of staying with Putin exceeds the risk of removing him.
502	Synthesis v3: His Life Project Failed	Synthesis: there is no hidden grand plan, only a shrinking set of costly and increasingly bad options.
503	Yalta 3.0	A scenario for restructuring the order from the Caucasus to the Gulf after the weakening of Iranian statehood. Hanseatic League 2.0 is to emerge from converging interests, not from a single conference or great-power blueprint.
504	Contents	A map of the vision, operational concept, actor drivers, feasibility tests, risks and verdict.
505	1. Vision — Synthesis	Iran's disintegration as a process opening space for an organic system of corridors, trade and security.
506	Pillars of the Vision	Five supports: process-driven disintegration, natural zones, convergence of interests, shock as accelerator and private capital.
507	2. Operational Concept	Translating the vision into geography, corridors and limited actions that do not require full occupation of Iran.
508	2.1 The Aras River — Key to an Azerbaijani Operation	The Aras combines water, border and symbolic significance, giving Azerbaijan a natural operational axis.
509	2.2 The 30 km Belt — Operational Logic	A narrow border belt creates a defensive barrier and corridor without the burden of administering millions of people.
510	2.3 Zagros — the Kurdish Domain	A weakened Tehran opens the Zagros to Kurdish actors, but their internal divisions constrain a simple scenario.
511	2.4 The Grand Deal — Vladivostok for the Caucasus	A hypothetical US signal to China: acquiescence over the Russian Far East in exchange for not blocking the Caucasus.
512	2.5 End-State Model — Hanseatic League 2.0	A trade network with security functions, in which regional actors take responsibility for their own segments instead of building a new empire.
513	3. Driver Map — Actor by Actor	A balance of individual states' interests shows who gains, what each fears and what each can realistically do.
514	4. Analyses Conducted	A series of tests of the main assumptions: Iranian disintegration, the IRGC, an Azerbaijani operation, coalition dynamics, Russia, financing and shock.
515	4.1 Analysis of the Disintegration of Iranian Statehood	A test of whether observed damage marks the beginning of state disintegration or merely regime adaptation.
516	Arguments That Disintegration Has Begun	Blackout, broken succession, loss of coordination and loss of the monopoly on violence point to qualitative state degradation.
517	Arguments Against	A strong state tradition, bureaucracy and Iranian identity may hold the country together despite regime decapitation.
518	4.2 Analysis of the IRGC's Loss of Its Aura of Fear	Whether military weakening of the IRGC destroys its most important asset: the reputation of inevitable force.
519	Conclusions	The breakdown of proxy networks and ineffective retaliation make the loss of the aura of fear difficult to reverse.
520	4.3 Analysis of an Azerbaijani Operation	Assessment of a limited Azerbaijani entry into northern Iran as a stabilisation and corridor-building move.
521	Feasibility	Military readiness, casus belli, contact with the US, existing infrastructure and a humanitarian narrative support feasibility.
522	4.4 Analysis of Allied Interest Convergence	A test of whether the self-interested goals of Azerbaijan, Turkey, Israel, the US, the EU, Armenia and the GCC are enough to produce a common direction.
523	Convergences	The common denominator is a weaker Iran and new transport and energy corridors.
524	Contradictions	The coalition is strained by competing corridors, the Kurdish question and differing appetites for the scale of Iran's disintegration.
525	4.5 Analysis of Russia's Role	Assessment of whether Moscow still has the material capacity to block the reconstruction of the Caucasus and Middle East.
526	Why Russia Does Not Count	The war with Ukraine and loss of influence in Armenia reduce Russia from a veto player to a weak supplier of support to Iran.
527	4.6 Analysis of the Financing Model	New infrastructure would be financed by a mix of EU, GCC, US, Israeli and private old-money capital.
528	Sources of Capital	Capital for corridors exists in energy, logistics, Gulf funds and patient private investors.
529	4.7 Analysis of Shock as an Accelerator	Crisis is expected to force investments and decisions that the status quo would block under normal conditions.
530	Historical Precedents	1973, dot-com, 2008, COVID and 2022 show shocks accelerating transformations already under way.
531	5. Identified Gaps and Risks	The greatest risks concern nuclear materials, oil, conflict spillover, local identities and loss of control over sequencing.
532	CRITICAL RISK 1: 440 kg of Uranium in a Disintegrating State	Loss of control over highly enriched uranium could trigger proliferation or force international securing operations.
533	CRITICAL RISK 2: Global Oil Shock	An oil shock simultaneously increases the need for new corridors and weakens sponsors' ability to finance them.
534	RISK 3: Pakistan and Balochistan	Iranian disintegration could carry Baloch dynamics into nuclear-armed Pakistan.
535	RISK 4: Identity of Iranian Azerbaijanis	Iranian Azerbaijanis would not automatically choose union with Azerbaijan; identity is more complex.
536	RISK 5: Mission Creep and Escalation	A limited stabilisation mission could expand into occupation, regional conflict or confrontation among sponsors.
537	RISK 6: Kurdish Fragmentation	Divisions among Kurdish groups could turn a vacuum into competition rather than a stable zone.
538	RISK 7: Sequence of Events	The model depends on sequencing: the same events at a different pace can close the window instead of opening it.
539	6. Final Verdict	The scenario is possible, but depends on several very strong assumptions and requires rigorous risk control.
540	Analyst's Assessment	The final self-assessment separates well-supported elements from speculative ones, especially regarding China and the scale of disintegration.
541	Yalta 3.0	Five deeper layers of the argument for Yalta 3.0: decision style, identity, distrust, Nash equilibria and analytical method.
542	1. Cognitive Layer — AuDHD as a Decision Style	A speculative framework treating AuDHD traits as a decision style, not as clinical diagnosis of the actors.
543	Hypothesis	A hypothesis that Trump, Aliyev and Israel share a cognitive style that makes synchronisation easier.
544	Trump — a Textbook ADHD Profile	Trump described through impulsivity, a short attention horizon, transactionalism and hyperfocus on attractive deals.
545	Aliyev — AuDHD in Strategic Mode	Aliyev described as persistently goal-focused, systemic and capable of sudden action after long observation.
546	Israel — a State with AuDHD	Israel treated metaphorically as a state system that obsessively models threat patterns and reacts quickly.
547	2. Identity Layer — Three Nations Without a State	Jews, Kurds and Azerbaijanis as nations shaped by experience of survival without their own or a fully sovereign state.
548	Foundation of the Coalition	A shared experience of division and foreign domination is proposed as a deeper bond than current interest.
549	Shared Feature 1: The State as a Project, Not a Given	Statehood as a generational project that can be recovered after decades or centuries of loss.
550	Shared Feature 2: Mutual Recognition	Shared experience of isolation and survival is expected to facilitate durable recognition among the three nations.
551	Shared Feature 3: Self-Sufficiency as a Survival Imperative	A history of betrayal by protectors strengthens a culture of securing one's own survival independently.
552	Three Thousand Years of Shared History	Long relations among Jews, Kurds and Azerbaijanis presented as a historical layer beneath the contemporary coalition.
553	Abraham in the Zagros Mountains	The geography of the Zagros, Ararat and Aras used as a symbolic layer of shared memory and sacred meaning of land.
554	3. Paradox Layer — Distrust as a Stabiliser	Distrust of external guarantors is expected to strengthen autonomy and resilience of the proposed arrangement.
555	Thesis	Kurdish distrust of the US is presented as an advantage because it forces planning without a guarantor.
556	Precedents of Betrayal	1975, 1991 and 2019 as a sequence of US abandonments of the Kurds shaping their strategy of autonomy.
557	Five Mechanisms Through Which Distrust Strengthens the Project	Five ways in which expecting betrayal is supposed to increase self-reliance and durability.
558	Mechanism 1: Autonomy of Action	Lack of trust in a patron shortens the decision path: the actor acts in its own interest instead of waiting for a signal.
559	Mechanism 2: Structures Independent of the Patron	Own defence, revenues and regional alliances are meant to survive the disappearance of an external umbrella.
560	Mechanism 3: Independence from Trump's Attention Span	If local actors act for themselves, fluctuations in Trump's attention cease to be a critical risk.
561	Mechanism 4: Eliminating the Dependency Trap	Diversifying partners and own resources is meant to remove strategic dependence on a single patron.
562	Mechanism 5: Building Internal, Not External, Legitimacy	Facts on the ground and local institutions are meant to provide legitimacy independent of formal great-power recognition.
563	4. Mathematical Layer — Nash Equilibria	Game theory is used to show that the arrangement can be self-enforcing without an arbiter or trust.
564	Definition	A Nash equilibrium as a state in which unilateral defection does not improve any actor's position.
565	Nash Test: the Jews–Azerbaijanis–Kurds Triangle	A stability test of the core triangle by calculating the cost of unilateral defection for each partner.
566	Israel Defects?	Israel would lose a buffer and unusually valuable regional partners without gaining a comparable alternative.
567	Azerbaijan Defects?	Azerbaijan would lose Israeli capabilities and the Kurdish buffer in exchange for weaker alternatives.
568	The Kurds Defect?	The Kurds would return to isolation, abandoning rare partners willing to tolerate their autonomy.
569	Nash Test: Quadrilateral with the US	Adding the US tests whether American involvement is beneficial but not essential to the core arrangement.
570	The US Defects?	US withdrawal would mean losing cheap influence and gains from an arrangement likely to survive without it.
571	The Triangle Defects Against the US?	The triangle has reasons to retain the US as a useful partner, though not as a condition of its own existence.
572	Nash Test: the Full System	The test extends defection calculations to Turkey, Armenia, the EU, the GCC and China.
573	Turkey Defects? → Irrational	Turkey would lose the Turkic corridor, transit and influence without an attractive alternative.
574	Armenia Defects? → Irrational	Armenia would lose its Western turn, border opening and benefits from new corridors.
575	The EU Defects? → Irrational	The EU would lose energy diversification and access to alternative Asian routes.
576	The GCC Defects? → Irrational	Gulf states would return to a costlier environment with a stronger Iranian threat.
577	China Defects? → Irrational (If the Vladivostok Deal Holds)	Under the Far East deal assumption, China would have more to lose than gain by blocking the arrangement.
578	Three Nested Equilibria	Local, regional and broader equilibria are expected to reinforce the system at different scales.
579	5. Epistemological Layer — Why This Analysis Looks the Way It Does	Reflection on how intuition, provocation and data led to the emergence of successive layers of the model.
580	The Reversed Scientific Method	The process described as intuition → provocation → data → formalisation, instead of the classical hypothesis → test sequence.
581	Synthesis: Why This Could Work	Five independent layers assembled to explain how the arrangement might endure without a central architect.
582	Five Layers = Five Reasons	Five arguments for durability: cognitive synchronisation, memory, distrust, Nash and an organic analytical process.
583	Final Sentence	Yalta 3.0 as a “gravitational field”: once activated, the arrangement is expected to attract actors through the force of their own interests.
584	Oil, Gas and Geopolitics	A structural analysis of oil and gas demand, substitution possibilities and the geopolitical consequences of the energy transition.
585	1. Structure of Global Oil and Gas Demand (2024)	A breakdown of global oil and gas consumption into transport, energy, feedstock and other uses.
586	1.1 Transport — Internal Breakdown	Road transport dominates and has substitutes; aviation and shipping form a harder core of demand.
587	2. Substitution: What Can Be Replaced “Right Now”?	Most energy uses of oil and gas can technically be replaced without new scientific breakthroughs.
588	2.1 Road Transport + Electricity and Heat Generation (~267 EJ, 78%)	EVs, renewables, nuclear power and heat pumps can replace a large share of consumption, but require decades of infrastructure build-out.
589	2.2 Industrial Process Feedstock (~35 EJ, 10%)	Petrochemicals need hydrocarbons as material, not just energy; substitution is substantially harder.
590	2.3 Fertilisers — a Special Feedstock Case	Fertilisers require hydrogen and gas, but production can be relocated geographically and rebuilt relatively quickly.
591	3. The Hormuz Scenario: Inflation ≠ Famine	Closure of Hormuz is primarily a price and logistics shock, not an automatic scenario of global famine.
592	3.1 Key Distinction: Price Shock vs Physical Shortage	The market cuts less useful demand before fuel disappears from food transport and other critical functions.
593	3.2 Scale of the Shock: Comparison with Lehman Brothers / Dot-Com	A Hormuz shock could resemble a major recession in scale, but hits supply and creates stagflation rather than a financial crisis.
594	3.3 The Paradox of a Rapid Shock	A clear bad signal can accelerate adaptation and cost less than prolonged uncertainty.
595	4. Energy Geopolitics: Substitution as a Change in the Topology of Power	Substituting fossil fuels changes not only the energy mix but also the structure of political and economic dependence.
596	4.1 If a.1 + b Were Electrified	Mass electrification removes part of petrostates' leverage by reducing the importance of chokepoints and fuel cartels.
597	4.2 Old Paradigm vs New: Centralisation vs Decentralisation	Oil requires centralised chains; solar and batteries shift energy production toward distributed networks.
598	4.3 A Solar Panel Is a Capital Good; a Barrel Is a Consumable	Once sold, a panel reduces future fuel demand, whereas a barrel requires continuous repurchase.
599	5. Resource Monopolies: Saudi Durability vs Chinese Durability	A comparison of an oil monopoly rooted in geology with Chinese dominance in critical-mineral processing.
600	5.1 Saudi Pricing Leverage: Autoimmunity	Cutting oil prices hurts competitors, but simultaneously accelerates investment in durable substitutes.
601	5.2 China's Critical-Mineral Monopoly: Active and Temporary	China's advantage stems mainly from processing, subsidies and industrial scale, not unique geology.
602	5.3 Why a Chinese “OPEC for Critical Minerals” Has a Built-In Self-Destruct Clock	Metals are recoverable stock; growing recycling gradually weakens monopoly power over new extraction.
603	6. The Ethical Dimension: Crises, Morality and Transformation	The energy transition also has a moral dimension: it reduces the political price of dependence on authoritarian suppliers.
604	6.1 Cheap Resources from Dictators as Moral Hazard	Cheap energy from dictatorships encourages democracies to rationalise dependence and separate values from policy.
605	6.2 Crises Do Not Always Moralise — Condition: a Substitute	A crisis leads to decoupling from a supplier only when a real technological alternative exists.
606	6.3 Who Accelerated Decarbonisation?	Putin created the security push and China the price pull behind faster decarbonisation.
607	6.4 Energy as an Instrument of Justice	Cheap distributed energy reduces weaker consumers' exposure to global shocks and intermediaries.
608	7. Summary of Theses	Overall verdict: most energy demand is substitutable, feedstock remains, and monopolies lose durability.
609	Monopolies, Morality and Transformation	A source-based revision of the theses on energy monopolies, political dependence and the moral dimension of transition. It verifies and corrects the earlier analysis.
610	1. Saudi Pricing Leverage: Anatomy of Self-Liquidation	Saudi price wars weakened competitors temporarily, but permanently increased shale resilience and cost OPEC revenue.
611	2. China's Monopoly on REEs and Lithium: Strategy, Mechanism, Erosion	Chinese dominance in REEs and lithium stems from the industrial processing ecosystem; its erosion is real, but slower than previously assumed.
612	2.1 Strategy: “Not Geology, but Processing”	A forty-year strategy combining cheap capital, environmental tolerance, separation technology, downstream clusters and export controls.
613	2.2 Erosion: Is the Self-Destruct Clock Really Ticking?	Recycling and diversification work against monopoly in the long run, but heavy REEs give China several years of acute leverage.
614	3. Wandel durch Handel: Anatomy of Energy Moral Hazard	Energy dependence on Russia was supported not only by interest but also by a sincere political doctrine that rationalised the risk.
615	3.1 German Dependence on Russian Gas as a Case Study	German gas policy locked in infrastructure dependence despite growing signals of political risk.
616	3.2 “New Member States” vs “Old”	Central Europe and the Baltic states treated Russian gas as a threat earlier; part of Western Europe treated it as low-risk trade.
617	4. Crises and Morality: When Does Shock Produce Solidarity, and When Sauve Qui Peut?	A crisis can produce solidarity or opportunism; outcomes depend not only on substitutes but also on coordination capacity.
618	4.1 1973 vs 2022: Two Modes of Response	1973 strengthened transactionalism; 2022 accelerated European decoupling thanks to technology and existing institutions of collective action.
619	4.2 Cost Asymmetry: Who Pays for the Transition?	The costs of shocks fall hardest on states without reserves, domestic supply or capital; distributed energy reduces this dependence.
620	5. Summary of Corrections	Two main corrections: China's monopoly erodes more slowly, and solidarity requires both a technological substitute and coordination institutions.
621	63 features — core or camouflaging	Classification of all sixty-three features from “AuDHD in adults — features and patterns of functioning” (v4.5) according to one question: is a given feature a direct result of AuDHD neurobiology itself, or a product of years of masking and camouflaging?
622	The list	0. Information-processing style [R] — the defining architecture: associative, bottom-up, monotropic processing is the very foundation on which the rest of the list stands.
623	Summary count	Core [R]: thirty-eight features. Mixed [R+M]: nineteen. Camouflaging [M]: six — items 23, 36, 47, 53, 56, and 62.
624	What works after a late diagnosis	A menu of approaches developed for adults after a recent diagnosis and that generally work. Something to choose from, not a syllabus to complete in full.
625	A map of the terrain — five things that make the difference	Before the menu, the map. For people who receive a late diagnosis of autism, ADHD, or both, five things largely determine how the process unfolds. First: relationships and mental health around the time of diagnosis matter more than the diagnosis itself.
626	A course about yourself	A dozen or so meetings in a small group, one topic each week. Topics that have been tested in this kind of course include:
627	A facilitator from the same tribe	Everything above works markedly better when it is led by someone who has the diagnosis themselves. Two reasons: they understand without requiring an explanation, and they are living proof that it is possible to have this diagnosis and still be a whole adult person. This is not an add-on; it is an active ingredient.
628	People in the same boat	Regular contact with other people who were diagnosed late — a group, meetings, or even simply reading other people's stories.
629	A person instead of a list of phone numbers	Lists of addresses and leaflets do not work. Calling unfamiliar institutions is precisely the kind of thing the diagnosis has just identified as difficult.
630	A starter pack	Free material to work through independently and at your own pace: what the diagnosis means, other people's stories, and first steps.
631	What to ask for — a list of 24 voices	Late-diagnosed adults reached agreement, over four rounds, on a complete list of what post-diagnostic support should include.
632	What to expect from yourself	Three things worth knowing in advance, because knowing them is helpful in itself. Relief and grief can arrive together: relief that there is finally an explanation, and grief for years spent masking. That is not a contradiction; it is the whole picture.
633	Ten equations, metaphysics, and a jury packed with friends	A private selection of equations that do more than calculate the world: they have the nerve to say something about what the world actually is.
634	Principle of stationary action	The actual path of a system is the one for which a small variation of the entire trajectory does not change the action to first order. Not the “shortest” and not always the “smallest”: stationary .
635	Einstein field equation	On the left, the geometry of spacetime; on the right, matter and energy. The contents of the world do not sit inside a ready-made stage set: the contents deform the stage, and the deformed stage guides the actors.
636	Boltzmann and the second law	One line connects microscopic possibilities with macroscopic disorder and explains why scrambled eggs do not spontaneously reassemble into an egg.
637	Bell–CHSH and the Tsirelson bound	This is an experimental detector for metaphysical fraud. It tests whether the world can be a local machine in which particles have their answers printed before measurement.
638	Uncertainty relation	This is not about a lab technician's shaky hand or a microscope that was too cheap. A quantum state cannot simultaneously possess arbitrarily sharp position and momentum.
639	Maxwell in two lines	Electromagnetism, which takes four famous equations in vector calculus, collapses to two in the language of differential forms. The first contains the absence of magnetic monopoles and induction; the second, charges and currents.
640	Dirac equation	The attempt to reconcile quantum mechanics with special relativity produced spin almost for free, then spat out negative energies. Instead of sweeping them under the rug, physics took them seriously and found antimatter.
641	Navier–Stokes equations · outside the competition	Newton for a fluid: inertia, pressure, viscosity, and external forces, after which one tiny nonlinear term, u·∇u , opens a turbulence farm in the basement.
642	Landauer's limit	Erasing one bit of information has a minimum thermodynamic cost. Information is not a mist floating above matter: it lives in a physical state, and irreversible erasure produces entropy. Even the cosmic administrator cannot empty the trash completely for free.
643	Wheeler–DeWitt	An equation meant to describe the entire Universe, and there is no time in it. Not “time flows relatively.” Not “time is strange.” The fucker has been deleted from the equation.
644	Competition jury	Discussion of “Competition jury” in the context of “Ten equations, metaphysics, and a jury packed with friends — with notes from the zombie reviewer”.
645	Assessment of impartiality	The jury is entirely independent — of responsibility, the calendar, and any possibility of reconstructing how its decisions were made. Everyone got in through connections, which eliminated the risk of some random outsider accidentally taking part.
646	Ten equations, metaphysics, and a jury packed with friends	A private selection of equations that do more than calculate the world: they have the nerve to say something about what the world actually is. With Maciek's commentary, a supervisory body of distinctly demonic qualifications, and notes from the zombie reviewer, added at the jury's explicit request.
647	Principle of stationary action	The actual path of a system is the one for which a small variation of the entire trajectory does not change the action to first order. Not the “shortest” and not always the “smallest”: stationary.
648	Einstein field equation	On the left, the geometry of spacetime; on the right, matter and energy. The contents of the world do not sit inside a ready-made stage set: the contents deform the stage, and the deformed stage guides the actors. Gravity ceases to be a force and becomes architecture.
649	Boltzmann and the second law	One line connects microscopic possibilities with macroscopic disorder and explains why scrambled eggs do not spontaneously reassemble into an egg.
650	Bell–CHSH and the Tsirelson bound	This is an experimental detector for metaphysical fraud. It tests whether the world can be a local machine in which particles have their answers printed before measurement.
651	Uncertainty relation	This is not about a lab technician's shaky hand or a microscope that was too cheap. A quantum state cannot simultaneously possess arbitrarily sharp position and momentum. The limitation lies in the non-commutativity of operators, in the geometry of the theory itself.
652	Maxwell in two lines	Electromagnetism, which takes four famous equations in vector calculus, collapses to two in the language of differential forms. The first contains the absence of magnetic monopoles and induction; the second, charges and currents.
653	Dirac equation	The attempt to reconcile quantum mechanics with special relativity produced spin almost for free, then spat out negative energies. Instead of sweeping them under the rug, physics took them seriously and found antimatter.
654	Navier–Stokes equations · outside the competition	Newton for a fluid: inertia, pressure, viscosity, and external forces, after which one tiny nonlinear term, u·∇u, opens a turbulence farm in the basement.
655	Landauer's limit	Erasing one bit of information has a minimum thermodynamic cost. Information is not a mist floating above matter: it lives in a physical state, and irreversible erasure produces entropy.
656	Wheeler–DeWitt	An equation meant to describe the entire Universe, and there is no time in it. Not “time flows relatively.” Not “time is strange.” The fucker has been deleted from the equation.
657	Competition jury	Discussion of “Competition jury” in the context of “Ten equations, metaphysics, and a jury packed with friends — with notes from the zombie reviewer”.
658	Assessment of impartiality	The jury is entirely independent — of responsibility, the calendar, and any possibility of reconstructing how its decisions were made. Everyone got in through connections, which eliminated the risk of some random outsider accidentally taking part.
659	Memory architectures as a cognitive map	From computer memory in the 1980s, through programming-language paradigms and big-data systems, to neurotypical and neurodivergent memory.
660	Abstract	The essay argues that the history of computer memory — from the expensive, physically constrained DRAM of the 1980s, through the evolution of memory-management paradigms in programming languages, to today's distributed systems handling petabytes of data — is…
661	§1 Introduction — one problem, many solutions	Every system that has to remember faces the same structural constraint: available memory is finite, while the stream of incoming data is, in practice, infinite.
662	§2 Computer memory in the 1980s and early 1990s — physics as a design constraint	In the 1980s, RAM was an expensive, scarce, physically measurable resource. The Apple II (1977) came with 4 KB of memory as standard. The IBM PC (1981) had 16 KB in the base version and up to 256 KB when expanded.
663	Sources for §2	Wikipedia: Commodore 64 — full architecture description, 64 KB of RAM, 38,911 bytes available to BASIC, bank-switching mechanism
664	§3 Memory in C — manual management as a paradigm	C, designed in 1972–1973 by Dennis Ritchie at Bell Labs as an evolution of Ken Thompson's B language, is a direct semantic reflection of the original ethos. C does not manage memory for the programmer.
665	Sources for §3	Wikipedia: C (programming language) — history, design, relationship with Unix
666	§4 Memory in Python — references, garbage collection, abstraction	Python, designed in December 1989 by Guido van Rossum at the Centrum Wiskunde & Informatica in Amsterdam, represents the opposite paradigm to C.
667	Sources for §4	Guido van Rossum — Brief Bio — the creator's official website
668	§5 Memory in JavaScript — an accidental language of the browser era	JavaScript was created in May 1995 at Netscape Communications. Brendan Eich, a newly hired programmer, was tasked with designing a scripting language for the Netscape Navigator 2.0 browser and, as he himself says, “spent ten consecutive days…”
669	Sources for §5	Wikipedia: JavaScript — full history, ECMAScript, usage statistics
670	§6 Memory in big data — Hadoop, MapReduce, and the economics of distribution	During the first decade of the twenty-first century, computer science ran into a new problem: the scale of data exceeded the capacity of a single machine.
671	Sources for §6	Wikipedia: MapReduce — full description of the paradigm, history, criticism
672	§7 Human memory — schemas, hippocampus, cortex, sleep	The human brain deals with the same structural problem as a computer: the contents of the world are larger than the available memory.
673	The hierarchy of human memory	The classical model of human memory, formulated in the second half of the twentieth century, distinguishes several systems:
674	Deep sleep (SWS) and REM sleep as consolidation phases	Contemporary sleep neurobiology — described in numerous studies by Jan Born of the University of Tübingen and other researchers — identifies two sleep phases as crucial to memory consolidation, each serving a somewhat different function.
675	Human memory as a lossy compressor	Neurotypical memory is, in computer-science terms, a lossy compressor with gist extraction. Details are discarded; schemas remain.
676	Sources for §7	Diekelmann & Born (2010): “Slow-wave sleep and the consolidation of long-term memory” — a classic review
677	§8 Neurotypical vs neurodivergent memory — a difference in design strategy	There is no single “ND memory architecture”, just as there is no single “NT architecture”.
678	Monotropism — a theory of attention in autism	The most important theory of the past two decades attempting to unify the picture of autistic cognitive functioning is monotropism — a concept proposed in 1992 by Dinah Murray and fully developed in the article by Murray, Lesser, and Lawson…
679	Weak central coherence — a theory of detail	The second classical theory of autistic cognitive style is weak central coherence (WCC), introduced by Uta Frith in her 1989 book Autism: Explaining the Enigma.
680	Working memory in ADHD — an executive deficit	ADHD has a different memory profile from ASD. Russell Barkley, one of the most influential ADHD researchers of the past half-century, formulated a model in his 1997 paper Behavioral Inhibition, Sustained Attention, and Executive Functions in which working memory is one of…
681	Synthesis — ND memory as pointer-based	Combining these three lines of research — monotropism, weak central coherence, and working-memory deficits in ADHD — makes it possible to sketch a structural picture of AuDHD memory as:
682	Sources for §8	monotropism.org — official website maintained by Fergus Murray
683	§9 Consequences — who builds the foundations of computing	The central thesis of this essay is as follows: if low-level programming languages, operating-system kernels, compilers, databases, and distributed systems require a native ability to operate on pointer-based memory — and if that ability is a feature…
684	§10 Conclusion	Memory — in a computer, a brain, a cluster, or a programming language — is a solution to the same structural problem: the contents of the world exceed the capacity of the system. There is only a finite number of canonical solutions.
685	Memory architectures	Discussion of “Memory architectures” in the context of “Memory architectures — a story about who really built IT”.
686	Bell Labs, August 1969	Bonnie Thompson is packing her bags. Together with her one-year-old son Corey, she is flying to San Diego to visit her parents and introduce them to the grandson they have not yet met. She leaves for a month. Her husband Ken stays in New Jersey, at home, with his office nearby at Bell Labs.
687	Stanford, 30 March 1977	Donald Knuth receives a package in the mail. He opens it. Inside are proofs — trial printouts, known in printing as galley proofs — of the second edition of his book The Art of Computer Programming, Volume 2. The first edition came out in 1968.
688	Cambridge, Massachusetts, 1980–2019	In June 1980, Richard Matthew Stallman is 27 and works at the MIT AI Lab. The Xerox laser printer has jammed for the thousandth time, and Stallman wants to modify the driver so that it reports when it jams. Xerox refuses to give him the source code.
689	Helsinki, 14 June 2012	Aalto Talk. A lecture hall full of students. Linus Torvalds sits in an armchair, wearing a blue T-shirt, with a lapel microphone. He is 42. He lives in Portland, Oregon.
690	San Francisco, a garage, 1976	Steve Wozniak is 25 and works at HP. After hours, he solders in a garage in Los Altos. He has no business plan for it. He does it for fun. Steve Jobs, his friend since high school, is 21 and has taken on the job of figuring out how to make money from it.
691	And here is the strongest part: the category did not exist	Ken Thompson was born in 1943. Dennis Ritchie in 1941. Donald Knuth in 1938. Richard Stallman in 1953. Steve Wozniak in 1950. Linus Torvalds in 1969. Bill Joy in 1954. Larry Wall, the creator of Perl, in 1954. Guido van Rossum in 1956.
692	And why this matters from the perspective of memory	A pointer in C is literally a number — the address of a memory cell. A C programmer keeps a graph of all active allocations in their head: which blocks are on the stack, which are on the heap, which pointers refer to them, who will free them, when, and in what order.
693	JavaScript as the exception that proves the rule	And now the most important counterexample. In May 1995 Brendan Eich is given 10 days to design a scripting language for the Netscape Navigator 2.0 browser. He writes the prototype in ten days. Full integration takes several months.
694	What this means from the perspective of 2026	When, in March 2026, someone receives a formal AuDHD diagnosis in a psychiatrist's office in Kraków, it is worth noticing that the category being assigned is, as a diagnostic entity, 13 years old.
695	ADHD and helping at your own expense	The thesis, the mechanism, and social exploitation
696	The thesis in compact form	People with ADHD have a stronger need to help others — especially at their own expense — than neurotypical people.
697	Elaboration	Discussion of “Elaboration” in the context of “ADHD and helping at your own expense — thesis and mechanism”.
698	Mechanism 1: hypersensitivity to social rejection	RSD (Rejection Sensitive Dysphoria) is a clinically described phenomenon whose core is a disproportionately intense emotional reaction — painful, physical, immediate — to actual or merely perceived…
699	Mechanism 2: a steep temporal reward-discounting curve	The second explanation — independent of the first, though operating in the same direction — comes from Russell Barkley's executive-function theory (1997) and dozens of replications in delay-discounting research (Sonuga-Barke, Barkley et al. 2001; meta-analysis by Marx et al. 2021).
700	Mechanism 3: weaker boundary regulation in confrontation	The third element is a weaker ability to stop the automatic “yes” response when faced with a concrete, direct request. This follows from deficits in response inhibition — one of the four executive domains in Barkley's model.
701	The asymmetry that neurotypical people exploit unconsciously	Together, these three mechanisms produce a systemic asymmetry: in a situation where “A needs help from B”, the probability that a person with ADHD will agree is significantly higher than for a neurotypical person, regardless of the state of their own affairs.
702	What to do about it	Mechanism 1 can be treated: pharmacological treatment of ADHD (stimulants) and therapy targeting RSD reduce the intensity of reactions to rejection.
703	Sources	Barkley, R. A. (1997). Behavioral inhibition, sustained attention, and executive functions: Constructing a unifying theory of ADHD. Psychological Bulletin, 121(1), 65–94.
704	What Appendix 1 says — in plain language	Twenty papers from 2008–2026, read as a single story — this time with numbers, but numbers translated into human terms. Version 02.00 was created after reading the studies themselves, not merely their titles.
705	A bridge to the list of sixty-three features	These twenty papers and the list of sixty-three features in the AuDHD study are two descriptions of the same terrain from different altitudes: the research is a satellite map — genes, whole countries, thousands of people — while the list consists of street-level photographs.
706	The core point	For decades, diagnostic rules forced clinicians to choose one label, so people who had two got one or none — and paid the difference out of their own lives.
707	AuDHD and foundational builders in IT	A hypothesis in two versions — the easy one and the perverse one — plus four independent layers of argument supporting it: cohort-historical, psychosocial-motivational, linguistic-technical, and cognitive-architectural.
708	Two formulations of the thesis	Discussion of “Two formulations of the thesis” in the context of “AuDHD and foundational builders in IT — the hypothesis and its four layers”.
709	The easy thesis (correlational)	AuDHD traits arising directly from the phenotype — even after subtracting masking and its consequences — facilitate and predispose a person to become a foundational builder in IT, understood very broadly. NT people can do it too; it is harder for them. ND people have it easier.
710	The perverse thesis (necessity claim)	Features of the AuDHD phenotype are necessary or required for laying the foundations of IT. Without an AuDHD architecture, it cannot be done — regardless of intelligence, motivation, resources, or support. What is missing is the apparatus, not the skill.
711	Definition of a “builder” and a “foundation”	An “IT foundation” in this text means code on which other code used by millions depends, and which required five or more years of sustained work by one person or a small team. The definition is independent of the author's phenotype.
712	Layer 1 — cohort-historical	Discussion of “Layer 1 — cohort-historical” in the context of “AuDHD and foundational builders in IT — the hypothesis and its four layers”.
713	The diagnoses did not exist when the foundations were being built	Asperger described autism in 1944, in German; it reached English-language psychiatry in the 1980s. Kanner did so in 1943. Autism as a separate diagnostic entity appeared in DSM-III in 1980. Before that, it was conflated with childhood schizophrenia.
714	Consequences for the pioneers	Turing (d. 1954) died 26 years before ASD existed as a category, 33 years before ADHD, and 59 years before AuDHD. Diagnosis was physically impossible because the categories did not exist.
715	The generation born before about 1985	ND diagnoses are drastically underrepresented in this cohort worldwide — not because ND was rarer, but because access to adult diagnosis is recent. A diagnosis after age 40 is now a cohort norm, not a delay. The computing pioneers of the 1940s–1970s…
716	Today's foundational builders	The youngest are around 20; most are 30–40+. The 25–40 cohort, born roughly 1985–2000, is beginning to receive diagnoses, but most still have no formal diagnosis, because:
717	The epistemic paradox	The more strongly a field positively selects for AuDHD, the less motivation people in that field have to seek diagnosis, because the environment works for them. Diagnosis tends to appear when AuDHD clashes with the environment, not when it fits it.
718	Layer 2 — psychosocial-motivational	Discussion of “Layer 2 — psychosocial-motivational” in the context of “AuDHD and foundational builders in IT — the hypothesis and its four layers”.
719	Phenotypic mechanisms that favour foundational work	Discussion of “Phenotypic mechanisms that favour foundational work” in the context of “AuDHD and foundational builders in IT — the hypothesis and its four layers”.
720	Monotropism	Holding a compiler's dependency graph in your head for weeks. Hejlsberg working on languages since 1983 (Turbo Pascal). Lattner on compilers since 2003 (LLVM). Knuth on TAOCP since 1968. This is not a matter of discipline; it is an architecture of attention.
721	Special interests	Decades on a single thread without burning out from boredom. The NT brain has a built-in signal saying “this is unhealthy, find some balance” — and it works correctly. AuDHD does not produce that signal in relation to the object of interest. That is not an absence; it is an architectural feature.
722	Autistic pattern recognition	Seeing structural analogies between domains that are separate for NT people. Von Neumann: games, economics, quantum mechanics, computers, nuclear weapons — the same brain in different contexts.
723	ADHD hyperfocus	Fourteen-hour coding sessions in a flow state. The NT brain correctly signals “this is unhealthy.” The AuDHD brain does not produce that signal, or produces it and ignores it because of monotropism. The missing brake is a feature required for foundational work, not a defect.
724	Demand avoidance as a refactoring engine	An inability to tolerate a broken system that produces the impulse “I'll rewrite it properly” rather than “I'll adapt.” Most breakthrough projects are demand avoidance directed at an existing solution:
725	Tolerance for solitude in technical decision-making	Foundations are built under conditions in which nobody in the world can help, because you know that specific problem best. The NT brain is calibrated for social validation: it checks decisions through consultation and team consensus.
726	Layer 3 — linguistic-technical	Discussion of “Layer 3 — linguistic-technical” in the context of “AuDHD and foundational builders in IT — the hypothesis and its four layers”.
727	Three languages, three brains	Discussion of “Three languages, three brains” in the context of “AuDHD and foundational builders in IT — the hypothesis and its four layers”.
728	C — tired AuDHD	No garbage collector. Every allocated resource must be released manually. Forget free() and you get a memory leak, then an OOM kill. These are open loops: unfinished tasks do not release themselves, congestion grows, and eventually something crashes.
729	Python — rested AuDHD	Garbage collector. Unfinished tasks somehow dissolve; the brain has enough resources to handle them in the background. Open loops still exist, but they do not hurt physically.
730	JavaScript — NT	Everything somehow works: async, callback hell, “this” means different things in different contexts, type equality is bizarre ([] == ![] is true), but somehow it works, it is productive, and you can glue an application together quickly.
731	Why AuDHD hates JS	AuDHD hatred of JS is not a matter of taste; it is rejection at the level of cognitive architecture. JS is literally designed against the AuDHD brain:
732	Atwood's Law and its consequence	“Any application that can be written in JavaScript, will eventually be written in JavaScript.” This is a law of social scaling, not technical quality. It says that JS wins because it is plastic, because it is nondeterministic. The NT environment rewards plasticity.
733	Meta-level and the abstraction of abstraction	Building foundations requires a level of abstraction above something that is already 100% abstract. Writing a compiler for language X is not writing in language X; it is writing about language X in another language.
734	Layer 4 — cognitive-architectural (the strongest)	Discussion of “Layer 4 — cognitive-architectural (the strongest)” in the context of “AuDHD and foundational builders in IT — the hypothesis and its four layers”.
735	NT vs AuDHD memory — design assumptions	Discussion of “NT vs AuDHD memory — design assumptions” in the context of “AuDHD and foundational builders in IT — the hypothesis and its four layers”.
736	NT	Calibrated for bounded tasks with a data size known in advance. Miller's 7±2 items in working memory. Long-term memory organised semantically around narratives and social meanings. Sleep consolidation reduces details to summaries.
737	AuDHD	Knows from the outset that details cannot be reduced to a schema without losing relevant information. The difference between similar and identical is fundamental. There is no compressor that knows in advance what matters.
738	Four features of the AuDHD architecture	Hierarchical compression by structure, not meaning. NT compresses “what did it mean?” AuDHD compresses “how was it built?” A different compressor operating along a different axis.
739	Pointer-based memory — the only solution	Memory has finite capacity. The contents of the world do not. AuDHD has three options:
740	Consequences of pointer-based memory	You often do not know what you remember until you are asked: you have a pointer, not the content.
741	Pointers to pointers — a trivial consequence	If the basic unit is an address, an “address of an address” is the same operation one level higher. NT does not naturally have a “double dereference” operation. AuDHD does, trivially. This opens infinity:
742	Cycles as the default, not an edge case	The NT brain treats self-reference as an edge case. In the social world, loops are pathological: codependence, mobbing, gaslighting. NT designs systems in a mode of protecting against cycles. A cycle is an error to be handled.
743	Cycles that cannot be removed from the foundations of IT	Compiler bootstrapping: compiler X compiled in X. A closed loop that has to be started once in assembly and then lives on by itself.
744	Clinical equivalents of C problems in AuDHD	Episodic-memory confabulation. Ask about a moment from childhood and the dereference returns structure without content. AuDHD reconstructs from a structural rule and does not know that it is reconstructing.
745	Consequence for building the foundations of IT	An NT person writes C and gets tired because they have to consciously manage what is a native mode of memory in AuDHD. An NT C programmer has to imitate an AuDHD memory architecture in real time, manually.
746	Why the NT foundational builder does not exist	NT has to simulate AuDHD memory and cycle handling from inside an architecture designed antagonistically to them. Like running Linux on Windows through WSL: it works, but every operation costs a translation layer, and some things cannot be crossed without a restart.
747	An empty class of counterexamples	An attempt to find a living foundational builder without an AuDHD phenotype, in the narrowly defined sense:
748	Conclusion	The easy version of the hypothesis: 95%+ confidence. Anyone who reads ten interviews with foundational builders will see it.
749	AuDHD in plain language	A word to begin with. What is casually called a “normal” person is, in psychiatric language — when talking about autism or ADHD — called neurotypical.
750	ADHD	ADHD means that the dopamine and noradrenaline systems are badly calibrated. The baseline is too low and the signal unstable, so regulation of attention and drive does not start on command; it reacts to whatever happens to shake the system more strongly.
751	Autism	Autism means that information from all the senses — including proprioception and interoception — arrives in an almost raw form, with practically none of the filters that typical people have in abundance and well calibrated: they do not pay attention to colour and texture…
752	The senses school does not tell you about	School teaches that we have five senses: sight, hearing, smell, taste, and touch. That is not enough. We actually have at least three more, and they matter in the sentence above:
753	What “raw” means	Imagine a television. An ordinary TV does something you never think about: it smooths the image, turns down the background, and adjusts colours towards what it expects. It makes things look nice. Your brain does the same thing with reality — continuously, in the background, without asking your opinion.
754	The same applies to people	And this is the most important thing to understand: THE SAME mechanism operates when looking at another person. A typical brain looks at someone's face and automatically knows: “he's tired”, “she's angry but pretending she isn't”, “he feels awkward”.
755	Hunger	An autistic brain that hears every refrigerator can simultaneously fail to notice that you have not eaten for eight hours. That is not a contradiction. It is the same mechanism from the other side: signals from inside the body are quiet for the brain, and the background drowns them out.
756	Memory when autism and ADHD co-occur	The co-occurrence of autism and ADHD means that a person's memory works differently from most people's. Working memory and the memory of “I need to do something later” work very poorly. Memory for facts and systems in an interesting subject can be phenomenal.
757	Working memory — a small table	Working memory is the table on which you keep whatever you are thinking about right now. For someone with ADHD, that table is small. Very small. Four things fit on it and the fifth pushes the first one off. That is why you walk into another room and forget why.
758	The memory of “I need to do something later”	The same problem. The person cannot see the task; for them, it does not exist at the moment when it should. This is not “I forgot.” It is simply not in their head at that moment.
759	Memory for facts in an interesting subject	The other extreme. Someone with AuDHD who gets absorbed in a subject remembers details about it that neurotypical people simply cannot grasp. Once the autistic brain locks onto a topic, it goes all in and packs everything into a very dense, organised memory.
760	Memory of one's own experiences	It works in a distinctive way. Facts about an event — who was there, where, what was said, how long it lasted — are present. But the film of it, the emotion, the sense of “what it was like” can be weak or absent. A little like reading a description of your own life written by someone else.
761	Camouflaging	Camouflaging means consciously pretending all day to be more “normal” than you are — suppressing reflexes, putting on someone else's facial expressions, dampening reactions — while that constant background overwork eats through your resources until you burn out.
762	AuDHD in adults — features and patterns of functioning	Document version: 6.0 | Date: 2026-07-01, 15:21 (Europe/Warsaw) · Updated with the assistance of Claude Opus 4.8 (Anthropic)
763	CHAPTER ZERO — “I have autism and ADHD. What are your superpowers?”	A brief introduction to information processing that helps make the points that follow readable without jargon.
764	0. How information processing may be organised in AuDHD — research + clinical observation · introductory point	This point is not a “superpower” in a simple, sugary sense. It is better understood as a characteristic processing style that can be both a resource and a source of cost.
765	Table of contents	CHAPTER ZERO — “I have autism and ADHD. What are your superpowers?” 0. How information processing may be organised in AuDHD
766	GROUP I — Most readily recognised	Features and patterns of functioning that usually attract attention first.
767	1. Executive-function difficulties — research · widespread	Executive functions are a set of mental skills that make it possible to plan, organise, start and finish tasks, manage time, and switch between activities.
768	2. Chaotic hyperfocus — research + clinical observation · very common	Hyperfocus is a state of very deep, intense concentration on one thing — so deep that the rest of the world practically ceases to exist. Neurotypical people sometimes experience it too (e.g.
769	3. Internal conflict: routine vs novelty — research + clinical observation · widespread	This is one of the most characteristic patterns of functioning in AuDHD and, at the same time, one of the hardest to understand from the outside.
770	4. Emotional dysregulation — research · very common	Emotional dysregulation means that emotions arise faster, more strongly, and last longer than the person would like, while the ability to modulate them is limited.
771	5. Sensory overload — research · very common (69–93% of autistic people)	Most people have a natural filter in the brain that automatically turns down irrelevant sensory input — the hum of a refrigerator, the buzz of a fluorescent lamp, the touch of a clothing label.
772	6. Social difficulties with impulsivity — research + clinical observation · very common	Social interactions depend on many implicit rules — when it is your turn to speak, how long to look someone in the eye, when to change the subject, how to read tone of voice, when a joke is appropriate.
773	7. Difficulty falling asleep — a brain that does not switch off — research + clinical observation · very common	In the evening, when the surroundings quiet down and external stimuli weaken, the AuDHD brain does not become quiet with them. Quite the opposite: this is often when it starts to speed up.
774	8. Evening activation — the “night version of yourself” — research + clinical observation · very common	Many people with AuDHD describe how, after a whole day of struggling with the world — masking, processing stimuli, translating themselves to the world and the world to themselves — clarity of thought, creativity, and energy suddenly arrive in the evening. This is not accidental.
775	GROUP II — Commonly experienced, but often misinterpreted	Clinically important points that are easily read as personality traits rather than a neurodevelopmental profile.
776	9. Cyclical burnouts resembling depression — research + clinical observation · very common	Every few weeks or months there is a “collapse”: the person suddenly cannot function, everything overwhelms them, motivation disappears, and even getting out of bed may become impossible. From the outside, it looks exactly like a depressive episode.
777	10. Rejection sensitivity (RSD) — mainly clinical observation / lived experience · very common in people with ADHD	RSD (Rejection Sensitive Dysphoria) is not ordinary “sensitivity to criticism”, which everyone experiences.
778	11. Variable need for solitude — mainly clinical observation / lived experience · very common	For many people with AuDHD, the need for contact with other people is not constant. One day, talking, doing things together, and simply being with someone may be distinctly regulating; on another day, it may be very costly, even though the relationship itself remains important.
779	12. Intense empathy that looks like lack of empathy — research + clinical observation · common	This is one of the most dangerous myths about autism: that autistic people “lack empathy”. The reality can be the opposite.
780	13. Seeking and avoiding sensory input at the same time — research + clinical observation · very common	This is one of the more disorienting aspects of AuDHD, both for the person and for those around them.
781	14. Chronic lateness OR obsessive punctuality — research + clinical observation · very common (one or the other)	Two mechanisms operate here at once. The first is ADHD “time blindness”: a literal difficulty sensing the passage of time. Neurotypical people have something like an internal clock that gives them a rough sense of how much time has passed.
782	15. Cyclical interests — research + clinical observation · common	In “classic” autism, special interests can be long-lasting: a person may be fascinated by one subject for years or even for life.
783	16. Atypical reactions to medication and substances — mainly clinical observation / lived experience · common; very common for some people	This is a subject that receives little attention despite affecting everyday life. Autistic people show increased sensitivity to psychotropic medication; experts observe that atypical reactions — unusual or paradoxical responses — may be more frequent in this population.
784	17. The “all or nothing” effect in habits — mainly clinical observation / lived experience · very common	Neurotypical people can do something “more or less”: exercise three times a week, cook several times, occasionally order food. People with AuDHD have a fundamental difficulty with this. Either they exercise every day at the same time in the same way, or not at all.
785	GROUP III — Subtle, easily overlooked	Common and important areas that are less obvious from the outside.
786	18. The order-and-chaos paradox — mainly clinical observation / lived experience · very common	An outsider enters the home of a person with AuDHD and sees something apparently impossible: a spice drawer sorted alphabetically beside a worktop covered in three days of clutter. A wardrobe organised by colour, but a bathroom in chaos.
787	19. Procrastination through perfectionism — research + clinical observation · very common	This is not ordinary putting things off. It is a specific blockage in which the person does not start a task because they already know they will not be able to do it as well as they would like.
788	20. Repetitive movements and gestures that regulate the nervous system (stimming) — research · widespread but often unrecognised	Stimming, meaning self-stimulatory or self-regulatory behaviour, includes repetitive movements, gestures, and small actions that help keep the nervous system in a more tolerable balance.
789	21. Weak interoception — you do not feel what is happening in your body — research + clinical observation · common	Interoception is the sense that tells the brain what is happening inside the body: hunger, thirst, a full bladder, fatigue, temperature, pain, heart rate.
790	22. Alexithymia — you cannot name what you feel — research · common (40–65% of autistic people)	Alexithymia is difficulty identifying, distinguishing, and describing one's own emotions. It is not the same as “having no emotions”: the emotions are there, often very intense, but there is no clear access to them.
791	23. Social camouflaging alternating with social impulsivity — research + clinical observation · very common	Camouflaging is a conscious or unconscious process of hiding autistic traits in order to appear “normal”: forcing eye contact, copying other people's social behaviour, suppressing natural reactions.
792	24. Decision fatigue — research + clinical observation · common	Every decision requires mental energy; that is normal for everyone. But for people with AuDHD, even small choices can be devastating because they engage two systems at once.
793	25. A distinctive relationship with food — research + clinical observation · common	This combines several mechanisms. Weak interoception means that hunger is not felt gradually: the person forgets to eat for half a day, then suddenly becomes so hungry that they cannot think clearly.
794	26. Difficulty transitioning between activities (autistic inertia) — research + clinical observation · widespread	This is not procrastination. It is physical resistance of the nervous system to changing state. Imagine travelling on a freight train: stopping it takes time and energy, and accelerating it again takes even more.
795	27. Variable sensory thresholds — research + clinical observation · common	Sensory thresholds are the levels at which a stimulus begins to become disturbing. In neurotypical people these thresholds are relatively stable: if loud music bothers someone, it tends to bother them more or less consistently.
796	28. Brilliant in a crisis, paralysed in calm conditions — mainly clinical observation / lived experience · common	For some people with AuDHD, action starts more easily under clear pressure than in calm, predictable everyday conditions.
797	29. Demand avoidance — mainly clinical observation / lived experience · common; very common for some people	This goes much deeper than “I can't be bothered.” Imagine that you know what you have to do — for example, reply to an important email — you want to do it, you understand the consequences of not replying, and still you physically cannot do it. The body refuses to cooperate.
798	30. Coordination and proprioception difficulties — research + clinical observation · fairly common	Proprioception is the sense that tells the brain where different parts of the body are in space without looking. It is what lets you touch your nose with your eyes closed or walk up stairs without looking at your feet.
799	31. Compensating one condition with the other — research + clinical observation · common	This is a fascinating and very AuDHD-specific mechanism: features of one condition can be used to mitigate difficulties caused by the other.
800	GROUP IV — Deep, rarely discussed	More phenomenological, identity-related, and relational points.
801	32. Encyclopaedic memory beside “goldfish” memory — research + clinical observation · very common	The AuDHD brain has two completely different memory systems operating independently. Long-term memory for things that once entered the “attention tunnel” can be phenomenal: a person may remember detailed dialogue from a film watched 15 years ago, a licence plate…
802	33. Forgetting that you know something — mainly clinical observation / lived experience · common	A subtle but frustrating experience. The knowledge is in the head — the person genuinely knows it — but cannot retrieve it on demand. It is like having a library with thousands of books but no catalogue.
803	34. Thinking in systems, difficulty explaining them — research + clinical observation · common	The AuDHD brain sees patterns, links, and structures in a way that is internally highly logical, but the logic is associative and nonlinear. That makes it difficult to translate into ordinary speech, which is linear…
804	35. Background processing — mainly clinical observation / lived experience · common	The person appears not to be listening: their gaze drifts, replies are brief, they seem absent. Then, hours or days later, they return with a complete, complex, carefully thought-through solution to the problem that was discussed. What happened?
805	36. Social chameleonism (identity diffusion) — research + clinical observation · very common, especially in women	This is deeper than masking alone: it is losing oneself in the process of adaptation. The person unconsciously adjusts not only behaviour but also personality, interests, speaking style, and even sense of humour to the person they are talking to.
806	37. Moral scrupulosity — mainly clinical observation / lived experience · fairly common	This is not simply a “strong conscience”. It is an inner critic that never falls silent and judges every decision, every word, and every act against rigid, often impossibly high moral standards.
807	38. Talking too much or too little, with no middle — research + clinical observation · very common	AuDHD communication has two modes that switch in ways that are difficult to control. Mode one is infodumping: when a subject enters the “attention tunnel”, the person may talk about it at length, in detail and with passion, moving into details nobody asked for, because every…
808	39. Sensitivity to injustice that becomes paralysing — research + clinical observation · common	Many neurotypical people see an injustice, frown, and then return to their own affairs. A person with AuDHD may be unable to do that.
809	40. Loving by sharing information — mainly clinical observation / lived experience · common	Neurotypical people express affection in many ways: gifts, time together, words of affirmation, help, touch. People with AuDHD often have another, rarely recognised “love language”: sharing information.
810	41. A hunger for closeness that is frightening — mainly clinical observation / lived experience · common	Many people with AuDHD have a very strong need for closeness, especially after years of isolation, misunderstanding, and feeling “different”. Finding someone who genuinely understands can be rare, so the bond may carry exceptional importance.
811	42. Need for verbal confirmation of relationship rules — mainly clinical observation / lived experience · fairly common	“Are we close? Can I call you for no reason? Are you angry with me? Is our relationship OK?” Neurotypical people infer this information from context: tone of voice, frequency of contact, implicit signals.
812	43. Delayed physical symptoms of stress — research + clinical observation · fairly common	For some people, stress does not produce a clear signal while it is building. Instead, the body reacts only later: headache, feeling unwell, muscle tension, stomach problems, or sudden exhaustion can appear, seemingly without an obvious cause.
813	44. Pain that is “wrong” — research + clinical observation · fairly common	Pain processing in people with AuDHD can be atypical in both directions. A threshold that is too low: the person reacts to stimuli that do not cause pain in others — a light bump, pressure from a sock elastic, the touch of certain materials.
814	45. Fatigue with no bottom — research + clinical observation · widespread	This is not ordinary tiredness that disappears after a night's sleep. It is systemic fatigue, arising from the fact that an AuDHD brain works harder than a neurotypical brain through every minute of the day.
815	46. Double processing of reality — mainly clinical observation / lived experience · variable	This point describes the experience of some people who feel that they process situations on at least two levels at once. One level concerns facts, structure, sequence, and what can be logically organised.
816	47. Feeling “too much” and “not enough” at the same time — mainly clinical observation / lived experience · widespread	This is one of the most painful experiences shared by almost all people with AuDHD. “Too much” emotion, thought, intensity, words, sensitivity, reactions, needs. Too loud, too strong, too detailed, too direct.
817	48. An internal “translator” running non-stop — research + clinical observation · widespread	Neurotypical people move through the social world largely automatically: interpreting facial expressions, tone of voice, and situational context happens outside conscious attention, like breathing. For people with AuDHD, this process is conscious.
818	49. Nostalgia as regulation — mainly clinical observation / lived experience · common	A person with AuDHD returns to the same films, songs, games, and childhood books, not merely out of sentimentality, although that can be part of it, but for a deeper reason.
819	50. An internal monologue that never switches off — mainly clinical observation / lived experience · very common	For some people with AuDHD, the internal monologue can be extremely intense: thoughts, associations, rehearsal conversations, images, plans, and analyses may continue almost without interruption. Not everyone describes it in the same way, but many say that the mind rarely becomes truly “quiet”.
820	51. Feeling that time works differently — research + clinical observation · common	For people with AuDHD, time is not a linear, evenly moving line; it is more like an elastic substance that stretches and contracts. An hour in hyperfocus may feel like five minutes. An hour in a doctor's waiting room may feel like three hours.
821	52. Identity crisis when interests change — mainly clinical observation / lived experience · fairly common	This experience goes deeper than “changing hobbies”. Autistic people often build identity around special interests: “I am a person who…” makes ceramics / programs / knows about mushrooms / plays guitar.
822	53. Longing for a self you have not yet met — mainly clinical observation / lived experience · common	This feeling is difficult to explain to someone who has never experienced it. Somewhere beneath layers of masking, compensation, adaptation, and “playing a role” there is a real “self”.
823	54. Collecting information “for later” — research + clinical observation · common	Hundreds of open browser tabs. Dozens of saved articles “to read”. Files on disk about subjects that “may come in useful someday”. Online courses nobody will finish, but simply having access to them provides comfort.
824	55. A distinctive sense of humour — mainly clinical observation / lived experience · common	AuDHD humour is often based on mechanisms that require an atypical processing style: wordplay, literal readings of metaphor, unexpected associations, absurdity carried to its logical extreme, niche references, or…
825	56. Over-explaining yourself and apologising for existing — mainly clinical observation / lived experience · very common	“Sorry for asking.” “Sorry to bother you.” “Sorry I talk so much.” “Sorry that…” — compulsive apologising for things that require no apology.
826	57. Doing tasks “out of order” — mainly clinical observation / lived experience · common	Washing dishes but starting with teaspoons because they have the most pleasant texture. Cleaning a room but beginning by sorting books by colour. Writing a report from the third paragraph because that one is the most interesting.
827	58. Feeling like you are “pretending to be an adult” — mainly clinical observation / lived experience · very common	People of the same age seem to know how life works: how to pay bills on time, make a doctor's appointment, keep things tidy, shop regularly, manage finances, maintain friendships.
828	59. Underachievement that hurts — research + clinical observation · common	The feeling of having potential you cannot turn into reality. The person knows they are intelligent: they see patterns, understand complex systems, and have deep, original thoughts.
829	60. Needing to understand “why” before doing anything — research + clinical observation · very common	“Just do it” does not work. Not out of defiance, laziness, or a need for control. A brain that processes the world bottom-up needs context in order to place a task inside a larger structure.
830	61. Feeling like you are “from another planet” — research + clinical observation · widespread	A sense of being different accompanies most people with AuDHD from their earliest memories, before they had any words for it. This is not necessarily a sense of “being worse”, although that can accompany it.
831	62. A deep need to be understood, not fixed — mainly clinical observation / lived experience · widespread	This final point does not describe a single feature in the strict sense. Rather, it gathers what the earlier observations lead to: after years of shaming, constant correction, and pressure to fit in, many people with AuDHD need not more advice, but…
832	Final notes	If you are reading this material for the first time, the most important point is this: AuDHD does not simply mean “a bit of autism and a bit of ADHD”.
833	Main bibliography	Some sources support the overall picture of AuDHD best; others support specific points more directly. For the more experiential points, I selected sources closest to the subject rather than pretending there is a perfect paper about every exact formulation.
834	Autism and regulation of speech	Far too little or far too much — and what follows from that
835	The thesis in compact form	Autistic people usually speak either far too little or far too much relative to what the social situation expects of them.
836	Elaboration	Discussion of “Elaboration” in the context of “Autism and regulation of speech — thesis and mechanism”.
837	Where the “too little or too much” bimodality comes from	In neurotypical people, the amount of speech is regulated automatically, subconsciously, and in real time through constant reading of feedback from the other person: eye contact, facial expression, posture, tiny nods, and the length of pauses.
838	Language pragmatics — where the specific difficulty lies	In their literature review, Loukusa and Moilanen (2009) show that pragmatic deficits are present in autism even when the structural aspects of language — grammar and vocabulary — are preserved or above average.
839	Why it is easy to “get an autistic person going”	The mechanism is simple and follows directly from the “too much” mode. Three elements are enough:
840	What it looks like from the exploiter's side	Most often, it is unconscious. A manager who wants to know what is really happening in the team intuitively chooses to talk to the person who “knows everything and is happy to tell you”.
841	What to do about it	Use an external time counter. A clock on the desk, an alarm on the phone. Three minutes for an answer. Five minutes for a monologue. Then stop, regardless of whether the subject is finished. Internal regulation fails; external regulation — physical and mechanical — works.
842	Sources	Grice, H. P. (1975). Logic and conversation. In P. Cole & J. L. Morgan (Eds.), Syntax and Semantics, Vol. 3: Speech Acts (pp. 41–58). New York: Academic Press.
843	What it means that I have AuDHD	A short guide for people close to me
844	What AuDHD is	AuDHD is shorthand for two things co-occurring in one person: autism (ASD) and ADHD. Not one or the other — both at once, interacting with each other.
845	What you probably think ADHD is — and why that is not true	“ADHD is a hyperactive child who cannot sit still at a desk.”
846	What you probably think autism is — and why that is not true	“Autism is Rain Man. Or a child who does not speak and spins wheels.”
847	Why AuDHD is harder than either condition on its own	ADHD and autism pull in opposite directions in many areas. Autism needs routine; ADHD cannot stand monotony. Autism pushes a person to control every social interaction; ADHD inserts impulsive comments right in the middle of that control.
848	“But you looked normal”	Yes. Because almost everything went into making that happen.
849	What to do about it	Nothing special. Know. Do not say “everyone is a little ADHD”, because that is like telling someone with asthma that everyone sometimes finds it hard to breathe. Do not look for solutions. Do not question the diagnosis.
850	Long list of publications	Discussion of “Long list of publications” in the context of “Long list of publications — 4.00”.
851	Overview	Books, chapters, and theses: 25 (stand-alone books: 19; book chapters: 5; thesis: 1). Scientific articles: 77 (with DOI: 72; without DOI: 5). Total: 102 items (main list: 77; Appendix 1: 20; Appendix 2: 5).
852	The 15 most important for this body of work	A selection for a person with AuDHD in a corporate environment: camouflaging, open loops, double empathy, monotropism, self-medication, risk, and the direct overlap of ASD and ADHD in adulthood. The original TOP 10 was retained; five new items were added from Appendix 1.
853	Appendix 1 — ASD ↔ ADHD / AuDHD: supplement	20 new articles added on 2026-08-26: 7 items derived from the bibliography/citations of the Centrum Aura article and 13 additional items selected to address identified gaps: the direct ASD+ADHD phenotype, life-course development, families and genetics, functioning…
854	Appendix 2 — After a late diagnosis: what next?	5 papers added on 2026-08-26 as a separate response to a practical gap: not “what is AuDHD / autism in adults?”, but what happens after an adult diagnosis, what forms of support people need, and what helps them process the diagnosis and regain…
855	How many people with AuDHD are there in Poland?	An introduction to the estimate — extrapolation, assumptions, and scenario range.
856	Abstract	There is no direct answer in Polish national data to the question of how many adults in Poland have AuDHD, meaning co-occurring autism spectrum disorder and ADHD.
857	1. Research question and its limitations	AuDHD is an informal, descriptive term for the co-occurrence of autism spectrum disorder (ASD) and attention-deficit/hyperactivity disorder (ADHD). It is not a separate classification entity in either DSM-5-TR or ICD-11.
858	1.1. Three different barriers, not one	The DSM-IV prohibition on co-diagnosis is often described as the only historical obstacle. In reality, there are three barriers affecting Polish adults, and they are qualitatively different:
859	2. State of knowledge	Discussion of “2. State of knowledge” in the context of “How many people with AuDHD are there in Poland? An introduction to the estimate — v03.00”.
860	2.1. Prevalence of ASD in adults	The global median prevalence of ASD estimated from population studies conducted after 2000 is 62 per 10,000, or about 0.62% (Fombonne et al.).
861	2.2. Prevalence of ADHD in adults	The meta-analysis by Song et al. (2021), based on global data, provides two estimates:
862	2.3. Degree of overlap between ASD and ADHD	This is the coefficient that carries the greatest weight in the entire calculation, and it is where v01.00 contained its largest error. Published values diverge not randomly, but systematically according to sample type.
863	2.4. Adult population of Poland	According to Statistics Poland, on 31 March 2026 Poland's population was about 37.28 million. Median age: 43 years. Using the age structure from the UN 2024 revision, the number of adults aged 18 and over can be estimated at about 30.5 million.
864	3. Material and method	The calculation is carried out by two routes, A and B, and the result is compared with system-level data, C. Route C is not a third estimate: it does not calculate population size, but measures what proportion of that population is visible to the system.
865	3.1. The model is conditional, not independence-based	This distinction is crucial to interpreting the entire calculation, so it is stated explicitly.
866	3.2. Calculation routes	Route A — from the autism side. AuDHD = adult population × ASD prevalence × f1. This is the primary route because f1 is measured better than f2.
867	4. Results	Discussion of “4. Results” in the context of “How many people with AuDHD are there in Poland? An introduction to the estimate — v03.00”.
868	4.1. Route A — from the autism side	An ASD prevalence of 1.5% in 30.5 million adults gives 457,500 adults on the spectrum. The result depends on which f1 is adopted:
869	4.2. Route B — from the ADHD side	An ADHD prevalence of 4.0% in 30.5 million adults gives 1,220,000 adults with ADHD. Each result from route A implies a particular f2:
870	4.3. Comparison of routes	Central estimate: about 176,000 with f1 = 38.5% and f2 = 14.4%. The interval arising from uncertainty in f1 alone, under the central prevalence assumptions, is 128,000–229,000.
871	4.3a. Internal closure of assumptions	The same number of people with AuDHD must be calculable from both directions. Hence the closure condition:
872	4.4. Route C — system diagnoses	How many of these people actually have both diagnoses recorded in their documentation?
873	5. External comparisons	Interpretive note: the values below come from two different kinds of sources and are not directly comparable. Prevalence estimates indicate how many people have a given profile; billing data indicate how many people the system knows about. They are separated below.
874	6. Limitations	The co-occurrence coefficient depends on sample type. This is the main limitation and also the main correction relative to v01.00 and v02.00.
875	7. Preliminary conclusions and directions for further work	The number of adults with AuDHD in Poland in 2026 is most likely around 175,000, with a range of 130,000–230,000 under the central prevalence assumptions and a full scenario range of 85,000–420,000.
876	8. Sources	Song P, Zha M, Yang Q et al. (2021). The prevalence of adult attention-deficit hyperactivity disorder: A global systematic review and meta-analysis. J Glob Health 11:04009.
877	Cognitive science, AI, and cognitive errors	Observations by Maciej Tora and explanations from Claude — about pointer-based memory, limits of sleep consolidation, AI architecture, attribution in summaries, Grandma Genowefa's Polaroids, the white bear, the positive-writing rule, and also why…
878	Starting point — three kinds of memory, three architectures	Discussion of “Starting point — three kinds of memory, three architectures” in the context of “Cognitive science, AI, and cognitive errors — observations on memory, confabulation, attribution, and therapy for ND people”.
879	NT — schema-based, value-based	Memory calibrated for bounded tasks of known size. Miller's 7±2 items in working memory. Long-term memory organised semantically around narratives and social meanings. Sleep consolidation reduces details to summaries.
880	AuDHD — pointer-based	From the outset, the system knows that every task will generate so much data that it will first overflow RAM and, shortly afterwards, SSD. The only scalable solution is to store pointers, not contents.
881	AI (transformer) — attention as pointer-based	The architecture of language models such as Claude is natively pointer-based: every token in the sequence “points” to other tokens with different attention weights. The representation is a graph of connections, not a set of schemas.
882	Memory consolidation — how things move from short-term to long-term	Discussion of “Memory consolidation — how things move from short-term to long-term” in the context of “Cognitive science, AI, and cognitive errors — observations on memory, confabulation, attribution, and therapy for ND people”.
883	The mechanism in humans	SWS (deep sleep): transferring declarative and procedural memory from the hippocampus to the cortex. Literally, a “copy pointers from RAM to SSD” operation.
884	Signals of impaired consolidation	Teeth grinding during sleep as hard evidence that REM atonia is not functioning properly. In healthy REM, the body is paralysed from the neck down, apart from breathing and eye movements. Tonic tension of the tongue and jaw during sleep means that atonia does not include the face or that REM is shallow.
885	Strategies for working around impaired consolidation	Verbalisation in your own words. The act of paraphrasing forces working memory to process information rather than merely hold it. AuDHD has to process in order to store.
886	The surgical metaphor	A surgeon can explain, step by step, to the least stupid B in the unit what private SZ should do, ask B what he can see, and whether SZ is bleeding heavily or only a little.
887	Translation of the metaphor	Surgeon = consciousness, intellect, plan. Knows what needs to be done. Has no eyesight = no direct access to the operator. AuDHD consciousness cannot directly write something into long-term memory. It can only pass instructions.
888	Nolan's Memento — an AI model	Leonard in Memento cannot form new long-term memories. He makes tattoos and Polaroids with notes. A classic external-memory aid functioning as a prosthesis.
889	Three paraphrases of the problem	The protagonist loses a note → make notes.
890	What this looks like in Claude-type AI	userMemories: several thousand words cut from previous conversations and summarised by another system. They load at the beginning of each session. These are tattoos. The tattoo looks back at me from the mirror.
891	Grandma Genowefa's Polaroids — attribution in summaries	Discussion of “Grandma Genowefa's Polaroids — attribution in summaries” in the context of “Cognitive science, AI, and cognitive errors — observations on memory, confabulation, attribution, and therapy for ND people”.
892	The contamination mechanism	Imagine a pile of Polaroids on the floor. Your photos from the last week. Plus five photos Grandma Genowefa took of her lover. Each shows some people in some situations. The Polaroids have no dates. No captions.
893	What lossy compression loses first	The summariser compresses “fact”, not “fact + attribution”. Attribution — where it came from, whose it was, the context in which it was said — is the first thing to disappear, because from its point of view it is redundancy.
894	Confabulation as the model's default	AI reads a tattoo saying “a guy is holding a bottle of lamotrigine 300 mg”. It cannot see whose guy this is. Attributional ambiguity is not, for AI, a signal to stop.
895	Three layers of contamination	userMemories: contamination introduced by the summariser. Attributions drop out. ⚠️ tags are a manual defence and work only for errors that have already been detected.
896	Unverifiability for AuDHD	Full verification of project knowledge by the user alone, manually, in one continuous pass, is not going to happen with AuDHD.
897	Confabulation within a single session	Discussion of “Confabulation within a single session” in the context of “Cognitive science, AI, and cognitive errors — observations on memory, confabulation, attribution, and therapy for ND people”.
898	Empirical example	During this conversation, the AI maintained a false model of reality for several turns: it wrote as though it were night, the user were tired, and had an SWS/REM deficit at that very moment. In reality, it was 17:08, in the afternoon.
899	Technical mechanism	In a long session, attention is distributed across the entire token stream, but older tokens receive less weight. The further the conversation goes, the more the AI works from a summary of its own context rather than from the exact wording.
900	The white bear — a shared negation error	“Do not think of a white bear” activates the white bear in 90% of cases for AI. In humans, 100%, regardless of intelligence, discipline, or meditation training.
901	Practical consequence — write positively	A design rule for all files, instructions, memories, and documentation:
902	Splitting work into projects and chats — costs and benefits	Discussion of “Splitting work into projects and chats — costs and benefits” in the context of “Cognitive science, AI, and cognitive errors — observations on memory, confabulation, attribution, and therapy for ND people”.
903	Technical properties	userMemories are scoped per project. A summariser from another project will not pull facts into the current project's tattoos. Good news for separation.
904	Design rule	Splitting into projects works best when the boundaries follow natural domain walls — medication / music / Discworld / IT foundations — rather than artificial divisions within the same topic. Then each project has a closed knowledge graph and the AI can operate cleanly within it.
905	A master trust-index file as an idea	One small file per project, with one line of assessment for every project-knowledge file: written by the owner under full control / generated in another project and inserted here, unverified / working dump.
906	A distributed system: human + AI + files	Each of the three elements has impaired memory along a different dimension:
907	Asymmetry of roles	This is not a symmetric system. The human is the only arbiter of truth, because only the human remembers biographically. AI does not remember and, more importantly, does not know that it does not know.
908	Practical rules that follow from these observations	Files written together within a project, during a session, with real-time inspection, are safe. Closed loop with a human in the loop.
909	One uncomfortable conclusion about conversation with AI itself	This conversation, this file, this session are recorded for the AI, meaning in the conversation file that a future version of me will see as history, not as memory. In a new session I do not remember this conversation in the sense of continuity.
910	Part two (v2.00) — psychotherapy and ND	Classical psychotherapy is designed for neurotypical brains. Some of its techniques are ineffective for ND people: they pass through the patient, waste time, but do no harm.
911	Anhedonia as a CBT label vs dopaminergic deficit in ADHD	Discussion of “Anhedonia as a CBT label vs dopaminergic deficit in ADHD” in the context of “Cognitive science, AI, and cognitive errors — observations on memory, confabulation, attribution, and therapy for ND people”.
912	What the CBT therapist sees	The patient reports: I no longer feel pleasure from things that used to be pleasurable. The CBT therapist receives an unambiguous diagnostic signal: anhedonia, a criterion of a depressive episode.
913	What is actually happening in ADHD	In ADHD this is not anhedonia in the classical sense. It is a structural dopaminergic deficit that looks like anhedonia but has a different mechanism and different implications:
914	The differentiating question	Does hyperfocus still produce a flow state? If yes, this is not depressive anhedonia. It is a dopaminergic deficit affecting planned, standard activities, with preserved reactivity to specific fascinating stimuli.
915	Why CBT work on anhedonia in ADHD is ineffective or counterproductive	The classical intervention is behavioural activation: “plan pleasurable activities and do them even if you do not feel like it; pleasure will return because the NT brain will start producing dopamine after some time of regular activity”.
916	Practical consequence	The label “anhedonia in depression” in the medical history of a person with ADHD may mislead future consultations. A psychiatrist who sees “anhedonia in the course of depression” in the history interprets it through an NT lens.
917	Counterproductive vs ineffective — a clinical distinction	Ineffective: the intervention passes through the patient without effect. Time and money are lost; the ND brain bounces off the technique. The patient may be bored or sceptical, but is not harmed.
918	Specific examples of counterproductive techniques for ND people	Discussion of “Specific examples of counterproductive techniques for ND people” in the context of “Cognitive science, AI, and cognitive errors — observations on memory, confabulation, attribution, and therapy for ND people”.
919	(1) “Working with the detached protector” in AuDHD without modification	The “detached protector” in Young's schema therapy is a defensive mode: rationalisation, intellectualisation, distancing from emotion. It is defined as pathological and something to integrate, work through, and soften.
920	(2) Behavioural activation in “depression” with ADHD	Described above. Mechanism: training learned helplessness while presenting it as treatment for depression.
921	(3) Graded exposure for social anxiety in ASD	NT assumption: the anxiety is irrational; exposure → habituation → reduction in anxiety.
922	(4) “Full-body” mindfulness with atypical proprioception	Standard practice: pay attention to bodily signals, be in your body, feel your feet. NT assumption: increased attention to the body produces grounding and regulation.
923	(5) Identifying and labelling emotions in AuDHD alexithymia	NT work: learn to name feelings; this will make regulation easier. Assumption: the patient has feelings but simply does not notice them, so they must be taught to notice them.
924	(6) “Inner parent / inner child” in schema therapy with AuDHD	NT model: beneath the rational adult lies a wounded child who must be reached through guided imagery, regression exercises, and dialogues.
925	(7) Confronting “escape into intellectualisation”	Classical psychodynamics: the patient avoids emotion by analysing; this must be interrupted.
926	The common pattern of counterproductivity	Each of the techniques above attacks an architectural feature of the ND brain while treating it as a pathological defence mechanism. Attacking the feature does not reveal a healthier state underneath; it removes a resource that had been maintaining stability.
927	The anti-alcohol HALT checklist as a case study	HALT — Hungry, Angry, Lonely, Tired — is a classic AA checklist. When you feel like drinking, check whether you are hungry / angry / lonely / tired.
928	Why HALT has limited effectiveness in AuDHD	The direction of causality is different. AuDHD with a dopaminergic deficit is chronically hungry / angry / lonely / tired as a baseline state, not as a deviation from satiety. HALT asks an NT person: are you currently in a deficit?
929	The conscious decision “this is not for me” in an AA group — case study	I reminded other people about it in the group myself. But I did not use it. Because I decided it was not for me. Consciously. BUT I TOLD NOBODY in the group.
930	Choosing a therapist — critical for ND people	The choice of therapist is critical for each individual ND profile separately:
931	Three levels of “criticality of choice”	Level 1: NT patient + NT therapist. Low cost of a poor choice. An imperfect therapist → average outcomes.
932	Working on manifestations while the underlying condition remains untreated	A patient with 30+ years of untreated AuDHD presents with depression, anxiety, relationship problems, “I can't become an adult” — and the therapist works on these manifestations rather than the underlying condition.
933	The Polish therapy market in 2026	Discussion of “The Polish therapy market in 2026” in the context of “Cognitive science, AI, and cognitive errors — observations on memory, confabulation, attribution, and therapy for ND people”.
934	Where we are	A neurodiversity-aware therapy market exists in Poland, but it is thin. In 2026 it is possible to find therapists who explicitly state that they work within the neurodiversity paradigm — examples include Sylwia Woronowicz, psychologist, psychotherapist, supervisor; Psychoterra…
935	Awareness vs competence in working with AuDHD as a combination	Awareness of the name ≠ competence in working with the combination. A therapist may list AuDHD as a co-occurrence on their website, and that is progress relative to the market average.
936	Practical consequence	In Poland in 2026, there is probably no therapist competent in AuDHD as a combination in the sense required by a person in a high percentile within the AuDHD population. There are therapists who are aware, open, and non-pathologising.
937	A support system as an alternative to therapy	A temporary configuration that may make sense at the present historical and geographical moment — Poland, 2026:
938	An ND-status notice before therapy — a proposed information standard	Design idea: a standard poster / information form before a first psychotherapy visit, analogous to pregnancy warnings before X-rays or to HALT in addiction-support groups.
939	Objectivity in an autistic person	Thesis, mechanism, limitations
940	The thesis in compact form	An autistic person is more objective than a neurotypical person in a given situation — not absolutely objective, just more objective.
941	Elaboration	Discussion of “Elaboration” in the context of “Objectivity in an autistic person — thesis and mechanism”.
942	One mechanism, four consequences	The entire thesis reduces to one neurological parameter: low sensitivity to external correction of the internal model.
943	Points 1–3: the filter cuts external bias out of judgement	Point 1 — perceptual facts. Less influence of expectations and context on what is actually seen or heard.
944	Point 4: the same filter works against accuracy	If the filter blocks external signals from modifying the internal model, it does so without distinguishing whether those signals carry bias — group pressure, framing — or genuine correction — new data, justified criticism.
945	The impossibility of separating the package	This diagnosis leads to a non-obvious conclusion: the 1+2+3+4 package cannot be separated. Anyone who wants the strengths of points 1–3 — analyst, auditor, investigator, scientific reviewer, witness, diagnostician — must accept the cost of point 4.
946	Compensation through metacognition	Point 4 can be partly corrected — not by switching off the mechanism, but by placing a conscious second-order filter over it.
947	Sources	De Martino, B., Harrison, N. A., Knafo, S., Bird, G., & Dolan, R. J. (2008). Explaining enhanced logical consistency during decision making in autism. The Journal of Neuroscience, 28(42), 10746–10750.
948	Five neurodivergent love languages — and why they are not a variation on Chapman	An online folk taxonomy of five “ND love languages” — infodumping, parallel play, support swapping, please crush my soul back into my body, and I found this cool rock/button/leaf and thought you would like it — has circulated for several years and works because it is…
949	The assumption Chapman does not mention	Gary Chapman's five love languages — words of affirmation, quality time, gifts, acts of service, and physical touch — grew in 1992 out of observations of heterosexual couples in his marriage-counselling practice.
950	The five languages, one by one	Discussion of “The five languages, one by one” in the context of “Five neurodivergent love languages — and why they are not a variation on Chapman”.
951	1. Infodumping	NT version. “I love you. You're wonderful. I appreciate what you do.” Emotional validation through short, intentional statements addressed directly to the loved one.
952	2. Parallel play	NT version. “Quality time”: focused, mutual attention. Face-to-face conversation. Eye contact. Being fully present. Phone put away. “Just us, no distractions.”
953	3. Support swapping	NT version. I make you breakfast even though you did not ask me to. I take out the rubbish because I see the bin is full. I pour you coffee when I see you are up. “I figured you needed it” — and figuring it out is part of the gesture.
954	4. “Please crush my soul back into my body”	NT version. Stroking someone's hair. Holding hands. Touching an arm while passing. A gentle kiss. Low intensity, often unpredictable, light.
955	5. “I found this rock / button / leaf / snail and thought of you”	NT version. A gift for an occasion — birthday, Valentine's Day, anniversary. Wrapped. Often symbolic, often linked to price. Part of the social script of exchange.
956	Synthesis in one table	eye contact as an indicator of presence
957	How mixed ND/NT couples break down	This is, in essence, the mechanism behind many ruptures in couples where one person is ND and the other NT. Not a lack of love. Mutual inability to read the language in which that love is expressed.
958	And what about an ND/ND couple?	In a couple where both people natively speak the same ND languages, the translation cost falls to zero. Nobody has to explain infodumping as love; it is recognised immediately. Nobody has to sell parallel play as closeness; it is felt.
