audio_id	source_filename	source_relative_path	youtube_video_id	file_size_mb	duration_seconds	sample_rate_hz	channels	imported_at
audio-0001	0001 - MEUTE - MEUTE - You & Me (Flume Remix) [fKFbnhcNnjE].webm	0001 - MEUTE - MEUTE - You & Me (Flume Remix) [fKFbnhcNnjE].webm	fKFbnhcNnjE	5.763413429260254	329.408	48000	2	2026-09-09 04:09:07
audio-0002	0002 - MEUTE - MEUTE - Sail (Awolnation Rework) [m4C58lmv1J4].webm	0002 - MEUTE - MEUTE - Sail (Awolnation Rework) [m4C58lmv1J4].webm	m4C58lmv1J4	4.468851089477539	267.1688125	48000	2	2026-09-09 04:09:07
audio-0003	0003 - UNKLEofficial - UNKLE - Looking For The Rain ft. Mark Lanegan, ESKA [Zl3Y5-Qrbk8].webm	0003 - UNKLEofficial - UNKLE - Looking For The Rain ft. Mark Lanegan, ESKA [Zl3Y5-Qrbk8].webm	Zl3Y5-Qrbk8	5.6804094314575195	358.80635416666667	48000	2	2026-09-09 04:09:07
audio-0004	0004 - Daniela Andrade - La Vie En Rose [3Ba_WoSZXvw].webm	0004 - Daniela Andrade - La Vie En Rose [3Ba_WoSZXvw].webm	3Ba_WoSZXvw	2.047295570373535	123.93652083333332	48000	2	2026-09-09 04:09:07
audio-0005	0005 - Koniec Świata - Jak mnie tu znalazłaś [Vn34Gzv1j6Q].webm	0005 - Koniec Świata - Jak mnie tu znalazłaś [Vn34Gzv1j6Q].webm	Vn34Gzv1j6Q	2.318134307861328	146.38666666666666	48000	2	2026-09-09 04:09:08
audio-0007	0007 - Koniec Świata - Porąbana noc [-0pfafS--Ns].webm	0007 - Koniec Świata - Porąbana noc [-0pfafS--Ns].webm	-0pfafS--Ns	2.48276424407959	162.86666666666667	48000	2	2026-09-09 04:09:08
audio-0008	0008 - John Smith - PINK FLOYD： Take It Back (2011 - Remaster⧸1080p) [KWeWmnGoxqw].webm	0008 - John Smith - PINK FLOYD： Take It Back (2011 - Remaster⧸1080p) [KWeWmnGoxqw].webm	KWeWmnGoxqw	6.295092582702637	392.2346666666666	48000	2	2026-09-09 04:09:08
audio-0009	0009 - Pink Floyd - Pink Floyd - A Great Day For Freedom (The Division Bell 30th Anniversary Official Audio) [lJ9x7FKhJj4].webm	0009 - Pink Floyd - Pink Floyd - A Great Day For Freedom (The Division Bell 30th Anniversary Official Audio) [lJ9x7FKhJj4].webm	lJ9x7FKhJj4	3.98196792602539	257.3119375	48000	2	2026-09-09 04:09:08
audio-0010	0010 - Stealing .Pink - Pink Floyd   Cluster one 2011   Remaster   1080p [1auwNAvde0M].webm	0010 - Stealing .Pink - Pink Floyd   Cluster one 2011   Remaster   1080p [1auwNAvde0M].webm	1auwNAvde0M	5.79716682434082	356.89070833333335	48000	2	2026-09-09 04:09:08
audio-0012	0012 - This Is Queen - Radio Ga Ga (Remastered 2011) [qlZqEFbVxgo].webm	0012 - This Is Queen - Radio Ga Ga (Remastered 2011) [qlZqEFbVxgo].webm	qlZqEFbVxgo	5.3719940185546875	350.0756666666667	48000	2	2026-09-09 04:09:09
audio-0013	0013 - Rag'n'Bone Man - Rag’n’Bone Man - Wolves [nM35X5hdzEs].webm	0013 - Rag'n'Bone Man - Rag’n’Bone Man - Wolves [nM35X5hdzEs].webm	nM35X5hdzEs	2.6751155853271484	179.08391666666665	48000	2	2026-09-09 04:09:09
audio-0014	0014 - Rag'n'Bone Man - Rag’n’Bone Man - Life In Her Yet [orkEnnQN5wM].webm	0014 - Rag'n'Bone Man - Rag’n’Bone Man - Life In Her Yet [orkEnnQN5wM].webm	orkEnnQN5wM	2.9845075607299805	189.2078125	48000	2	2026-09-09 04:09:09
audio-0015	0015 - Rag'n'Bone Man - Rag'n'Bone Man - Human (Official Video) [L3wKzyIN1yk].webm	0015 - Rag'n'Bone Man - Rag'n'Bone Man - Human (Official Video) [L3wKzyIN1yk].webm	L3wKzyIN1yk	3.126426696777344	197.845625	48000	2	2026-09-09 04:09:09
audio-0016	0016 - Uri Caine Ensemble - Symphony No. 5： Funeral March (Live) [7tABsji3LWA].webm	0016 - Uri Caine Ensemble - Symphony No. 5： Funeral March (Live) [7tABsji3LWA].webm	7tABsji3LWA	6.9172468185424805	426.0933333333333	48000	2	2026-09-09 04:09:09
audio-0017	0017 - MAANAM - Maanam - Krakowski Spleen [Official Music Video] [BqUpUtaS9VY].webm	0017 - MAANAM - Maanam - Krakowski Spleen [Official Music Video] [BqUpUtaS9VY].webm	BqUpUtaS9VY	4.331672668457031	275.70214583333336	48000	2	2026-09-09 04:09:09
audio-0018	0018 - Jazzpospolita - Jazzpospolita - Przedwiośnie [HzvKM5W5GEc].webm	0018 - Jazzpospolita - Jazzpospolita - Przedwiośnie [HzvKM5W5GEc].webm	HzvKM5W5GEc	4.179827690124512	241.36533333333333	48000	2	2026-09-09 04:09:10
audio-0019	0019 - Solo Ansamblis - Solo Ansamblis - Baloje [E8wzIueWX8I].webm	0019 - Solo Ansamblis - Solo Ansamblis - Baloje [E8wzIueWX8I].webm	E8wzIueWX8I	6.543911933898926	451.968	48000	2	2026-09-09 04:09:10
audio-0020	0020 - Production Lovers - We All Poop - All the Blood (Positive Song Actually) [tyzlH4N_hNc].webm	0020 - Production Lovers - We All Poop - All the Blood (Positive Song Actually) [tyzlH4N_hNc].webm	tyzlH4N_hNc	2.8096227645874023	180.16364583333333	48000	2	2026-09-09 04:09:10
audio-0022	0022 - THE ROOP - THE ROOP - On Fire (Official Music Video) (Eurovision 2020) [YFzcmH1kDj8].webm	0022 - THE ROOP - THE ROOP - On Fire (Official Music Video) (Eurovision 2020) [YFzcmH1kDj8].webm	YFzcmH1kDj8	2.941925048828125	177.49333333333334	48000	2	2026-09-09 04:09:10
audio-0023	0023 - Red Box - Ho Ho! (Radio Edit) [MPiIfZgvovM].webm	0023 - Red Box - Ho Ho! (Radio Edit) [MPiIfZgvovM].webm	MPiIfZgvovM	3.3983850479125977	220.73560416666663	48000	2	2026-09-09 04:09:10
audio-0024	0024 - The Mono Jacks - The Mono Jacks - Gloria (official audio) [hPLWvtDgCow].webm	0024 - The Mono Jacks - The Mono Jacks - Gloria (official audio) [hPLWvtDgCow].webm	hPLWvtDgCow	3.2251415252685547	207.50933333333333	48000	2	2026-09-09 04:09:11
audio-0025	0025 - Dua Lipa - Dua Lipa - Be The One (Official Music Video) [-rey3m8SWQI].webm	0025 - Dua Lipa - Dua Lipa - Be The One (Official Music Video) [-rey3m8SWQI].webm	-rey3m8SWQI	3.314107894897461	204.04535416666667	48000	2	2026-09-09 04:09:11
audio-0026	0026 - florencemachine - Florence + The Machine - Dog Days Are Over (2010 Version) (Official Music Video) [iWOyfLBYtuU].webm	0026 - florencemachine - Florence + The Machine - Dog Days Are Over (2010 Version) (Official Music Video) [iWOyfLBYtuU].webm	iWOyfLBYtuU	3.5921239852905273	219.208	48000	2	2026-09-09 04:09:11
audio-0027	0027 - BEMY - BEMY - Time [Z-yQb-Zo2fE].webm	0027 - BEMY - BEMY - Time [Z-yQb-Zo2fE].webm	Z-yQb-Zo2fE	3.4095020294189453	260.7020416666667	48000	2	2026-09-09 04:09:11
audio-0028	0028 - Mumford & Sons - Mumford & Sons - The Cave [fNy8llTLvuA].webm	0028 - Mumford & Sons - Mumford & Sons - The Cave [fNy8llTLvuA].webm	fNy8llTLvuA	4.202066421508789	266.36772916666666	48000	2	2026-09-09 04:09:11
audio-0029	0029 - KayaxTV - Artur Rojek - Bez końca (Official Video) [qvFZnn-EYQU].webm	0029 - KayaxTV - Artur Rojek - Bez końca (Official Video) [qvFZnn-EYQU].webm	qvFZnn-EYQU	3.672426223754883	234.368	48000	2	2026-09-09 04:09:11
audio-0030	0030 - Universal Music - Michelle Gurevich Temptation [LyG_CaRbQMQ].webm	0030 - Universal Music - Michelle Gurevich Temptation [LyG_CaRbQMQ].webm	LyG_CaRbQMQ	3.68466854095459	225.03620833333332	48000	2	2026-09-09 04:09:12
audio-0031	0031 - Asinella Recs - Clara Luzia - The Drugs Do Work (Official Video) [9rKNKcWAjpA].webm	0031 - Asinella Recs - Clara Luzia - The Drugs Do Work (Official Video) [9rKNKcWAjpA].webm	9rKNKcWAjpA	3.917642593383789	260.9226458333333	48000	2	2026-09-09 04:09:12
audio-0032	0032 - Alexander Ebert - Alexander (Alex Ebert) - Truth [_62hfITLlU0].webm	0032 - Alexander Ebert - Alexander (Alex Ebert) - Truth [_62hfITLlU0].webm	_62hfITLlU0	3.720120429992676	241.70666666666668	48000	2	2026-09-09 04:09:12
audio-0033	0033 - Warhaus - Warhaus - Shadowplay (Official Video) [bwa3jtbk1fs].webm	0033 - Warhaus - Warhaus - Shadowplay (Official Video) [bwa3jtbk1fs].webm	bwa3jtbk1fs	3.857555389404297	249.928	48000	2	2026-09-09 04:09:12
audio-0034	0034 - Micatone - Barbed Wire [Mv5XPLw09uE].webm	0034 - Micatone - Barbed Wire [Mv5XPLw09uE].webm	Mv5XPLw09uE	4.577556610107422	285.28	48000	2	2026-09-09 04:09:12
audio-0035	0035 - MEUTE - MEUTE - Raw [A4jnJqLbh2g].webm	0035 - MEUTE - MEUTE - Raw [A4jnJqLbh2g].webm	A4jnJqLbh2g	5.201298713684082	311.296	48000	2	2026-09-09 04:09:13
audio-0036	0036 - MEUTE - MEUTE - Versatile (Live in Paris) [aQCksxAjvfg].webm	0036 - MEUTE - MEUTE - Versatile (Live in Paris) [aQCksxAjvfg].webm	aQCksxAjvfg	5.954931259155273	369.856	48000	2	2026-09-09 04:09:13
audio-0037	0037 - Morcheeba - Otherwise [6oqThOlGbYI].webm	0037 - Morcheeba - Otherwise [6oqThOlGbYI].webm	6oqThOlGbYI	3.5774660110473633	222.83977083333335	48000	2	2026-09-09 04:09:13
audio-0038	0038 - moriartyofficiel - Moriarty - Milena (audio) [HuHTNMne3j8].webm	0038 - moriartyofficiel - Moriarty - Milena (audio) [HuHTNMne3j8].webm	HuHTNMne3j8	3.366382598876953	203.28533333333337	48000	2	2026-09-09 04:09:13
audio-0039	0039 - KARAŚ ROGUCKI - KARAŚ⧸ROGUCKI - Kilka westchnień (Official Video) [PumLjLN9fzw].webm	0039 - KARAŚ ROGUCKI - KARAŚ⧸ROGUCKI - Kilka westchnień (Official Video) [PumLjLN9fzw].webm	PumLjLN9fzw	2.741853713989258	228.096	48000	2	2026-09-09 04:09:13
audio-0040	0040 - Roseaux, Aloe Blacc - Clarao Da Lua [JsXoKzrGy9s].webm	0040 - Roseaux, Aloe Blacc - Clarao Da Lua [JsXoKzrGy9s].webm	JsXoKzrGy9s	2.874577522277832	193.96	48000	2	2026-09-09 04:09:14
audio-0041	0041 - Moby - Moby - Natural Blues (Official Video) [z3YMxM1_S48].webm	0041 - Moby - Moby - Natural Blues (Official Video) [z3YMxM1_S48].webm	z3YMxM1_S48	4.053301811218262	262.88472916666666	48000	2	2026-09-09 04:09:14
audio-0042	0042 - Circus Company - Ezéchiel Pailhès - Octobre [xualSDhQcAc].webm	0042 - Circus Company - Ezéchiel Pailhès - Octobre [xualSDhQcAc].webm	xualSDhQcAc	2.5730409622192383	138.84372916666666	48000	2	2026-09-09 04:09:14
audio-0043	0043 - Gossip Music Official - Gossip - Move in the Right Direction (Official Video) [12zPU-8bsTE].webm	0043 - Gossip Music Official - Gossip - Move in the Right Direction (Official Video) [12zPU-8bsTE].webm	12zPU-8bsTE	3.008662223815918	199.04	48000	2	2026-09-09 04:09:14
audio-0044	0044 - KayaxTV - Swiernalis - Myśliwy (Official Video) [f_uo3hzy5X8].webm	0044 - KayaxTV - Swiernalis - Myśliwy (Official Video) [f_uo3hzy5X8].webm	f_uo3hzy5X8	2.817983627319336	188.3733333333333	48000	2	2026-09-09 04:09:14
audio-0045	0045 - The Cure - The Cure - Close To Me [BjvfIJstWeg].webm	0045 - The Cure - The Cure - Close To Me [BjvfIJstWeg].webm	BjvfIJstWeg	3.6951217651367183	226.76608333333337	48000	2	2026-09-09 04:09:14
audio-0046	0046 - Limboski - Limboski na Czarnej Barce - ＂Czy widziałeś już tę smugę？＂ [DfUXRdodA8Y].webm	0046 - Limboski - Limboski na Czarnej Barce - ＂Czy widziałeś już tę smugę？＂ [DfUXRdodA8Y].webm	DfUXRdodA8Y	4.35817813873291	262.002375	48000	2	2026-09-09 04:09:15
audio-0047	0047 - Spięty - Uproszczony Rachunek Sumienia [TcDttEXhTVA].webm	0047 - Spięty - Uproszczony Rachunek Sumienia [TcDttEXhTVA].webm	TcDttEXhTVA	3.61284065246582	231.96	48000	2	2026-09-09 04:09:15
audio-0048	0048 - HEY - Hey ＂Do Rycerzy, do Szlachty, do Mieszczan＂ (official lyric video) [eTVYy_xT9CI].webm	0048 - HEY - Hey ＂Do Rycerzy, do Szlachty, do Mieszczan＂ (official lyric video) [eTVYy_xT9CI].webm	eTVYy_xT9CI	4.154051780700684	252.1386666666667	48000	2	2026-09-09 04:09:15
audio-0049	0049 - Nosowska - Uroda [kjJZxsWWB-k].webm	0049 - Nosowska - Uroda [kjJZxsWWB-k].webm	kjJZxsWWB-k	5.074688911437988	280.49333333333334	48000	2	2026-09-09 04:09:15
audio-0050	0050 - Nosowska - Nim Wstanie Dzień [tmXna1x_BA0].webm	0050 - Nosowska - Nim Wstanie Dzień [tmXna1x_BA0].webm	tmXna1x_BA0	4.1180925369262695	240.84	48000	2	2026-09-09 04:09:15
audio-0051	0051 - Nosowska - Zielono Mi [avUiu4NJUg4].webm	0051 - Nosowska - Zielono Mi [avUiu4NJUg4].webm	avUiu4NJUg4	4.542008399963379	271.73333333333335	48000	2	2026-09-09 04:09:16
audio-0052	0052 - NOSOWSKA - Nosowska - Kokaina [G1o-vwcbCtw].webm	0052 - NOSOWSKA - Nosowska - Kokaina [G1o-vwcbCtw].webm	G1o-vwcbCtw	4.783452987670898	271.36	48000	2	2026-09-09 04:09:16
audio-0053	0053 - Nosowska - Na Całych Jeziorach Ty [rJZdmDSM7EE].webm	0053 - Nosowska - Na Całych Jeziorach Ty [rJZdmDSM7EE].webm	rJZdmDSM7EE	4.457945823669434	270.08	48000	2	2026-09-09 04:09:16
audio-0054	0054 - Nosowska - Uciekaj, Moje Serce [59LlOnwJkGw].webm	0054 - Nosowska - Uciekaj, Moje Serce [59LlOnwJkGw].webm	59LlOnwJkGw	3.181748390197754	189.52	48000	2	2026-09-09 04:09:16
audio-0055	0055 - Nosowska - Uroda (Prolog) [wApnraEvHBs].webm	0055 - Nosowska - Uroda (Prolog) [wApnraEvHBs].webm	wApnraEvHBs	1.0426559448242188	63.10666666666667	48000	2	2026-09-09 04:09:16
audio-0056	0056 - MŁODE GŁOWY - POWIEDZ MI JAK？ ｜ DOBRY, Kuba Galiński i Piotr Fronczewski x MŁODE GŁOWY [qmNbqjZItA4].webm	0056 - MŁODE GŁOWY - POWIEDZ MI JAK？ ｜ DOBRY, Kuba Galiński i Piotr Fronczewski x MŁODE GŁOWY [qmNbqjZItA4].webm	qmNbqjZItA4	3.553219795227051	227.00989583333333	48000	2	2026-09-09 04:09:16
audio-0057	0057 - Mystic Production TV - Spięty - Blue (Official Audio) [Ksx_CEHQrf8].webm	0057 - Mystic Production TV - Spięty - Blue (Official Audio) [Ksx_CEHQrf8].webm	Ksx_CEHQrf8	4.339612007141113	269.247	48000	2	2026-09-09 04:09:17
audio-0058	0058 - Mystic Production TV - Maja Kleszcz - Damą Być (lyric video) [9MCvatvA7Lk].webm	0058 - Mystic Production TV - Maja Kleszcz - Damą Być (lyric video) [9MCvatvA7Lk].webm	9MCvatvA7Lk	2.1960926055908203	138.5386875	48000	2	2026-09-09 04:09:17
audio-0059	0059 - Kovacs - Kovacs - The Devil You Know (Official Video) [C-Gyl_Gf0Xo].webm	0059 - Kovacs - Kovacs - The Devil You Know (Official Video) [C-Gyl_Gf0Xo].webm	C-Gyl_Gf0Xo	3.611760139465332	281.216	48000	2	2026-09-09 04:09:17
audio-0060	0060 - Edwyn Collins - Edwyn Collins - A Girl Like You (Official Video) [6oqJ0JpMj6I].webm	0060 - Edwyn Collins - Edwyn Collins - A Girl Like You (Official Video) [6oqJ0JpMj6I].webm	6oqJ0JpMj6I	3.1010541915893555	235.52	48000	2	2026-09-09 04:09:17
audio-0061	0061 - Dee Lav - Dee Lav - My Russomisia Is Stored In My Tits (Official Lyric Video) [wdHKAACEgow].webm	0061 - Dee Lav - Dee Lav - My Russomisia Is Stored In My Tits (Official Lyric Video) [wdHKAACEgow].webm	wdHKAACEgow	1.8772802352905271	127.808	48000	2	2026-09-09 04:09:17
audio-0062	0062 - Dee Lav - Dee Lav - Razor (Official Lyric Video) [One7iDT3Ct0].webm	0062 - Dee Lav - Dee Lav - Razor (Official Lyric Video) [One7iDT3Ct0].webm	One7iDT3Ct0	1.5050458908081057	129.6	48000	2	2026-09-09 04:09:18
audio-0063	0063 - ImagineDragons - Imagine Dragons - I Bet My Life [4ht80uzIhNs].webm	0063 - ImagineDragons - Imagine Dragons - I Bet My Life [4ht80uzIhNs].webm	4ht80uzIhNs	3.3068037033081055	213.85579166666668	48000	2	2026-09-09 04:09:18
audio-0064	0064 - KATHIA - Kathia - TIMOTHEE CHALAMET [-wwDegzvOL8].webm	0064 - KATHIA - Kathia - TIMOTHEE CHALAMET [-wwDegzvOL8].webm	-wwDegzvOL8	3.2240257263183594	205.577875	48000	2	2026-09-09 04:09:18
audio-0065	0065 - Dealer de Musique - Seth XVI - Your Taste [dQqETvqdgeA].webm	0065 - Dealer de Musique - Seth XVI - Your Taste [dQqETvqdgeA].webm	dQqETvqdgeA	3.4189586639404297	203.47733333333332	48000	2	2026-09-09 04:09:18
audio-0066	0066 - Hildá Länsman, Lávre, Lávre Johan Eira - Jođi [K2Ru_Gsf80Q].webm	0066 - Hildá Länsman, Lávre, Lávre Johan Eira - Jođi [K2Ru_Gsf80Q].webm	K2Ru_Gsf80Q	4.258262634277344	285.73333333333335	48000	2	2026-09-09 04:09:18
audio-0067	0067 - Warhaus - Warhaus - The Good Lie (Official Video) [Nz2MY2Ogf0U].webm	0067 - Warhaus - Warhaus - The Good Lie (Official Video) [Nz2MY2Ogf0U].webm	Nz2MY2Ogf0U	3.315701484680176	222.9231875	48000	2	2026-09-09 04:09:18
audio-0068	0068 - Adult Contemporary - Matylda⧸Łukasiewicz - Nudny rok [0Er1u2p-dLA].webm	0068 - Adult Contemporary - Matylda⧸Łukasiewicz - Nudny rok [0Er1u2p-dLA].webm	0Er1u2p-dLA	3.3195276260375977	207.28454166666663	48000	2	2026-09-09 04:09:19
audio-0069	0069 - Röyksopp, Jamie Irrepressible - Compulsion [ZkX6pmiRih8].webm	0069 - Röyksopp, Jamie Irrepressible - Compulsion [ZkX6pmiRih8].webm	ZkX6pmiRih8	6.208542823791504	419.4529166666667	48000	2	2026-09-09 04:09:19
audio-0070	0070 - Warhaus - Warhaus - Machinery (Official Video) [yHm1F2cI0Gw].webm	0070 - Warhaus - Warhaus - Machinery (Official Video) [yHm1F2cI0Gw].webm	yHm1F2cI0Gw	3.6563587188720703	237.8884375	48000	2	2026-09-09 04:09:19
audio-0072	0072 - White Town - Your Woman 1917 [6QSy-0Sff-I].webm	0072 - White Town - Your Woman 1917 [6QSy-0Sff-I].webm	6QSy-0Sff-I	5.178199768066406	295.41985416666665	48000	2	2026-09-09 04:09:19
audio-0073	0073 - NØ FØRMAT! - Kyrie Kristmanson - Song X [ChmZ1QbODyg].webm	0073 - NØ FØRMAT! - Kyrie Kristmanson - Song X [ChmZ1QbODyg].webm	ChmZ1QbODyg	2.000530242919922	128.66177083333332	48000	2	2026-09-09 04:09:19
audio-0074	0074 - SonySoundtracksVEVO - End of Summer (Official Video) ft. Katie Melua & L.U.C. from ＂The Peasants＂ Soundtrack [mUDV2bXsRhc].webm	0074 - SonySoundtracksVEVO - End of Summer (Official Video) ft. Katie Melua & L.U.C. from ＂The Peasants＂ Soundtrack [mUDV2bXsRhc].webm	mUDV2bXsRhc	4.253589630126953	270.9652708333333	48000	2	2026-09-09 04:09:20
audio-0075	0075 - newabratv - Zbigniew Zamachowski & Grupa MoCarta - Kobiety jak te kwiaty (Official Video, 2011) [3rX_S9eoV7I].webm	0075 - newabratv - Zbigniew Zamachowski & Grupa MoCarta - Kobiety jak te kwiaty (Official Video, 2011) [3rX_S9eoV7I].webm	3rX_S9eoV7I	4.0513200759887695	249.045625	48000	2	2026-09-09 04:09:20
audio-0076	0076 - ISAYA - ISAYA - In Your Head - [ Clip officiel ] [tw4Uv9Vs-Qc].webm	0076 - ISAYA - ISAYA - In Your Head - [ Clip officiel ] [tw4Uv9Vs-Qc].webm	tw4Uv9Vs-Qc	2.8970775604248047	182.29333333333332	48000	2	2026-09-09 04:09:20
audio-0077	0077 - Joe Bel - Too Late [HeNEYDkiczA].webm	0077 - Joe Bel - Too Late [HeNEYDkiczA].webm	HeNEYDkiczA	2.737009048461914	184.0878125	48000	2	2026-09-09 04:09:20
audio-0078	0078 - The Rasmus - The Rasmus - In the Shadows (Official Music Video) [7gwO8-oqwFw].webm	0078 - The Rasmus - The Rasmus - In the Shadows (Official Music Video) [7gwO8-oqwFw].webm	7gwO8-oqwFw	3.4902162551879883	232.0021875	48000	2	2026-09-09 04:09:20
audio-0079	0079 - Gossip Music Official - Gossip - Perfect World (Official Video) [A8mw5i43-uQ].webm	0079 - Gossip Music Official - Gossip - Perfect World (Official Video) [A8mw5i43-uQ].webm	A8mw5i43-uQ	3.4690866470336914	229.376	48000	2	2026-09-09 04:09:20
audio-0080	0080 - Oum Shatt - Gold to Straw [hlu9h-aSRXc].webm	0080 - Oum Shatt - Gold to Straw [hlu9h-aSRXc].webm	hlu9h-aSRXc	2.931236267089844	191.7961875	48000	2	2026-09-09 04:09:21
audio-0081	0081 - MILEY - Miley Cyrus - The Backyard Sessions - ＂Jolene＂ [wOwblaKmyVw].webm	0081 - MILEY - Miley Cyrus - The Backyard Sessions - ＂Jolene＂ [wOwblaKmyVw].webm	wOwblaKmyVw	2.813260078430176	179.81533333333334	48000	2	2026-09-09 04:09:21
audio-0082	0082 - The White Stripes - The White Stripes - Jolene (Official Music video) [yXlULkwhgrc].webm	0082 - The White Stripes - The White Stripes - Jolene (Official Music video) [yXlULkwhgrc].webm	yXlULkwhgrc	3.599575996398926	230.121375	48000	2	2026-09-09 04:09:21
audio-0083	0083 - Daniklein - Vaya con dios - Nah neh nah [7LUm-E4GPU8].webm	0083 - Daniklein - Vaya con dios - Nah neh nah [7LUm-E4GPU8].webm	7LUm-E4GPU8	2.737177848815918	172.90739583333334	48000	2	2026-09-09 04:09:21
audio-0084	0084 - Jonathan Roy - Jonathan Roy - Keeping Me Alive (Live Acoustic Performance) [UyaZmFGyuMg].webm	0084 - Jonathan Roy - Jonathan Roy - Keeping Me Alive (Live Acoustic Performance) [UyaZmFGyuMg].webm	UyaZmFGyuMg	4.699872970581055	317.5445	48000	2	2026-09-09 04:09:21
audio-0085	0085 - Nick Cave & The Bad Seeds - Nick Cave & The Bad Seeds ft. Kylie Minogue - Where The Wild Roses Grow (Official 4K Video) [lDpnjE1LUvE].webm	0085 - Nick Cave & The Bad Seeds - Nick Cave & The Bad Seeds ft. Kylie Minogue - Where The Wild Roses Grow (Official 4K Video) [lDpnjE1LUvE].webm	lDpnjE1LUvE	4.3616485595703125	271.952125	48000	2	2026-09-09 04:09:21
audio-0086	0086 - Lily Allen - Lily Allen ｜ Not Fair (Official Video) [fUYaosyR4bE].webm	0086 - Lily Allen - Lily Allen ｜ Not Fair (Official Video) [fUYaosyR4bE].webm	fUYaosyR4bE	3.623026847839355	233.12835416666667	48000	2	2026-09-09 04:09:22
audio-0087	0087 - Simply Great Music 2 - 01. I Put A Spell On You - Annie Lennox (Fifty Shades Of Grey Soundtrack) [m1IQ2W2nKBw].webm	0087 - Simply Great Music 2 - 01. I Put A Spell On You - Annie Lennox (Fifty Shades Of Grey Soundtrack) [m1IQ2W2nKBw].webm	m1IQ2W2nKBw	3.4253339767456055	210.04772916666667	48000	2	2026-09-09 04:09:22
audio-0088	0088 - Damiano David - Damiano David - Nothing Breaks Like a Heart - Spotify Singles ｜ Official Video [kGmJQn3MLQU].webm	0088 - Damiano David - Damiano David - Nothing Breaks Like a Heart - Spotify Singles ｜ Official Video [kGmJQn3MLQU].webm	kGmJQn3MLQU	3.674429893493652	249.045625	48000	2	2026-09-09 04:09:22
audio-0089	0089 - Nelly Furtado - Nelly Furtado - All Good Things (Come To An End) (US Version) (Official Music Video) [4pBo-GL9SRg].webm	0089 - Nelly Furtado - Nelly Furtado - All Good Things (Come To An End) (US Version) (Official Music Video) [4pBo-GL9SRg].webm	4pBo-GL9SRg	3.62699031829834	226.73125	48000	2	2026-09-09 04:09:22
audio-0090	0090 - Mark Ronson - Mark Ronson - Nothing Breaks Like a Heart (Acoustic Version) [Audio] ft. Miley Cyrus [ykiwbVaxvNc].webm	0090 - Mark Ronson - Mark Ronson - Nothing Breaks Like a Heart (Acoustic Version) [Audio] ft. Miley Cyrus [ykiwbVaxvNc].webm	ykiwbVaxvNc	3.6085996627807617	221.16266666666667	48000	2	2026-09-09 04:09:22
audio-0091	0091 - Duffy - Duffy - Mercy [y7ZEVA5dy-Y].webm	0091 - Duffy - Duffy - Mercy [y7ZEVA5dy-Y].webm	y7ZEVA5dy-Y	3.263051986694336	209.16535416666667	48000	2	2026-09-09 04:09:23
audio-0092	0092 - MILEY - Miley Cyrus - Wrecking Ball (Official Video) [My2FRPA3Gf8].webm	0092 - MILEY - Miley Cyrus - Wrecking Ball (Official Video) [My2FRPA3Gf8].webm	My2FRPA3Gf8	3.5892086029052734	221.26295833333333	48000	2	2026-09-09 04:09:23
audio-0093	0093 - Labek & Chrobak, Adrian Chrobak, Balazs Szallabek, Adrian Chrobak, Balázs Szallabek - Aviary [63WHjveEAaU].webm	0093 - Labek & Chrobak, Adrian Chrobak, Balazs Szallabek, Adrian Chrobak, Balázs Szallabek - Aviary [63WHjveEAaU].webm	63WHjveEAaU	3.4750490188598633	211.1485625	48000	2	2026-09-09 04:09:23
audio-0095	0095 - The Cramps - The Cramps - Goo Goo Muck (Official Audio) [RVhdHAqoE_c].webm	0095 - The Cramps - The Cramps - Goo Goo Muck (Official Audio) [RVhdHAqoE_c].webm	RVhdHAqoE_c	2.926111221313477	183.2751041666667	48000	2	2026-09-09 04:09:23
audio-0096	0096 - The xx - The xx - Crystalised (Official Video) [Pib8eYDSFEI].webm	0096 - The xx - The xx - Crystalised (Official Video) [Pib8eYDSFEI].webm	Pib8eYDSFEI	3.21279239654541	201.07320833333333	48000	2	2026-09-09 04:09:23
audio-0097	0097 - Medyk1983KR - Lombard - Szklana Pogoda [SCrR7od_fck].webm	0097 - Medyk1983KR - Lombard - Szklana Pogoda [SCrR7od_fck].webm	SCrR7od_fck	3.618008613586426	208.085625	48000	2	2026-09-09 04:09:23
audio-0098	0098 - JestemHali - Mr Zoob - Mój jest ten kawałek podłogi [lqbFWLKjlP4].webm	0098 - JestemHali - Mr Zoob - Mój jest ten kawałek podłogi [lqbFWLKjlP4].webm	lqbFWLKjlP4	3.95977783203125	241.05797916666663	48000	2	2026-09-09 04:09:24
audio-0099	0099 - Maanam - Cykady na Cykladach (2011 Remaster) [y97vh4CumoY].webm	0099 - Maanam - Cykady na Cykladach (2011 Remaster) [y97vh4CumoY].webm	y97vh4CumoY	2.8051958084106445	179.22666666666666	48000	2	2026-09-09 04:09:24
audio-0100	0100 - Püdelsi Official - Püdelsi - Uważaj Na Niego [HS7nA2FCxTI].webm	0100 - Püdelsi Official - Püdelsi - Uważaj Na Niego [HS7nA2FCxTI].webm	HS7nA2FCxTI	3.2476882934570312	193.886625	48000	2	2026-09-09 04:09:24
audio-0101	0101 - Xezzy Yeats - Daab - Ogrodu Serce (teledysk) [_IVYWNZ2frg].webm	0101 - Xezzy Yeats - Daab - Ogrodu Serce (teledysk) [_IVYWNZ2frg].webm	_IVYWNZ2frg	5.582737922668457	314.90904166666667	48000	2	2026-09-09 04:09:24
audio-0102	0102 - Przemek2500 - Anna Jantar - Nic nie może wiecznie trwać [LBmUBMnuU2k].webm	0102 - Przemek2500 - Anna Jantar - Nic nie może wiecznie trwać [LBmUBMnuU2k].webm	LBmUBMnuU2k	3.631032943725586	238.84045833333337	48000	2	2026-09-09 04:09:24
audio-0103	0103 - S.P. RECORDS - STRACHY NA LACHY - Żyję w kraju [OFFICIAL VIDEO] [m00udFijVf0].webm	0103 - S.P. RECORDS - STRACHY NA LACHY - Żyję w kraju [OFFICIAL VIDEO] [m00udFijVf0].webm	m00udFijVf0	3.2344675064086914	211.081	48000	2	2026-09-09 04:09:25
audio-0104	0104 - Alex_Lifeson - Wanda i Banda - Hi Fi Superstar [4-OBu1nHwI4].webm	0104 - Alex_Lifeson - Wanda i Banda - Hi Fi Superstar [4-OBu1nHwI4].webm	4-OBu1nHwI4	4.196514129638672	280.055875	48000	2	2026-09-09 04:09:25
audio-0105	0105 - The Notorious B.I.G. - Hypnotize (2007 Remaster) [5Qu4w2mIYrc].webm	0105 - The Notorious B.I.G. - Hypnotize (2007 Remaster) [5Qu4w2mIYrc].webm	5Qu4w2mIYrc	3.6047487258911137	230.01333333333332	48000	2	2026-09-09 04:09:25
audio-0106	0106 - terazt1 - YUGOPOLIS & Maciej Maleńczuk - ＂Sługi za szlugi＂ (Official video) [nCS48nKSeSs].webm	0106 - terazt1 - YUGOPOLIS & Maciej Maleńczuk - ＂Sługi za szlugi＂ (Official video) [nCS48nKSeSs].webm	nCS48nKSeSs	2.9883346557617188	196.9400625	48000	2	2026-09-09 04:09:25
audio-0107	0107 - Eileen - Shchedryk ⧸ Щедрик. Carol of the Bells. Original Ukrainian Version with English and Ukrainian Lyrics [GqeJ38DThVc].webm	0107 - Eileen - Shchedryk ⧸ Щедрик. Carol of the Bells. Original Ukrainian Version with English and Ukrainian Lyrics [GqeJ38DThVc].webm	GqeJ38DThVc	1.900062561035156	127.721375	48000	2	2026-09-09 04:09:25
audio-0108	0108 - Tulia - Nieznajomy [vKSp2rnkbVQ].webm	0108 - Tulia - Nieznajomy [vKSp2rnkbVQ].webm	vKSp2rnkbVQ	4.438385009765625	272.0	48000	2	2026-09-09 04:09:25
audio-0109	0109 - Beata Ślusarek - Potężna magia obfitości – Uwolnienie od zazdrości, klątw, złorzeczeń, obciążeń... [i0YsMWXlteI].webm	0109 - Beata Ślusarek - Potężna magia obfitości – Uwolnienie od zazdrości, klątw, złorzeczeń, obciążeń... [i0YsMWXlteI].webm	i0YsMWXlteI	7.219304084777832	472.72	48000	2	2026-09-09 04:09:26
audio-0110	0110 - Beata Ślusarek, Suno AI - Pieśń Słowiańskich Przodkiń Uzdrowicielek, Szeptuch, Zielarek - Wiedźma [y4YKyyFowgY].webm	0110 - Beata Ślusarek, Suno AI - Pieśń Słowiańskich Przodkiń Uzdrowicielek, Szeptuch, Zielarek - Wiedźma [y4YKyyFowgY].webm	y4YKyyFowgY	7.46568489074707	465.6	48000	2	2026-09-09 04:09:26
audio-0111	0111 - Beata Ślusarek, Suno AI - Złap mnie – zanim zapomnę ● Zaklęcie Nocy ● slavic fire [AUHECMqli3o].webm	0111 - Beata Ślusarek, Suno AI - Złap mnie – zanim zapomnę ● Zaklęcie Nocy ● slavic fire [AUHECMqli3o].webm	AUHECMqli3o	3.862849235534668	244.92	48000	2	2026-09-09 04:09:26
audio-0112	0112 - Beata Ślusarek, Suno - Pieśń Wdzięczności ｜ Song of Gratitude ｜ gdy niebo i ziemia staje się jednym [dnvCUX_oY9o].webm	0112 - Beata Ślusarek, Suno - Pieśń Wdzięczności ｜ Song of Gratitude ｜ gdy niebo i ziemia staje się jednym [dnvCUX_oY9o].webm	dnvCUX_oY9o	5.743680000305176	339.96	48000	2	2026-09-09 04:09:26
audio-0113	0113 - Angelo Badalamenti - Dance of the Dream Man (Instrumental) [kBn_lQBh9JA].webm	0113 - Angelo Badalamenti - Dance of the Dream Man (Instrumental) [kBn_lQBh9JA].webm	kBn_lQBh9JA	3.661288261413574	221.86666666666667	48000	2	2026-09-09 04:09:26
audio-0114	0114 - Angelo Badalamenti - Moving Through Time [i3BhWXi5lzo].webm	0114 - Angelo Badalamenti - Moving Through Time [i3BhWXi5lzo].webm	i3BhWXi5lzo	6.674018859863281	405.0	48000	2	2026-09-09 04:09:27
audio-0115	0115 - Joseph - Angelo Badalamenti explains how he wrote Laura Palmer's Theme [e-eqgr_gn4k].webm	0115 - Joseph - Angelo Badalamenti explains how he wrote Laura Palmer's Theme [e-eqgr_gn4k].webm	e-eqgr_gn4k	3.896944046020508	267.6680416666667	48000	2	2026-09-09 04:09:27
audio-0116	0116 - Angelo Badalamenti - The Bookhouse Boys (Instrumental) [rQrVeoiebWs].webm	0116 - Angelo Badalamenti - The Bookhouse Boys (Instrumental) [rQrVeoiebWs].webm	rQrVeoiebWs	3.2263669967651367	209.53333333333333	48000	2	2026-09-09 04:09:27
audio-0117	0117 - Michael Kiwanuka - Michael Kiwanuka - One More Night (Official Video) [1Sw2JJ5nSbM].webm	0117 - Michael Kiwanuka - Michael Kiwanuka - One More Night (Official Video) [1Sw2JJ5nSbM].webm	1Sw2JJ5nSbM	3.439356803894043	234.67247916666668	48000	2	2026-09-09 04:09:27
audio-0120	0120 - Benshi Musik - Oum Shatt - Gold to Straw [jSL6efcn-AQ].webm	0120 - Benshi Musik - Oum Shatt - Gold to Straw [jSL6efcn-AQ].webm	jSL6efcn-AQ	3.150357246398926	223.63139583333333	48000	2	2026-09-09 04:09:27
audio-0121	0121 - Future Gods - She Keeps Bees - Owl [gyTKyFlos1w].webm	0121 - Future Gods - She Keeps Bees - Owl [gyTKyFlos1w].webm	gyTKyFlos1w	3.472492218017578	215.26060416666667	48000	2	2026-09-09 04:09:27
audio-0122	0122 - ELEPHANZ - ELEPHANZ - Bullitt (Audio) [RB8yyLTMabE].webm	0122 - ELEPHANZ - ELEPHANZ - Bullitt (Audio) [RB8yyLTMabE].webm	RB8yyLTMabE	3.1299476623535156	199.25333333333333	48000	2	2026-09-09 04:09:28
audio-0123	0123 - The White Stripes - The White Stripes, The Glitch Mob - Seven Nation Army (The Glitch Mob Remix) (Official Video) [1fSgSm4hryc].webm	0123 - The White Stripes - The White Stripes, The Glitch Mob - Seven Nation Army (The Glitch Mob Remix) (Official Video) [1fSgSm4hryc].webm	1fSgSm4hryc	4.0134735107421875	268.94933333333336	48000	2	2026-09-09 04:09:28
audio-0124	0124 - Madonna - Madonna - Hung Up (Official Video) [HD] [EDwb9jOVRtU].webm	0124 - Madonna - Madonna - Hung Up (Official Video) [HD] [EDwb9jOVRtU].webm	EDwb9jOVRtU	5.141815185546875	333.5662708333333	48000	2	2026-09-09 04:09:28
audio-0125	0125 - Enya - Orinoco Flow (2009 Remaster) [JSwQ-b3zE1M].webm	0125 - Enya - Orinoco Flow (2009 Remaster) [JSwQ-b3zE1M].webm	JSwQ-b3zE1M	4.066295623779297	268.56	48000	2	2026-09-09 04:09:28
audio-0126	0126 - enyatv - Enya - May It Be (Official Lyric Video) [nt3Ggo1CE3g].webm	0126 - enyatv - Enya - May It Be (Official Lyric Video) [nt3Ggo1CE3g].webm	nt3Ggo1CE3g	3.433821678161621	214.1228125	48000	2	2026-09-09 04:09:28
audio-0127	0127 - Krzysztof Zalewski - Krzysztof Zalewski - Miłość Miłość (Official Video) [IEiRPInizgQ].webm	0127 - Krzysztof Zalewski - Krzysztof Zalewski - Miłość Miłość (Official Video) [IEiRPInizgQ].webm	IEiRPInizgQ	3.3589162826538086	235.00916666666663	48000	2	2026-09-09 04:09:29
audio-0128	0128 - The Dumplings - The Dumplings - Kocham Być z Tobą [Official Music Video] [CxQeXltiI0o].webm	0128 - The Dumplings - The Dumplings - Kocham Być z Tobą [Official Music Video] [CxQeXltiI0o].webm	CxQeXltiI0o	4.067307472229004	252.1386666666667	48000	2	2026-09-09 04:09:29
audio-0129	0129 - Hooverphonic, Bird - In Wonderland [v9X6hSB3vTk].webm	0129 - Hooverphonic, Bird - In Wonderland [v9X6hSB3vTk].webm	v9X6hSB3vTk	4.58135986328125	277.58666666666664	48000	2	2026-09-09 04:09:29
audio-0130	0130 - Mystic Production TV - Sorry Boys - Wracam  (official video) [2pcShBVoCig].webm	0130 - Mystic Production TV - Sorry Boys - Wracam  (official video) [2pcShBVoCig].webm	2pcShBVoCig	4.141268730163574	278.76716666666664	48000	2	2026-09-09 04:09:29
audio-0131	0131 - Mystic Production TV - ORGANEK - ULTIMO [tv_bLj-UdNo].webm	0131 - Mystic Production TV - ORGANEK - ULTIMO [tv_bLj-UdNo].webm	tv_bLj-UdNo	3.766770362854004	256.04266666666666	48000	2	2026-09-09 04:09:29
audio-0132	0132 - KayaxTV - Artur Rojek - Beksa (Official Video) [AYOis02tujI].webm	0132 - KayaxTV - Artur Rojek - Beksa (Official Video) [AYOis02tujI].webm	AYOis02tujI	3.4029579162597656	212.01066666666668	48000	2	2026-09-09 04:09:29
audio-0133	0133 - Brodka - Brodka - Horses (Official Video) [AGprgxbqXoQ].webm	0133 - Brodka - Brodka - Horses (Official Video) [AGprgxbqXoQ].webm	AGprgxbqXoQ	3.9493331909179688	238.72	48000	2	2026-09-09 04:09:30
audio-0134	0134 - The Dumplings - The Dumplings - RAJ [Official Music Video] [8S2qXNACGvg].webm	0134 - The Dumplings - The Dumplings - RAJ [Official Music Video] [8S2qXNACGvg].webm	8S2qXNACGvg	3.4485864639282227	223.37597916666667	48000	2	2026-09-09 04:09:30
audio-0135	0135 - Mela Koteluk - Mela Koteluk - Odprowadź [Official Lyric Video] [FQiHzx2bg2k].webm	0135 - Mela Koteluk - Mela Koteluk - Odprowadź [Official Lyric Video] [FQiHzx2bg2k].webm	FQiHzx2bg2k	3.787785530090332	237.01333333333332	48000	2	2026-09-09 04:09:30
audio-0136	0136 - HooverphonicMusic - Hooverphonic - Mad About You (Live at Koningin Elisabethzaal 2012) [6EA-MIYY1bg].webm	0136 - HooverphonicMusic - Hooverphonic - Mad About You (Live at Koningin Elisabethzaal 2012) [6EA-MIYY1bg].webm	6EA-MIYY1bg	3.6759538650512695	235.52	48000	2	2026-09-09 04:09:30
audio-0137	0137 - Obywatel Republikanin - OPOLE 2001 - Republika - Biała flaga [Yd1MBzz29lI].webm	0137 - Obywatel Republikanin - OPOLE 2001 - Republika - Biała flaga [Yd1MBzz29lI].webm	Yd1MBzz29lI	4.586067199707031	299.17752083333335	48000	2	2026-09-09 04:09:30
audio-0138	0138 - Wilki - Wilki - Bohema [Official Music Video] [2NzeEQCJ4aM].webm	0138 - Wilki - Wilki - Bohema [Official Music Video] [2NzeEQCJ4aM].webm	2NzeEQCJ4aM	3.313178062438965	244.48291666666665	48000	2	2026-09-09 04:09:30
audio-0140	0140 - KayaxTV - Artur Rojek - Syreny (Official Video) [Zcf9Wu3sy3s].webm	0140 - KayaxTV - Artur Rojek - Syreny (Official Video) [Zcf9Wu3sy3s].webm	Zcf9Wu3sy3s	3.5145092010498047	219.17316666666667	48000	2	2026-09-09 04:09:31
audio-0141	0141 - Myslovitz - Mieć czy być [NOMk4KwgYA8].webm	0141 - Myslovitz - Mieć czy być [NOMk4KwgYA8].webm	NOMk4KwgYA8	3.0753345489501953	192.16	48000	2	2026-09-09 04:09:31
audio-0142	0142 - Brodka - Saute [XZz0klGb4-g].webm	0142 - Brodka - Saute [XZz0klGb4-g].webm	XZz0klGb4-g	3.618048667907715	219.13333333333333	48000	2	2026-09-09 04:09:31
audio-0143	0143 - Mała Mi - Natalia Przybysz - Nazywam się niebo [e_JTM5gnpL0].webm	0143 - Mała Mi - Natalia Przybysz - Nazywam się niebo [e_JTM5gnpL0].webm	e_JTM5gnpL0	4.376567840576172	267.0411041666667	48000	2	2026-09-09 04:09:31
audio-0144	0144 - agata44poison - Obywatel G.C. - Tak tak... To ja. [sOrXHaOqLL8].webm	0144 - agata44poison - Obywatel G.C. - Tak tak... To ja. [sOrXHaOqLL8].webm	sOrXHaOqLL8	3.40280818939209	219.3473125	48000	2	2026-09-09 04:09:31
audio-0145	0145 - MyslovitzOfficial - Myslovitz - Długość dźwięku samotności (Lyric Video) [A30Fx3wnfwE].webm	0145 - MyslovitzOfficial - Myslovitz - Długość dźwięku samotności (Lyric Video) [A30Fx3wnfwE].webm	A30Fx3wnfwE	4.074835777282715	251.1354375	48000	2	2026-09-09 04:09:32
audio-0146	0146 - Hooverphonic - Lethal Skies [VvQxAuS5S1w].webm	0146 - Hooverphonic - Lethal Skies [VvQxAuS5S1w].webm	VvQxAuS5S1w	3.8551712036132817	236.49333333333337	48000	2	2026-09-09 04:09:32
audio-0147	0147 - The Dumplings - Ach nie mnie jednej [okpTN3elq_A].webm	0147 - The Dumplings - Ach nie mnie jednej [okpTN3elq_A].webm	okpTN3elq_A	5.565049171447754	335.274	48000	2	2026-09-09 04:09:32
audio-0148	0148 - Urszula Kasprzak - Urszula - ＂Dmuchawce, latawce, wiatr...＂ (Official Video) [SmJD-yU48wM].webm	0148 - Urszula Kasprzak - Urszula - ＂Dmuchawce, latawce, wiatr...＂ (Official Video) [SmJD-yU48wM].webm	SmJD-yU48wM	3.983311653137207	233.975875	48000	2	2026-09-09 04:09:32
audio-0149	0149 - Hooverphonic - Badaboum (Alle Farben Remix) (Radio Edit) [hvuqGuAeask].webm	0149 - Hooverphonic - Badaboum (Alle Farben Remix) (Radio Edit) [hvuqGuAeask].webm	hvuqGuAeask	3.3622922897338867	204.8780625	48000	2	2026-09-09 04:09:32
audio-0150	0150 - The Dumplings - The Dumplings - Nie gotujemy [Official Music Video] [W7GvOvjNwDI].webm	0150 - The Dumplings - The Dumplings - Nie gotujemy [Official Music Video] [W7GvOvjNwDI].webm	W7GvOvjNwDI	3.85112190246582	238.56183333333337	48000	2	2026-09-09 04:09:32
audio-0151	0151 - HooverphonicMusic - Hooverphonic - Amalfi (Official Video) [1fDdcrs9X10].webm	0151 - HooverphonicMusic - Hooverphonic - Amalfi (Official Video) [1fDdcrs9X10].webm	1fDdcrs9X10	3.2876901626586914	202.965625	48000	2	2026-09-09 04:09:33
audio-0152	0152 - Brodka - Mirror Mirror [OJnIb5zA1RQ].webm	0152 - Brodka - Mirror Mirror [OJnIb5zA1RQ].webm	OJnIb5zA1RQ	2.5174951553344727	143.30666666666667	48000	2	2026-09-09 04:09:33
audio-0153	0153 - Ojciec86 - Coma - Leszek Zukowski [B8yz5la6PG4].webm	0153 - Ojciec86 - Coma - Leszek Zukowski [B8yz5la6PG4].webm	B8yz5la6PG4	7.761656761169434	496.09433333333334	48000	2	2026-09-09 04:09:33
audio-0154	0154 - widow666maker - Kombi - Słodkiego Miłego Życia (HQ) [XqmUVs7wAIA].webm	0154 - widow666maker - Kombi - Słodkiego Miłego Życia (HQ) [XqmUVs7wAIA].webm	XqmUVs7wAIA	4.506294250488281	284.20064583333334	48000	2	2026-09-09 04:09:33
audio-0155	0155 - Natalia Przybysz - Natalia Przybysz - Dzieci Malarzy [Official Audio] [05PUVXgZI9g].webm	0155 - Natalia Przybysz - Natalia Przybysz - Dzieci Malarzy [Official Audio] [05PUVXgZI9g].webm	05PUVXgZI9g	4.370404243469238	273.71683333333334	48000	2	2026-09-09 04:09:33
audio-0156	0156 - Mystic Production TV - Sorry Boys - Absolutnie, absolutnie (official single) [L_JjrcAGW4o].webm	0156 - Mystic Production TV - Sorry Boys - Absolutnie, absolutnie (official single) [L_JjrcAGW4o].webm	L_JjrcAGW4o	3.7900991439819336	240.0	48000	2	2026-09-09 04:09:34
audio-0157	0157 - MeskieGranie - Męskie Granie Orkiestra 2014 (Brodka, Deriglasoff, Emade, Podsiadło, Smolik) - Elektryczny [mQs9TScZulk].webm	0157 - MeskieGranie - Męskie Granie Orkiestra 2014 (Brodka, Deriglasoff, Emade, Podsiadło, Smolik) - Elektryczny [mQs9TScZulk].webm	mQs9TScZulk	2.803097724914551	192.65597916666667	48000	2	2026-09-09 04:09:34
audio-0158	0158 - Republika - Telefony (Live) [WcwZcqeGccw].webm	0158 - Republika - Telefony (Live) [WcwZcqeGccw].webm	WcwZcqeGccw	3.871823310852051	264.6	48000	2	2026-09-09 04:09:34
audio-0159	0159 - HooverphonicMusic - Hooverphonic - Heartbroken (Live at Koningin Elisabethzaal 2012) [AazC2TJuRNU].webm	0159 - HooverphonicMusic - Hooverphonic - Heartbroken (Live at Koningin Elisabethzaal 2012) [AazC2TJuRNU].webm	AazC2TJuRNU	2.9143600463867188	183.00808333333333	48000	2	2026-09-09 04:09:34
audio-0160	0160 - Sidney Polak - Sidney Polak - Otwieram Wino [Official Music Video] [b16vSZMJ13k].webm	0160 - Sidney Polak - Sidney Polak - Otwieram Wino [Official Music Video] [b16vSZMJ13k].webm	b16vSZMJ13k	3.8576698303222656	247.97752083333333	48000	2	2026-09-09 04:09:34
audio-0161	0161 - The Dumplings - The Dumplings - Betonowy Las [Official Music Video] [GqZxi3nonqQ].webm	0161 - The Dumplings - The Dumplings - Betonowy Las [Official Music Video] [GqZxi3nonqQ].webm	GqZxi3nonqQ	3.596430778503418	208.0391875	48000	2	2026-09-09 04:09:34
audio-0162	0162 - Brodka - Brodka - Varsovie (Official Video) [m5CE1yPDxAs].webm	0162 - Brodka - Brodka - Varsovie (Official Video) [m5CE1yPDxAs].webm	m5CE1yPDxAs	3.333240509033203	211.3248125	48000	2	2026-09-09 04:09:35
audio-0163	0163 - agnethafan - Izabela Trojanowska ⧸ Wszystko czego dziś chcę [olkNnmhMj7Y].webm	0163 - agnethafan - Izabela Trojanowska ⧸ Wszystko czego dziś chcę [olkNnmhMj7Y].webm	olkNnmhMj7Y	3.872129440307617	249.6841875	48000	2	2026-09-09 04:09:35
audio-0164	0164 - S.P. RECORDS - KULT - Wódka [OFFICIAL AUDIO] [wU2Y1k26YmU].webm	0164 - S.P. RECORDS - KULT - Wódka [OFFICIAL AUDIO] [wU2Y1k26YmU].webm	wU2Y1k26YmU	4.844364166259766	306.21316666666667	48000	2	2026-09-09 04:09:35
audio-0165	0165 - Tadeusz Woźniak - Tadeusz Woźniak： Zegarmistrz światła - Royal Albert Hall [n7BkXebANI0].webm	0165 - Tadeusz Woźniak - Tadeusz Woźniak： Zegarmistrz światła - Royal Albert Hall [n7BkXebANI0].webm	n7BkXebANI0	5.349799156188965	368.24527083333334	48000	2	2026-09-09 04:09:35
audio-0166	0166 - ART2 Music - FISZ EMADE TWORZYWO - Telefon [h-6N1Oxoo4o].webm	0166 - ART2 Music - FISZ EMADE TWORZYWO - Telefon [h-6N1Oxoo4o].webm	h-6N1Oxoo4o	3.190060615539551	203.163	48000	2	2026-09-09 04:09:35
audio-0167	0167 - Brennnessel Records - Oxford Drama - What Matters [QFm1WW_usIQ].webm	0167 - Brennnessel Records - Oxford Drama - What Matters [QFm1WW_usIQ].webm	QFm1WW_usIQ	5.856201171875	338.3495833333333	48000	2	2026-09-09 04:09:35
audio-0168	0168 - HooverphonicMusic - Hooverphonic - Vinegar & Salt (Live at Koningin Elisabethzaal 2012) [V6HaijesNEE].webm	0168 - HooverphonicMusic - Hooverphonic - Vinegar & Salt (Live at Koningin Elisabethzaal 2012) [V6HaijesNEE].webm	V6HaijesNEE	3.570117950439453	214.72654166666663	48000	2	2026-09-09 04:09:36
audio-0169	0169 - Mystic Production TV - Julia Marcell - Matrioszka (official video) [o3V3SIoBw94].webm	0169 - Mystic Production TV - Julia Marcell - Matrioszka (official video) [o3V3SIoBw94].webm	o3V3SIoBw94	3.326698303222656	210.407625	48000	2	2026-09-09 04:09:36
audio-0170	0170 - KayaxTV - Swiernalis - Ptak (Official Audio) [tW8auNhHhOk].webm	0170 - KayaxTV - Swiernalis - Ptak (Official Audio) [tW8auNhHhOk].webm	tW8auNhHhOk	4.450084686279297	290.09852083333334	48000	2	2026-09-09 04:09:36
audio-0171	0171 - Muzyka Góralska - IRA - Nadzieja [RglHb09IZVM].webm	0171 - Muzyka Góralska - IRA - Nadzieja [RglHb09IZVM].webm	RglHb09IZVM	3.4304685592651367	219.12672916666668	48000	2	2026-09-09 04:09:36
audio-0172	0172 - Kortez Oficjalny Kanał - Kortez - Niby nic (Official Audio) [ieJLfwXACCo].webm	0172 - Kortez Oficjalny Kanał - Kortez - Niby nic (Official Audio) [ieJLfwXACCo].webm	ieJLfwXACCo	2.584507942199707	154.63329166666668	48000	2	2026-09-09 04:09:36
audio-0173	0173 - KayaxTV - Artur Rojek - Długość dźwięku samotności (Official Live Video) [vvOGvk92-9s].webm	0173 - KayaxTV - Artur Rojek - Długość dźwięku samotności (Official Live Video) [vvOGvk92-9s].webm	vvOGvk92-9s	3.9656829833984375	250.53170833333337	48000	2	2026-09-09 04:09:37
audio-0174	0174 - HooverphonicMusic - Hooverphonic - Uptight [CC44zj44TRo].webm	0174 - HooverphonicMusic - Hooverphonic - Uptight [CC44zj44TRo].webm	CC44zj44TRo	3.2685956954956055	206.208	48000	2	2026-09-09 04:09:37
audio-0175	0175 - Lady Pank - Na co komu dziś [l_AS1FWcLYI].webm	0175 - Lady Pank - Na co komu dziś [l_AS1FWcLYI].webm	l_AS1FWcLYI	3.4977846145629883	223.41333333333333	48000	2	2026-09-09 04:09:37
audio-0176	0176 - Kortez Oficjalny Kanał - KORTEZ - Z Imbirem [VIDEO - LIVE] [Gy1aSTZo0wA].webm	0176 - Kortez Oficjalny Kanał - KORTEZ - Z Imbirem [VIDEO - LIVE] [Gy1aSTZo0wA].webm	Gy1aSTZo0wA	6.2935075759887695	374.6075416666667	48000	2	2026-09-09 04:09:37
audio-0177	0177 - KayaxTV - Patrick The Pan - Pikselove (Official Video) [efC-MCxvexk].webm	0177 - KayaxTV - Patrick The Pan - Pikselove (Official Video) [efC-MCxvexk].webm	efC-MCxvexk	4.235715866088867	246.89066666666668	48000	2	2026-09-09 04:09:37
audio-0178	0178 - karrotkommando - Pablopavo i Ludziki - Ostatni dzień sierpnia (Official Video) [Ol0lWhzy6TM].webm	0178 - karrotkommando - Pablopavo i Ludziki - Ostatni dzień sierpnia (Official Video) [Ol0lWhzy6TM].webm	Ol0lWhzy6TM	5.413329124450684	353.001375	48000	2	2026-09-09 04:09:37
audio-0179	0179 - Daniel Bloom - Daniel Bloom feat. Gaba Kulka - How We Disappear [Official Music Video] [4ylyZ_2FaHs].webm	0179 - Daniel Bloom - Daniel Bloom feat. Gaba Kulka - How We Disappear [Official Music Video] [4ylyZ_2FaHs].webm	4ylyZ_2FaHs	5.441376686096191	360.0	48000	2	2026-09-09 04:09:38
audio-0180	0180 - HooverphonicMusic - Hooverphonic - Anger Never Dies [2P78nxoE_JY].webm	0180 - HooverphonicMusic - Hooverphonic - Anger Never Dies [2P78nxoE_JY].webm	2P78nxoE_JY	3.2450428009033203	213.76	48000	2	2026-09-09 04:09:38
audio-0181	0181 - NextpopLabel - FISMOLL - Trifle (Official Video) [eRqOxxyHN28].webm	0181 - NextpopLabel - FISMOLL - Trifle (Official Video) [eRqOxxyHN28].webm	eRqOxxyHN28	3.835041046142578	276.096	48000	2	2026-09-09 04:09:38
audio-0182	0182 - Brodka - Brodka - Holy Holes (Official Video) [I0deTzn9Cbw].webm	0182 - Brodka - Brodka - Holy Holes (Official Video) [I0deTzn9Cbw].webm	I0deTzn9Cbw	3.5635671615600586	239.97825	48000	2	2026-09-09 04:09:38
audio-0183	0183 - Hooverphonic - No More Sweet Music [BU5AJ2_kJ-Q].webm	0183 - Hooverphonic - No More Sweet Music [BU5AJ2_kJ-Q].webm	BU5AJ2_kJ-Q	4.472445487976074	283.1066666666667	48000	2	2026-09-09 04:09:38
audio-0184	0184 - Daria Zawiałow - Daria Zawiałow - Szarówka [NfSGMnl_9NE].webm	0184 - Daria Zawiałow - Daria Zawiałow - Szarówka [NfSGMnl_9NE].webm	NfSGMnl_9NE	4.416950225830078	284.24533333333335	48000	2	2026-09-09 04:09:38
audio-0185	0185 - HooverphonicMusic - Hooverphonic - 2 Wicky (Live at Koningin Elisabethzaal 2012) [ZJSQxbedplM].webm	0185 - HooverphonicMusic - Hooverphonic - 2 Wicky (Live at Koningin Elisabethzaal 2012) [ZJSQxbedplM].webm	ZJSQxbedplM	3.8720264434814458	251.28635416666663	48000	2	2026-09-09 04:09:39
audio-0186	0186 - Brodka - Bez tytulu [1rf72slI27g].webm	0186 - Brodka - Bez tytulu [1rf72slI27g].webm	1rf72slI27g	2.879505157470703	166.64	48000	2	2026-09-09 04:09:39
audio-0187	0187 - HooverphonicMusic - Hooverphonic - Horrible Person [re22d3fY-Gk].webm	0187 - HooverphonicMusic - Hooverphonic - Horrible Person [re22d3fY-Gk].webm	re22d3fY-Gk	3.3356103897094727	200.61866666666663	48000	2	2026-09-09 04:09:39
audio-0188	0188 - Zbigniew Preisner - Kai kairos [F1PMqX0wCx8].webm	0188 - Zbigniew Preisner - Kai kairos [F1PMqX0wCx8].webm	F1PMqX0wCx8	9.734638214111328	583.24	48000	2	2026-09-09 04:09:39
audio-0189	0189 - KayaxTV - Maria Peszek - Maria Awaria (Official Audio) [sUlb7f3jEnk].webm	0189 - KayaxTV - Maria Peszek - Maria Awaria (Official Audio) [sUlb7f3jEnk].webm	sUlb7f3jEnk	3.6338281631469727	227.32802083333337	48000	2	2026-09-09 04:09:39
audio-0190	0190 - The White Stripes - The White Stripes - Seven Nation Army (Official Music Video) [0J2QdDbelmY].webm	0190 - The White Stripes - The White Stripes - Seven Nation Army (Official Music Video) [0J2QdDbelmY].webm	0J2QdDbelmY	3.405938148498535	238.329625	48000	2	2026-09-09 04:09:40
audio-0192	0192 - Hugh Laurie - Let Them Talk [V5z_LOrPqZE].webm	0192 - Hugh Laurie - Let Them Talk [V5z_LOrPqZE].webm	V5z_LOrPqZE	4.1248369216918945	250.42666666666668	48000	2	2026-09-09 04:09:40
audio-0193	0193 - Diablo Swing Orchestra - Balrog Boogie [oObi6HJMMu8].webm	0193 - Diablo Swing Orchestra - Balrog Boogie [oObi6HJMMu8].webm	oObi6HJMMu8	3.7035322189331055	233.13333333333333	48000	2	2026-09-09 04:09:40
audio-0195	0195 - Diablo Swing Orchestra - Diablo Swing Orchestra - Speed Dating an Arsonist (Official Music Video) [UHeMHkPyNQ0].webm	0195 - Diablo Swing Orchestra - Diablo Swing Orchestra - Speed Dating an Arsonist (Official Music Video) [UHeMHkPyNQ0].webm	UHeMHkPyNQ0	5.530976295471191	334.44266666666664	48000	2	2026-09-09 04:09:40
audio-0196	0196 - Diablo Swing Orchestra - Diablo Swing Orchestra — Voodoo Mon Amour [m2mZVOd0jWY].webm	0196 - Diablo Swing Orchestra - Diablo Swing Orchestra — Voodoo Mon Amour [m2mZVOd0jWY].webm	m2mZVOd0jWY	4.204387664794922	271.52254166666665	48000	2	2026-09-09 04:09:40
audio-0197	0197 - The Magic Mumble Jumble - The Magic Mumble Jumble - ＂Show Your Love＂ (Live at Burg Herzberg festival) [2nI9GJbZcnM].webm	0197 - The Magic Mumble Jumble - The Magic Mumble Jumble - ＂Show Your Love＂ (Live at Burg Herzberg festival) [2nI9GJbZcnM].webm	2nI9GJbZcnM	4.9444475173950195	311.8672291666667	48000	2	2026-09-09 04:09:40
audio-0199	0199 - Laurence Mason - Dave Brubeck - Golden Brown [2Qs1J612nZs].webm	0199 - Laurence Mason - Dave Brubeck - Golden Brown [2Qs1J612nZs].webm	2Qs1J612nZs	1.9187421798706057	139.0759375	48000	2	2026-09-09 04:09:41
audio-0200	0200 - Kyril Kondrashin, Moscow RTV Large Symphony Orcherstra - Symphony No. 5 in C-Sharp Minor： I. Trauermarsch (Funeral March) [If-W2suzy_k].webm	0200 - Kyril Kondrashin, Moscow RTV Large Symphony Orcherstra - Symphony No. 5 in C-Sharp Minor： I. Trauermarsch (Funeral March) [If-W2suzy_k].webm	If-W2suzy_k	12.179553985595703	675.76	48000	2	2026-09-09 04:09:41
audio-0201	0201 - Mela Koteluk - Mela Koteluk & Hania Rani - Odprowadź (Piano Version) [SuloX7t_OsU].webm	0201 - Mela Koteluk - Mela Koteluk & Hania Rani - Odprowadź (Piano Version) [SuloX7t_OsU].webm	SuloX7t_OsU	6.987432479858398	411.05066666666664	48000	2	2026-09-09 04:09:41
audio-0202	0202 - Pink Floyd - Pink Floyd - High Hopes (Official Music Video HD) [7jMlFXouPk8].webm	0202 - Pink Floyd - Pink Floyd - High Hopes (Official Music Video HD) [7jMlFXouPk8].webm	7jMlFXouPk8	7.527310371398926	468.8805625	48000	2	2026-09-09 04:09:41
audio-0203	0203 - Stealing .Pink - Pink Floyd   Marooned 2011   Remaster   1080p [v-3MOYfX24g].webm	0203 - Stealing .Pink - Pink Floyd   Marooned 2011   Remaster   1080p [v-3MOYfX24g].webm	v-3MOYfX24g	5.314487457275391	329.79302083333334	48000	2	2026-09-09 04:09:41
audio-0204	0204 - Adam Repucha - Adam Repucha - Atlas wysp [fZlCU_u16hY].webm	0204 - Adam Repucha - Adam Repucha - Atlas wysp [fZlCU_u16hY].webm	fZlCU_u16hY	5.372847557067871	316.75502083333333	48000	2	2026-09-09 04:09:41
audio-0205	0205 - TheFruitcakesVEVO - The Fruitcakes - Wherever (Official Video) [T-Ja-6bv5yY].webm	0205 - TheFruitcakesVEVO - The Fruitcakes - Wherever (Official Video) [T-Ja-6bv5yY].webm	T-Ja-6bv5yY	4.494045257568359	267.2849166666667	48000	2	2026-09-09 04:09:42
audio-0206	0206 - Jaguar Jaguar - Jaguar Jaguar - My Guess [nOZSmMwuT9c].webm	0206 - Jaguar Jaguar - Jaguar Jaguar - My Guess [nOZSmMwuT9c].webm	nOZSmMwuT9c	3.1188507080078125	208.36427083333336	48000	2	2026-09-09 04:09:42
audio-0207	0207 - Indian Askin - Indian Askin - Deep End [iEdb-kdLdP8].webm	0207 - Indian Askin - Indian Askin - Deep End [iEdb-kdLdP8].webm	iEdb-kdLdP8	2.869654655456543	192.29866666666663	48000	2	2026-09-09 04:09:42
audio-0208	0208 - Balthazar - Balthazar - Halfway (Lyric Video) [tOco8PgRQq4].webm	0208 - Balthazar - Balthazar - Halfway (Lyric Video) [tOco8PgRQq4].webm	tOco8PgRQq4	2.5885419845581055	168.21333333333334	48000	2	2026-09-09 04:09:42
audio-0209	0209 - Eefje de Visser - Eefje de Visser - Scheef [0WXMkk8WURE].webm	0209 - Eefje de Visser - Eefje de Visser - Scheef [0WXMkk8WURE].webm	0WXMkk8WURE	4.925240516662598	352.256	48000	2	2026-09-09 04:09:42
audio-0210	0210 - Aafke Romeijn - Aafke Romeijn ft. Spinvis - Ameland (official video) [My8vgEMF-Ow].webm	0210 - Aafke Romeijn - Aafke Romeijn ft. Spinvis - Ameland (official video) [My8vgEMF-Ow].webm	My8vgEMF-Ow	4.471357345581055	251.28533333333337	48000	2	2026-09-09 04:09:43
audio-0211	0211 - Daria Zawiałow - Daria Zawiałow - Hej Hej! (Official Video) [_xR2BymJj6U].webm	0211 - Daria Zawiałow - Daria Zawiałow - Hej Hej! (Official Video) [_xR2BymJj6U].webm	_xR2BymJj6U	3.8020095825195312	248.08533333333332	48000	2	2026-09-09 04:09:43
audio-0212	0212 - Rag'n'Bone Man - Rag'n'Bone Man - As You Are (Official Video) [6L8N4hpEbaM].webm	0212 - Rag'n'Bone Man - Rag'n'Bone Man - As You Are (Official Video) [6L8N4hpEbaM].webm	6L8N4hpEbaM	4.016391754150391	259.41333333333336	48000	2	2026-09-09 04:09:43
audio-0213	0213 - null - Pink Floyd - Coming Back to Life   (2011 Remastered Version) [Pdjwgreie30].webm	0213 - null - Pink Floyd - Coming Back to Life   (2011 Remastered Version) [Pdjwgreie30].webm	Pdjwgreie30	6.057589530944824	382.44266666666664	48000	2	2026-09-09 04:09:43
audio-0214	0214 - KayaxTV - Artur Rojek - Sportowe życie (Official Video) [Hz2nHI5JGxU].webm	0214 - KayaxTV - Artur Rojek - Sportowe życie (Official Video) [Hz2nHI5JGxU].webm	Hz2nHI5JGxU	4.129673004150391	268.096	48000	2	2026-09-09 04:09:43
audio-0215	0215 - Rag'n'Bone Man - Rag'n'Bone Man - Odetta (Official Audio) [xvqqk2yn5W4].webm	0215 - Rag'n'Bone Man - Rag'n'Bone Man - Odetta (Official Audio) [xvqqk2yn5W4].webm	xvqqk2yn5W4	3.5323009490966797	217.88445833333333	48000	2	2026-09-09 04:09:43
audio-0216	0216 - Snowstar Records - Donna Blue - Desert Lake (Official Video) [1l0czajACYg].webm	0216 - Snowstar Records - Donna Blue - Desert Lake (Official Video) [1l0czajACYg].webm	1l0czajACYg	3.659622192382813	232.23439583333337	48000	2	2026-09-09 04:09:44
audio-0217	0217 - Good Old Music - Wearing The Inside Out - Pink Floyd - Remaster 2011 (06) [AoTbXrbdhRU].webm	0217 - Good Old Music - Wearing The Inside Out - Pink Floyd - Remaster 2011 (06) [AoTbXrbdhRU].webm	AoTbXrbdhRU	6.3861083984375	410.00635416666665	48000	2	2026-09-09 04:09:44
audio-0218	0218 - Full Time Hobby - tunng - Death is the New Sex [Official Audio] [czdfjVFTGoM].webm	0218 - Full Time Hobby - tunng - Death is the New Sex [Official Audio] [czdfjVFTGoM].webm	czdfjVFTGoM	4.66059684753418	254.7113125	48000	2	2026-09-09 04:09:44
audio-0219	0219 - S.P. RECORDS - KULT - Arahja [OFFICIAL VIDEO] [_vw2K0AgFF0].webm	0219 - S.P. RECORDS - KULT - Arahja [OFFICIAL VIDEO] [_vw2K0AgFF0].webm	_vw2K0AgFF0	3.3564939498901367	224.3744375	48000	2	2026-09-09 04:09:44
audio-0220	0220 - HooverphonicMusic - Hooverphonic - Romantic [-Gb7tI7zL9E].webm	0220 - HooverphonicMusic - Hooverphonic - Romantic [-Gb7tI7zL9E].webm	-Gb7tI7zL9E	3.201231002807617	198.89054166666668	48000	2	2026-09-09 04:09:44
audio-0221	0221 - S.P. RECORDS - KULT - Polska [OFFICIAL VIDEO] [x3kicEsx7g0].webm	0221 - S.P. RECORDS - KULT - Polska [OFFICIAL VIDEO] [x3kicEsx7g0].webm	x3kicEsx7g0	5.21137809753418	325.45089583333333	48000	2	2026-09-09 04:09:45
audio-0222	0222 - Daria Zawiałow - Daria Zawiałow - Malinowy Chrusniak [ut_igW6OOtE].webm	0222 - Daria Zawiałow - Daria Zawiałow - Malinowy Chrusniak [ut_igW6OOtE].webm	ut_igW6OOtE	3.943427085876465	243.4031875	48000	2	2026-09-09 04:09:45
audio-0223	0223 - Brodka - Brodka - Krzyzowka dnia [mmMkCpSjqPo].webm	0223 - Brodka - Brodka - Krzyzowka dnia [mmMkCpSjqPo].webm	mmMkCpSjqPo	3.13370132446289	202.12970833333333	48000	2	2026-09-09 04:09:45
audio-0224	0224 - sanah - sanah - Szampan (Official Video) [S7sN-cFhwuk].webm	0224 - sanah - sanah - Szampan (Official Video) [S7sN-cFhwuk].webm	S7sN-cFhwuk	3.2722349166870117	198.5770625	48000	2	2026-09-09 04:09:45
audio-0225	0225 - Balthazar - Balthazar - Bunker (Official Video) [qwi6POwtfnc].webm	0225 - Balthazar - Balthazar - Bunker (Official Video) [qwi6POwtfnc].webm	qwi6POwtfnc	4.650829315185547	291.35239583333333	48000	2	2026-09-09 04:09:45
audio-0226	0226 - Nothing But Thieves - Nothing But Thieves - Is Everybody Going Crazy？ (Official Video) [sSD9ePFUkvM].webm	0226 - Nothing But Thieves - Nothing But Thieves - Is Everybody Going Crazy？ (Official Video) [sSD9ePFUkvM].webm	sSD9ePFUkvM	3.629500389099121	237.48266666666663	48000	2	2026-09-09 04:09:45
audio-0227	0227 - Rag'n'Bone Man - Rag'n'Bone Man - Be the Man (Official Audio) [5hMCc9_rCMI].webm	0227 - Rag'n'Bone Man - Rag'n'Bone Man - Be the Man (Official Audio) [5hMCc9_rCMI].webm	5hMCc9_rCMI	2.97959041595459	196.096	48000	2	2026-09-09 04:09:46
audio-0228	0228 - Music For Dreams - Islandman - Agit - 0125 [-jPdXvoU1H0].webm	0228 - Music For Dreams - Islandman - Agit - 0125 [-jPdXvoU1H0].webm	-jPdXvoU1H0	4.778199195861816	279.82933333333335	48000	2	2026-09-09 04:09:46
audio-0229	0229 - Vicious Circle Records - Elias Dris - BEATNIK OR NOT TO BE (official video) [0AMQKQ3nSHg].webm	0229 - Vicious Circle Records - Elias Dris - BEATNIK OR NOT TO BE (official video) [0AMQKQ3nSHg].webm	0AMQKQ3nSHg	4.180148124694824	265.984	48000	2	2026-09-09 04:09:46
audio-0230	0230 - The Flabbies - The Flabbies - Nosedive [hQE4DDvKLtg].webm	0230 - The Flabbies - The Flabbies - Nosedive [hQE4DDvKLtg].webm	hQE4DDvKLtg	3.668607711791992	220.39220833333337	48000	2	2026-09-09 04:09:46
audio-0231	0231 - Musicalicious - Raz Ohara - See It Coming (Original Mix) [-U12yBnxXX8].webm	0231 - Musicalicious - Raz Ohara - See It Coming (Original Mix) [-U12yBnxXX8].webm	-U12yBnxXX8	12.263455390930176	800.0203333333334	48000	2	2026-09-09 04:09:46
audio-0232	0232 - KAPITAN KORSAKOV - Kapitan Korsakov - In the Shade of the Sun (music video) [eg6oam97C3g].webm	0232 - KAPITAN KORSAKOV - Kapitan Korsakov - In the Shade of the Sun (music video) [eg6oam97C3g].webm	eg6oam97C3g	8.013429641723633	531.2426666666667	48000	2	2026-09-09 04:09:47
audio-0233	0233 - Cracki Records - Apes & Horses - The Fields [R9jQwMXQvmE].webm	0233 - Cracki Records - Apes & Horses - The Fields [R9jQwMXQvmE].webm	R9jQwMXQvmE	5.261532783508301	319.088625	48000	2	2026-09-09 04:09:47
audio-0234	0234 - BeatserviceRecords - Flunk： Queen Of The Undergound [RNLfatf7cxY].webm	0234 - BeatserviceRecords - Flunk： Queen Of The Undergound [RNLfatf7cxY].webm	RNLfatf7cxY	5.095276832580566	329.06160416666665	48000	2	2026-09-09 04:09:47
audio-0235	0235 - Recable - Slowdive： Sugar for the Pill (Recable Remix) [D6MCzIuEp4g].webm	0235 - Recable - Slowdive： Sugar for the Pill (Recable Remix) [D6MCzIuEp4g].webm	D6MCzIuEp4g	4.766343116760254	287.7845	48000	2	2026-09-09 04:09:47
audio-0236	0236 - huskyrescuemusic - Husky Rescue - New Light Of Tomorrow [Lv9pP_QeVFM].webm	0236 - huskyrescuemusic - Husky Rescue - New Light Of Tomorrow [Lv9pP_QeVFM].webm	Lv9pP_QeVFM	3.629932403564453	226.96345833333336	48000	2	2026-09-09 04:09:47
audio-0237	0237 - Flunk, Erik Ruud, Ulf Nygaard, Ole Kristian Wetten, Anja Øyen Vister, Jo Bakke - Petrified [I3YOXuejX1A].webm	0237 - Flunk, Erik Ruud, Ulf Nygaard, Ole Kristian Wetten, Anja Øyen Vister, Jo Bakke - Petrified [I3YOXuejX1A].webm	I3YOXuejX1A	4.212773323059082	259.35058333333336	48000	2	2026-09-09 04:09:47
audio-0238	0238 - Ran Nir - I Am With You (Alt-Mix By Ran Nir) [6NyOpDc6q_w].webm	0238 - Ran Nir - I Am With You (Alt-Mix By Ran Nir) [6NyOpDc6q_w].webm	6NyOpDc6q_w	2.8657102584838867	162.36	48000	2	2026-09-09 04:09:48
audio-0239	0239 - Talitres - Maxwell Farrington & Le SuperHomard — We, Us the Pharaohs [OFFICIAL VIDEO] [aKB-mXWxo8A].webm	0239 - Talitres - Maxwell Farrington & Le SuperHomard — We, Us the Pharaohs [OFFICIAL VIDEO] [aKB-mXWxo8A].webm	aKB-mXWxo8A	2.6092967987060547	161.00266666666667	48000	2	2026-09-09 04:09:48
audio-0240	0240 - wearenasser - NASSER ＂Love＂ (Official Video) [MevB9Nhxh4c].webm	0240 - wearenasser - NASSER ＂Love＂ (Official Video) [MevB9Nhxh4c].webm	MevB9Nhxh4c	3.3403549194335938	230.4	48000	2	2026-09-09 04:09:48
audio-0241	0241 - Nick Mulvey - Nick Mulvey - Moment Of Surrender [9uCp7lDMiro].webm	0241 - Nick Mulvey - Nick Mulvey - Moment Of Surrender [9uCp7lDMiro].webm	9uCp7lDMiro	5.255767822265625	318.5706666666667	48000	2	2026-09-09 04:09:48
audio-0242	0242 - Sub Pop - Loma - Half Silences [OFFICIAL VIDEO] [_UwsP3ioiks].webm	0242 - Sub Pop - Loma - Half Silences [OFFICIAL VIDEO] [_UwsP3ioiks].webm	_UwsP3ioiks	3.3693246841430664	229.1113125	48000	2	2026-09-09 04:09:48
audio-0243	0243 - Pitou - I Fall Asleep So Fast [FWIkfRy3ujI].webm	0243 - Pitou - I Fall Asleep So Fast [FWIkfRy3ujI].webm	FWIkfRy3ujI	5.302474021911621	321.4629166666667	48000	2	2026-09-09 04:09:48
audio-0244	0244 - FONOBO Label - Magda Ruta - Nie wiem czy będę (Official Video) [QGUkivMEoJM].webm	0244 - FONOBO Label - Magda Ruta - Nie wiem czy będę (Official Video) [QGUkivMEoJM].webm	QGUkivMEoJM	3.197211265563965	210.048	48000	2	2026-09-09 04:09:49
audio-0245	0245 - FONOBO Label - Ralph Kaminski - Kosmiczne Energie (Official Video) [nV8FGJNQqyM].webm	0245 - FONOBO Label - Ralph Kaminski - Kosmiczne Energie (Official Video) [nV8FGJNQqyM].webm	nV8FGJNQqyM	5.591525077819824	354.5222708333333	48000	2	2026-09-09 04:09:49
audio-0246	0246 - Patrycja Kosiarkiewicz - Patrycja Kosiarkiewicz - Ale [8NLkbgPh844].webm	0246 - Patrycja Kosiarkiewicz - Patrycja Kosiarkiewicz - Ale [8NLkbgPh844].webm	8NLkbgPh844	3.800180435180664	245.20533333333333	48000	2	2026-09-09 04:09:49
audio-0247	0247 - Wojtek Szumanski - Kiedy nagle to wróciło (Wojtek Szumański) [7FI2fbn-MqU].webm	0247 - Wojtek Szumanski - Kiedy nagle to wróciło (Wojtek Szumański) [7FI2fbn-MqU].webm	7FI2fbn-MqU	3.972148895263672	230.848	48000	2	2026-09-09 04:09:49
audio-0248	0248 - marcin23-s - Zdzislawa Sosnicka Pozegnanie z bajką [Ck8wFOP_BRw].webm	0248 - marcin23-s - Zdzislawa Sosnicka Pozegnanie z bajką [Ck8wFOP_BRw].webm	Ck8wFOP_BRw	3.784031867980957	231.93252083333337	48000	2	2026-09-09 04:09:49
audio-0249	0249 - smithandburrows - Smith & Burrows - All The Best Moves [WTgauGO6A5k].webm	0249 - smithandburrows - Smith & Burrows - All The Best Moves [WTgauGO6A5k].webm	WTgauGO6A5k	3.2429723739624023	207.36	48000	2	2026-09-09 04:09:50
audio-0250	0250 - Jaguar Jaguar - Jaguar Jaguar - So Long (official video) [rR3shg_IuFE].webm	0250 - Jaguar Jaguar - Jaguar Jaguar - So Long (official video) [rR3shg_IuFE].webm	rR3shg_IuFE	3.536362648010254	222.9231875	48000	2	2026-09-09 04:09:50
audio-0253	0253 - The Dø - Only Takes A Night (Unreleased B-side) [FOazr944b8g].webm	0253 - The Dø - Only Takes A Night (Unreleased B-side) [FOazr944b8g].webm	FOazr944b8g	2.5928211212158203	170.418125	48000	2	2026-09-09 04:09:50
audio-0254	0254 - louis aguilar - Louis Aguilar - Who are you (acoustic) [WHXlfdPZq88].webm	0254 - louis aguilar - Louis Aguilar - Who are you (acoustic) [WHXlfdPZq88].webm	WHXlfdPZq88	2.2943077087402344	154.53866666666667	48000	2	2026-09-09 04:09:50
audio-0255	0255 - Zespół Hurt - HURT - Załoga G (winyl już dostępny-link w komentarzu) [8tpY2X2wWyQ].webm	0255 - Zespół Hurt - HURT - Załoga G (winyl już dostępny-link w komentarzu) [8tpY2X2wWyQ].webm	8tpY2X2wWyQ	3.4315690994262695	223.735875	48000	2	2026-09-09 04:09:50
audio-0256	0256 - Imagine Dragons - Believer (Live⧸Acoustic) [kYqzKAe7oME].webm	0256 - Imagine Dragons - Believer (Live⧸Acoustic) [kYqzKAe7oME].webm	kYqzKAe7oME	3.388875961303711	236.0	48000	2	2026-09-09 04:09:51
audio-0257	0257 - Pink Floyd Remasted Songs - Pink Floyd - Money (2011 Remastered) [sndo_wdc384].webm	0257 - Pink Floyd Remasted Songs - Pink Floyd - Money (2011 Remastered) [sndo_wdc384].webm	sndo_wdc384	6.298856735229492	394.33289583333334	48000	2	2026-09-09 04:09:51
audio-0258	0258 - Queen Official - Queen - A Kind of Magic (Official Video Remastered) [0p_1QSUsbsM].webm	0258 - Queen Official - Queen - A Kind of Magic (Official Video Remastered) [0p_1QSUsbsM].webm	0p_1QSUsbsM	4.091941833496094	269.16572916666667	48000	2	2026-09-09 04:09:51
audio-0260	0260 - Mystic Production TV - Lao Che - Wojenka (official single) [o2JUFe9sND4].webm	0260 - Mystic Production TV - Lao Che - Wojenka (official single) [o2JUFe9sND4].webm	o2JUFe9sND4	3.1828927993774414	210.10577083333337	48000	2	2026-09-09 04:09:51
audio-0261	0261 - S.P. RECORDS - KULT - Gdy nie ma dzieci [OFFICIAL VIDEO] [I8NcELiIMHg].webm	0261 - S.P. RECORDS - KULT - Gdy nie ma dzieci [OFFICIAL VIDEO] [I8NcELiIMHg].webm	I8NcELiIMHg	2.951284408569336	192.12191666666664	48000	2	2026-09-09 04:09:51
audio-0263	0263 - Eric Clapton - Eric Clapton - Layla [Unplugged...Over 30 Years Later] (Official Live Video) [kseSoguuiCs].webm	0263 - Eric Clapton - Eric Clapton - Layla [Unplugged...Over 30 Years Later] (Official Live Video) [kseSoguuiCs].webm	kseSoguuiCs	3.411327362060547	265.8104375	48000	2	2026-09-09 04:09:51
audio-0264	0264 - Jimi Hendrix - The Jimi Hendrix Experience - Purple Haze (Official Audio) [WGoDaYjdfSg].webm	0264 - Jimi Hendrix - The Jimi Hendrix Experience - Purple Haze (Official Audio) [WGoDaYjdfSg].webm	WGoDaYjdfSg	2.608920097351074	172.352	48000	2	2026-09-09 04:09:52
audio-0265	0265 - Dire Straits - Dire Straits - Tunnel Of Love (Official Music Video) [gAirINwjaxE].webm	0265 - Dire Straits - Dire Straits - Tunnel Of Love (Official Music Video) [gAirINwjaxE].webm	gAirINwjaxE	7.668011665344238	491.2994166666667	48000	2	2026-09-09 04:09:52
audio-0266	0266 - S.P. RECORDS - STRACHY NA LACHY - Czarny chleb i czarna kawa [OFFICIAL AUDIO] [gvDKuRP8vRE].webm	0266 - S.P. RECORDS - STRACHY NA LACHY - Czarny chleb i czarna kawa [OFFICIAL AUDIO] [gvDKuRP8vRE].webm	gvDKuRP8vRE	3.321006774902344	203.48808333333332	48000	2	2026-09-09 04:09:52
audio-0267	0267 - The Doors - Light My Fire (2017 Remaster) [qoX6AKuYWL8].webm	0267 - The Doors - Light My Fire (2017 Remaster) [qoX6AKuYWL8].webm	qoX6AKuYWL8	7.069350242614746	430.4533333333333	48000	2	2026-09-09 04:09:52
audio-0268	0268 - S.P. RECORDS - STRACHY NA LACHY - Piła tango [OFFICIAL VIDEO] [nFBBD1Eim1E].webm	0268 - S.P. RECORDS - STRACHY NA LACHY - Piła tango [OFFICIAL VIDEO] [nFBBD1Eim1E].webm	nFBBD1Eim1E	4.702103614807129	300.28045833333334	48000	2	2026-09-09 04:09:52
audio-0269	0269 - ABKCOVEVO - The Rolling Stones - (I Can't Get No) Satisfaction (Official Lyric Video) [nrIPxlFzDi0].webm	0269 - ABKCOVEVO - The Rolling Stones - (I Can't Get No) Satisfaction (Official Lyric Video) [nrIPxlFzDi0].webm	nrIPxlFzDi0	2.6516666412353516	234.78858333333332	48000	2	2026-09-09 04:09:52
audio-0270	0270 - Scatman88 - I Can't Dance (Remastered 2007) · Genesis [a_Moi6KlpJI].webm	0270 - Scatman88 - I Can't Dance (Remastered 2007) · Genesis [a_Moi6KlpJI].webm	a_Moi6KlpJI	3.7225399017333984	241.40627083333337	48000	2	2026-09-09 04:09:53
audio-0271	0271 - NA - The Doors - Riders on the Storm (Official Audio) [7G2-FPlvY58].webm	0271 - NA - The Doors - Riders on the Storm (Official Audio) [7G2-FPlvY58].webm	7G2-FPlvY58	6.658805847167969	435.2696666666667	48000	2	2026-09-09 04:09:53
audio-0272	0272 - Deep Purple - Demon's Eye (1996 Remaster) [VoREMTRNAX0].webm	0272 - Deep Purple - Demon's Eye (1996 Remaster) [VoREMTRNAX0].webm	VoREMTRNAX0	5.21183967590332	321.3333333333333	48000	2	2026-09-09 04:09:53
audio-0273	0273 - yesofficial - YES - Owner of a Lonely Heart (Official Music Video) [SVOuYquXuuc].webm	0273 - yesofficial - YES - Owner of a Lonely Heart (Official Music Video) [SVOuYquXuuc].webm	SVOuYquXuuc	6.171067237854004	401.2524375	48000	2	2026-09-09 04:09:53
audio-0274	0274 - Blue Oyster Cult - Joan Crawford [30AHijrUYOo].webm	0274 - Blue Oyster Cult - Joan Crawford [30AHijrUYOo].webm	30AHijrUYOo	4.696892738342285	294.26666666666665	48000	2	2026-09-09 04:09:53
audio-0275	0275 - Lou Reed - Lou Reed - Walk on the Wild Side (Official Audio) [oG6fayQBm9w].webm	0275 - Lou Reed - Lou Reed - Walk on the Wild Side (Official Audio) [oG6fayQBm9w].webm	oG6fayQBm9w	4.062741279602051	254.52554166666667	48000	2	2026-09-09 04:09:54
audio-0276	0276 - The Police - The Police - Message In A Bottle (Official Music Video) [MbXWrmQW-OE].webm	0276 - The Police - The Police - Message In A Bottle (Official Music Video) [MbXWrmQW-OE].webm	MbXWrmQW-OE	4.218863487243652	260.6904375	48000	2	2026-09-09 04:09:54
audio-0277	0277 - EDITORS - Editors - Barricades (the Blanck Mass recording) [FuuNk0E4lbY].webm	0277 - EDITORS - Editors - Barricades (the Blanck Mass recording) [FuuNk0E4lbY].webm	FuuNk0E4lbY	3.876601219177246	249.61452083333333	48000	2	2026-09-09 04:09:54
audio-0278	0278 - nettwerkbackstage - Massive Attack Ft. Hope Sandoval - Paradise Circus [daoY5iPorMc].webm	0278 - nettwerkbackstage - Massive Attack Ft. Hope Sandoval - Paradise Circus [daoY5iPorMc].webm	daoY5iPorMc	4.617944717407227	292.33922916666666	48000	2	2026-09-09 04:09:54
audio-0279	0279 - The Irrepressibles - In This Shirt [-iNHtdL-zu4].webm	0279 - The Irrepressibles - In This Shirt [-iNHtdL-zu4].webm	-iNHtdL-zu4	5.367316246032715	334.9866666666667	48000	2	2026-09-09 04:09:54
audio-0280	0280 - The Irrepressibles - The Irrepressibles - In This Shirt (Royksopp Remix) [Official Art Track] [RA4ek4oQuIg].webm	0280 - The Irrepressibles - The Irrepressibles - In This Shirt (Royksopp Remix) [Official Art Track] [RA4ek4oQuIg].webm	RA4ek4oQuIg	10.54836368560791	634.404	48000	2	2026-09-09 04:09:54
audio-0281	0281 - S.P. RECORDS - STRACHY NA LACHY - Dzień dobry, kocham Cię [OFFICIAL VIDEO] [_EdZbopNeS8].webm	0281 - S.P. RECORDS - STRACHY NA LACHY - Dzień dobry, kocham Cię [OFFICIAL VIDEO] [_EdZbopNeS8].webm	_EdZbopNeS8	2.9225873947143555	192.28445833333333	48000	2	2026-09-09 04:09:55
audio-0282	0282 - Ten Years After - I'd Love to Change the World (2004 Remaster) [RgNVEHcprcc].webm	0282 - Ten Years After - I'd Love to Change the World (2004 Remaster) [RgNVEHcprcc].webm	RgNVEHcprcc	3.817312240600586	224.13333333333333	48000	2	2026-09-09 04:09:55
audio-0283	0283 - Dire Straits - Six Blade Knife [yRN04uR9kcc].webm	0283 - Dire Straits - Six Blade Knife [yRN04uR9kcc].webm	yRN04uR9kcc	4.116839408874512	252.0	48000	2	2026-09-09 04:09:55
audio-0284	0284 - Red Bull Records - AWOLNATION - Sail (Official Music Video) [tgIqecROs5M].webm	0284 - Red Bull Records - AWOLNATION - Sail (Official Music Video) [tgIqecROs5M].webm	tgIqecROs5M	4.265012741088867	263.0937083333333	48000	2	2026-09-09 04:09:55
audio-0285	0285 - Kortez Oficjalny Kanał - KORTEZ - Zostań [Oficjalny Klip] [mgWGR-g9mFQ].webm	0285 - Kortez Oficjalny Kanał - KORTEZ - Zostań [Oficjalny Klip] [mgWGR-g9mFQ].webm	mgWGR-g9mFQ	4.104605674743652	246.932625	48000	2	2026-09-09 04:09:55
audio-0286	0286 - Dire Straits - Dire Straits - Sultans Of Swing (Official Music Video) [h0ffIJ7ZO4U].webm	0286 - Dire Straits - Dire Straits - Sultans Of Swing (Official Music Video) [h0ffIJ7ZO4U].webm	h0ffIJ7ZO4U	4.34505558013916	266.449	48000	2	2026-09-09 04:09:56
audio-0287	0287 - Bill Withers - Bill Withers - Ain't No Sunshine (Official Audio) [YuKfiH0Scao].webm	0287 - Bill Withers - Bill Withers - Ain't No Sunshine (Official Audio) [YuKfiH0Scao].webm	YuKfiH0Scao	2.1491260528564453	126.4	48000	2	2026-09-09 04:09:56
audio-0288	0288 - Barns Courtney - Barns Courtney - Fire [hLEoictM8p4].webm	0288 - Barns Courtney - Barns Courtney - Fire [hLEoictM8p4].webm	hLEoictM8p4	3.0760316848754883	196.61497916666667	48000	2	2026-09-09 04:09:56
audio-0289	0289 - The Waterboys - Fisherman's Blues (2006 Remaster) [zuceIiM6vzk].webm	0289 - The Waterboys - Fisherman's Blues (2006 Remaster) [zuceIiM6vzk].webm	zuceIiM6vzk	4.194352149963379	266.6666666666667	48000	2	2026-09-09 04:09:56
audio-0290	0290 - RHINO - Dusty Springfield - Son of a Preacher Man (Official Audio) [oAZLgsDRUv4].webm	0290 - RHINO - Dusty Springfield - Son of a Preacher Man (Official Audio) [oAZLgsDRUv4].webm	oAZLgsDRUv4	2.524704933166504	149.17660416666666	48000	2	2026-09-09 04:09:56
audio-0291	0291 - This Is Queen - Another One Bites The Dust (Remastered 2011) [1tLYYSofs3U].webm	0291 - This Is Queen - Another One Bites The Dust (Remastered 2011) [1tLYYSofs3U].webm	1tLYYSofs3U	3.267301559448242	214.72654166666663	48000	2	2026-09-09 04:09:56
audio-0292	0292 - Of Monsters and Men - Of Monsters and Men - Love Love Love (Official Lyric Video) [beiPP_MGz6I].webm	0292 - Of Monsters and Men - Of Monsters and Men - Love Love Love (Official Lyric Video) [beiPP_MGz6I].webm	beiPP_MGz6I	3.709409713745117	235.64772916666664	48000	2	2026-09-09 04:09:57
audio-0293	0293 - Sting - Sting - Englishman In New York [d27gTrPPAyk].webm	0293 - Sting - Sting - Englishman In New York [d27gTrPPAyk].webm	d27gTrPPAyk	4.496007919311523	266.5999166666667	48000	2	2026-09-09 04:09:57
audio-0294	0294 - RHINO - America - A Horse With No Name (Official Audio) [na47wMFfQCo].webm	0294 - RHINO - America - A Horse With No Name (Official Audio) [na47wMFfQCo].webm	na47wMFfQCo	3.972238540649414	251.50695833333333	48000	2	2026-09-09 04:09:57
audio-0295	0295 - RHINO - B.B. King - The Thrill Is Gone [Crossroads 2010] (Official Live Video) [SgXSomPE_FY].webm	0295 - RHINO - B.B. King - The Thrill Is Gone [Crossroads 2010] (Official Live Video) [SgXSomPE_FY].webm	SgXSomPE_FY	10.673135757446287	665.6696666666667	48000	2	2026-09-09 04:09:57
audio-0296	0296 - First Aid Kit - First Aid Kit - Wolf (Official Music Video) [Czj7SyPNRto].webm	0296 - First Aid Kit - First Aid Kit - Wolf (Official Music Video) [Czj7SyPNRto].webm	Czj7SyPNRto	3.5247373580932617	220.20266666666663	48000	2	2026-09-09 04:09:57
audio-0297	0297 - Pink Floyd - Pink Floyd - Another Brick In The Wall, Part Two (Official Music Video) [HrxX9TBj2zY].webm	0297 - Pink Floyd - Pink Floyd - Another Brick In The Wall, Part Two (Official Music Video) [HrxX9TBj2zY].webm	HrxX9TBj2zY	3.0806474685668945	198.49579166666663	48000	2	2026-09-09 04:09:58
audio-0298	0298 - Fueled By Ramen - twenty one pilots： Stressed Out [OFFICIAL VIDEO] [pXRviuL6vMY].webm	0298 - Fueled By Ramen - twenty one pilots： Stressed Out [OFFICIAL VIDEO] [pXRviuL6vMY].webm	pXRviuL6vMY	3.392841339111328	225.2335625	48000	2	2026-09-09 04:09:58
audio-0299	0299 - Dire Straits - Dire Straits - Once Upon A Time In The West (Visualiser) [KIa56_PHorE].webm	0299 - Dire Straits - Dire Straits - Once Upon A Time In The West (Visualiser) [KIa56_PHorE].webm	KIa56_PHorE	5.370061874389648	324.08091666666667	48000	2	2026-09-09 04:09:58
audio-0301	0301 - Black Sabbath - Paranoid (2009 - Remaster) [Yt34nx75v94].webm	0301 - Black Sabbath - Paranoid (2009 - Remaster) [Yt34nx75v94].webm	Yt34nx75v94	2.5940446853637695	168.62658333333334	48000	2	2026-09-09 04:09:58
audio-0302	0302 - OtherLivesBand - Other Lives - We Wait (Official Visualizer) [A0yzwaZeyKo].webm	0302 - OtherLivesBand - Other Lives - We Wait (Official Visualizer) [A0yzwaZeyKo].webm	A0yzwaZeyKo	3.546750068664551	219.9278125	48000	2	2026-09-09 04:09:58
audio-0303	0303 - Lorde - Lorde - Royals (US Version) [nlcIKh6sBtc].webm	0303 - Lorde - Lorde - Royals (US Version) [nlcIKh6sBtc].webm	nlcIKh6sBtc	3.2535104751586914	200.08635416666667	48000	2	2026-09-09 04:09:58
audio-0304	0304 - Peter Sommer - Hvis Bare Jeg Ku' [ZL-zhop-vKg].webm	0304 - Peter Sommer - Hvis Bare Jeg Ku' [ZL-zhop-vKg].webm	ZL-zhop-vKg	1.607318878173828	97.2	48000	2	2026-09-09 04:09:59
audio-0305	0305 - Adult Contemporary - Matylda⧸Łukasiewicz - Matka [Emcpp_-Ur4w].webm	0305 - Adult Contemporary - Matylda⧸Łukasiewicz - Matka [Emcpp_-Ur4w].webm	Emcpp_-Ur4w	3.916715621948242	244.48291666666665	48000	2	2026-09-09 04:09:59
audio-0306	0306 - Mariama - MARIAMA - ＂No Way＂ [official video] [imM3VYyObhI].webm	0306 - Mariama - MARIAMA - ＂No Way＂ [official video] [imM3VYyObhI].webm	imM3VYyObhI	3.2449893951416016	208.0508125	48000	2	2026-09-09 04:09:59
audio-0307	0307 - Adult Contemporary - Matylda⧸Łukasiewicz - Nie stało się nic (Mierzeja 2 ｜ Empik Go) [_rHfLhO3qgk].webm	0307 - Adult Contemporary - Matylda⧸Łukasiewicz - Nie stało się nic (Mierzeja 2 ｜ Empik Go) [_rHfLhO3qgk].webm	_rHfLhO3qgk	3.303955078125	214.93333333333337	48000	2	2026-09-09 04:09:59
audio-0308	0308 - Gossip Music Official - Gossip - Heavy Cross (Official Video) [5mQVljB7JGw].webm	0308 - Gossip Music Official - Gossip - Heavy Cross (Official Video) [5mQVljB7JGw].webm	5mQVljB7JGw	3.988924026489258	243.28708333333333	48000	2	2026-09-09 04:09:59
audio-0309	0309 - Jerzy Satanowski - Ewa Błaszczyk： Orszaki Dworaki [BcvcFw3xYuk].webm	0309 - Jerzy Satanowski - Ewa Błaszczyk： Orszaki Dworaki [BcvcFw3xYuk].webm	BcvcFw3xYuk	2.3309926986694336	148.41035416666668	48000	2	2026-09-09 04:09:59
audio-0310	0310 - DO IT YOURSELF - GALA - Freed from desire [Official 4K Video] [p3l7fgvrEKM].webm	0310 - DO IT YOURSELF - GALA - Freed from desire [Official 4K Video] [p3l7fgvrEKM].webm	p3l7fgvrEKM	3.1400251388549805	213.97189583333332	48000	2	2026-09-09 04:10:00
audio-0311	0311 - HILDA LÄNSMAN, Tuomas Norvio, Hildá Länsman - Čuojahat Mu [Mhngx2Ftr1U].webm	0311 - HILDA LÄNSMAN, Tuomas Norvio, Hildá Länsman - Čuojahat Mu [Mhngx2Ftr1U].webm	Mhngx2Ftr1U	4.269903182983398	262.96	48000	2	2026-09-09 04:10:00
audio-0312	0312 - The Flaming Piano - Erik Satie - Gnossienne No. 1 [lqZehFAwoTM].webm	0312 - The Flaming Piano - Erik Satie - Gnossienne No. 1 [lqZehFAwoTM].webm	lqZehFAwoTM	4.533708572387695	250.2530625	48000	2	2026-09-09 04:10:00
audio-0313	0313 - Ekler - POLO & PAN - Dorothy (official video) [hVW63Z_8deE].webm	0313 - Ekler - POLO & PAN - Dorothy (official video) [hVW63Z_8deE].webm	hVW63Z_8deE	4.344714164733887	270.04808333333335	48000	2	2026-09-09 04:10:00
audio-0314	0314 - Adult Contemporary - Polskie Znaki feat. Mark Lanegan - Oh Angel [CRT1tMUDgKg].webm	0314 - Adult Contemporary - Polskie Znaki feat. Mark Lanegan - Oh Angel [CRT1tMUDgKg].webm	CRT1tMUDgKg	3.8242311477661137	226.41066666666663	48000	2	2026-09-09 04:10:00
audio-0315	0315 - FONOBO Label - Maja Kleszcz & incarNations - Zanim Wstanie Miasto [pUK8PLWWWE0].webm	0315 - FONOBO Label - Maja Kleszcz & incarNations - Zanim Wstanie Miasto [pUK8PLWWWE0].webm	pUK8PLWWWE0	4.098590850830078	258.5658125	48000	2	2026-09-09 04:10:01
audio-0316	0316 - Gaiea Sanskrit - DURGĀ SŪKTAM ｜ Sanskrit Vedic Chanting ｜ Mantra for Great Courage & Protection [Mcxy98HUTkg].webm	0316 - Gaiea Sanskrit - DURGĀ SŪKTAM ｜ Sanskrit Vedic Chanting ｜ Mantra for Great Courage & Protection [Mcxy98HUTkg].webm	Mcxy98HUTkg	5.063682556152344	309.9283541666667	48000	2	2026-09-09 04:10:01
audio-0317	0317 - Gaiea Sanskrit - Shiva Sankalpa Suktam ｜ Sanskrit Vedic Mantra ｜ Pure Resolution for the Mind [oHt1eBc3g8M].webm	0317 - Gaiea Sanskrit - Shiva Sankalpa Suktam ｜ Sanskrit Vedic Mantra ｜ Pure Resolution for the Mind [oHt1eBc3g8M].webm	oHt1eBc3g8M	7.508642196655273	445.17297916666666	48000	2	2026-09-09 04:10:01
audio-0318	0318 - Flunk, Anja Øyen Vister, Erik Ruud, Jo Bakke, Ole Kristian Wetten, Ulf Nygaard - TMTTUOT [HQt0oaR9JuA].webm	0318 - Flunk, Anja Øyen Vister, Erik Ruud, Jo Bakke, Ole Kristian Wetten, Ulf Nygaard - TMTTUOT [HQt0oaR9JuA].webm	HQt0oaR9JuA	4.671881675720215	278.3354375	48000	2	2026-09-09 04:10:01
audio-0319	0319 - Badmarsh & Shri - The Air I Breathe [VdchmO7EarY].webm	0319 - Badmarsh & Shri - The Air I Breathe [VdchmO7EarY].webm	VdchmO7EarY	5.78794002532959	385.73333333333335	48000	2	2026-09-09 04:10:01
audio-0321	0321 - High Water, Will Epstein - Changed the Locks [rDooreQVCK8].webm	0321 - High Water, Will Epstein - Changed the Locks [rDooreQVCK8].webm	rDooreQVCK8	4.928621292114258	310.9865	48000	2	2026-09-09 04:10:01
audio-0322	0322 - Blue States - Season Song [2h1I8KE26sg].webm	0322 - Blue States - Season Song [2h1I8KE26sg].webm	2h1I8KE26sg	3.899937629699707	255.32083333333333	48000	2	2026-09-09 04:10:02
audio-0323	0323 - Keren Ann - Keren Ann - Strange Weather [J8uHlYiY4G0].webm	0323 - Keren Ann - Keren Ann - Strange Weather [J8uHlYiY4G0].webm	J8uHlYiY4G0	5.1715593338012695	326.99733333333336	48000	2	2026-09-09 04:10:02
audio-0324	0324 - Virgil Howe - Someday [9ef7DL1te3I].webm	0324 - Virgil Howe - Someday [9ef7DL1te3I].webm	9ef7DL1te3I	4.176492691040039	251.26666666666668	48000	2	2026-09-09 04:10:02
audio-0325	0325 - Trip Hop Universe - Flunk - Chemistry And Math [8S4PSPbzjMw].webm	0325 - Trip Hop Universe - Flunk - Chemistry And Math [8S4PSPbzjMw].webm	8S4PSPbzjMw	3.081645965576172	194.5019583333333	48000	2	2026-09-09 04:10:02
audio-0327	0327 - Evgeny Grinko - Ice for Aureliano Buendia [Cs8YwzExZpU].webm	0327 - Evgeny Grinko - Ice for Aureliano Buendia [Cs8YwzExZpU].webm	Cs8YwzExZpU	3.963106155395508	241.11085416666663	48000	2	2026-09-09 04:10:02
audio-0328	0328 - J - Mich Gerber - By Your Side (feat. Bajka) [V6HRs72NrjI].webm	0328 - J - Mich Gerber - By Your Side (feat. Bajka) [V6HRs72NrjI].webm	V6HRs72NrjI	3.796417236328125	240.03629166666667	48000	2	2026-09-09 04:10:02
audio-0329	0329 - slackwaxmusic - Slackwax feat. Dan Reeder - Willow Tree [FTH7GmzI310].webm	0329 - slackwaxmusic - Slackwax feat. Dan Reeder - Willow Tree [FTH7GmzI310].webm	FTH7GmzI310	5.974761962890625	352.53697916666664	48000	2	2026-09-09 04:10:03
audio-0331	0331 - Délicieuse Musique - Futuro Pelo - Adventures [lfUnMvg9e0g].webm	0331 - Délicieuse Musique - Futuro Pelo - Adventures [lfUnMvg9e0g].webm	lfUnMvg9e0g	3.627504348754883	236.01066666666668	48000	2	2026-09-09 04:10:03
audio-0332	0332 - cruzn001 - Federico Aubele - Somewhere Else (featuring Melody Gardot) [2jYFnNMXiPs].webm	0332 - cruzn001 - Federico Aubele - Somewhere Else (featuring Melody Gardot) [2jYFnNMXiPs].webm	2jYFnNMXiPs	3.0516271591186523	196.03447916666667	48000	2	2026-09-09 04:10:03
audio-0333	0333 - Howe Gelb - A Thousand Kisses Deep [NYZvw2N4Svg].webm	0333 - Howe Gelb - A Thousand Kisses Deep [NYZvw2N4Svg].webm	NYZvw2N4Svg	5.251935005187988	339.53333333333336	48000	2	2026-09-09 04:10:03
audio-0334	0334 - Enchanté Records - Gods of Venus ＂Wings of Life＂ - Official Video [9bY8uq5RR8I].webm	0334 - Enchanté Records - Gods of Venus ＂Wings of Life＂ - Official Video [9bY8uq5RR8I].webm	9bY8uq5RR8I	3.4524898529052734	216.61895833333332	48000	2	2026-09-09 04:10:03
audio-0336	0336 - Szymon Kesy - Dikanda - Dikanda [mIFQESCIbRc].webm	0336 - Szymon Kesy - Dikanda - Dikanda [mIFQESCIbRc].webm	mIFQESCIbRc	4.717216491699219	287.9855	48000	2	2026-09-09 04:10:04
audio-0337	0337 - Anouar Brahem - Astrakan Café (2) [Zx3BcSQJfD4].webm	0337 - Anouar Brahem - Astrakan Café (2) [Zx3BcSQJfD4].webm	Zx3BcSQJfD4	5.244649887084961	289.4266666666667	48000	2	2026-09-09 04:10:04
audio-0338	0338 - Moriarty - Enjoy the Silence [YVCuvgJZRxc].webm	0338 - Moriarty - Enjoy the Silence [YVCuvgJZRxc].webm	YVCuvgJZRxc	2.0938072204589844	123.05333333333331	48000	2	2026-09-09 04:10:04
audio-0339	0339 - Freedonia - FREEDONIA ＂HEAVEN BELLS＂ [ztkohcplLjA].webm	0339 - Freedonia - FREEDONIA ＂HEAVEN BELLS＂ [ztkohcplLjA].webm	ztkohcplLjA	6.1693220138549805	391.936	48000	2	2026-09-09 04:10:04
audio-0340	0340 - Nessi Gomes - Nessi Gomes - All Related (Lyric Video) [le9M6i9oHBU].webm	0340 - Nessi Gomes - Nessi Gomes - All Related (Lyric Video) [le9M6i9oHBU].webm	le9M6i9oHBU	5.897760391235352	369.1306666666667	48000	2	2026-09-09 04:10:04
audio-0341	0341 - wafaa17kab - No Blues - Farewell Shalabiye [X6hL1iiVYbs].webm	0341 - wafaa17kab - No Blues - Farewell Shalabiye [X6hL1iiVYbs].webm	X6hL1iiVYbs	3.254697799682617	205.87972916666664	48000	2	2026-09-09 04:10:04
audio-0342	0342 - ImagineDragons - Imagine Dragons - Believer (Official Music Video) [7wtfhZwyrcc].webm	0342 - ImagineDragons - Imagine Dragons - Believer (Official Music Video) [7wtfhZwyrcc].webm	7wtfhZwyrcc	3.364591598510742	216.5376875	48000	2	2026-09-09 04:10:05
audio-0343	0343 - JustinMitchell - Radical Face 'Welcome Home, Son' [P8a4iiOnzsc].webm	0343 - JustinMitchell - Radical Face 'Welcome Home, Son' [P8a4iiOnzsc].webm	P8a4iiOnzsc	4.601801872253418	277.2811041666667	48000	2	2026-09-09 04:10:05
audio-0344	0344 - Jon Lord - Bourée (2019 Remaster) [3Tb3hCEvIOo].webm	0344 - Jon Lord - Bourée (2019 Remaster) [3Tb3hCEvIOo].webm	3Tb3hCEvIOo	10.888075828552246	667.6933333333334	48000	2	2026-09-09 04:10:05
audio-0345	0345 - Madou - Niets is Voor Altijd (Madou Original Version Remastered) [5JM2k_0G_IM].webm	0345 - Madou - Niets is Voor Altijd (Madou Original Version Remastered) [5JM2k_0G_IM].webm	5JM2k_0G_IM	4.006350517272949	250.2	48000	2	2026-09-09 04:10:05
audio-0346	0346 - Lor - Lor - Nikt (Official Video) [DBMli5_9Hcc].webm	0346 - Lor - Lor - Nikt (Official Video) [DBMli5_9Hcc].webm	DBMli5_9Hcc	3.3121414184570312	205.5314375	48000	2	2026-09-09 04:10:05
audio-0347	0347 - Tom Rosenthal - Tom Rosenthal - Miffed (Official Music Video) [xlE3-liDdto].webm	0347 - Tom Rosenthal - Tom Rosenthal - Miffed (Official Music Video) [xlE3-liDdto].webm	xlE3-liDdto	3.0802106857299805	192.6908125	48000	2	2026-09-09 04:10:06
audio-0348	0348 - Otava Yo - Отава Ё - Про Ивана Groove (русское готическое R'N'B) - Otava Yo [YbBU06irWT8].webm	0348 - Otava Yo - Отава Ё - Про Ивана Groove (русское готическое R'N'B) - Otava Yo [YbBU06irWT8].webm	YbBU06irWT8	4.132393836975098	295.0095416666667	48000	2	2026-09-09 04:10:06
audio-0349	0349 - Tom Rosenthal - Tom Rosenthal - As Luck Would Have It (Official Music Video) [GXF4a27ouqc].webm	0349 - Tom Rosenthal - Tom Rosenthal - As Luck Would Have It (Official Music Video) [GXF4a27ouqc].webm	GXF4a27ouqc	2.6658687591552734	140.00472916666666	48000	2	2026-09-09 04:10:06
audio-0350	0350 - The Dotty - Tom Rosenthal - How This Came To Be [gwvw1LxKcFg].webm	0350 - The Dotty - Tom Rosenthal - How This Came To Be [gwvw1LxKcFg].webm	gwvw1LxKcFg	2.659317970275879	180.372625	48000	2	2026-09-09 04:10:06
audio-0351	0351 - Bukahara - Bukahara - Storytelling Animal [HzbRR-y-0jU].webm	0351 - Bukahara - Bukahara - Storytelling Animal [HzbRR-y-0jU].webm	HzbRR-y-0jU	3.4114179611206055	215.36508333333333	48000	2	2026-09-09 04:10:06
audio-0352	0352 - senmusic - Kasper Bjørke： Young Again (feat. Jacob Bellens) (Official music video) [0V-6YCc-V5U].webm	0352 - senmusic - Kasper Bjørke： Young Again (feat. Jacob Bellens) (Official music video) [0V-6YCc-V5U].webm	0V-6YCc-V5U	4.039430618286133	241.92	48000	2	2026-09-09 04:10:06
audio-0353	0353 - Bukahara - Bukahara - We Are Still Here (LIVE at Palladium 2022) [e8B49vEQkM4].webm	0353 - Bukahara - Bukahara - We Are Still Here (LIVE at Palladium 2022) [e8B49vEQkM4].webm	e8B49vEQkM4	5.33437442779541	332.49814583333335	48000	2	2026-09-09 04:10:07
audio-0354	0354 - lùisa - lùisa - New Woman (Official Music Video) [DkwuMuCgnWM].webm	0354 - lùisa - lùisa - New Woman (Official Music Video) [DkwuMuCgnWM].webm	DkwuMuCgnWM	3.271446228027344	208.21333333333337	48000	2	2026-09-09 04:10:07
audio-0355	0355 - The Gardener & The Tree - Wild Horses [QLDP4t8ZTUU].webm	0355 - The Gardener & The Tree - Wild Horses [QLDP4t8ZTUU].webm	QLDP4t8ZTUU	3.465047836303711	213.45333333333335	48000	2	2026-09-09 04:10:07
audio-0356	0356 - Tom Rosenthal - Tom Rosenthal - Albert Camus (Lyric Video) [DfshTQKV1zU].webm	0356 - Tom Rosenthal - Tom Rosenthal - Albert Camus (Lyric Video) [DfshTQKV1zU].webm	DfshTQKV1zU	3.2596912384033203	205.33333333333337	48000	2	2026-09-09 04:10:07
audio-0357	0357 - ANIMOR - Wild Dog - Animor [O8xKF3MZ-BE].webm	0357 - ANIMOR - Wild Dog - Animor [O8xKF3MZ-BE].webm	O8xKF3MZ-BE	2.734379768371582	177.664	48000	2	2026-09-09 04:10:08
audio-0358	0358 - Bryan Ferry - Bryan Ferry & Todd Terje - Johnny & Mary [Official Video] [Din_eWjJWe0].webm	0358 - Bryan Ferry - Bryan Ferry & Todd Terje - Johnny & Mary [Official Video] [Din_eWjJWe0].webm	Din_eWjJWe0	4.842085838317871	320.2031875	48000	2	2026-09-09 04:10:08
audio-0359	0359 - stranglersofficial - The Stranglers - Golden Brown [7KIHvuMl4Kk].webm	0359 - stranglersofficial - The Stranglers - Golden Brown [7KIHvuMl4Kk].webm	7KIHvuMl4Kk	3.336267471313477	206.88	48000	2	2026-09-09 04:10:08
audio-0360	0360 - Awa Ly - Awa Ly-  Close Your Eyes [5beArUtBg18].webm	0360 - Awa Ly - Awa Ly-  Close Your Eyes [5beArUtBg18].webm	5beArUtBg18	2.9483394622802734	185.91058333333336	48000	2	2026-09-09 04:10:08
audio-0361	0361 - GARISH - GARISH ⧸⧸⧸ Den Göttern egal [KOch9d8d3vM].webm	0361 - GARISH - GARISH ⧸⧸⧸ Den Göttern egal [KOch9d8d3vM].webm	KOch9d8d3vM	3.282761573791504	209.49333333333337	48000	2	2026-09-09 04:10:08
audio-0362	0362 - La Maison Tellier - La Maison Tellier - Sur un Volcan (clip officiel) [RLOQCqGKVt8].webm	0362 - La Maison Tellier - La Maison Tellier - Sur un Volcan (clip officiel) [RLOQCqGKVt8].webm	RLOQCqGKVt8	3.586909294128418	207.78377083333336	48000	2	2026-09-09 04:10:08
audio-0363	0363 - Big Crown Records - Bacao Rhythm & Steel Band - Crockett Theme [3eexerBbFms].webm	0363 - Big Crown Records - Bacao Rhythm & Steel Band - Crockett Theme [3eexerBbFms].webm	3eexerBbFms	3.686023712158203	232.0021875	48000	2	2026-09-09 04:10:09
audio-0364	0364 - NettwerkMusic - Frazey Ford - September Fields [Official Music Video] [0GwAE1UatCg].webm	0364 - NettwerkMusic - Frazey Ford - September Fields [Official Music Video] [0GwAE1UatCg].webm	0GwAE1UatCg	3.246856689453125	207.505125	48000	2	2026-09-09 04:10:09
audio-0365	0365 - VRT Muziek - Marcus Miller ft. Selah Sue： Que Sera Sera [seYHCe4Z6a4].webm	0365 - VRT Muziek - Marcus Miller ft. Selah Sue： Que Sera Sera [seYHCe4Z6a4].webm	seYHCe4Z6a4	5.266535758972168	345.04533333333336	48000	2	2026-09-09 04:10:09
audio-0366	0366 - Sofia Vebo, Imam Baildi - Poso Lipame (Remix) [i5anQOAebeM].webm	0366 - Sofia Vebo, Imam Baildi - Poso Lipame (Remix) [i5anQOAebeM].webm	i5anQOAebeM	4.023567199707031	258.07954166666667	48000	2	2026-09-09 04:10:09
audio-0367	0367 - Edgär - Edgär - Two Trees (Official Music Video) [Z6rwF9H3vAw].webm	0367 - Edgär - Edgär - Two Trees (Official Music Video) [Z6rwF9H3vAw].webm	Z6rwF9H3vAw	3.0636634826660156	235.41333333333333	48000	2	2026-09-09 04:10:09
audio-0368	0368 - Joe Bel - Joe Bel - No, No [Official Music Video] [w9fL4_wRdw8].webm	0368 - Joe Bel - Joe Bel - No, No [Official Music Video] [w9fL4_wRdw8].webm	w9fL4_wRdw8	3.204774856567383	210.04772916666667	48000	2	2026-09-09 04:10:09
audio-0369	0369 - Michael Pendleton - Amason - California Dreamin' [4itH2-18vSU].webm	0369 - Michael Pendleton - Amason - California Dreamin' [4itH2-18vSU].webm	4itH2-18vSU	2.838268280029297	188.49960416666667	48000	2	2026-09-09 04:10:10
audio-0370	0370 - Katie Melua - Katie Melua - Wonderful Life (Official Video) [abGe6uM9Ias].webm	0370 - Katie Melua - Katie Melua - Wonderful Life (Official Video) [abGe6uM9Ias].webm	abGe6uM9Ias	3.56607723236084	244.00689583333337	48000	2	2026-09-09 04:10:10
audio-0371	0371 - Ben Camden - Ben Camden - Salt (Official Lyric Video) [Pbiyu8WDOYw].webm	0371 - Ben Camden - Ben Camden - Salt (Official Lyric Video) [Pbiyu8WDOYw].webm	Pbiyu8WDOYw	4.046274185180664	235.52	48000	2	2026-09-09 04:10:10
audio-0372	0372 - Noir Désir - Noir Désir - Le Vent Nous Portera (Clip Officiel) [NrgcRvBJYBE].webm	0372 - Noir Désir - Noir Désir - Le Vent Nous Portera (Clip Officiel) [NrgcRvBJYBE].webm	NrgcRvBJYBE	5.2225799560546875	285.4429166666667	48000	2	2026-09-09 04:10:10
audio-0373	0373 - Ezéchiel Pailhès - Qui sait [VoWq12tFSZk].webm	0373 - Ezéchiel Pailhès - Qui sait [VoWq12tFSZk].webm	VoWq12tFSZk	3.503194808959961	208.89333333333337	48000	2	2026-09-09 04:10:10
audio-0374	0374 - Current Swell - Ulysses [EfgprYigy-A].webm	0374 - Current Swell - Ulysses [EfgprYigy-A].webm	EfgprYigy-A	3.167231559753418	193.54172916666667	48000	2	2026-09-09 04:10:11
audio-0375	0375 - City Slang - Get Well Soon - Roland, I Feel You (Official Video - Uncut) [T7VLODAGDVc].webm	0375 - City Slang - Get Well Soon - Roland, I Feel You (Official Video - Uncut) [T7VLODAGDVc].webm	T7VLODAGDVc	6.556279182434082	431.12533333333334	48000	2	2026-09-09 04:10:11
audio-0376	0376 - JAIN - Jain - Come (Official Video) [KDXOzr0GoA4].webm	0376 - JAIN - Jain - Come (Official Video) [KDXOzr0GoA4].webm	KDXOzr0GoA4	2.62002944946289	160.17125	48000	2	2026-09-09 04:10:11
audio-0377	0377 - Pumarosa - Barefoot [l-jNnNAQLD8].webm	0377 - Pumarosa - Barefoot [l-jNnNAQLD8].webm	l-jNnNAQLD8	4.085057258605957	261.81333333333333	48000	2	2026-09-09 04:10:11
audio-0379	0379 - MORSE music - MORSE - Shaman [GFswyCO9R5Q].webm	0379 - MORSE music - MORSE - Shaman [GFswyCO9R5Q].webm	GFswyCO9R5Q	5.81683349609375	348.0206875	48000	2	2026-09-09 04:10:11
audio-0380	0380 - NA - The Fade Out Line - Phoebe Killdeer and The Short Straws (official video) [5KG6sh0NB-U].webm	0380 - NA - The Fade Out Line - Phoebe Killdeer and The Short Straws (official video) [5KG6sh0NB-U].webm	5KG6sh0NB-U	2.995046615600586	210.04772916666667	48000	2	2026-09-09 04:10:11
audio-0381	0381 - Noisey - SOKO - ＂We Might Be Dead By Tomorrow＂ (Official Video) [2OQ99ROFlCk].webm	0381 - Noisey - SOKO - ＂We Might Be Dead By Tomorrow＂ (Official Video) [2OQ99ROFlCk].webm	2OQ99ROFlCk	2.6732778549194336	165.6279375	48000	2	2026-09-09 04:10:12
audio-0382	0382 - Lou Doillon - Above My Head [GuGueHKsCFo].webm	0382 - Lou Doillon - Above My Head [GuGueHKsCFo].webm	GuGueHKsCFo	2.806793212890625	180.89333333333337	48000	2	2026-09-09 04:10:12
audio-0383	0383 - louis aguilar - Louis Aguilar - When I'm gone [P7CeN2B3wk4].webm	0383 - louis aguilar - Louis Aguilar - When I'm gone [P7CeN2B3wk4].webm	P7CeN2B3wk4	4.010260581970215	245.58933333333337	48000	2	2026-09-09 04:10:12
audio-0384	0384 - Lou Doillon - Lou Doillon - Where To Start [s06yoV5Yk5o].webm	0384 - Lou Doillon - Lou Doillon - Where To Start [s06yoV5Yk5o].webm	s06yoV5Yk5o	2.7060718536376953	166.77733333333333	48000	2	2026-09-09 04:10:12
audio-0385	0385 - Madmoizelle - June & Lula - Lonely Guy Blues [RVbe9LsSjWo].webm	0385 - Madmoizelle - June & Lula - Lonely Guy Blues [RVbe9LsSjWo].webm	RVbe9LsSjWo	2.7561702728271484	237.65333333333336	48000	2	2026-09-09 04:10:12
audio-0386	0386 - Pulp Jukebox - Freedom Django Unchained - Pulp Jukebox feat. Josefina Silveyra [HzSR9BHHxw8].webm	0386 - Pulp Jukebox - Freedom Django Unchained - Pulp Jukebox feat. Josefina Silveyra [HzSR9BHHxw8].webm	HzSR9BHHxw8	4.189981460571289	261.7701666666667	48000	2	2026-09-09 04:10:13
audio-0387	0387 - Thylacine - THYLACINE - Satie II (Duo Live Session) [rVW8NxlkE4c].webm	0387 - Thylacine - THYLACINE - Satie II (Duo Live Session) [rVW8NxlkE4c].webm	rVW8NxlkE4c	4.599370002746582	265.408	48000	2	2026-09-09 04:10:13
audio-0388	0388 - WOODKID - Woodkid - I Love You (Official Video) [KQu8FOjJXdI].webm	0388 - WOODKID - Woodkid - I Love You (Official Video) [KQu8FOjJXdI].webm	KQu8FOjJXdI	5.2577104568481445	335.0871666666667	48000	2	2026-09-09 04:10:13
audio-0389	0389 - AaRON - AaRON - Blouson Noir (Clip Officiel) [X91S0C7nmiY].webm	0389 - AaRON - AaRON - Blouson Noir (Clip Officiel) [X91S0C7nmiY].webm	X91S0C7nmiY	4.559613227844238	304.3207291666667	48000	2	2026-09-09 04:10:13
audio-0390	0390 - Sophie Zelmani - Story of Us [7QFHuGte_cg].webm	0390 - Sophie Zelmani - Story of Us [7QFHuGte_cg].webm	7QFHuGte_cg	2.7560625076293945	171.49333333333334	48000	2	2026-09-09 04:10:13
audio-0391	0391 - First Aid Kit - First Aid Kit - My Silver Lining (Official Video) [DKL4X0PZz7M].webm	0391 - First Aid Kit - First Aid Kit - My Silver Lining (Official Video) [DKL4X0PZz7M].webm	DKL4X0PZz7M	3.606350898742676	230.10977083333333	48000	2	2026-09-09 04:10:13
audio-0392	0392 - Ami Warning - Fairytales [WW-TmbkLTbE].webm	0392 - Ami Warning - Fairytales [WW-TmbkLTbE].webm	WW-TmbkLTbE	2.8812332153320312	178.37570833333334	48000	2	2026-09-09 04:10:14
audio-0393	0393 - L'aupaire - L'aupaire - Rollercoaster Girl (Official Video) [XgTEw6ReCSs].webm	0393 - L'aupaire - L'aupaire - Rollercoaster Girl (Official Video) [XgTEw6ReCSs].webm	XgTEw6ReCSs	3.820964813232422	292.928	48000	2	2026-09-09 04:10:14
audio-0394	0394 - Izïa - Izïa, Dominique A - Esseulés (Live) [MBVPmRtWNBs].webm	0394 - Izïa - Izïa, Dominique A - Esseulés (Live) [MBVPmRtWNBs].webm	MBVPmRtWNBs	4.38178825378418	272.68266666666665	48000	2	2026-09-09 04:10:14
audio-0396	0396 - Thrill Jockey Records - TUNNG - Bullets (Official Music Video) [AI1NgFYJCN4].webm	0396 - Thrill Jockey Records - TUNNG - Bullets (Official Music Video) [AI1NgFYJCN4].webm	AI1NgFYJCN4	3.9655332565307617	256.47602083333334	48000	2	2026-09-09 04:10:14
audio-0397	0397 - Talitres - Raoul Vignal - Red Fresco [OFFICIAL VIDEO] [sYXakFjUvNw].webm	0397 - Talitres - Raoul Vignal - Red Fresco [OFFICIAL VIDEO] [sYXakFjUvNw].webm	sYXakFjUvNw	3.0830307006835938	191.79683333333332	48000	2	2026-09-09 04:10:14
audio-0398	0398 - Mar Malade - Mar Malade - 'Quickborn' (A Postcard) [HwbA1EBQzoI].webm	0398 - Mar Malade - Mar Malade - 'Quickborn' (A Postcard) [HwbA1EBQzoI].webm	HwbA1EBQzoI	3.073394775390625	197.97333333333333	48000	2	2026-09-09 04:10:15
audio-0399	0399 - Anwar - Anwar - Life Is Beautiful (Audio) [jZ857vmdB9g].webm	0399 - Anwar - Anwar - Life Is Beautiful (Audio) [jZ857vmdB9g].webm	jZ857vmdB9g	2.814450263977051	191.33866666666663	48000	2	2026-09-09 04:10:15
audio-0400	0400 - Aurélie Saada - Pistache au Dôme [Unew7T_8kUw].webm	0400 - Aurélie Saada - Pistache au Dôme [Unew7T_8kUw].webm	Unew7T_8kUw	3.3748559951782227	210.48	48000	2	2026-09-09 04:10:15
audio-0401	0401 - Charlie Cunningham - You Sigh [OWZUCrU5OG0].webm	0401 - Charlie Cunningham - You Sigh [OWZUCrU5OG0].webm	OWZUCrU5OG0	2.818096160888672	178.82666666666665	48000	2	2026-09-09 04:10:15
audio-0402	0402 - Cocoon - Vultures [AoFY6aPvROM].webm	0402 - Cocoon - Vultures [AoFY6aPvROM].webm	AoFY6aPvROM	2.763697624206543	180.98666666666668	48000	2	2026-09-09 04:10:15
audio-0403	0403 - Calexico - Roll Tango (Bonus Track) [sehrL8-Qy0Q].webm	0403 - Calexico - Roll Tango (Bonus Track) [sehrL8-Qy0Q].webm	sehrL8-Qy0Q	3.145956039428711	199.3733333333333	48000	2	2026-09-09 04:10:15
audio-0404	0404 - Limboski - Limboski - Na Statku ( English Subtitles ) [yrMJYojvuJM].webm	0404 - Limboski - Limboski - Na Statku ( English Subtitles ) [yrMJYojvuJM].webm	yrMJYojvuJM	3.0999279022216797	203.72029166666667	48000	2	2026-09-09 04:10:16
audio-0405	0405 - SKUBAS - SKUBAS - Linoskoczek (Official Video) [Nlcy6BLUbQI].webm	0405 - SKUBAS - SKUBAS - Linoskoczek (Official Video) [Nlcy6BLUbQI].webm	Nlcy6BLUbQI	3.6551742553710938	241.96354166666663	48000	2	2026-09-09 04:10:16
audio-0406	0406 - JIMEK - JIMEK x KALIBER 44 - Normalnie O Tej Porze LIVE [U9W_H2xfEpw].webm	0406 - JIMEK - JIMEK x KALIBER 44 - Normalnie O Tej Porze LIVE [U9W_H2xfEpw].webm	U9W_H2xfEpw	2.7416906356811523	184.97016666666667	48000	2	2026-09-09 04:10:16
audio-0407	0407 - Kaśka Sochacka - Kaśka Sochacka - Jeszcze [aacRbXfgAjU].webm	0407 - Kaśka Sochacka - Kaśka Sochacka - Jeszcze [aacRbXfgAjU].webm	aacRbXfgAjU	4.009025573730469	246.0154375	48000	2	2026-09-09 04:10:16
audio-0408	0408 - karrotkommando - Pablopavo ⧹ Iwanek ⧹ Praczas - Październikowy facet (Official Video) [z-XZUh1dUWE].webm	0408 - karrotkommando - Pablopavo ⧹ Iwanek ⧹ Praczas - Październikowy facet (Official Video) [z-XZUh1dUWE].webm	z-XZUh1dUWE	4.325666427612305	263.03566666666666	48000	2	2026-09-09 04:10:16
audio-0409	0409 - Limboski, Michał P. Augustyniak - Na statku (Wersja radiowa) [nEZ1LSSXtWM].webm	0409 - Limboski, Michał P. Augustyniak - Na statku (Wersja radiowa) [nEZ1LSSXtWM].webm	nEZ1LSSXtWM	2.808053970336914	184.10666666666663	48000	2	2026-09-09 04:10:16
audio-0410	0410 - Audioglobedistro - TEHO TEARDO & BLIXA BARGELD - A Quiet Life (not the video) [OiPVgAhRE6E].webm	0410 - Audioglobedistro - TEHO TEARDO & BLIXA BARGELD - A Quiet Life (not the video) [OiPVgAhRE6E].webm	OiPVgAhRE6E	5.815791130065918	365.5053125	48000	2	2026-09-09 04:10:17
audio-0411	0411 - Monty Cotton, The Basics, Gotye - Army Dreamers (Live at The Songroom) [3KKvHUyFSCc].webm	0411 - Monty Cotton, The Basics, Gotye - Army Dreamers (Live at The Songroom) [3KKvHUyFSCc].webm	3KKvHUyFSCc	2.674081802368164	174.80441666666667	48000	2	2026-09-09 04:10:17
audio-0412	0412 - Suuns - Up Past The Nursery [tr52EI1OAx0].webm	0412 - Suuns - Up Past The Nursery [tr52EI1OAx0].webm	tr52EI1OAx0	2.7948484420776367	202.90666666666667	48000	2	2026-09-09 04:10:17
audio-0413	0413 - Freddy Delvalle - Inner Circle - Bad Boys (Video original) [Zd68AthoNIw].webm	0413 - Freddy Delvalle - Inner Circle - Bad Boys (Video original) [Zd68AthoNIw].webm	Zd68AthoNIw	3.752293586730957	230.14458333333337	48000	2	2026-09-09 04:10:17
audio-0415	0415 - Alfheimr - Morcheeba - Paris Sur Mer [_ACBTH1ANGg].webm	0415 - Alfheimr - Morcheeba - Paris Sur Mer [_ACBTH1ANGg].webm	_ACBTH1ANGg	4.037034034729004	273.60072916666667	48000	2	2026-09-09 04:10:17
audio-0416	0416 - Domowe Melodie - Domowe Melodie - Miljon [7RTwwNWNg2o].webm	0416 - Domowe Melodie - Domowe Melodie - Miljon [7RTwwNWNg2o].webm	7RTwwNWNg2o	2.524499893188477	157.52533333333332	48000	2	2026-09-09 04:10:18
audio-0417	0417 - Next Music - Pustki - Tyle z życia (Official Video) [y0vh14W4iTM].webm	0417 - Next Music - Pustki - Tyle z życia (Official Video) [y0vh14W4iTM].webm	y0vh14W4iTM	3.513683319091797	226.928625	48000	2	2026-09-09 04:10:18
audio-0418	0418 - Dawid Tyszkowski - Dawid Tyszkowski - Mój kot zaginął (Official video) [TISepxvaxxA].webm	0418 - Dawid Tyszkowski - Dawid Tyszkowski - Mój kot zaginął (Official video) [TISepxvaxxA].webm	TISepxvaxxA	3.528927803039551	229.312	48000	2	2026-09-09 04:10:18
audio-0419	0419 - Soft Cell - Soft Cell - Tainted Love (Official Music Video) [XZVpR3Pk-r8].webm	0419 - Soft Cell - Soft Cell - Tainted Love (Official Music Video) [XZVpR3Pk-r8].webm	XZVpR3Pk-r8	2.9587526321411133	180.6048125	48000	2	2026-09-09 04:10:18
audio-0420	0420 - Eurythmics - Eurythmics, Annie Lennox, Dave Stewart - Sweet Dreams (Are Made Of This) (Official Video) [qeMFqkcPYcg].webm	0420 - Eurythmics - Eurythmics, Annie Lennox, Dave Stewart - Sweet Dreams (Are Made Of This) (Official Video) [qeMFqkcPYcg].webm	qeMFqkcPYcg	3.3513097763061523	214.00672916666667	48000	2	2026-09-09 04:10:18
audio-0421	0421 - Cyndi Lauper - Cyndi Lauper - Girls Just Want To Have Fun (Official Video) [PIb6AZdTr-A].webm	0421 - Cyndi Lauper - Cyndi Lauper - Girls Just Want To Have Fun (Official Video) [PIb6AZdTr-A].webm	PIb6AZdTr-A	4.220362663269043	266.727625	48000	2	2026-09-09 04:10:18
audio-0422	0422 - Leonard Cohen - Leonard Cohen - Traveling Light (Official Lyric Video) [-KH29ERPpLw].webm	0422 - Leonard Cohen - Leonard Cohen - Traveling Light (Official Lyric Video) [-KH29ERPpLw].webm	-KH29ERPpLw	4.872011184692383	298.048	48000	2	2026-09-09 04:10:19
audio-0423	0423 - J.Bernardt - J. Bernardt - The Question (Official Audio) [SjQqzy6U7oY].webm	0423 - J.Bernardt - J. Bernardt - The Question (Official Audio) [SjQqzy6U7oY].webm	SjQqzy6U7oY	3.953807830810547	243.0200625	48000	2	2026-09-09 04:10:19
audio-0424	0424 - Christine and the Queens  - Christine and the Queens - Paradis Perdus (Clip Officiel) [PPjazi4mQSQ].webm	0424 - Christine and the Queens  - Christine and the Queens - Paradis Perdus (Clip Officiel) [PPjazi4mQSQ].webm	PPjazi4mQSQ	3.748091697692871	218.08183333333332	48000	2	2026-09-09 04:10:19
audio-0425	0425 - charlespasichannel - Charles Pasi - A Man I Know [gHVMNin1x4c].webm	0425 - charlespasichannel - Charles Pasi - A Man I Know [gHVMNin1x4c].webm	gHVMNin1x4c	3.8588428497314458	233.407	48000	2	2026-09-09 04:10:19
audio-0426	0426 - Asinella Recs - Clara Luzia - Cosmic Bruise (Radio Mix) [xAx64PFgqxg].webm	0426 - Asinella Recs - Clara Luzia - Cosmic Bruise (Radio Mix) [xAx64PFgqxg].webm	xAx64PFgqxg	2.614622116088867	162.15466666666666	48000	2	2026-09-09 04:10:19
audio-0427	0427 - florencemachine - Florence + The Machine - You've Got the Love [PQZhN65vq9E].webm	0427 - florencemachine - Florence + The Machine - You've Got the Love [PQZhN65vq9E].webm	PQZhN65vq9E	2.49502944946289	162.95764583333334	48000	2	2026-09-09 04:10:19
audio-0428	0428 - Kings of Leon - Kings Of Leon - Sex on Fire (Official Video) [RF0HhrwIwp0].webm	0428 - Kings of Leon - Kings Of Leon - Sex on Fire (Official Video) [RF0HhrwIwp0].webm	RF0HhrwIwp0	3.18203067779541	207.0407291666667	48000	2	2026-09-09 04:10:20
audio-0430	0430 - Danitsa - Danitsa - Captain [NrPqPRk6okE].webm	0430 - Danitsa - Danitsa - Captain [NrPqPRk6okE].webm	NrPqPRk6okE	2.9444332122802734	183.21066666666667	48000	2	2026-09-09 04:10:20
audio-0431	0431 - Alela Diane - Tired Feet [sljrmeubzX8].webm	0431 - Alela Diane - Tired Feet [sljrmeubzX8].webm	sljrmeubzX8	2.685558319091797	160.66	48000	2	2026-09-09 04:10:20
audio-0432	0432 - Jakub Skorupa - Jakub Skorupa - Pociągi towarowe (Official Video) [A1UysB12-A8].webm	0432 - Jakub Skorupa - Jakub Skorupa - Pociągi towarowe (Official Video) [A1UysB12-A8].webm	A1UysB12-A8	3.4314756393432617	201.13125	48000	2	2026-09-09 04:10:20
audio-0433	0433 - Wallners - Wallners - Ships [E0F6sK54xE8].webm	0433 - Wallners - Wallners - Ships [E0F6sK54xE8].webm	E0F6sK54xE8	3.5325498580932617	215.6205	48000	2	2026-09-09 04:10:20
audio-0434	0434 - The Lumineers - The Lumineers - ＂Stubborn Love＂ (Official Video) [UJWk_KNbDHo].webm	0434 - The Lumineers - The Lumineers - ＂Stubborn Love＂ (Official Video) [UJWk_KNbDHo].webm	UJWk_KNbDHo	4.344144821166992	279.3244583333333	48000	2	2026-09-09 04:10:21
audio-0435	0435 - Hozier - Hozier - Work Song (Official Video) [nH7bjV0Q_44].webm	0435 - Hozier - Hozier - Work Song (Official Video) [nH7bjV0Q_44].webm	nH7bjV0Q_44	3.421658515930176	217.17625	48000	2	2026-09-09 04:10:21
audio-0436	0436 - The Lumineers - The Lumineers - Sleep On The Floor (Official Video) [v4pi1LxuDHc].webm	0436 - The Lumineers - The Lumineers - Sleep On The Floor (Official Video) [v4pi1LxuDHc].webm	v4pi1LxuDHc	4.421124458312988	285.175875	48000	2	2026-09-09 04:10:21
audio-0437	0437 - Mumford & Sons - Mumford & Sons - I Will Wait (Official Music Video) [rGKfrgqWcv0].webm	0437 - Mumford & Sons - Mumford & Sons - I Will Wait (Official Music Video) [rGKfrgqWcv0].webm	rGKfrgqWcv0	4.725427627563477	304.3555625	48000	2	2026-09-09 04:10:21
audio-0438	0438 - James Bay - James Bay - Hold Back The River [mqiH0ZSkM9I].webm	0438 - James Bay - James Bay - Hold Back The River [mqiH0ZSkM9I].webm	mqiH0ZSkM9I	3.819676399230957	246.37533333333337	48000	2	2026-09-09 04:10:21
audio-0439	0439 - The Lumineers - The Lumineers - Ophelia (Official Music Video) [pTOC_q0NLTk].webm	0439 - The Lumineers - The Lumineers - Ophelia (Official Music Video) [pTOC_q0NLTk].webm	pTOC_q0NLTk	2.5927066802978516	162.13333333333333	48000	2	2026-09-09 04:10:21
audio-0440	0440 - Melanie De Biasio - Let Me Love You [rVv5w9BMu70].webm	0440 - Melanie De Biasio - Let Me Love You [rVv5w9BMu70].webm	rVv5w9BMu70	3.53115177154541	248.74666666666667	48000	2	2026-09-09 04:10:22
audio-0441	0441 - Echo In The Canyon - Echo In The Canyon (Jakob Dylan and Cat Power) - You Showed Me [Zd6wigFcJ3E].webm	0441 - Echo In The Canyon - Echo In The Canyon (Jakob Dylan and Cat Power) - You Showed Me [Zd6wigFcJ3E].webm	Zd6wigFcJ3E	3.214448928833008	212.242	48000	2	2026-09-09 04:10:22
audio-0442	0442 - Soave - Lu & Sowlmate - Walking Corpse (Official Lyric Video) [vVyqrY7XkFk].webm	0442 - Soave - Lu & Sowlmate - Walking Corpse (Official Lyric Video) [vVyqrY7XkFk].webm	vVyqrY7XkFk	3.60836124420166	233.04708333333335	48000	2	2026-09-09 04:10:22
audio-0443	0443 - I Am Soyuz, Just Chillax - Build on Fire (Just Chillax Remix) [43sUh0tctfM].webm	0443 - I Am Soyuz, Just Chillax - Build on Fire (Just Chillax Remix) [43sUh0tctfM].webm	43sUh0tctfM	3.3133859634399414	189.12	48000	2	2026-09-09 04:10:22
audio-0445	0445 - Mela Koteluk - Mela Koteluk - Żurawie Origami [audio] [w00FZizsKKo].webm	0445 - Mela Koteluk - Mela Koteluk - Żurawie Origami [audio] [w00FZizsKKo].webm	w00FZizsKKo	3.4697532653808594	218.17470833333337	48000	2	2026-09-09 04:10:22
audio-0447	0447 - Lost Panda - Vance Joy - Riptide (Lyrics) [HXSIxi-VUBM].webm	0447 - Lost Panda - Vance Joy - Riptide (Lyrics) [HXSIxi-VUBM].webm	HXSIxi-VUBM	3.131791114807129	204.01054166666663	48000	2	2026-09-09 04:10:23
audio-0448	0448 - Sophie Hunger - Sophie Hunger - There Is Still Pain Left (Official Audio) [6rMzfArznTE].webm	0448 - Sophie Hunger - Sophie Hunger - There Is Still Pain Left (Official Audio) [6rMzfArznTE].webm	6rMzfArznTE	3.98915958404541	257.04491666666667	48000	2	2026-09-09 04:10:23
audio-0449	0449 - Jay Ess Cee (jsc222) - Kid Francescoli - Come Online [AqtggfsgOZ4].webm	0449 - Jay Ess Cee (jsc222) - Kid Francescoli - Come Online [AqtggfsgOZ4].webm	AqtggfsgOZ4	2.4766788482666016	158.41814583333334	48000	2	2026-09-09 04:10:23
audio-0450	0450 - Felix Laband, Felix Laband, Felix Laband, Felix Laband, Felix Laband, Felix Laband - Bag of Bones [9ldw_1Yt100].webm	0450 - Felix Laband, Felix Laband, Felix Laband, Felix Laband, Felix Laband, Felix Laband - Bag of Bones [9ldw_1Yt100].webm	9ldw_1Yt100	6.124770164489746	365.6947916666667	48000	2	2026-09-09 04:10:23
audio-0451	0451 - alt-J - alt-J (∆) Breezeblocks [rVeMiVU77wo].webm	0451 - alt-J - alt-J (∆) Breezeblocks [rVeMiVU77wo].webm	rVeMiVU77wo	3.631412506103515	226.8821875	48000	2	2026-09-09 04:10:23
audio-0452	0452 - Rough Trade Records - Edward Sharpe & The Magnetic Zeros - Home (Official Video) [DHEOF_rcND8].webm	0452 - Rough Trade Records - Edward Sharpe & The Magnetic Zeros - Home (Official Video) [DHEOF_rcND8].webm	DHEOF_rcND8	4.814645767211914	306.79366666666664	48000	2	2026-09-09 04:10:23
audio-0453	0453 - Hozier - Hozier - Like Real People Do (Official Audio) [vty06CRW7cw].webm	0453 - Hozier - Hozier - Like Real People Do (Official Audio) [vty06CRW7cw].webm	vty06CRW7cw	3.1945266723632812	199.55229166666663	48000	2	2026-09-09 04:10:24
audio-0454	0454 - Yael Deckelbaum - Yael Deckelbaum - Prayer Of The Mothers (Official Video) [YyFM-pWdqrY].webm	0454 - Yael Deckelbaum - Yael Deckelbaum - Prayer Of The Mothers (Official Video) [YyFM-pWdqrY].webm	YyFM-pWdqrY	4.9989471435546875	320.0058125	48000	2	2026-09-09 04:10:24
audio-0455	0455 - Milky Chance Official - Milky Chance - Stolen Dance (Official 4K Music Video) [iX-QaNzd-0Y].webm	0455 - Milky Chance Official - Milky Chance - Stolen Dance (Official 4K Music Video) [iX-QaNzd-0Y].webm	iX-QaNzd-0Y	5.180550575256348	313.202375	48000	2	2026-09-09 04:10:24
audio-0456	0456 - mélissa laveaux - Melissa Laveaux - Needle In The Hay [6WXTW4hJFik].webm	0456 - mélissa laveaux - Melissa Laveaux - Needle In The Hay [6WXTW4hJFik].webm	6WXTW4hJFik	3.443079948425293	213.56554166666663	48000	2	2026-09-09 04:10:24
audio-0457	0457 - Golden Network - Ribs - Lorde (Lyrics) [-ZnPU-MMrY0].webm	0457 - Golden Network - Ribs - Lorde (Lyrics) [-ZnPU-MMrY0].webm	-ZnPU-MMrY0	3.982926368713379	260.80654166666665	48000	2	2026-09-09 04:10:24
audio-0459	0459 - Of Monsters and Men - Of Monsters and Men - Dirty Paws (Official Lyric Video) [mCHUw7ACS8o].webm	0459 - Of Monsters and Men - Of Monsters and Men - Dirty Paws (Official Lyric Video) [mCHUw7ACS8o].webm	mCHUw7ACS8o	4.2953691482543945	274.4482708333333	48000	2	2026-09-09 04:10:25
audio-0460	0460 - Vance Joy - Vance Joy - Mess is Mine [Official Video] [1C816p-KTNk].webm	0460 - Vance Joy - Vance Joy - Mess is Mine [Official Video] [1C816p-KTNk].webm	1C816p-KTNk	3.678940773010254	234.45189583333337	48000	2	2026-09-09 04:10:25
audio-0461	0461 - George Ezra - George Ezra - Budapest (Official Video) [VHrLPs3_1Fs].webm	0461 - George Ezra - George Ezra - Budapest (Official Video) [VHrLPs3_1Fs].webm	VHrLPs3_1Fs	3.2040605545043945	216.6421875	48000	2	2026-09-09 04:10:25
audio-0462	0462 - FargoRecords - Alela Diane - The Pirate's Gospel [SpwSxHiiNSw].webm	0462 - FargoRecords - Alela Diane - The Pirate's Gospel [SpwSxHiiNSw].webm	SpwSxHiiNSw	2.813671112060547	174.0451875	48000	2	2026-09-09 04:10:25
audio-0463	0463 - Cudowne Archiwum (Wonderful Archive) - L.U.C. - Tribute To Lech Wałęsa [0JbPAnbotGg].webm	0463 - Cudowne Archiwum (Wonderful Archive) - L.U.C. - Tribute To Lech Wałęsa [0JbPAnbotGg].webm	0JbPAnbotGg	4.290294647216797	275.528	48000	2	2026-09-09 04:10:25
audio-0464	0464 - Mikromusic - MIKROMUSIC  Tak mi się nie chce  (Official Video) [OwABO_wB2fw].webm	0464 - Mikromusic - MIKROMUSIC  Tak mi się nie chce  (Official Video) [OwABO_wB2fw].webm	OwABO_wB2fw	3.3687448501586914	209.13066666666663	48000	2	2026-09-09 04:10:25
audio-0465	0465 - Kimberose - Kimberose - I'm Sorry (Official Video) [CxTFzXHcwR4].webm	0465 - Kimberose - Kimberose - I'm Sorry (Official Video) [CxTFzXHcwR4].webm	CxTFzXHcwR4	3.62467098236084	220.416	48000	2	2026-09-09 04:10:26
audio-0466	0466 - Mumford & Sons - Mumford & Sons - Little Lion Man (Official Music Video) [X7bHe--mp1g].webm	0466 - Mumford & Sons - Mumford & Sons - Little Lion Man (Official Music Video) [X7bHe--mp1g].webm	X7bHe--mp1g	3.970664978027344	247.72210416666667	48000	2	2026-09-09 04:10:26
audio-0468	0468 - Jakub Józef Orliński - Countertenor - S.Moniuszko ＂Prząśniczka＂ - Jakub Józef Orliński & Aleksander Dębicz [CEsof-yfnpM].webm	0468 - Jakub Józef Orliński - Countertenor - S.Moniuszko ＂Prząśniczka＂ - Jakub Józef Orliński & Aleksander Dębicz [CEsof-yfnpM].webm	CEsof-yfnpM	3.6751317977905273	227.76454166666667	48000	2	2026-09-09 04:10:26
audio-0469	0469 - Olga Pasiecznik, Ewa Pobłocka - Prząśniczka [-U4GhjzvnaI].webm	0469 - Olga Pasiecznik, Ewa Pobłocka - Prząśniczka [-U4GhjzvnaI].webm	-U4GhjzvnaI	1.2984514236450195	80.73333333333333	48000	2	2026-09-09 04:10:26
audio-0470	0470 - Hindi Zahra - Hindi Zahra - Any story (Official video) [t0cWImj9Tyo].webm	0470 - Hindi Zahra - Hindi Zahra - Any story (Official video) [t0cWImj9Tyo].webm	t0cWImj9Tyo	4.084648132324219	257.92727083333335	48000	2	2026-09-09 04:10:26
audio-0471	0471 - Joel Corry - Joel Corry x Da Hool - The Parade [VVI6wGZTnU8].webm	0471 - Joel Corry - Joel Corry x Da Hool - The Parade [VVI6wGZTnU8].webm	VVI6wGZTnU8	2.3893909454345703	158.1975625	48000	2	2026-09-09 04:10:27
audio-0472	0472 - Gnarls Barkley Official - Gnarls Barkley - Crazy (Official Video) [4K Remaster] [-N4jf6rtyuw].webm	0472 - Gnarls Barkley Official - Gnarls Barkley - Crazy (Official Video) [4K Remaster] [-N4jf6rtyuw].webm	-N4jf6rtyuw	2.8361692428588867	180.6048125	48000	2	2026-09-09 04:10:27
audio-0473	0473 - José González - José González - Stay Alive [NucJk8TxyRg].webm	0473 - José González - José González - Stay Alive [NucJk8TxyRg].webm	NucJk8TxyRg	4.090461730957031	252.94658333333336	48000	2	2026-09-09 04:10:27
audio-0474	0474 - NØ FØRMAT! - Mélissa Laveaux - My Boat [va6kGVVQTMA].webm	0474 - NØ FØRMAT! - Mélissa Laveaux - My Boat [va6kGVVQTMA].webm	va6kGVVQTMA	4.2276201248168945	261.6424583333333	48000	2	2026-09-09 04:10:27
audio-0475	0475 - Cracki Records - Agar Agar - I Am That Guy [wrCE6DjE6g8].webm	0475 - Cracki Records - Agar Agar - I Am That Guy [wrCE6DjE6g8].webm	wrCE6DjE6g8	7.397551536560059	448.447	48000	2	2026-09-09 04:10:27
audio-0476	0476 - ELVETT - ELVETT ｜ MAN ｜ OFFICIAL VIDEO [mv9JOx9FRWo].webm	0476 - ELVETT - ELVETT ｜ MAN ｜ OFFICIAL VIDEO [mv9JOx9FRWo].webm	mv9JOx9FRWo	3.615477561950683	215.817875	48000	2	2026-09-09 04:10:28
audio-0477	0477 - Dawid Tyszkowski - Dawid Tyszkowski - Koszulka (Official Video) [x5WdmJtE9Oo].webm	0477 - Dawid Tyszkowski - Dawid Tyszkowski - Koszulka (Official Video) [x5WdmJtE9Oo].webm	x5WdmJtE9Oo	4.399736404418945	269.13089583333334	48000	2	2026-09-09 04:10:28
audio-0478	0478 - Nina Simone - Nina Simone - Feeling Good (Official Video) [oHRNrgDIJfo].webm	0478 - Nina Simone - Nina Simone - Feeling Good (Official Video) [oHRNrgDIJfo].webm	oHRNrgDIJfo	2.8010311126708984	182.81070833333337	48000	2	2026-09-09 04:10:28
audio-0479	0479 - Portugal. The Man - Portugal. The Man - Feel It Still (Official Music Video) [pBkHHoOIIn8].webm	0479 - Portugal. The Man - Portugal. The Man - Feel It Still (Official Music Video) [pBkHHoOIIn8].webm	pBkHHoOIIn8	2.7440500259399414	170.1790625	48000	2	2026-09-09 04:10:28
audio-0480	0480 - IKARVS - IKARVS - Akacje (Official Video) [xR0gUwOzI88].webm	0480 - IKARVS - IKARVS - Akacje (Official Video) [xR0gUwOzI88].webm	xR0gUwOzI88	4.455435752868652	270.9304375	48000	2	2026-09-09 04:10:28
audio-0481	0481 - Folk Experience - The Mamas & The Papas - Dream A Little Dream of Me [fJwjLYRPxJY].webm	0481 - Folk Experience - The Mamas & The Papas - Dream A Little Dream of Me [fJwjLYRPxJY].webm	fJwjLYRPxJY	3.119309425354004	191.85489583333333	48000	2	2026-09-09 04:10:28
audio-0482	0482 - Charles Pasi - City Of Light [7l37DFUc3kM].webm	0482 - Charles Pasi - City Of Light [7l37DFUc3kM].webm	7l37DFUc3kM	3.363122940063477	212.97333333333333	48000	2	2026-09-09 04:10:29
audio-0483	0483 - Joe Bel - Joe Bel - Hit The Roads [Official Music Video] [pakOogViGWA].webm	0483 - Joe Bel - Joe Bel - Hit The Roads [Official Music Video] [pakOogViGWA].webm	pakOogViGWA	3.231546401977539	203.48808333333332	48000	2	2026-09-09 04:10:29
audio-0484	0484 - The Lumineers - The Lumineers - Ho Hey (Official Video) [zvCBSSwgtg4].webm	0484 - The Lumineers - The Lumineers - Ho Hey (Official Video) [zvCBSSwgtg4].webm	zvCBSSwgtg4	2.003244400024414	161.50639583333333	48000	2	2026-09-09 04:10:29
audio-0485	0485 - Amy Macdonald - Amy Macdonald - This is the Life [iRYvuS9OxdA].webm	0485 - Amy Macdonald - Amy Macdonald - This is the Life [iRYvuS9OxdA].webm	iRYvuS9OxdA	3.043032646179199	187.88427083333335	48000	2	2026-09-09 04:10:29
audio-0486	0486 - Billie Eilish - Billie Eilish - when the party's over [pbMwTqkKSps].webm	0486 - Billie Eilish - Billie Eilish - when the party's over [pbMwTqkKSps].webm	pbMwTqkKSps	2.929893493652344	193.32935416666663	48000	2	2026-09-09 04:10:29
audio-0487	0487 - cloudy - Holding A Monument   Herman Düne [Mq57PcpQcWA].webm	0487 - cloudy - Holding A Monument   Herman Düne [Mq57PcpQcWA].webm	Mq57PcpQcWA	3.913028717041016	232.21116666666663	48000	2	2026-09-09 04:10:30
audio-0488	0488 - Benjamin Clementine - Benjamin Clementine - London [6RJMhYtYKMQ].webm	0488 - Benjamin Clementine - Benjamin Clementine - London [6RJMhYtYKMQ].webm	6RJMhYtYKMQ	3.8908443450927734	239.0494375	48000	2	2026-09-09 04:10:30
audio-0489	0489 - Warhaus - Leave With Me [xGEK4byHmhM].webm	0489 - Warhaus - Leave With Me [xGEK4byHmhM].webm	xGEK4byHmhM	2.9929122924804688	198.88	48000	2	2026-09-09 04:10:30
audio-0490	0490 - MadeinPolskaTVP - ŁĄKI ŁAN - JAMMIN' LIVE @ Made in Polska [RyS1or88lXE].webm	0490 - MadeinPolskaTVP - ŁĄKI ŁAN - JAMMIN' LIVE @ Made in Polska [RyS1or88lXE].webm	RyS1or88lXE	5.2700300216674805	336.00435416666664	48000	2	2026-09-09 04:10:30
audio-0491	0491 - Avicii - Avicii - Wake Me Up (Official Video) [IcrbM1l_BoI].webm	0491 - Avicii - Avicii - Wake Me Up (Official Video) [IcrbM1l_BoI].webm	IcrbM1l_BoI	4.278568267822266	272.45135416666665	48000	2	2026-09-09 04:10:30
audio-0492	0492 - Meek, Oh Why？ - Meek, Oh Why？ - Złote łezki (prod. BIESY x Meek) [ncise-viMgE].webm	0492 - Meek, Oh Why？ - Meek, Oh Why？ - Złote łezki (prod. BIESY x Meek) [ncise-viMgE].webm	ncise-viMgE	3.3064727783203125	221.952	48000	2	2026-09-09 04:10:31
audio-0493	0493 - Tajak - Micatone - Handbrake [lqVRCs5_DU8].webm	0493 - Tajak - Micatone - Handbrake [lqVRCs5_DU8].webm	lqVRCs5_DU8	3.962350845336914	260.05189583333333	48000	2	2026-09-09 04:10:31
audio-0494	0494 - Jeanne Added - Jeanne Added - Falling Hearts (Audio) [oXZQZulSTO8].webm	0494 - Jeanne Added - Jeanne Added - Falling Hearts (Audio) [oXZQZulSTO8].webm	oXZQZulSTO8	3.7021236419677734	236.24533333333332	48000	2	2026-09-09 04:10:31
audio-0495	0495 - Excelsior Recordings - Happy Camper - A Single Life featuring Pien Feith [HjmGUXr32I0].webm	0495 - Excelsior Recordings - Happy Camper - A Single Life featuring Pien Feith [HjmGUXr32I0].webm	HjmGUXr32I0	3.014235496520996	180.48	48000	2	2026-09-09 04:10:31
audio-0496	0496 - Benjamin Clementine - Difference [eSElIhIcHAE].webm	0496 - Benjamin Clementine - Difference [eSElIhIcHAE].webm	eSElIhIcHAE	1.727678298950195	115.0665	48000	2	2026-09-09 04:10:31
audio-0497	0497 - Of Monsters and Men - Of Monsters and Men - King And Lionheart (Official Video) [A76a_LNIYwE].webm	0497 - Of Monsters and Men - Of Monsters and Men - King And Lionheart (Official Video) [A76a_LNIYwE].webm	A76a_LNIYwE	4.248908996582031	275.1100416666667	48000	2	2026-09-09 04:10:31
audio-0498	0498 - HBO - The White Lotus Season 2 Opening Theme Song ｜ The White Lotus ｜ HBO [q8Ea2tysrrc].webm	0498 - HBO - The White Lotus Season 2 Opening Theme Song ｜ The White Lotus ｜ HBO [q8Ea2tysrrc].webm	q8Ea2tysrrc	1.654949188232422	103.36364583333334	48000	2	2026-09-09 04:10:32
audio-0499	0499 - Milva - Ich hab' keine Angst [HjXt1aE-gI8].webm	0499 - Milva - Ich hab' keine Angst [HjXt1aE-gI8].webm	HjXt1aE-gI8	4.0464019775390625	257.26666666666665	48000	2	2026-09-09 04:10:32
audio-0500	0500 - OtherLivesBand - Other Lives – Sound of Violence [_M1MXC_cosc].webm	0500 - OtherLivesBand - Other Lives – Sound of Violence [_M1MXC_cosc].webm	_M1MXC_cosc	3.561102867126465	230.46966666666663	48000	2	2026-09-09 04:10:32
audio-0501	0501 - Irena Grafenauer, Jörg Baumann, Brigitte Engelhard - J.S. Bach： Flute Sonata in E Major, BWV 1035： 1. Adagio ma non tanto [W9-7O0urDK4].webm	0501 - Irena Grafenauer, Jörg Baumann, Brigitte Engelhard - J.S. Bach： Flute Sonata in E Major, BWV 1035： 1. Adagio ma non tanto [W9-7O0urDK4].webm	W9-7O0urDK4	2.6133947372436523	143.0	48000	2	2026-09-09 04:10:32
audio-0502	0502 - Víkingur Ólafsson, Johann Sebastian Bach - J.S. Bach： Sinfonia No. 15 in B Minor, BWV 801 [RhT0ng7wgjw].webm	0502 - Víkingur Ólafsson, Johann Sebastian Bach - J.S. Bach： Sinfonia No. 15 in B Minor, BWV 801 [RhT0ng7wgjw].webm	RhT0ng7wgjw	1.5495281219482422	79.17333333333333	48000	2	2026-09-09 04:10:32
audio-0503	0503 - Amason - Amason - I Want To Know What Love Is (Official Video) - [DS_e7Yt9VMk].webm	0503 - Amason - Amason - I Want To Know What Love Is (Official Video) - [DS_e7Yt9VMk].webm	DS_e7Yt9VMk	4.496721267700195	290.57452083333334	48000	2	2026-09-09 04:10:33
audio-0504	0504 - James Righton - James Righton - The Performer [nGYc94yG3wU].webm	0504 - James Righton - James Righton - The Performer [nGYc94yG3wU].webm	nGYc94yG3wU	3.477945327758789	234.28935416666667	48000	2	2026-09-09 04:10:33
audio-0505	0505 - undayrecords - Jan Verstraeten - Survivor [_HRZTyZAGqw].webm	0505 - undayrecords - Jan Verstraeten - Survivor [_HRZTyZAGqw].webm	_HRZTyZAGqw	3.345149040222168	211.15066666666667	48000	2	2026-09-09 04:10:33
audio-0506	0506 - FISZ EMADE TWORZYWO - FISZ EMADE TWORZYWO - Jestem w niebie [PFU8MUUyYYs].webm	0506 - FISZ EMADE TWORZYWO - FISZ EMADE TWORZYWO - Jestem w niebie [PFU8MUUyYYs].webm	PFU8MUUyYYs	3.988679885864258	252.69333333333333	48000	2	2026-09-09 04:10:33
audio-0507	0507 - Gilaworks internet- & videoservices - Gare du Nord - We Still Grow [9v3sF3n3S8U].webm	0507 - Gilaworks internet- & videoservices - Gare du Nord - We Still Grow [9v3sF3n3S8U].webm	9v3sF3n3S8U	11.449711799621582	680.3626666666667	48000	2	2026-09-09 04:10:33
audio-0508	0508 - Asaf Avidan - Asaf Avidan - Earth Odyssey (Official Video) [rlxtq01mtWE].webm	0508 - Asaf Avidan - Asaf Avidan - Earth Odyssey (Official Video) [rlxtq01mtWE].webm	rlxtq01mtWE	4.2792253494262695	271.20908333333335	48000	2	2026-09-09 04:10:33
audio-0509	0509 - HEY - HEY - Historie (Official Lyric Video) [neG61TsfweQ].webm	0509 - HEY - HEY - Historie (Official Lyric Video) [neG61TsfweQ].webm	neG61TsfweQ	3.999086380004883	251.97135416666663	48000	2	2026-09-09 04:10:34
audio-0510	0510 - Oren Lavie - Oren Lavie - Did You Really Say No (Official Video) ft. Vanessa Paradis [SaK4t6hKKO4].webm	0510 - Oren Lavie - Oren Lavie - Did You Really Say No (Official Video) ft. Vanessa Paradis [SaK4t6hKKO4].webm	SaK4t6hKKO4	3.910310745239258	259.16954166666665	48000	2	2026-09-09 04:10:34
audio-0511	0511 - Cassius - Cassius - Feel Like Me (Audio) ft. Cat Power [07XPDqZc1ss].webm	0511 - Cassius - Cassius - Feel Like Me (Audio) ft. Cat Power [07XPDqZc1ss].webm	07XPDqZc1ss	4.6306304931640625	305.64427083333334	48000	2	2026-09-09 04:10:34
audio-0512	0512 - Estrada Poznańska - IZZY AND THE BLACK TREES x KEV FOX  ＂The Station＂ (Official Video) [zQJRwmu8WSU].webm	0512 - Estrada Poznańska - IZZY AND THE BLACK TREES x KEV FOX  ＂The Station＂ (Official Video) [zQJRwmu8WSU].webm	zQJRwmu8WSU	3.348015785217285	218.17470833333337	48000	2	2026-09-09 04:10:34
audio-0513	0513 - BMG - BABYLON BERLIN - Wir sind uns lang verloren gegangen (Johnny Klimek & Tom Tykwer ft. Natalia Mateo) [rvxAkU0e9L4].webm	0513 - BMG - BABYLON BERLIN - Wir sind uns lang verloren gegangen (Johnny Klimek & Tom Tykwer ft. Natalia Mateo) [rvxAkU0e9L4].webm	rvxAkU0e9L4	3.279367446899414	206.76266666666663	48000	2	2026-09-09 04:10:34
audio-0514	0514 - Françoise Hardy - Traüme [mbPaQdRzGns].webm	0514 - Françoise Hardy - Traüme [mbPaQdRzGns].webm	mbPaQdRzGns	2.928823471069336	186.92	48000	2	2026-09-09 04:10:34
audio-0515	0515 - Carmela Corren - Marlene Dietrich - Sag mir wo die Blumen sind                       carmela-corren.com [SLtQ9gu_NmA].webm	0515 - Carmela Corren - Marlene Dietrich - Sag mir wo die Blumen sind                       carmela-corren.com [SLtQ9gu_NmA].webm	SLtQ9gu_NmA	3.00918960571289	253.6431875	48000	2	2026-09-09 04:10:35
audio-0516	0516 - Son Lux - Son Lux — ＂Easy＂ (Official Audio) [1967zSpJ4j0].webm	0516 - Son Lux - Son Lux — ＂Easy＂ (Official Audio) [1967zSpJ4j0].webm	1967zSpJ4j0	3.806990623474121	242.00997916666665	48000	2	2026-09-09 04:10:35
audio-0517	0517 - Iglo Records - Bass Astral x Igo Orchestra - It's only emotion [FHFvaQ5Q4QM].webm	0517 - Iglo Records - Bass Astral x Igo Orchestra - It's only emotion [FHFvaQ5Q4QM].webm	FHFvaQ5Q4QM	7.013262748718262	438.4508125	48000	2	2026-09-09 04:10:35
audio-0518	0518 - Adam Naas - Adam Naas - Cherry Lipstick [9zKF3m58_P4].webm	0518 - Adam Naas - Adam Naas - Cherry Lipstick [9zKF3m58_P4].webm	9zKF3m58_P4	3.9381494522094727	250.92266666666663	48000	2	2026-09-09 04:10:35
audio-0519	0519 - Hindi Zahra - Beautiful Tango (Unplugged) [DIzWEIZ_qso].webm	0519 - Hindi Zahra - Beautiful Tango (Unplugged) [DIzWEIZ_qso].webm	DIzWEIZ_qso	4.256443977355957	265.4	48000	2	2026-09-09 04:10:35
audio-0521	0521 - BMG - Severija - Zu Asche, Zu Staub (Psycho Nikoros) – (Official Babylon Berlin O.S.T.) [uekZpkYf7-E].webm	0521 - BMG - Severija - Zu Asche, Zu Staub (Psycho Nikoros) – (Official Babylon Berlin O.S.T.) [uekZpkYf7-E].webm	uekZpkYf7-E	5.280590057373047	330.3386875	48000	2	2026-09-09 04:10:36
audio-0522	0522 - Kwaidanrecords - La Féline - Où est passée ton âme？ (Official Music Video) [Q6vr1i37QrM].webm	0522 - Kwaidanrecords - La Féline - Où est passée ton âme？ (Official Music Video) [Q6vr1i37QrM].webm	Q6vr1i37QrM	4.45950984954834	269.9319791666667	48000	2	2026-09-09 04:10:36
audio-0523	0523 - Kamp! Official - Kamp! - Breaking A Ghost's Heart [novboJwXRyg].webm	0523 - Kamp! Official - Kamp! - Breaking A Ghost's Heart [novboJwXRyg].webm	novboJwXRyg	9.102957725524902	577.8169791666667	48000	2	2026-09-09 04:10:36
audio-0524	0524 - The Dø - The Dø - I Love Paris (Live at l'Olympia, Paris)​ feat. Jeanne Added [5aI3IFvFAOs].webm	0524 - The Dø - The Dø - I Love Paris (Live at l'Olympia, Paris)​ feat. Jeanne Added [5aI3IFvFAOs].webm	5aI3IFvFAOs	3.7482614517211914	268.81741666666665	48000	2	2026-09-09 04:10:36
audio-0525	0525 - Fever Ray - Fever Ray 'Keep The Streets Empty For Me' [jWFb5z3kUSQ].webm	0525 - Fever Ray - Fever Ray 'Keep The Streets Empty For Me' [jWFb5z3kUSQ].webm	jWFb5z3kUSQ	5.521234512329102	336.57325	48000	2	2026-09-09 04:10:36
audio-0526	0526 - Lor - Lor - bye bye, sun francisco (official audio) [pCXdZlEm0DE].webm	0526 - Lor - Lor - bye bye, sun francisco (official audio) [pCXdZlEm0DE].webm	pCXdZlEm0DE	4.2396039962768555	261.0133333333333	48000	2	2026-09-09 04:10:36
audio-0527	0527 - Lord Huron - Harvest Moon (Recorded at Spotify Studios NYC) [5bAvJEn-rWA].webm	0527 - Lord Huron - Harvest Moon (Recorded at Spotify Studios NYC) [5bAvJEn-rWA].webm	5bAvJEn-rWA	5.837714195251465	346.37333333333333	48000	2	2026-09-09 04:10:37
audio-0528	0528 - Marika Hackman - Marika Hackman - I Follow Rivers (Lykke Li Cover) [PgMU-BytQag].webm	0528 - Marika Hackman - Marika Hackman - I Follow Rivers (Lykke Li Cover) [PgMU-BytQag].webm	PgMU-BytQag	2.466279983520508	166.7425	48000	2	2026-09-09 04:10:37
audio-0529	0529 - Manchester Orchestra - Manchester Orchestra - The Silence (Official Music Video) [8ui9umU0C2g].webm	0529 - Manchester Orchestra - Manchester Orchestra - The Silence (Official Music Video) [8ui9umU0C2g].webm	8ui9umU0C2g	7.954971313476563	525.4559791666667	48000	2	2026-09-09 04:10:37
audio-0530	0530 - Vladimir Dado Bera - Karl Blau - Let The World Go By [CTzL0wNiEK4].webm	0530 - Vladimir Dado Bera - Karl Blau - Let The World Go By [CTzL0wNiEK4].webm	CTzL0wNiEK4	3.712892532348633	224.35120833333335	48000	2	2026-09-09 04:10:37
audio-0531	0531 - Hayden Thorpe - Hayden Thorpe - Love Crimes (Official Video) [4uPHw6zFpto].webm	0531 - Hayden Thorpe - Hayden Thorpe - Love Crimes (Official Video) [4uPHw6zFpto].webm	4uPHw6zFpto	3.8998899459838863	242.56727083333337	48000	2	2026-09-09 04:10:37
audio-0532	0532 - Grouper - Disengaged [5J_fFlmimtA].webm	0532 - Grouper - Disengaged [5J_fFlmimtA].webm	5J_fFlmimtA	3.800639152526855	256.82666666666665	48000	2	2026-09-09 04:10:38
audio-0533	0533 - Balthazar - True Love [khcL7h5i7do].webm	0533 - Balthazar - True Love [khcL7h5i7do].webm	khcL7h5i7do	5.166418075561523	325.3825625	48000	2	2026-09-09 04:10:38
audio-0534	0534 - Talitres - Emily Jane White - Pallid Eyes [OFFICIAL VIDEO] [jj97A4WeSvU].webm	0534 - Talitres - Emily Jane White - Pallid Eyes [OFFICIAL VIDEO] [jj97A4WeSvU].webm	jj97A4WeSvU	3.797941207885742	240.81066666666663	48000	2	2026-09-09 04:10:38
audio-0535	0535 - Alison Mosshart - Alison Mosshart - It Ain't Water (Official Video) [Uf8Nu15FXHI].webm	0535 - Alison Mosshart - Alison Mosshart - It Ain't Water (Official Video) [Uf8Nu15FXHI].webm	Uf8Nu15FXHI	3.784503936767578	242.486	48000	2	2026-09-09 04:10:38
audio-0536	0536 - Beggars Banquet Records - Stuart Staples - That Leaving Feeling HD [rWj7IEWpcxA].webm	0536 - Beggars Banquet Records - Stuart Staples - That Leaving Feeling HD [rWj7IEWpcxA].webm	rWj7IEWpcxA	3.0126428604125977	240.96508333333333	48000	2	2026-09-09 04:10:38
audio-0537	0537 - 37d03d - Bonny Light Horseman - Jane Jane (official audio) [OdgkBnxGZvY].webm	0537 - 37d03d - Bonny Light Horseman - Jane Jane (official audio) [OdgkBnxGZvY].webm	OdgkBnxGZvY	3.0604028701782227	186.496	48000	2	2026-09-09 04:10:38
audio-0538	0538 - Domino Recording Co. - Junior Boys - In The Morning (Official Video) [BiI-3uRfaSc].webm	0538 - Domino Recording Co. - Junior Boys - In The Morning (Official Video) [BiI-3uRfaSc].webm	BiI-3uRfaSc	4.197986602783203	254.165625	48000	2	2026-09-09 04:10:39
audio-0539	0539 - Universe TeleVision - SKARBY - Nektar (feat. Błękit) [DoQ1MKNvWvQ].webm	0539 - Universe TeleVision - SKARBY - Nektar (feat. Błękit) [DoQ1MKNvWvQ].webm	DoQ1MKNvWvQ	5.126169204711914	327.01825	48000	2	2026-09-09 04:10:39
audio-0540	0540 - A House In The Trees - A House In The Trees - Summertime [aC34rs3VB-8].webm	0540 - A House In The Trees - A House In The Trees - Summertime [aC34rs3VB-8].webm	aC34rs3VB-8	4.413618087768555	275.05066666666664	48000	2	2026-09-09 04:10:39
audio-0541	0541 - Viitasen Piia - Viitasen Piia - Meidän jälkeemme hiljaisuus [EHAIuKtF9Uo].webm	0541 - Viitasen Piia - Viitasen Piia - Meidän jälkeemme hiljaisuus [EHAIuKtF9Uo].webm	EHAIuKtF9Uo	4.057112693786621	244.05333333333337	48000	2	2026-09-09 04:10:39
audio-0542	0542 - Clock Machine - Clock Machine - Heaven #ClockMachineLove [OTp3-RLE3aU].webm	0542 - Clock Machine - Clock Machine - Heaven #ClockMachineLove [OTp3-RLE3aU].webm	OTp3-RLE3aU	3.4884252548217773	219.12672916666668	48000	2	2026-09-09 04:10:39
audio-0543	0543 - otzeki - Otzeki - True Love [70g_LGD6Oro].webm	0543 - otzeki - Otzeki - True Love [70g_LGD6Oro].webm	70g_LGD6Oro	8.42546558380127	515.0506666666666	48000	2	2026-09-09 04:10:39
audio-0544	0544 - Arbutus Records - Σtella - ＂The Race＂ (Official Video) [Apz6aETcqRQ].webm	0544 - Arbutus Records - Σtella - ＂The Race＂ (Official Video) [Apz6aETcqRQ].webm	Apz6aETcqRQ	3.537398338317871	202.57089583333337	48000	2	2026-09-09 04:10:40
audio-0545	0545 - ONE FINE DAY e.V. - ＂Smoke Machine＂ by Dear Reader feat. One Fine Day Music Kids [ayANG2VK9P0].webm	0545 - ONE FINE DAY e.V. - ＂Smoke Machine＂ by Dear Reader feat. One Fine Day Music Kids [ayANG2VK9P0].webm	ayANG2VK9P0	3.085759162902832	204.9045	48000	2	2026-09-09 04:10:40
audio-0546	0546 - Leon of Athens - Leon of Athens - Aeroplane (Official Video) [lMYYkqf6PvE].webm	0546 - Leon of Athens - Leon of Athens - Aeroplane (Official Video) [lMYYkqf6PvE].webm	lMYYkqf6PvE	3.3550405502319336	217.408	48000	2	2026-09-09 04:10:40
audio-0547	0547 - MATHIAS DUPLESSY - TCHEREN DEYA (Mathias Duplessy) album＂My Mongolia＂ [Dxj95gxR8z4].webm	0547 - MATHIAS DUPLESSY - TCHEREN DEYA (Mathias Duplessy) album＂My Mongolia＂ [Dxj95gxR8z4].webm	Dxj95gxR8z4	3.0013904571533203	211.73333333333332	48000	2	2026-09-09 04:10:40
audio-0548	0548 - Kaptur - Kaptur - BABY？ feat. Fagata (Official Video) [AgplMs4JNLc].webm	0548 - Kaptur - Kaptur - BABY？ feat. Fagata (Official Video) [AgplMs4JNLc].webm	AgplMs4JNLc	2.6793746948242188	158.16272916666668	48000	2	2026-09-09 04:10:40
audio-0549	0549 - PJ Harvey - Angelene (Demo) [zQxxfsns0ho].webm	0549 - PJ Harvey - Angelene (Demo) [zQxxfsns0ho].webm	zQxxfsns0ho	3.605771064758301	218.64	48000	2	2026-09-09 04:10:41
audio-0550	0550 - Moby - Moby - 'Extreme Ways (Reprise Version)' (Official Music Video) [bMgVjXpoKgQ].webm	0550 - Moby - Moby - 'Extreme Ways (Reprise Version)' (Official Music Video) [bMgVjXpoKgQ].webm	bMgVjXpoKgQ	5.075870513916016	296.5885	48000	2	2026-09-09 04:10:41
audio-0551	0551 - Maria Peszek - Lovesong [V740qI0bjbI].webm	0551 - Maria Peszek - Lovesong [V740qI0bjbI].webm	V740qI0bjbI	3.2647438049316406	213.54733333333337	48000	2	2026-09-09 04:10:41
audio-0552	0552 - Anita Lane - Bella Ciao [xdkRgCRmS6k].webm	0552 - Anita Lane - Bella Ciao [xdkRgCRmS6k].webm	xdkRgCRmS6k	5.404106140136719	307.62666666666667	48000	2	2026-09-09 04:10:41
audio-0553	0553 - TTLoveLawsVEVO - TT - Love Leaks (Audio) [cFFrHVfUOxA].webm	0553 - TTLoveLawsVEVO - TT - Love Leaks (Audio) [cFFrHVfUOxA].webm	cFFrHVfUOxA	5.787728309631348	361.37216666666666	48000	2	2026-09-09 04:10:41
audio-0554	0554 - Me And My Drummer - Me And My Drummer - Blue Splinter View (official video) [XZv2-Fge5gc].webm	0554 - Me And My Drummer - Me And My Drummer - Blue Splinter View (official video) [XZv2-Fge5gc].webm	XZv2-Fge5gc	4.48344612121582	295.06758333333335	48000	2	2026-09-09 04:10:41
audio-0555	0555 - Wojtek Mazolewski - Wojtek Mazolewski Quintet - Get Free [cover Major Lazer] [tw_Q0q6JPoA].webm	0555 - Wojtek Mazolewski - Wojtek Mazolewski Quintet - Get Free [cover Major Lazer] [tw_Q0q6JPoA].webm	tw_Q0q6JPoA	4.390860557556152	248.31420833333337	48000	2	2026-09-09 04:10:42
audio-0556	0556 - Adele - Adele - Send My Love (To Your New Lover) [fk4BbF7B29w].webm	0556 - Adele - Adele - Send My Love (To Your New Lover) [fk4BbF7B29w].webm	fk4BbF7B29w	3.600553512573242	225.001375	48000	2	2026-09-09 04:10:42
audio-0557	0557 - TSU! - Yesterlove [evWO-RLtJv4].webm	0557 - TSU! - Yesterlove [evWO-RLtJv4].webm	evWO-RLtJv4	3.62919807434082	213.56460416666667	48000	2	2026-09-09 04:10:42
audio-0558	0558 - Karen O, Michael Kiwanuka - YO! MY SAINT (Radio Version) [MLEcF3F6Nnc].webm	0558 - Karen O, Michael Kiwanuka - YO! MY SAINT (Radio Version) [MLEcF3F6Nnc].webm	MLEcF3F6Nnc	3.451509475708008	224.81652083333333	48000	2	2026-09-09 04:10:42
audio-0559	0559 - Yorina - Dry Your Tears [f-mFHmOx_3I].webm	0559 - Yorina - Dry Your Tears [f-mFHmOx_3I].webm	f-mFHmOx_3I	3.3123788833618164	186.90666666666667	48000	2	2026-09-09 04:10:42
audio-0560	0560 - Peter Gabriel - Peter Gabriel - Don't Give Up (ft. Kate Bush) [VjEq-r2agqc].webm	0560 - Peter Gabriel - Peter Gabriel - Don't Give Up (ft. Kate Bush) [VjEq-r2agqc].webm	VjEq-r2agqc	6.405230522155762	389.4915208333333	48000	2	2026-09-09 04:10:43
audio-0561	0561 - betttyblue - Let's Pretend - Tindersticks [FfF7dP41U58].webm	0561 - betttyblue - Let's Pretend - Tindersticks [FfF7dP41U58].webm	FfF7dP41U58	3.08182144165039	202.23420833333333	48000	2	2026-09-09 04:10:43
audio-0562	0562 - PMilczar20 - HQ - Opole 97, ＂Zielono Mi＂, Na zakręcie, Janda [vNP-Yz50NDE].webm	0562 - PMilczar20 - HQ - Opole 97, ＂Zielono Mi＂, Na zakręcie, Janda [vNP-Yz50NDE].webm	vNP-Yz50NDE	6.755470275878906	431.926	48000	2	2026-09-09 04:10:43
audio-0565	0565 - Adele - Adele - Hello (Official Music Video) [YQHsXMglC9A].webm	0565 - Adele - Adele - Hello (Official Music Video) [YQHsXMglC9A].webm	YQHsXMglC9A	5.5759992599487305	366.84045833333334	48000	2	2026-09-09 04:10:43
audio-0566	0566 - Disturbed - Disturbed  - The Sound Of Silence (Official Music Video) [4K UPGRADE] [u9Dg-g7t2l4].webm	0566 - Disturbed - Disturbed  - The Sound Of Silence (Official Music Video) [4K UPGRADE] [u9Dg-g7t2l4].webm	u9Dg-g7t2l4	4.2086181640625	262.35066666666665	48000	2	2026-09-09 04:10:43
audio-0567	0567 - Leonard Cohen - Leonard Cohen - Dance Me to the End of Love (Official Video) [NGorjBVag0I].webm	0567 - Leonard Cohen - Leonard Cohen - Dance Me to the End of Love (Official Video) [NGorjBVag0I].webm	NGorjBVag0I	5.832472801208496	369.2785625	48000	2	2026-09-09 04:10:43
audio-0568	0568 - Leonard Cohen - Leonard Cohen - I'm Your Man (Official Audio) [-MlR6tFh8Gs].webm	0568 - Leonard Cohen - Leonard Cohen - I'm Your Man (Official Audio) [-MlR6tFh8Gs].webm	-MlR6tFh8Gs	4.438157081604004	267.072	48000	2	2026-09-09 04:10:44
audio-0569	0569 - Leonard Cohen - Leonard Cohen - The Partisan (Official Audio) [hs5hOhI4pEE].webm	0569 - Leonard Cohen - Leonard Cohen - The Partisan (Official Audio) [hs5hOhI4pEE].webm	hs5hOhI4pEE	3.4690628051757812	207.7605625	48000	2	2026-09-09 04:10:44
audio-0570	0570 - Johnny Cash - Johnny Cash - God's Gonna Cut You Down (Official Music Video) [eJlN9jdQFSc].webm	0570 - Johnny Cash - Johnny Cash - God's Gonna Cut You Down (Official Music Video) [eJlN9jdQFSc].webm	eJlN9jdQFSc	2.688612937927246	171.22395833333334	48000	2	2026-09-09 04:10:44
audio-0571	0571 - Johnny Cash - Johnny Cash - Hurt [8AHCfZTRGiI].webm	0571 - Johnny Cash - Johnny Cash - Hurt [8AHCfZTRGiI].webm	8AHCfZTRGiI	3.886096954345703	228.34504166666667	48000	2	2026-09-09 04:10:44
audio-0572	0572 - DARKSIDE - Paper Trails [7_NRr5UeFHI].webm	0572 - DARKSIDE - Paper Trails [7_NRr5UeFHI].webm	7_NRr5UeFHI	4.658302307128906	289.8409375	48000	2	2026-09-09 04:10:44
audio-0573	0573 - Nick Cave & The Bad Seeds - Nick Cave & The Bad Seeds - Red Right Hand (Official Video) [RrxePKps87k].webm	0573 - Nick Cave & The Bad Seeds - Nick Cave & The Bad Seeds - Red Right Hand (Official Video) [RrxePKps87k].webm	RrxePKps87k	4.902495384216309	285.7912083333333	48000	2	2026-09-09 04:10:45
audio-0574	0574 - First Word Records - Yosi Horikawa - Bubbles [4CuJqtNdcJU].webm	0574 - First Word Records - Yosi Horikawa - Bubbles [4CuJqtNdcJU].webm	4CuJqtNdcJU	7.795614242553711	349.5764375	48000	2	2026-09-09 04:10:45
audio-0575	0575 - unjdje - Emancipator - Rattlesnakes [MO7tl38Rsh8].webm	0575 - unjdje - Emancipator - Rattlesnakes [MO7tl38Rsh8].webm	MO7tl38Rsh8	4.132579803466797	250.33433333333332	48000	2	2026-09-09 04:10:45
audio-0576	0576 - Solar Fields - Phase 09 - Sombrero (2021 Remaster) [5HzZ3zMLQHI].webm	0576 - Solar Fields - Phase 09 - Sombrero (2021 Remaster) [5HzZ3zMLQHI].webm	5HzZ3zMLQHI	5.680744171142578	343.73333333333335	48000	2	2026-09-09 04:10:45
audio-0577	0577 - London Records - Bronski Beat - Smalltown Boy (Official Video) [88sARuFu-tc].webm	0577 - London Records - Bronski Beat - Smalltown Boy (Official Video) [88sARuFu-tc].webm	88sARuFu-tc	4.772835731506348	303.76345833333335	48000	2	2026-09-09 04:10:45
audio-0578	0578 - Trentemøller - Trentemøller： Miss You [hE_8C33gm7A].webm	0578 - Trentemøller - Trentemøller： Miss You [hE_8C33gm7A].webm	hE_8C33gm7A	4.34946346282959	248.08533333333332	48000	2	2026-09-09 04:10:46
audio-0579	0579 - Klassic Reel Entertainment - Portishead Glory Box Live At Roseland NY ( Best Audio) [MnMTK8EdsOc].webm	0579 - Klassic Reel Entertainment - Portishead Glory Box Live At Roseland NY ( Best Audio) [MnMTK8EdsOc].webm	MnMTK8EdsOc	5.509184837341309	359.06177083333336	48000	2	2026-09-09 04:10:46
audio-0580	0580 - ANTI- Records - Tom Waits - ＂God's Away On Business＂ [W9mhsW5aWJM].webm	0580 - ANTI- Records - Tom Waits - ＂God's Away On Business＂ [W9mhsW5aWJM].webm	W9mhsW5aWJM	2.4986515045166016	183.488	48000	2	2026-09-09 04:10:46
audio-0581	0581 - Tom Waits - Tom Waits - ＂Misery Is The River Of The World＂ [4CimtissslM].webm	0581 - Tom Waits - Tom Waits - ＂Misery Is The River Of The World＂ [4CimtissslM].webm	4CimtissslM	4.260622024536133	265.1093333333333	48000	2	2026-09-09 04:10:46
audio-0582	0582 - Que No - Cantaron En Español - Liza Minnelli - Mein Herr from Cabaret (60 FPS HD) 1972 [DgjOedirhcQ].webm	0582 - Que No - Cantaron En Español - Liza Minnelli - Mein Herr from Cabaret (60 FPS HD) 1972 [DgjOedirhcQ].webm	DgjOedirhcQ	3.5870466232299805	227.62522916666663	48000	2	2026-09-09 04:10:46
audio-0584	0584 - Adele - Adele - Rolling in the Deep (Official Music Video) [rYEDA3JcQqw].webm	0584 - Adele - Adele - Rolling in the Deep (Official Music Video) [rYEDA3JcQqw].webm	rYEDA3JcQqw	3.462985038757324	233.883	48000	2	2026-09-09 04:10:47
audio-0585	0585 - Monica Naranjo - Monica Naranjo - Europa [DhS9i2t8RWs].webm	0585 - Monica Naranjo - Monica Naranjo - Europa [DhS9i2t8RWs].webm	DhS9i2t8RWs	5.8427276611328125	374.13152083333335	48000	2	2026-09-09 04:10:47
audio-0586	0586 - Brodka - Brodka - Santa Muerte (Official Video) [79Flpb8IrHg].webm	0586 - Brodka - Brodka - Santa Muerte (Official Video) [79Flpb8IrHg].webm	79Flpb8IrHg	4.201162338256836	271.4026666666667	48000	2	2026-09-09 04:10:47
audio-0587	0587 - Marcus - Regine Dobberschütz - Solo Sunny [yLU3dwm9PP0].webm	0587 - Marcus - Regine Dobberschütz - Solo Sunny [yLU3dwm9PP0].webm	yLU3dwm9PP0	3.0244150161743164	207.899875	48000	2	2026-09-09 04:10:47
audio-0588	0588 - Kortez Oficjalny Kanał - KORTEZ - Hej Wy [VIDEO] [3BnfiJnHXvk].webm	0588 - Kortez Oficjalny Kanał - KORTEZ - Hej Wy [VIDEO] [3BnfiJnHXvk].webm	3BnfiJnHXvk	4.151825904846191	258.3684375	48000	2	2026-09-09 04:10:47
audio-0589	0589 - MeskieGranie - Męskie Granie Orkiestra 2018 (Kortez, Podsiadło, Zalewski) – Początek (LIVE) Official Video [QRxH-II0OsA].webm	0589 - MeskieGranie - Męskie Granie Orkiestra 2018 (Kortez, Podsiadło, Zalewski) – Początek (LIVE) Official Video [QRxH-II0OsA].webm	QRxH-II0OsA	4.04937744140625	272.0101666666667	48000	2	2026-09-09 04:10:47
audio-0590	0590 - Marek Dyjak, Nosowska, Katarzyna Nosowska, Marcin Macuk - Ognia (Live) [2udJSwNcAeQ].webm	0590 - Marek Dyjak, Nosowska, Katarzyna Nosowska, Marcin Macuk - Ognia (Live) [2udJSwNcAeQ].webm	2udJSwNcAeQ	5.11146354675293	309.16	48000	2	2026-09-09 04:10:48
audio-0591	0591 - NOSOWSKA - NOSOWSKA - Ja pas! (Official Video) [nW43cYdk7AU].webm	0591 - NOSOWSKA - NOSOWSKA - Ja pas! (Official Video) [nW43cYdk7AU].webm	nW43cYdk7AU	2.9632701873779297	194.41066666666663	48000	2	2026-09-09 04:10:48
audio-0592	0592 - Kortez Oficjalny Kanał - Kortez - Bumerang (Official Audio) [wr8y4pS_Mio].webm	0592 - Kortez Oficjalny Kanał - Kortez - Bumerang (Official Audio) [wr8y4pS_Mio].webm	wr8y4pS_Mio	6.4117889404296875	366.3760625	48000	2	2026-09-09 04:10:48
audio-0593	0593 - Marble Sounds - Marble Sounds - Tout et Partout [zAB2P5MIYts].webm	0593 - Marble Sounds - Marble Sounds - Tout et Partout [zAB2P5MIYts].webm	zAB2P5MIYts	4.311565399169922	273.7865	48000	2	2026-09-09 04:10:48
audio-0594	0594 - Warner Classics - Delibes： Lakmé - Duo des fleurs (Flower Duet), Sabine Devieilhe & Marianne Crebassa [C1ZL5AxmK_A].webm	0594 - Warner Classics - Delibes： Lakmé - Duo des fleurs (Flower Duet), Sabine Devieilhe & Marianne Crebassa [C1ZL5AxmK_A].webm	C1ZL5AxmK_A	4.639495849609375	277.3739791666667	48000	2	2026-09-09 04:10:48
audio-0595	0595 - Hundreds - Flume (Bon Iver Cover) [oD2PIsBE4VA].webm	0595 - Hundreds - Flume (Bon Iver Cover) [oD2PIsBE4VA].webm	oD2PIsBE4VA	2.877023696899414	192.4411875	48000	2	2026-09-09 04:10:49
audio-0596	0596 - Jeanette - Jeanette - Porque te vas [TjUhXbGdLYo].webm	0596 - Jeanette - Jeanette - Porque te vas [TjUhXbGdLYo].webm	TjUhXbGdLYo	3.0736160278320312	197.97333333333333	48000	2	2026-09-09 04:10:49
audio-0597	0597 - Maria Peszek - Szambo Wybiło [aNN7t0BKomM].webm	0597 - Maria Peszek - Szambo Wybiło [aNN7t0BKomM].webm	aNN7t0BKomM	5.167563438415527	325.00425	48000	2	2026-09-09 04:10:49
audio-0598	0598 - kasialins - Kasia Lins - Wiersz Ostatni [Fcp1dN5yBlA].webm	0598 - kasialins - Kasia Lins - Wiersz Ostatni [Fcp1dN5yBlA].webm	Fcp1dN5yBlA	3.21567440032959	203.90604166666665	48000	2	2026-09-09 04:10:49
audio-0599	0599 - HEY - HEY - 2015 (Official Video) [zx6ab_E0Cfs].webm	0599 - HEY - HEY - 2015 (Official Video) [zx6ab_E0Cfs].webm	zx6ab_E0Cfs	3.1400184631347656	204.40527083333333	48000	2	2026-09-09 04:10:49
audio-0601	0601 - ASTROTIME - Felicjan Andrzejczak-Noc Komety 2024 [d8bQu4mT3UE].webm	0601 - ASTROTIME - Felicjan Andrzejczak-Noc Komety 2024 [d8bQu4mT3UE].webm	d8bQu4mT3UE	3.804799079895019	246.11991666666663	48000	2	2026-09-09 04:10:49
audio-0602	0602 - Mantua - Void [CyVk6UdBcTE].webm	0602 - Mantua - Void [CyVk6UdBcTE].webm	CyVk6UdBcTE	4.094844818115234	252.307125	48000	2	2026-09-09 04:10:50
audio-0603	0603 - George Souris - Martin Roth - An Analog Guy In A Digital World [OkQlrIQhUMQ].webm	0603 - George Souris - Martin Roth - An Analog Guy In A Digital World [OkQlrIQhUMQ].webm	OkQlrIQhUMQ	9.602761268615724	525.0263958333334	48000	2	2026-09-09 04:10:50
audio-0604	0604 - officieldionysos - Dionysos - I Follow Rivers (Audio) [5Ri1uC6zC4E].webm	0604 - officieldionysos - Dionysos - I Follow Rivers (Audio) [5Ri1uC6zC4E].webm	5Ri1uC6zC4E	3.08797836303711	196.48	48000	2	2026-09-09 04:10:50
audio-0605	0605 - Johnny Flynn - Hard Road [g3EEtpUByNI].webm	0605 - Johnny Flynn - Hard Road [g3EEtpUByNI].webm	g3EEtpUByNI	4.782597541809082	279.44	48000	2	2026-09-09 04:10:50
audio-0606	0606 - Kovacs - Kovacs - My Love (Official Video) [CR6M_sqTVqE].webm	0606 - Kovacs - Kovacs - My Love (Official Video) [CR6M_sqTVqE].webm	CR6M_sqTVqE	3.836155891418457	239.36	48000	2	2026-09-09 04:10:50
audio-0607	0607 - Frank Sinatra - Frank Sinatra - Strangers In The Night (Audio) [Sek1vLw3s20].webm	0607 - Frank Sinatra - Frank Sinatra - Strangers In The Night (Audio) [Sek1vLw3s20].webm	Sek1vLw3s20	2.6760902404785156	164.75720833333332	48000	2	2026-09-09 04:10:51
audio-0608	0608 - Jeanne Added - Jeanne Added - Be Sensational (Audio) [bBlS6Tj7rMs].webm	0608 - Jeanne Added - Jeanne Added - Be Sensational (Audio) [bBlS6Tj7rMs].webm	bBlS6Tj7rMs	3.707163810729981	234.4635	48000	2	2026-09-09 04:10:51
audio-0609	0609 - Mystic Production TV - Coma feat. Ralph Kaminski - Pożegnanie z Bajką (official video) [5fScJWyaBUo].webm	0609 - Mystic Production TV - Coma feat. Ralph Kaminski - Pożegnanie z Bajką (official video) [5fScJWyaBUo].webm	5fScJWyaBUo	4.2715044021606445	269.6533333333333	48000	2	2026-09-09 04:10:51
audio-0610	0610 - Radical Face - Radical Face - Jolene (Dolly Parton Cover) [ks7hab5QIMU].webm	0610 - Radical Face - Radical Face - Jolene (Dolly Parton Cover) [ks7hab5QIMU].webm	ks7hab5QIMU	3.3835840225219727	209.45066666666668	48000	2	2026-09-09 04:10:51
audio-0611	0611 - Mariama - Mariama - Coffee and Wine (Official Video) [vHsR95yU9ns].webm	0611 - Mariama - Mariama - Coffee and Wine (Official Video) [vHsR95yU9ns].webm	vHsR95yU9ns	2.823819160461426	177.49333333333334	48000	2	2026-09-09 04:10:51
audio-0612	0612 - Nine Horses - Money For All [MkmCPw8du3g].webm	0612 - Nine Horses - Money For All [MkmCPw8du3g].webm	MkmCPw8du3g	3.786036491394043	249.29333333333332	48000	2	2026-09-09 04:10:51
audio-0614	0614 - Night Time Stories - Leifur James - Mumma Don't Tell [12zcvCdtp4Q].webm	0614 - Night Time Stories - Leifur James - Mumma Don't Tell [12zcvCdtp4Q].webm	12zcvCdtp4Q	4.848605155944824	310.64816666666667	48000	2	2026-09-09 04:10:52
audio-0616	0616 - Riikka - Ievan polkka (Video Mix) [Zrf3uxjWj6k].webm	0616 - Riikka - Ievan polkka (Video Mix) [Zrf3uxjWj6k].webm	Zrf3uxjWj6k	3.121260643005371	205.74895833333332	48000	2	2026-09-09 04:10:52
audio-0618	0618 - Mumford & Sons - Mumford & Sons - Hopeless Wanderer (Official Music Video) [rId6PKlDXeU].webm	0618 - Mumford & Sons - Mumford & Sons - Hopeless Wanderer (Official Music Video) [rId6PKlDXeU].webm	rId6PKlDXeU	5.119837760925293	308.44227083333334	48000	2	2026-09-09 04:10:52
audio-0619	0619 - Kwaidanrecords - Joon Moon - Tiger (Official Video) [9aZrRNlQUME].webm	0619 - Kwaidanrecords - Joon Moon - Tiger (Official Video) [9aZrRNlQUME].webm	9aZrRNlQUME	3.686552047729492	244.096	48000	2	2026-09-09 04:10:52
audio-0620	0620 - Sophie Zelmani - The Happy Woman Cries [EtvmxsX95k0].webm	0620 - Sophie Zelmani - The Happy Woman Cries [EtvmxsX95k0].webm	EtvmxsX95k0	3.291311264038086	199.66666666666663	48000	2	2026-09-09 04:10:52
audio-0621	0621 - Jay-Jay Johanson - So Tell the Girls That I Am Back In Town (Radio Edit) [rvIDYh8uCzI].webm	0621 - Jay-Jay Johanson - So Tell the Girls That I Am Back In Town (Radio Edit) [rvIDYh8uCzI].webm	rvIDYh8uCzI	3.6024694442749023	229.61333333333337	48000	2	2026-09-09 04:10:52
audio-0622	0622 - TheClementines - The Clementines - Calm Down [fuBdcHFjPvg].webm	0622 - TheClementines - The Clementines - Calm Down [fuBdcHFjPvg].webm	fuBdcHFjPvg	3.307249069213867	227.903875	48000	2	2026-09-09 04:10:53
audio-0623	0623 - Kovacs - Kovacs - I Better Run (Official Video) [W_xIoUsHxzE].webm	0623 - Kovacs - Kovacs - I Better Run (Official Video) [W_xIoUsHxzE].webm	W_xIoUsHxzE	3.168407440185547	208.64	48000	2	2026-09-09 04:10:53
audio-0624	0624 - Robi Music - Robi - On ne meurt plus d'amour (Official video) [Wb8E1FiZiaY].webm	0624 - Robi Music - Robi - On ne meurt plus d'amour (Official video) [Wb8E1FiZiaY].webm	Wb8E1FiZiaY	4.063177108764648	263.616	48000	2	2026-09-09 04:10:53
audio-0625	0625 - tzortzinious - Tango with Lions ~  In a Bar [IhqqZN0H7CI].webm	0625 - tzortzinious - Tango with Lions ~  In a Bar [IhqqZN0H7CI].webm	IhqqZN0H7CI	3.363943099975586	220.067125	48000	2	2026-09-09 04:10:53
audio-0626	0626 - Otzeki - True Love (Single Edit) [7fpMA_AVBAk].webm	0626 - Otzeki - True Love (Single Edit) [7fpMA_AVBAk].webm	7fpMA_AVBAk	5.920376777648926	360.2271666666667	48000	2	2026-09-09 04:10:53
audio-0627	0627 - Warhaus - Dangerous [uZwVw2XsW0I].webm	0627 - Warhaus - Dangerous [uZwVw2XsW0I].webm	uZwVw2XsW0I	5.193035125732422	337.281875	48000	2	2026-09-09 04:10:54
audio-0628	0628 - Hector Zazou，  Barbara Eramo & Stefano Saletti - I Feel Love [Q74da3OsNUg].webm	0628 - Hector Zazou，  Barbara Eramo & Stefano Saletti - I Feel Love [Q74da3OsNUg].webm	Q74da3OsNUg	5.501029968261719	337.8	48000	2	2026-09-09 04:10:54
audio-0629	0629 - OtherLivesBand - Other Lives - For 12 (Official Video) [AWMqgeIDJs8].webm	0629 - OtherLivesBand - Other Lives - For 12 (Official Video) [AWMqgeIDJs8].webm	AWMqgeIDJs8	4.558185577392578	289.94758333333334	48000	2	2026-09-09 04:10:54
audio-0630	0630 - Jan Garbarek - In Praise Of Dreams [gF6CBwY7EEU].webm	0630 - Jan Garbarek - In Praise Of Dreams [gF6CBwY7EEU].webm	gF6CBwY7EEU	5.693958282470703	321.4266666666667	48000	2	2026-09-09 04:10:54
audio-0631	0631 - skimpyyields - Savages - You're My Chocolate [vwwkjI65Q0A].webm	0631 - skimpyyields - Savages - You're My Chocolate [vwwkjI65Q0A].webm	vwwkjI65Q0A	5.503521919250488	327.97025	48000	2	2026-09-09 04:10:54
audio-0632	0632 - Trinidad Senolia - You Showed Me (Edit) [IPW9T2rWnsE].webm	0632 - Trinidad Senolia - You Showed Me (Edit) [IPW9T2rWnsE].webm	IPW9T2rWnsE	4.057590484619141	277.15541666666667	48000	2	2026-09-09 04:10:54
audio-0633	0633 - DLoaw - Moderator - When I Dream [tX1SpTUdZQM].webm	0633 - DLoaw - Moderator - When I Dream [tX1SpTUdZQM].webm	tX1SpTUdZQM	3.359210968017578	221.99439583333333	48000	2	2026-09-09 04:10:55
audio-0634	0634 - Hundreds - Wonderful Life [oxrOaSqgcpA].webm	0634 - Hundreds - Wonderful Life [oxrOaSqgcpA].webm	oxrOaSqgcpA	5.316969871520996	304.7098541666667	48000	2	2026-09-09 04:10:55
audio-0635	0635 - Sinnbus - Hundreds - Our Past (official music video) [9sTddXgZDXA].webm	0635 - Sinnbus - Hundreds - Our Past (official music video) [9sTddXgZDXA].webm	9sTddXgZDXA	3.931848526000977	250.28266666666667	48000	2	2026-09-09 04:10:55
audio-0636	0636 - Tom Odell - Tom Odell - Another Love (Official Video) [MwpMEbgC7DA].webm	0636 - Tom Odell - Tom Odell - Another Love (Official Video) [MwpMEbgC7DA].webm	MwpMEbgC7DA	3.997682571411133	247.57116666666667	48000	2	2026-09-09 04:10:55
audio-0637	0637 - TheSoundYouNeed - Tom Odell - Another Love (Zwette Edit) [4ZHwu0uut3k].webm	0637 - TheSoundYouNeed - Tom Odell - Another Love (Zwette Edit) [4ZHwu0uut3k].webm	4ZHwu0uut3k	6.897394180297852	393.29960416666665	48000	2	2026-09-09 04:10:55
audio-0638	0638 - DakhaBrakha - DakhaBrakha - Vesna [T3OJVMuHwcU].webm	0638 - DakhaBrakha - DakhaBrakha - Vesna [T3OJVMuHwcU].webm	T3OJVMuHwcU	8.338607788085938	468.81089583333335	48000	2	2026-09-09 04:10:56
audio-0639	0639 - MoustacheCinema - Dakh Daughters ＂Rozy ⧸ Donbass＂ (live acoustic) [6wCgZh-nczY].webm	0639 - MoustacheCinema - Dakh Daughters ＂Rozy ⧸ Donbass＂ (live acoustic) [6wCgZh-nczY].webm	6wCgZh-nczY	2.9539871215820312	196.04608333333337	48000	2	2026-09-09 04:10:56
audio-0640	0640 - ABKCOVEVO - The Rolling Stones - Paint It, Black (Official Lyric Video) [O4irXQhgMqg].webm	0640 - ABKCOVEVO - The Rolling Stones - Paint It, Black (Official Lyric Video) [O4irXQhgMqg].webm	O4irXQhgMqg	2.8084630966186523	226.24364583333335	48000	2	2026-09-09 04:10:56
audio-0641	0641 - Andrew Bird - Gypsy Moth [GaGs7bEK32g].webm	0641 - Andrew Bird - Gypsy Moth [GaGs7bEK32g].webm	GaGs7bEK32g	6.262192726135254	393.24	48000	2	2026-09-09 04:10:56
audio-0642	0642 - Japhlet Bire Attias - Comptine D'un Autre Ete： L'apres Midi [-ibzlggkyZo].webm	0642 - Japhlet Bire Attias - Comptine D'un Autre Ete： L'apres Midi [-ibzlggkyZo].webm	-ibzlggkyZo	3.4240503311157227	162.84	48000	2	2026-09-09 04:10:56
audio-0643	0643 - frogstand - Clare and the Reasons - That's All [KVHB51h3pK0].webm	0643 - frogstand - Clare and the Reasons - That's All [KVHB51h3pK0].webm	KVHB51h3pK0	2.8775081634521484	180.18685416666668	48000	2	2026-09-09 04:10:56
audio-0644	0644 - Pipilotti Rist, Anders Guggisberg - I am A Victim Of This Song [9jrtG8E0dvQ].webm	0644 - Pipilotti Rist, Anders Guggisberg - I am A Victim Of This Song [9jrtG8E0dvQ].webm	9jrtG8E0dvQ	4.602719306945801	290.2359375	48000	2	2026-09-09 04:10:57
audio-0645	0645 - Acollective, RABINO, Roy Rieck - Heart of Wool [4gVOhD7iSBw].webm	0645 - Acollective, RABINO, Roy Rieck - Heart of Wool [4gVOhD7iSBw].webm	4gVOhD7iSBw	3.748464584350586	234.94541666666663	48000	2	2026-09-09 04:10:57
audio-0646	0646 - Deep Throat Choir - Hunter [PqZl3iEXgyQ].webm	0646 - Deep Throat Choir - Hunter [PqZl3iEXgyQ].webm	PqZl3iEXgyQ	2.293119430541992	149.78758333333334	48000	2	2026-09-09 04:10:57
audio-0647	0647 - Renato Csatich - Kroke - Time (Official Video) [ZU5En14C1A0].webm	0647 - Renato Csatich - Kroke - Time (Official Video) [ZU5En14C1A0].webm	ZU5En14C1A0	7.220690727233887	371.6005625	48000	2	2026-09-09 04:10:57
audio-0648	0648 - Leszek Mozdzer - The Law and The Fist [GtpZP2o_ZjM].webm	0648 - Leszek Mozdzer - The Law and The Fist [GtpZP2o_ZjM].webm	GtpZP2o_ZjM	12.922619819641112	657.3066666666666	48000	2	2026-09-09 04:10:57
audio-0650	0650 - Compost Records - Felix Laband - Getting Old [zd0S-PKb-Y8].webm	0650 - Compost Records - Felix Laband - Getting Old [zd0S-PKb-Y8].webm	zd0S-PKb-Y8	4.826793670654297	304.91285416666665	48000	2	2026-09-09 04:10:57
audio-0651	0651 - Embassy of Music - WhoMadeWho  - I Don't Know (Official Video) [mSFmc5z6KLM].webm	0651 - Embassy of Music - WhoMadeWho  - I Don't Know (Official Video) [mSFmc5z6KLM].webm	mSFmc5z6KLM	3.6975412368774414	230.016	48000	2	2026-09-09 04:10:58
audio-0652	0652 - Mystic Production TV - Patryk Pietrzak - Maryś (Official Video) [3aQHamd3Muo].webm	0652 - Mystic Production TV - Patryk Pietrzak - Maryś (Official Video) [3aQHamd3Muo].webm	3aQHamd3Muo	3.794479370117187	263.36072916666666	48000	2	2026-09-09 04:10:58
audio-0653	0653 - Q-Sounds Recording - LISA MELISSA & THE MESS ＂Je broie du noir (Back to Black)＂ Official video [s745FMfHYvg].webm	0653 - Q-Sounds Recording - LISA MELISSA & THE MESS ＂Je broie du noir (Back to Black)＂ Official video [s745FMfHYvg].webm	s745FMfHYvg	3.9034252166748047	264.127	48000	2	2026-09-09 04:10:58
audio-0654	0654 - Freedom Satellite - Astro Black (The Big Wow Mix) [wDYNQGGybx8].webm	0654 - Freedom Satellite - Astro Black (The Big Wow Mix) [wDYNQGGybx8].webm	wDYNQGGybx8	3.578248977661133	232.7965	48000	2	2026-09-09 04:10:58
audio-0655	0655 - KayaxTV - Artur Rojek - Czas który pozostał (Live) [Ws2fE-fc1Ns].webm	0655 - KayaxTV - Artur Rojek - Czas który pozostał (Live) [Ws2fE-fc1Ns].webm	Ws2fE-fc1Ns	3.88327693939209	251.008	48000	2	2026-09-09 04:10:58
audio-0656	0656 - stranglersofficial - The Stranglers - Midnight Summer Dream [HI7CB2UwSj4].webm	0656 - stranglersofficial - The Stranglers - Midnight Summer Dream [HI7CB2UwSj4].webm	HI7CB2UwSj4	3.5380678176879883	221.808625	48000	2	2026-09-09 04:10:59
audio-0657	0657 - Cassandra Violet - Cassandra Violet - Beyond the Fray [YOBYO0c0xoQ].webm	0657 - Cassandra Violet - Cassandra Violet - Beyond the Fray [YOBYO0c0xoQ].webm	YOBYO0c0xoQ	3.2715749740600586	194.96533333333332	48000	2	2026-09-09 04:10:59
audio-0658	0658 - King Raam, Eendo - The Last Waltz (feat. Eendo) [MDPLppYG3_k].webm	0658 - King Raam, Eendo - The Last Waltz (feat. Eendo) [MDPLppYG3_k].webm	MDPLppYG3_k	4.311488151550293	264.70402083333335	48000	2	2026-09-09 04:10:59
audio-0659	0659 - DpDBella - Pegase - Well Bell Video Oficial [Kmjeqdz21NE].webm	0659 - DpDBella - Pegase - Well Bell Video Oficial [Kmjeqdz21NE].webm	Kmjeqdz21NE	3.097127914428711	211.73116666666667	48000	2	2026-09-09 04:10:59
audio-0660	0660 - bellaunioninc - Peter Broderick - Colours Of The Night (Satellite Version) [OIyjeCGOSmY].webm	0660 - bellaunioninc - Peter Broderick - Colours Of The Night (Satellite Version) [OIyjeCGOSmY].webm	OIyjeCGOSmY	3.4708919525146484	226.96533333333332	48000	2	2026-09-09 04:10:59
audio-0661	0661 - TaxiWarsVEVO - TaxiWars - Death Ride Through Wet Snow [pX2xpcv-XLU].webm	0661 - TaxiWarsVEVO - TaxiWars - Death Ride Through Wet Snow [pX2xpcv-XLU].webm	pX2xpcv-XLU	4.456964492797852	309.60327083333334	48000	2	2026-09-09 04:10:59
audio-0662	0662 - i Kropka. - Jimmy Scott Nothing Compares 2 U [bvHt-n-nBlg].webm	0662 - i Kropka. - Jimmy Scott Nothing Compares 2 U [bvHt-n-nBlg].webm	bvHt-n-nBlg	6.082733154296875	379.657875	48000	2	2026-09-09 04:11:00
audio-0663	0663 - MaliaVEVO - Malia, Boris Blank - I Feel It Like You [zU-jylLu1HQ].webm	0663 - MaliaVEVO - Malia, Boris Blank - I Feel It Like You [zU-jylLu1HQ].webm	zU-jylLu1HQ	3.5219812393188477	226.7306875	48000	2	2026-09-09 04:11:00
audio-0664	0664 - Laurie Anderson - In Our Sleep [t3SYR-ENPMM].webm	0664 - Laurie Anderson - In Our Sleep [t3SYR-ENPMM].webm	t3SYR-ENPMM	2.2700729370117188	151.24	48000	2	2026-09-09 04:11:00
audio-0665	0665 - Jun Miyake - The Here And After [kEDd914pu6U].webm	0665 - Jun Miyake - The Here And After [kEDd914pu6U].webm	kEDd914pu6U	5.086134910583496	307.48	48000	2	2026-09-09 04:11:00
audio-0666	0666 - roseauxmusic - Roseaux Ft. Ben l'Oncle Soul - I Am Going Home [official video] [NYHIvGQ-8nc].webm	0666 - roseauxmusic - Roseaux Ft. Ben l'Oncle Soul - I Am Going Home [official video] [NYHIvGQ-8nc].webm	NYHIvGQ-8nc	4.078099250793457	276.928	48000	2	2026-09-09 04:11:00
audio-0667	0667 - Metronomy - Metronomy - The Look (Official Video) [sFrNsSnk8GM].webm	0667 - Metronomy - Metronomy - The Look (Official Video) [sFrNsSnk8GM].webm	sFrNsSnk8GM	3.965220451354981	237.24989583333337	48000	2	2026-09-09 04:11:01
audio-0668	0668 - Ghostpoet - Ghostpoet - Woe Is Meee (Official Video) [9N1ZtVi6QCQ].webm	0668 - Ghostpoet - Ghostpoet - Woe Is Meee (Official Video) [9N1ZtVi6QCQ].webm	9N1ZtVi6QCQ	4.434025764465332	288.34133333333335	48000	2	2026-09-09 04:11:01
audio-0669	0669 - Dragonborn, Jacob Bellens, Fridolin Nordsø, Kristian Leth, Fridolin Nordsø, Kristian Leth, Fridolin Nordsø, Kristian Leth - The Tide (feat. Jacob Bellens) [k5iTxYi1XmQ].webm	0669 - Dragonborn, Jacob Bellens, Fridolin Nordsø, Kristian Leth, Fridolin Nordsø, Kristian Leth, Fridolin Nordsø, Kristian Leth - The Tide (feat. Jacob Bellens) [k5iTxYi1XmQ].webm	k5iTxYi1XmQ	2.9501781463623047	177.33447916666665	48000	2	2026-09-09 04:11:01
audio-0670	0670 - Clara Ysé - CLARA YSÉ - Le monde s'est dédoublé (Clip Officiel) [atBYPluuSoQ].webm	0670 - Clara Ysé - CLARA YSÉ - Le monde s'est dédoublé (Clip Officiel) [atBYPluuSoQ].webm	atBYPluuSoQ	3.3011417388916016	216.05008333333333	48000	2	2026-09-09 04:11:01
audio-0671	0671 - Arab Strap - Arab Strap ⧸⧸ The Turning of Our Bones (Official Video) [f4CN6sxDvr0].webm	0671 - Arab Strap - Arab Strap ⧸⧸ The Turning of Our Bones (Official Video) [f4CN6sxDvr0].webm	f4CN6sxDvr0	4.7151689529418945	303.89116666666666	48000	2	2026-09-09 04:11:01
audio-0672	0672 - Kovacs - Night of the Nights [JeLOXjg6AHQ].webm	0672 - Kovacs - Night of the Nights [JeLOXjg6AHQ].webm	JeLOXjg6AHQ	3.507695198059082	221.01333333333332	48000	2	2026-09-09 04:11:01
audio-0673	0673 - Robot Koch - Robot Koch - Dreams (feat Stephen Henderson) [1xeW79f60b0].webm	0673 - Robot Koch - Robot Koch - Dreams (feat Stephen Henderson) [1xeW79f60b0].webm	1xeW79f60b0	3.665216445922851	240.00145833333335	48000	2	2026-09-09 04:11:02
audio-0674	0674 - Wim Mertens - And Hit the Bitter Water [jV6nHk3yZ7k].webm	0674 - Wim Mertens - And Hit the Bitter Water [jV6nHk3yZ7k].webm	jV6nHk3yZ7k	4.058466911315918	251.76	48000	2	2026-09-09 04:11:02
audio-0675	0675 - VeNdOfficiel - Alain Bashung - Les Salines [tvF2pGcZe7U].webm	0675 - VeNdOfficiel - Alain Bashung - Les Salines [tvF2pGcZe7U].webm	tvF2pGcZe7U	3.601766586303711	211.15733333333333	48000	2	2026-09-09 04:11:02
audio-0676	0676 - dreamsellers - A.Smolik & A.Rojek - 50 tysięcy 881 [RXrIPCyV8x0].webm	0676 - dreamsellers - A.Smolik & A.Rojek - 50 tysięcy 881 [RXrIPCyV8x0].webm	RXrIPCyV8x0	3.888667106628418	230.52772916666663	48000	2	2026-09-09 04:11:02
audio-0677	0677 - Filip “Tatars4life” Ilieski - Christophe & Alan Vega - Tangerine [9oAzTtwkdHc].webm	0677 - Filip “Tatars4life” Ilieski - Christophe & Alan Vega - Tangerine [9oAzTtwkdHc].webm	9oAzTtwkdHc	4.781999588012695	295.616	48000	2	2026-09-09 04:11:02
audio-0678	0678 - SofjaLadislava - Zuboly - Másfélmillió tépés Magyarországon HQ [LigbEubpaRg].webm	0678 - SofjaLadislava - Zuboly - Másfélmillió tépés Magyarországon HQ [LigbEubpaRg].webm	LigbEubpaRg	4.6317548751831055	284.1658125	48000	2	2026-09-09 04:11:02
audio-0679	0679 - Universal Production Music - Take Me To The Water [ta4HcBHguuI].webm	0679 - Universal Production Music - Take Me To The Water [ta4HcBHguuI].webm	ta4HcBHguuI	3.531233787536621	220.39220833333337	48000	2	2026-09-09 04:11:03
audio-0680	0680 - DRAMAS - DRAMAS - Bloodbath (Official Video) [EIUUzad3f64].webm	0680 - DRAMAS - DRAMAS - Bloodbath (Official Video) [EIUUzad3f64].webm	EIUUzad3f64	3.460139274597168	216.80472916666668	48000	2	2026-09-09 04:11:03
audio-0682	0682 - Wanda Y. & Oum Shatt - Oum Shatt - Power to the Women of the Morning Shift [tcRG2ICI3PY].webm	0682 - Wanda Y. & Oum Shatt - Oum Shatt - Power to the Women of the Morning Shift [tcRG2ICI3PY].webm	tcRG2ICI3PY	2.986203193664551	187.64045833333333	48000	2	2026-09-09 04:11:03
audio-0683	0683 - Aluminium - I'm Bound To Pack It Up [x1HwS20G0PQ].webm	0683 - Aluminium - I'm Bound To Pack It Up [x1HwS20G0PQ].webm	x1HwS20G0PQ	4.318711280822754	253.84	48000	2	2026-09-09 04:11:03
audio-0684	0684 - BAiKA - BAiKA - Jeśli tylko to będzie możliwe (2015) [34mNopqCqjI].webm	0684 - BAiKA - BAiKA - Jeśli tylko to będzie możliwe (2015) [34mNopqCqjI].webm	34mNopqCqjI	4.223668098449707	318.3688125	48000	2	2026-09-09 04:11:03
audio-0685	0685 - Lou Doillon - Left Behind [WhRlfml3w_s].webm	0685 - Lou Doillon - Left Behind [WhRlfml3w_s].webm	WhRlfml3w_s	2.9008588790893555	173.08	48000	2	2026-09-09 04:11:04
audio-0686	0686 - The Hat, Father John Misty, S.I. Istwa - The Angry River (feat. Father John Misty and S.I. Istwa) (Theme From the HBO Series True Detective) [SnrXhavK-6M].webm	0686 - The Hat, Father John Misty, S.I. Istwa - The Angry River (feat. Father John Misty and S.I. Istwa) (Theme From the HBO Series True Detective) [SnrXhavK-6M].webm	SnrXhavK-6M	2.7377805709838867	175.15333333333334	48000	2	2026-09-09 04:11:04
audio-0687	0687 - TiwayoMusic - Tiwayo - Wild [IBqcNi-t7eI].webm	0687 - TiwayoMusic - Tiwayo - Wild [IBqcNi-t7eI].webm	IBqcNi-t7eI	3.6193904876708984	226.84735416666663	48000	2	2026-09-09 04:11:04
audio-0688	0688 - Night Time Stories - Leifur James - Wurlitzer (Official Music Video) [4h5sCjlBVIo].webm	0688 - Night Time Stories - Leifur James - Wurlitzer (Official Music Video) [4h5sCjlBVIo].webm	4h5sCjlBVIo	3.899881362915039	264.8468125	48000	2	2026-09-09 04:11:04
audio-0689	0689 - The Magic Mumble Jumble - The Magic Mumble Jumble - ＂Don't Forget＂ (Official Video) [UYqRE8WRSog].webm	0689 - The Magic Mumble Jumble - The Magic Mumble Jumble - ＂Don't Forget＂ (Official Video) [UYqRE8WRSog].webm	UYqRE8WRSog	2.7351856231689453	162.57452083333334	48000	2	2026-09-09 04:11:04
audio-0691	0691 - Sasha Anikusko - Her – Jeanie J [k7KHEXMBrrw].webm	0691 - Sasha Anikusko - Her – Jeanie J [k7KHEXMBrrw].webm	k7KHEXMBrrw	4.446494102478027	264.01089583333334	48000	2	2026-09-09 04:11:04
audio-0692	0692 - DARKSIDE - Paper Trails - Live in D, July 17, 2014 [LZ9E-LpVA0o].webm	0692 - DARKSIDE - Paper Trails - Live in D, July 17, 2014 [LZ9E-LpVA0o].webm	LZ9E-LpVA0o	11.237733840942385	698.6388958333333	48000	2	2026-09-09 04:11:05
audio-0693	0693 - S.P. RECORDS - PIDŻAMA PORNO - Nikt tak pięknie nie mówił, że się boi miłości [OFFICIAL AUDIO] [1YtRuAd7ti4].webm	0693 - S.P. RECORDS - PIDŻAMA PORNO - Nikt tak pięknie nie mówił, że się boi miłości [OFFICIAL AUDIO] [1YtRuAd7ti4].webm	1YtRuAd7ti4	6.417544364929199	374.0850833333334	48000	2	2026-09-09 04:11:05
audio-0694	0694 - AVEC - AVEC - Granny (official) [bjZ-byzQL8o].webm	0694 - AVEC - AVEC - Granny (official) [bjZ-byzQL8o].webm	bjZ-byzQL8o	3.0055150985717773	189.02204166666667	48000	2	2026-09-09 04:11:05
audio-0695	0695 - Pyeng Threadgill - Close To Me [nwBZ-UFUwoo].webm	0695 - Pyeng Threadgill - Close To Me [nwBZ-UFUwoo].webm	nwBZ-UFUwoo	4.072920799255371	270.0133333333333	48000	2	2026-09-09 04:11:05
audio-0696	0696 - Carmen McRae - The Sound of Silence [5lOw6Pzpu24].webm	0696 - Carmen McRae - The Sound of Silence [5lOw6Pzpu24].webm	5lOw6Pzpu24	2.925992965698242	181.49333333333337	48000	2	2026-09-09 04:11:05
audio-0697	0697 - thedigitalfrog - Tok Tok Tok - Walk On The Wild Side (Lou Reed Cover) [dLeqnPJqmhI].webm	0697 - thedigitalfrog - Tok Tok Tok - Walk On The Wild Side (Lou Reed Cover) [dLeqnPJqmhI].webm	dLeqnPJqmhI	4.784226417541504	278.5001458333333	48000	2	2026-09-09 04:11:06
audio-0698	0698 - Ubiquity Records - Psapp： Everybody Wants to Be a Cat [aJcyrK1J-Lg].webm	0698 - Ubiquity Records - Psapp： Everybody Wants to Be a Cat [aJcyrK1J-Lg].webm	aJcyrK1J-Lg	3.67769718170166	225.4309375	48000	2	2026-09-09 04:11:06
audio-0699	0699 - Olivier Libaux, Barbara Carlotti - Le Petit Succès (Feat. Barbara Carlotti) [aGH73hxfkDc].webm	0699 - Olivier Libaux, Barbara Carlotti - Le Petit Succès (Feat. Barbara Carlotti) [aGH73hxfkDc].webm	aGH73hxfkDc	3.100990295410156	193.70666666666668	48000	2	2026-09-09 04:11:06
audio-0701	0701 - Martina Topley-Bird - Baby Blue [RQ9YNU6lHqE].webm	0701 - Martina Topley-Bird - Baby Blue [RQ9YNU6lHqE].webm	RQ9YNU6lHqE	1.9615135192871096	146.86666666666667	48000	2	2026-09-09 04:11:06
audio-0703	0703 - FÉLOCHE - Féloche - Silbo [Clip officiel] [jAlnL8JHetY].webm	0703 - FÉLOCHE - Féloche - Silbo [Clip officiel] [jAlnL8JHetY].webm	jAlnL8JHetY	4.23423957824707	240.6051875	48000	2	2026-09-09 04:11:06
audio-0704	0704 - karrotkommando - Pablopavo i Ludziki - Karwoski (official video) [hVcgSByaHPA].webm	0704 - karrotkommando - Pablopavo i Ludziki - Karwoski (official video) [hVcgSByaHPA].webm	hVcgSByaHPA	4.393063545227051	281.68533333333335	48000	2	2026-09-09 04:11:06
audio-0705	0705 - Czakulec - Koniec Świata - Oranżada [gjbLUxHNWdU].webm	0705 - Czakulec - Koniec Świata - Oranżada [gjbLUxHNWdU].webm	gjbLUxHNWdU	4.8149614334106445	401.2524375	48000	2	2026-09-09 04:11:07
audio-0706	0706 - NextpopLabel - BOKKA - Town Of Strangers (Official Video) [aflmCuUfq-I].webm	0706 - NextpopLabel - BOKKA - Town Of Strangers (Official Video) [aflmCuUfq-I].webm	aflmCuUfq-I	3.724802017211914	256.16254166666664	48000	2	2026-09-09 04:11:07
audio-0707	0707 - Zakopower - Zakopower - Galop (Official Video) [X5VMAE2p_eQ].webm	0707 - Zakopower - Zakopower - Galop (Official Video) [X5VMAE2p_eQ].webm	X5VMAE2p_eQ	3.881795883178711	250.4504375	48000	2	2026-09-09 04:11:07
audio-0708	0708 - ibs11 - Magda Umer -Oczy Tej Małej [axaNXuro6Jw].webm	0708 - ibs11 - Magda Umer -Oczy Tej Małej [axaNXuro6Jw].webm	axaNXuro6Jw	3.8514442443847656	235.136875	48000	2	2026-09-09 04:11:07
audio-0709	0709 - Anna Maria Jopek - Anna Maria Jopek - Szepty I Lzy [WALPS8cY8Gg].webm	0709 - Anna Maria Jopek - Anna Maria Jopek - Szepty I Lzy [WALPS8cY8Gg].webm	WALPS8cY8Gg	3.566322326660156	219.52145833333333	48000	2	2026-09-09 04:11:07
audio-0710	0710 - Maanam - Lipstick on the Glass (2011 Remaster) [q1T6ANg-p2A].webm	0710 - Maanam - Lipstick on the Glass (2011 Remaster) [q1T6ANg-p2A].webm	q1T6ANg-p2A	2.8544673919677734	182.81333333333333	48000	2	2026-09-09 04:11:08
audio-0711	0711 - NOSOWSKA - Nosowska - Era Retuszera [EZ3vvwVklr8].webm	0711 - NOSOWSKA - Nosowska - Era Retuszera [EZ3vvwVklr8].webm	EZ3vvwVklr8	3.7876033782958984	234.86985416666667	48000	2	2026-09-09 04:11:08
audio-0712	0712 - Mela Koteluk - Mela Koteluk - Melodia Ulotna [wO_lA6hV1Ag].webm	0712 - Mela Koteluk - Mela Koteluk - Melodia Ulotna [wO_lA6hV1Ag].webm	wO_lA6hV1Ag	3.764529228210449	254.455875	48000	2	2026-09-09 04:11:08
audio-0713	0713 - KręciołaTV - Maria Peszek - Sorry Polsko ⧸ Woodstock 2013 [c8mxfrsUpKA].webm	0713 - KręciołaTV - Maria Peszek - Sorry Polsko ⧸ Woodstock 2013 [c8mxfrsUpKA].webm	c8mxfrsUpKA	2.8315916061401367	190.45008333333337	48000	2	2026-09-09 04:11:08
audio-0714	0714 - Agencja Muzyczna Polskiego Radia - Bajzel - Już nie ma dzikich plaż [ER3YbMJL564].webm	0714 - Agencja Muzyczna Polskiego Radia - Bajzel - Już nie ma dzikich plaż [ER3YbMJL564].webm	ER3YbMJL564	3.6505050659179688	225.001375	48000	2	2026-09-09 04:11:08
audio-0715	0715 - kasialins - Kasia Lins - Rób Tak Dalej [SbxAFBFdAhk].webm	0715 - kasialins - Kasia Lins - Rób Tak Dalej [SbxAFBFdAhk].webm	SbxAFBFdAhk	4.22542667388916	276.5264583333333	48000	2	2026-09-09 04:11:08
audio-0716	0716 - HotelTorinoVEVO - Hotel Torino - Hunter (From ＂Mały Zgon＂) [FqmZHYTxtPM].webm	0716 - HotelTorinoVEVO - Hotel Torino - Hunter (From ＂Mały Zgon＂) [FqmZHYTxtPM].webm	FqmZHYTxtPM	2.526327133178711	163.52654166666667	48000	2	2026-09-09 04:11:09
audio-0717	0717 - Polish Jazz - Kuba Więcek Trio feat. Marcin Masecki - Jazz Robots [Official] [tXwk6OJWunE].webm	0717 - Polish Jazz - Kuba Więcek Trio feat. Marcin Masecki - Jazz Robots [Official] [tXwk6OJWunE].webm	tXwk6OJWunE	4.404869079589844	240.849	48000	2	2026-09-09 04:11:09
audio-0718	0718 - GOSTO - Turn of the light [mvE6ihDzn5U].webm	0718 - GOSTO - Turn of the light [mvE6ihDzn5U].webm	mvE6ihDzn5U	3.2188234329223633	197.89366666666663	48000	2	2026-09-09 04:11:09
audio-0719	0719 - Sztywny Pal Azji - Sztywny Pal Azji - Wodzirej (Official Video) [mVmC7yKXpLY].webm	0719 - Sztywny Pal Azji - Sztywny Pal Azji - Wodzirej (Official Video) [mVmC7yKXpLY].webm	mVmC7yKXpLY	3.2600812911987305	198.54933333333332	48000	2	2026-09-09 04:11:09
audio-0720	0720 - Kalejdoskop Records - Bitamina - Poka jak u Ciebie tańczą (live) [bKysCur8jaI].webm	0720 - Kalejdoskop Records - Bitamina - Poka jak u Ciebie tańczą (live) [bKysCur8jaI].webm	bKysCur8jaI	3.209355354309082	210.24	48000	2	2026-09-09 04:11:09
audio-0721	0721 - UrbanRecTv - Farben Lehre feat. Gutek - Anioły i Demony [Official Video] [rjPP5iQnFQg].webm	0721 - UrbanRecTv - Farben Lehre feat. Gutek - Anioły i Demony [Official Video] [rjPP5iQnFQg].webm	rjPP5iQnFQg	3.4176158905029297	227.63683333333333	48000	2	2026-09-09 04:11:09
audio-0722	0722 - PORTLAND OFFICIAL - Portland - You Misread Me (Official Video) [D4ri11niD5c].webm	0722 - PORTLAND OFFICIAL - Portland - You Misread Me (Official Video) [D4ri11niD5c].webm	D4ri11niD5c	3.9492063522338863	267.2853333333333	48000	2	2026-09-09 04:11:10
audio-0723	0723 - Lenny & de Wespen - Lenny & de Wespen featuring Jack Parow --- Zomer van ons leven [Ahe8eXIYNtk].webm	0723 - Lenny & de Wespen - Lenny & de Wespen featuring Jack Parow --- Zomer van ons leven [Ahe8eXIYNtk].webm	Ahe8eXIYNtk	2.988469123840332	195.40754166666667	48000	2	2026-09-09 04:11:10
audio-0724	0724 - Celine Dion - Céline Dion - A New Day Has Come (Official HD Video) [NaGLVS5b_ZY].webm	0724 - Celine Dion - Céline Dion - A New Day Has Come (Official HD Video) [NaGLVS5b_ZY].webm	NaGLVS5b_ZY	4.073936462402344	259.30885416666666	48000	2	2026-09-09 04:11:10
audio-0725	0725 - La Rappresentante di Lista - Siamo ospiti [fFc46gNhK9M].webm	0725 - La Rappresentante di Lista - Siamo ospiti [fFc46gNhK9M].webm	fFc46gNhK9M	4.424344062805176	265.93722916666667	48000	2	2026-09-09 04:11:10
audio-0726	0726 - Daniel Spaleniak - Daniel Spaleniak - Matter of Time (OFFICIAL AUDIO) [3-dkRmW4vuY].webm	0726 - Daniel Spaleniak - Daniel Spaleniak - Matter of Time (OFFICIAL AUDIO) [3-dkRmW4vuY].webm	3-dkRmW4vuY	3.132779121398926	202.489625	48000	2	2026-09-09 04:11:10
audio-0727	0727 - The Vices - The Vices - Boy (Official Video) [yWVT7CK2_1A].webm	0727 - The Vices - The Vices - Boy (Official Video) [yWVT7CK2_1A].webm	yWVT7CK2_1A	3.011691093444824	192.32	48000	2	2026-09-09 04:11:11
audio-0728	0728 - DRTV - Claus Hempler - Jeg drømmer om en sang ｜ Kronprinsparrets Priser 2019 ｜ DR1 [PVLgKBSzocE].webm	0728 - DRTV - Claus Hempler - Jeg drømmer om en sang ｜ Kronprinsparrets Priser 2019 ｜ DR1 [PVLgKBSzocE].webm	PVLgKBSzocE	5.084473609924316	305.26114583333333	48000	2	2026-09-09 04:11:11
audio-0729	0729 - PeterSommerVEVO - Peter Sommer - Faret Vild i Den Samme Skov [T4ln1VwqVjA].webm	0729 - PeterSommerVEVO - Peter Sommer - Faret Vild i Den Samme Skov [T4ln1VwqVjA].webm	T4ln1VwqVjA	3.7457237243652344	227.49866666666668	48000	2	2026-09-09 04:11:11
audio-0730	0730 - Peter Gabriel - My Body Is A Cage [zbpZFvrerHM].webm	0730 - Peter Gabriel - My Body Is A Cage [zbpZFvrerHM].webm	zbpZFvrerHM	6.323783874511719	372.6666666666667	48000	2	2026-09-09 04:11:11
audio-0731	0731 - OtherLivesBand - Other Lives - Lost Day (Official Video) [PSUwqTlju18].webm	0731 - OtherLivesBand - Other Lives - Lost Day (Official Video) [PSUwqTlju18].webm	PSUwqTlju18	2.788412094116211	178.77333333333334	48000	2	2026-09-09 04:11:11
audio-0732	0732 - GeikeVEVO - Geike - Off Shore (Official Video) [oYzCVYNoxgo].webm	0732 - GeikeVEVO - Geike - Off Shore (Official Video) [oYzCVYNoxgo].webm	oYzCVYNoxgo	3.837367057800293	229.80266666666665	48000	2	2026-09-09 04:11:11
audio-0733	0733 - Bryan Ferry - Bryan Ferry - Reason Or Rhyme (Official Audio) [aFTqCLL3LKk].webm	0733 - Bryan Ferry - Bryan Ferry - Reason Or Rhyme (Official Audio) [aFTqCLL3LKk].webm	aFTqCLL3LKk	3.25228500366211	222.80533333333332	48000	2	2026-09-09 04:11:12
audio-0734	0734 - Red Box - RED BOX - HO HO! (OFFICIAL VIDEO) [DmJlO4gov-U].webm	0734 - Red Box - RED BOX - HO HO! (OFFICIAL VIDEO) [DmJlO4gov-U].webm	DmJlO4gov-U	3.927244186401367	257.57866666666666	48000	2	2026-09-09 04:11:12
audio-0735	0735 - Deep Purple Official - Deep Purple - The Surprising [fZg-7XLmS_U].webm	0735 - Deep Purple Official - Deep Purple - The Surprising [fZg-7XLmS_U].webm	fZg-7XLmS_U	5.574337005615234	360.6639583333333	48000	2	2026-09-09 04:11:12
audio-0737	0737 - Ivo Dimchev - Kill by Ivo Dimchev ⧸live⧸ [H9iqcc7y0gA].webm	0737 - Ivo Dimchev - Kill by Ivo Dimchev ⧸live⧸ [H9iqcc7y0gA].webm	H9iqcc7y0gA	4.072092056274414	256.46933333333334	48000	2	2026-09-09 04:11:12
audio-0738	0738 - Łydka Grubasa - ŁYDKA GRUBASA - R jak Rozlewam (wersja antykryzysowa 2.0) [M48wrYCX5Y4].webm	0738 - Łydka Grubasa - ŁYDKA GRUBASA - R jak Rozlewam (wersja antykryzysowa 2.0) [M48wrYCX5Y4].webm	M48wrYCX5Y4	3.2626466751098633	242.56	48000	2	2026-09-09 04:11:12
audio-0739	0739 - KISS - Kiss - I Was Made For Lovin' You [ZhIsAZO5gl0].webm	0739 - KISS - Kiss - I Was Made For Lovin' You [ZhIsAZO5gl0].webm	ZhIsAZO5gl0	3.4520206451416016	238.13225	48000	2	2026-09-09 04:11:13
audio-0740	0740 - Warhaus - Warhaus - Love's A Stranger (Official Video) [GSJdhd0stAg].webm	0740 - Warhaus - Warhaus - Love's A Stranger (Official Video) [GSJdhd0stAg].webm	GSJdhd0stAg	3.0372018814086914	210.00127083333336	48000	2	2026-09-09 04:11:13
audio-0741	0741 - MY BABY - MY BABY - Seeing Red (official lyric video) [7R86_ez4qrE].webm	0741 - MY BABY - MY BABY - Seeing Red (official lyric video) [7R86_ez4qrE].webm	7R86_ez4qrE	4.527290344238281	296.49066666666664	48000	2	2026-09-09 04:11:13
audio-0742	0742 - Balthazar - Balthazar - Fever [z2X2HaTvkl8].webm	0742 - Balthazar - Balthazar - Fever [z2X2HaTvkl8].webm	z2X2HaTvkl8	5.6870269775390625	364.16	48000	2	2026-09-09 04:11:13
audio-0743	0743 - Warhaus - Fall in Love With Me [seZSmvWTduA].webm	0743 - Warhaus - Fall in Love With Me [seZSmvWTduA].webm	seZSmvWTduA	4.082447052001953	266.67716666666666	48000	2	2026-09-09 04:11:13
audio-0744	0744 - Ivo Dimchev - I-CURE by Ivo Dimchev ⧸official video⧸ [U9T7ficcRtY].webm	0744 - Ivo Dimchev - I-CURE by Ivo Dimchev ⧸official video⧸ [U9T7ficcRtY].webm	U9T7ficcRtY	4.223105430603027	257.9621041666667	48000	2	2026-09-09 04:11:13
audio-0745	0745 - T.Love - Pielgrzym (Radio Edit) [K8G_0Cfrg2s].webm	0745 - T.Love - Pielgrzym (Radio Edit) [K8G_0Cfrg2s].webm	K8G_0Cfrg2s	3.4253616333007812	214.54302083333337	48000	2	2026-09-09 04:11:14
audio-0746	0746 - Czerwony Tulipan - Jedyne co mam [PWGp6qWvWbc].webm	0746 - Czerwony Tulipan - Jedyne co mam [PWGp6qWvWbc].webm	PWGp6qWvWbc	2.4910240173339844	161.16	48000	2	2026-09-09 04:11:14
audio-0747	0747 - tindersticksofficial - Willow by tindersticks (featuring Robert Pattinson) [8xNSN6Kd8rI].webm	0747 - tindersticksofficial - Willow by tindersticks (featuring Robert Pattinson) [8xNSN6Kd8rI].webm	8xNSN6Kd8rI	5.494839668273926	347.43466666666666	48000	2	2026-09-09 04:11:14
audio-0748	0748 - Moss - Video Games [xT4TSxWph-A].webm	0748 - Moss - Video Games [xT4TSxWph-A].webm	xT4TSxWph-A	3.457632064819336	218.88602083333333	48000	2	2026-09-09 04:11:14
audio-0749	0749 - kissingyourshadow - Janusz Radek - Kiedy U-kochanie [qZ7MDChJ-1k].webm	0749 - kissingyourshadow - Janusz Radek - Kiedy U-kochanie [qZ7MDChJ-1k].webm	qZ7MDChJ-1k	5.19077205657959	318.96091666666666	48000	2	2026-09-09 04:11:14
audio-0750	0750 - Tuvaband - Tuvaband - He Said Me Too [fHXwkdNyZ94].webm	0750 - Tuvaband - Tuvaband - He Said Me Too [fHXwkdNyZ94].webm	fHXwkdNyZ94	4.340738296508789	282.624	48000	2	2026-09-09 04:11:14
audio-0751	0751 - Michelle Gurevich - Michelle Gurevich - Russian Ballerina [8RXOExuS690].webm	0751 - Michelle Gurevich - Michelle Gurevich - Russian Ballerina [8RXOExuS690].webm	8RXOExuS690	4.8678178787231445	317.4632291666667	48000	2	2026-09-09 04:11:15
audio-0752	0752 - Dreamers Inc., Mikis Theodorakis, Meditelectro, Melina Mercouri - Love Theme from ＂Phaedra＂ [wBmuPrpFkLg].webm	0752 - Dreamers Inc., Mikis Theodorakis, Meditelectro, Melina Mercouri - Love Theme from ＂Phaedra＂ [wBmuPrpFkLg].webm	wBmuPrpFkLg	5.469174385070801	330.0	48000	2	2026-09-09 04:11:15
audio-0753	0753 - Peter Schilling - Peter Schilling - Major Tom (Völlig losgelöst) (SWR 1 Hitparade, Official Live Video) [lJbSJCpb8Mo].webm	0753 - Peter Schilling - Peter Schilling - Major Tom (Völlig losgelöst) (SWR 1 Hitparade, Official Live Video) [lJbSJCpb8Mo].webm	lJbSJCpb8Mo	5.686953544616699	377.0108125	48000	2	2026-09-09 04:11:15
audio-0754	0754 - piasrecordings - Agnes Obel - Riverside (Official Video) [vjncyiuwwXQ].webm	0754 - piasrecordings - Agnes Obel - Riverside (Official Video) [vjncyiuwwXQ].webm	vjncyiuwwXQ	3.8667030334472656	229.32029166666663	48000	2	2026-09-09 04:11:15
audio-0755	0755 - Franz Ferdinand - Alex Kapranos & Clara Luciani - Summer Wine (Official Video) [ZkgX6pVAX2U].webm	0755 - Franz Ferdinand - Alex Kapranos & Clara Luciani - Summer Wine (Official Video) [ZkgX6pVAX2U].webm	ZkgX6pVAX2U	4.177492141723633	273.408	48000	2	2026-09-09 04:11:15
audio-0756	0756 - Sworr. - Sworr. - Fluorescence Pt.2 [gSkPyTp6uPo].webm	0756 - Sworr. - Sworr. - Fluorescence Pt.2 [gSkPyTp6uPo].webm	gSkPyTp6uPo	5.931730270385742	355.264	48000	2	2026-09-09 04:11:16
audio-0757	0757 - CHARLES - CHARLES - Far Gone [3TKv_yLkHIk].webm	0757 - CHARLES - CHARLES - Far Gone [3TKv_yLkHIk].webm	3TKv_yLkHIk	3.0150909423828125	190.61333333333337	48000	2	2026-09-09 04:11:16
audio-0759	0759 - Deva (Дeva) - Deva - Unglitched [7Vfw89Q_jd0].webm	0759 - Deva (Дeva) - Deva - Unglitched [7Vfw89Q_jd0].webm	7Vfw89Q_jd0	5.809678077697754	355.62522916666666	48000	2	2026-09-09 04:11:16
audio-0760	0760 - Ville Valo, Natalia Avelon - Summer Wine (Single Edit) [KIvz5zYXCoI].webm	0760 - Ville Valo, Natalia Avelon - Summer Wine (Single Edit) [KIvz5zYXCoI].webm	KIvz5zYXCoI	3.697464942932129	232.77310416666663	48000	2	2026-09-09 04:11:16
audio-0761	0761 - The Ed Sullivan Show - Nancy Sinatra & Lee Hazlewood ＂Summer Wine＂ on The Ed Sullivan Show [nbtKHrI-OAs].webm	0761 - The Ed Sullivan Show - Nancy Sinatra & Lee Hazlewood ＂Summer Wine＂ on The Ed Sullivan Show [nbtKHrI-OAs].webm	nbtKHrI-OAs	2.916884422302246	227.63683333333333	48000	2	2026-09-09 04:11:16
audio-0762	0762 - Daylight Music - The Saxophones - Picture [6U5idC9SgOE].webm	0762 - Daylight Music - The Saxophones - Picture [6U5idC9SgOE].webm	6U5idC9SgOE	2.661402702331543	192.74885416666663	48000	2	2026-09-09 04:11:16
audio-0763	0763 - Máni Orrason - You're Acting Like a Fool [7aBh5G9Py0c].webm	0763 - Máni Orrason - You're Acting Like a Fool [7aBh5G9Py0c].webm	7aBh5G9Py0c	4.71113395690918	298.44595833333335	48000	2	2026-09-09 04:11:17
audio-0764	0764 - Jarosław Lewandowski - Bajm - Nie Ma Wody Na Pustyni [FlXc0GzUmFM].webm	0764 - Jarosław Lewandowski - Bajm - Nie Ma Wody Na Pustyni [FlXc0GzUmFM].webm	FlXc0GzUmFM	3.718388557434082	237.07575	48000	2	2026-09-09 04:11:17
audio-0765	0765 - Hurray for the Riff Raff - Jealous Guy [vXb2s0CEmgA].webm	0765 - Hurray for the Riff Raff - Jealous Guy [vXb2s0CEmgA].webm	vXb2s0CEmgA	3.6150712966918945	207.49333333333337	48000	2	2026-09-09 04:11:17
audio-0766	0766 - KEXP - Andrew Bird - Are You Serious (Live on KEXP) [DCFZpwX0gPo].webm	0766 - KEXP - Andrew Bird - Are You Serious (Live on KEXP) [DCFZpwX0gPo].webm	DCFZpwX0gPo	4.748278617858887	300.09470833333336	48000	2	2026-09-09 04:11:17
audio-0767	0767 - Göran Söllscher - J.S. Bach： Suite in E Major, BWV 1006a： VI. Bourrée [6YHyoWxr7iA].webm	0767 - Göran Söllscher - J.S. Bach： Suite in E Major, BWV 1006a： VI. Bourrée [6YHyoWxr7iA].webm	6YHyoWxr7iA	2.0689525604248047	111.16	48000	2	2026-09-09 04:11:17
audio-0768	0768 - Weval - Weval - 'Changed for the Better' (Official Audio) [q12YnJ_9y4Q].webm	0768 - Weval - Weval - 'Changed for the Better' (Official Audio) [q12YnJ_9y4Q].webm	q12YnJ_9y4Q	5.818934440612793	346.7733333333333	48000	2	2026-09-09 04:11:17
audio-0769	0769 - NA - French 79 feat. Sarah Rebecca - Diamond Veins [p-ZvHDaR72Q].webm	0769 - NA - French 79 feat. Sarah Rebecca - Diamond Veins [p-ZvHDaR72Q].webm	p-ZvHDaR72Q	3.800370216369629	240.64	48000	2	2026-09-09 04:11:18
audio-0770	0770 - Poker Flat Recordings - Trentemøller - Moan (Trentemøller Remix) [5vkj-t1ytzo].webm	0770 - Poker Flat Recordings - Trentemøller - Moan (Trentemøller Remix) [5vkj-t1ytzo].webm	5vkj-t1ytzo	3.5624332427978516	212.3733333333333	48000	2	2026-09-09 04:11:18
audio-0771	0771 - Melanie De Biasio - Afro Blue [0b-O9NHwBxM].webm	0771 - Melanie De Biasio - Afro Blue [0b-O9NHwBxM].webm	0b-O9NHwBxM	4.537735939025879	273.2266666666667	48000	2	2026-09-09 04:11:18
audio-0772	0772 - Tom Waits - Tom Waits - ＂Underground＂ [vaTSQzYIR3U].webm	0772 - Tom Waits - Tom Waits - ＂Underground＂ [vaTSQzYIR3U].webm	vaTSQzYIR3U	2.006711006164551	120.383875	48000	2	2026-09-09 04:11:18
audio-0773	0773 - moriartyofficiel - Moriarty - History of Violence - Official video [5oz-d_OrIH8].webm	0773 - moriartyofficiel - Moriarty - History of Violence - Official video [5oz-d_OrIH8].webm	5oz-d_OrIH8	4.280095100402832	256.53333333333336	48000	2	2026-09-09 04:11:18
audio-0774	0774 - melaniedebiasio - Melanie De Biasio - Your Freedom is the End Of Me «the arena of failed obsessions» (Official Video) [W0We6e7bZfA].webm	0774 - melaniedebiasio - Melanie De Biasio - Your Freedom is the End Of Me «the arena of failed obsessions» (Official Video) [W0We6e7bZfA].webm	W0We6e7bZfA	3.675359725952149	231.616	48000	2	2026-09-09 04:11:19
audio-0775	0775 - Elephanz - Bullitt (Bonus Track) [bYH4tjf6rbM].webm	0775 - Elephanz - Bullitt (Bonus Track) [bYH4tjf6rbM].webm	bYH4tjf6rbM	3.1425180435180664	199.16	48000	2	2026-09-09 04:11:19
audio-0776	0776 - Alter K - French 79 - Diamond Veins (feat. Sarah Rebecca) (Kid Francescoli Remix) [FpnXnQqVrBQ].webm	0776 - Alter K - French 79 - Diamond Veins (feat. Sarah Rebecca) (Kid Francescoli Remix) [FpnXnQqVrBQ].webm	FpnXnQqVrBQ	4.313611030578613	240.5006875	48000	2	2026-09-09 04:11:19
audio-0777	0777 - JPATTERSSON - JPATTERSSON - Rakoon Riddim (Original Version) [fQDFccKX-T0].webm	0777 - JPATTERSSON - JPATTERSSON - Rakoon Riddim (Original Version) [fQDFccKX-T0].webm	fQDFccKX-T0	8.419675827026367	452.022875	48000	2	2026-09-09 04:11:19
audio-0778	0778 - deadcombomusic - DEAD COMBO ＂Esse Olhar Que Era Só Teu＂ [sxwIWwdBWzY].webm	0778 - deadcombomusic - DEAD COMBO ＂Esse Olhar Que Era Só Teu＂ [sxwIWwdBWzY].webm	sxwIWwdBWzY	6.028449058532715	372.26233333333334	48000	2	2026-09-09 04:11:19
audio-0779	0779 - Gaiea Sanskrit - Buddhist Heart Sutra in Sanskrit [FZ0w4B80uZA].webm	0779 - Gaiea Sanskrit - Buddhist Heart Sutra in Sanskrit [FZ0w4B80uZA].webm	FZ0w4B80uZA	17.702332496643066	1127.9673541666666	48000	2	2026-09-09 04:11:19
audio-0782	0782 - Gaiea Sanskrit - Om Mani Padme Hum ｜ I Am Home [BcPDKk_QKY8].webm	0782 - Gaiea Sanskrit - Om Mani Padme Hum ｜ I Am Home [BcPDKk_QKY8].webm	BcPDKk_QKY8	12.541922569274902	777.3866666666667	48000	2	2026-09-09 04:11:20
audio-0784	0784 - Charlotte Adigéry & Bolis Pupul - Charlotte Adigéry & Bolis Pupul - HAHA (Official Video) [XaajTBCFRNw].webm	0784 - Charlotte Adigéry & Bolis Pupul - Charlotte Adigéry & Bolis Pupul - HAHA (Official Video) [XaajTBCFRNw].webm	XaajTBCFRNw	2.066082000732422	120.00072916666667	48000	2	2026-09-09 04:11:20
audio-0785	0785 - Parov Stelar - Parov Stelar feat. Graham Candy - The Sun (Official Video) [WTrNsAsjEmY].webm	0785 - Parov Stelar - Parov Stelar feat. Graham Candy - The Sun (Official Video) [WTrNsAsjEmY].webm	WTrNsAsjEmY	2.9162044525146484	177.40045833333335	48000	2	2026-09-09 04:11:20
audio-0787	0787 - Benjamin Clementine - Benjamin Clementine - Nemesis [ugGN_Z1jPoM].webm	0787 - Benjamin Clementine - Benjamin Clementine - Nemesis [ugGN_Z1jPoM].webm	ugGN_Z1jPoM	4.1165266036987305	248.24454166666663	48000	2	2026-09-09 04:11:20
audio-0788	0788 - Holak - Holak – Po prostu pastelowe (Official Visualizer) [qFcPtHOFqQo].webm	0788 - Holak - Holak – Po prostu pastelowe (Official Visualizer) [qFcPtHOFqQo].webm	qFcPtHOFqQo	2.376326560974121	148.50322916666667	48000	2	2026-09-09 04:11:20
audio-0789	0789 - Agnes Obel - Agnes Obel - Familiar (Official Video) [32kYH6XZrIo].webm	0789 - Agnes Obel - Agnes Obel - Familiar (Official Video) [32kYH6XZrIo].webm	32kYH6XZrIo	4.240508079528809	265.8917083333333	48000	2	2026-09-09 04:11:20
audio-0790	0790 - Federico Albanese - Federico Albanese, Ghostpoet - Feel Again [0r19u09L4ss].webm	0790 - Federico Albanese - Federico Albanese, Ghostpoet - Feel Again [0r19u09L4ss].webm	0r19u09L4ss	3.698675155639648	214.761375	48000	2	2026-09-09 04:11:21
audio-0791	0791 - The Dø - Anita No! [U9Y1is8KVIQ].webm	0791 - The Dø - Anita No! [U9Y1is8KVIQ].webm	U9Y1is8KVIQ	2.73153305053711	183.71045833333332	48000	2	2026-09-09 04:11:21
audio-0792	0792 - Fran Palermo - Fran Palermo ~ Am I Right Boy [g2yI-jZ6iUM].webm	0792 - Fran Palermo - Fran Palermo ~ Am I Right Boy [g2yI-jZ6iUM].webm	g2yI-jZ6iUM	2.7126998901367188	173.7085	48000	2	2026-09-09 04:11:21
audio-0793	0793 - Moshi Moshi Music - The Wave Pictures - Spaghetti [1m01ZvF7QHY].webm	0793 - Moshi Moshi Music - The Wave Pictures - Spaghetti [1m01ZvF7QHY].webm	1m01ZvF7QHY	3.0669116973876953	247.48989583333332	48000	2	2026-09-09 04:11:21
audio-0794	0794 - Melanie Pain - Melanie Pain ＂Bye Bye Manchester＂ [sLSDsuWZibM].webm	0794 - Melanie Pain - Melanie Pain ＂Bye Bye Manchester＂ [sLSDsuWZibM].webm	sLSDsuWZibM	3.073237419128418	194.24	48000	2	2026-09-09 04:11:21
audio-0795	0795 - Indra Rios-Moore - Money [ufjKVzKWZNw].webm	0795 - Indra Rios-Moore - Money [ufjKVzKWZNw].webm	ufjKVzKWZNw	3.8434743881225586	249.45333333333335	48000	2	2026-09-09 04:11:22
audio-0796	0796 - Frank Sinatra - It Was A Very Good Year (2008 Remastered) [TeDfgUvyKHk].webm	0796 - Frank Sinatra - It Was A Very Good Year (2008 Remastered) [TeDfgUvyKHk].webm	TeDfgUvyKHk	4.537036895751953	266.97333333333336	48000	2	2026-09-09 04:11:22
audio-0797	0797 - KEXP - The Colorist Orchestra & Emiliana Torrini - Jungle Drum (Live on KEXP) [53u2BSVY6yI].webm	0797 - KEXP - The Colorist Orchestra & Emiliana Torrini - Jungle Drum (Live on KEXP) [53u2BSVY6yI].webm	53u2BSVY6yI	2.5096664428710938	166.76572916666666	48000	2	2026-09-09 04:11:22
audio-0798	0798 - Phil Coulter, David L. Cooke, Dermot Byrne - Coultergeist [pvkUA-cnSpI].webm	0798 - Phil Coulter, David L. Cooke, Dermot Byrne - Coultergeist [pvkUA-cnSpI].webm	pvkUA-cnSpI	4.561285972595215	260.26666666666665	48000	2	2026-09-09 04:11:22
audio-0799	0799 - Noir Désir - L'enfant roi [r2hQR3HV7dY].webm	0799 - Noir Désir - L'enfant roi [r2hQR3HV7dY].webm	r2hQR3HV7dY	5.753850936889648	363.64	48000	2	2026-09-09 04:11:22
audio-0800	0800 - L.E.J - L.E.J - JIMMY (Moriarty Cover) [PaoFq3xYhgs].webm	0800 - L.E.J - L.E.J - JIMMY (Moriarty Cover) [PaoFq3xYhgs].webm	PaoFq3xYhgs	3.4897241592407227	238.00454166666665	48000	2	2026-09-09 04:11:22
audio-0801	0801 - Polskie Piosenki - Edmund Fetting - Nim wstanie dzień [p266UtzxCpo].webm	0801 - Polskie Piosenki - Edmund Fetting - Nim wstanie dzień [p266UtzxCpo].webm	p266UtzxCpo	3.755081176757813	185.678375	48000	2	2026-09-09 04:11:23
audio-0802	0802 - Jose Armando Peñarreal de Velasco - Mieczysław Fogg - Już nigdy 1968 r. [dctK6uzkaqE].webm	0802 - Jose Armando Peñarreal de Velasco - Mieczysław Fogg - Już nigdy 1968 r. [dctK6uzkaqE].webm	dctK6uzkaqE	2.358030319213867	171.97860416666666	48000	2	2026-09-09 04:11:23
audio-0803	0803 - Polskie Nagrania - Breakout - Kiedy byłem małym chłopcem [Official Audio] [lWXSUuosxtk].webm	0803 - Polskie Nagrania - Breakout - Kiedy byłem małym chłopcem [Official Audio] [lWXSUuosxtk].webm	lWXSUuosxtk	3.243657112121582	194.73416666666665	48000	2	2026-09-09 04:11:23
audio-0804	0804 - Dawne Melodie - Alicja Majewska    Dawne Melodie   Odkryjemy miłość nieznaną [reEHRU-GktU].webm	0804 - Dawne Melodie - Alicja Majewska    Dawne Melodie   Odkryjemy miłość nieznaną [reEHRU-GktU].webm	reEHRU-GktU	3.364561080932617	216.07329166666668	48000	2	2026-09-09 04:11:23
audio-0805	0805 - Artur Andrus - Cieszyńska [2g96Ra9V8Ik].webm	0805 - Artur Andrus - Cieszyńska [2g96Ra9V8Ik].webm	2g96Ra9V8Ik	3.1008129119873047	185.90666666666667	48000	2	2026-09-09 04:11:23
audio-0806	0806 - Dominic Marsh, Jonny Jones - Dark Cloud [cT0iPKbWB-g].webm	0806 - Dominic Marsh, Jonny Jones - Dark Cloud [cT0iPKbWB-g].webm	cT0iPKbWB-g	2.2757740020751953	141.14075	48000	2	2026-09-09 04:11:24
audio-0807	0807 - piszczyk90 - Eugeniusz Bodo - Sex appeal [FSKvi5sB1Po].webm	0807 - piszczyk90 - Eugeniusz Bodo - Sex appeal [FSKvi5sB1Po].webm	FSKvi5sB1Po	2.0586423873901367	147.92272916666667	48000	2	2026-09-09 04:11:24
audio-0808	0808 - Mystic Production TV - Artur Andrus - Nazywali go Marynarz - szanta narciarska (official video) [UiAvNcMDEw4].webm	0808 - Mystic Production TV - Artur Andrus - Nazywali go Marynarz - szanta narciarska (official video) [UiAvNcMDEw4].webm	UiAvNcMDEw4	2.5411834716796875	158.37170833333334	48000	2	2026-09-09 04:11:24
audio-0809	0809 - Xerdax - Marek Grechuta i Maryla Rodowicz - Gaj [DYa8VhShHD0].webm	0809 - Xerdax - Marek Grechuta i Maryla Rodowicz - Gaj [DYa8VhShHD0].webm	DYa8VhShHD0	2.24515151977539	152.04427083333334	48000	2	2026-09-09 04:11:24
audio-0810	0810 - MartwicaSluchu - Krystyna Prońko - Psalm stojących w kolejce [aU-3t8Wav7U].webm	0810 - MartwicaSluchu - Krystyna Prońko - Psalm stojących w kolejce [aU-3t8Wav7U].webm	aU-3t8Wav7U	3.4777088165283203	199.1575625	48000	2	2026-09-09 04:11:24
audio-0811	0811 - Agnes Obel - Agnes Obel - The Curse (Berlin Live Session) [j1wgaFJ0750].webm	0811 - Agnes Obel - Agnes Obel - The Curse (Berlin Live Session) [j1wgaFJ0750].webm	j1wgaFJ0750	5.597891807556152	433.9693541666667	48000	2	2026-09-09 04:11:24
audio-0812	0812 - Burberry acoustic (Restore) - Burberry Acoustic - L.A. Salami ＂When The Poet Sings＂ [NvELDT7uBy4].webm	0812 - Burberry acoustic (Restore) - Burberry Acoustic - L.A. Salami ＂When The Poet Sings＂ [NvELDT7uBy4].webm	NvELDT7uBy4	4.553709983825684	332.8	48000	2	2026-09-09 04:11:25
audio-0813	0813 - Kwaidanrecords - Skye - Call Me [4rWDbnI8XlM].webm	0813 - Kwaidanrecords - Skye - Call Me [4rWDbnI8XlM].webm	4rWDbnI8XlM	3.198495864868164	190.54295833333333	48000	2	2026-09-09 04:11:25
audio-0814	0814 - Trio SR9, Sandra Nkaké - Video Games (Radio edit) [KUTrOpHcaYs].webm	0814 - Trio SR9, Sandra Nkaké - Video Games (Radio edit) [KUTrOpHcaYs].webm	KUTrOpHcaYs	4.530805587768555	261.32610416666665	48000	2	2026-09-09 04:11:25
audio-0815	0815 - North Shore Sessions - Haley Bonar ｜ Eat For Free ｜ NORTH SHORE SESSIONS [6go0xpg4DsE].webm	0815 - North Shore Sessions - Haley Bonar ｜ Eat For Free ｜ NORTH SHORE SESSIONS [6go0xpg4DsE].webm	6go0xpg4DsE	5.148188591003418	324.992	48000	2	2026-09-09 04:11:25
audio-0816	0816 - UndergroundSun - Iyeoka – Baba (Official Audio) [9XvLtpDugHA].webm	0816 - UndergroundSun - Iyeoka – Baba (Official Audio) [9XvLtpDugHA].webm	9XvLtpDugHA	5.022095680236816	309.3826875	48000	2	2026-09-09 04:11:25
audio-0817	0817 - moriartyofficiel - Moriarty -  When I Ride (audio) [4DYE3Qu4m-s].webm	0817 - moriartyofficiel - Moriarty -  When I Ride (audio) [4DYE3Qu4m-s].webm	4DYE3Qu4m-s	3.683622360229492	233.536	48000	2	2026-09-09 04:11:26
audio-0819	0819 - Festival Group - RENATA PRZEMYK - Babę zesłał Bóg ｜ TOP OF THE TOP Sopot Festival 2024 [_8ZLiqZYEiI].webm	0819 - Festival Group - RENATA PRZEMYK - Babę zesłał Bóg ｜ TOP OF THE TOP Sopot Festival 2024 [_8ZLiqZYEiI].webm	_8ZLiqZYEiI	3.437416076660156	224.768	48000	2	2026-09-09 04:11:26
audio-0820	0820 - Hey - [sic!] [1B06IzkOxKQ].webm	0820 - Hey - [sic!] [1B06IzkOxKQ].webm	1B06IzkOxKQ	3.045808792114258	204.17333333333335	48000	2	2026-09-09 04:11:26
audio-0821	0821 - Agata Pankow - Brodka - Granda [D1CjdBPmIzg].webm	0821 - Agata Pankow - Brodka - Granda [D1CjdBPmIzg].webm	D1CjdBPmIzg	3.165925979614258	213.2636875	48000	2	2026-09-09 04:11:26
audio-0822	0822 - KayaxTV - Zakopower - Gyöngy Hajú lány (Official Audio) [WgxaD8aWLaQ].webm	0822 - KayaxTV - Zakopower - Gyöngy Hajú lány (Official Audio) [WgxaD8aWLaQ].webm	WgxaD8aWLaQ	3.5802507400512695	228.9139375	48000	2	2026-09-09 04:11:26
audio-0823	0823 - Maanam - Jeśli Chcesz (2011 Remaster) [tpoPCrfH1oQ].webm	0823 - Maanam - Jeśli Chcesz (2011 Remaster) [tpoPCrfH1oQ].webm	tpoPCrfH1oQ	2.6745147705078125	175.58666666666667	48000	2	2026-09-09 04:11:27
audio-0824	0824 - Mute - Balanescu Quartet - The Model (Short Circuit presents Mute 2011) [QH_VKWStK98].webm	0824 - Mute - Balanescu Quartet - The Model (Short Circuit presents Mute 2011) [QH_VKWStK98].webm	QH_VKWStK98	4.390686988830566	260.6904375	48000	2	2026-09-09 04:11:27
audio-0825	0825 - Martha Wainwright - The Wainwright Sisters - El Condor Pasa [I2JmeK_DoXU].webm	0825 - Martha Wainwright - The Wainwright Sisters - El Condor Pasa [I2JmeK_DoXU].webm	I2JmeK_DoXU	3.868916511535645	268.544	48000	2	2026-09-09 04:11:27
audio-0826	0826 - L.U.C.Films - L.U.C. Renata Przemyk & Rebel Babel Ensemble - Dom Sąsiedni - Dialog 2 [oV7bAn7N3vQ].webm	0826 - L.U.C.Films - L.U.C. Renata Przemyk & Rebel Babel Ensemble - Dom Sąsiedni - Dialog 2 [oV7bAn7N3vQ].webm	oV7bAn7N3vQ	6.060466766357422	395.04	48000	2	2026-09-09 04:11:27
audio-0827	0827 - Parov Stelar - Parov Stelar - Lost In Amsterdam (Official Audio) [5tp1tAE6k0E].webm	0827 - Parov Stelar - Parov Stelar - Lost In Amsterdam (Official Audio) [5tp1tAE6k0E].webm	5tp1tAE6k0E	3.1815338134765625	206.05866666666665	48000	2	2026-09-09 04:11:27
audio-0828	0828 - Clara Ysé - Libertad [ujd1rGEmMkE].webm	0828 - Clara Ysé - Libertad [ujd1rGEmMkE].webm	ujd1rGEmMkE	4.324843406677246	282.91372916666666	48000	2	2026-09-09 04:11:28
audio-0829	0829 - Hindi Zahra - Hindi Zahra - The Moon feat. House of Spirituals (Official video) [qTWdm74RUnE].webm	0829 - Hindi Zahra - Hindi Zahra - The Moon feat. House of Spirituals (Official video) [qTWdm74RUnE].webm	qTWdm74RUnE	4.2155914306640625	276.88533333333334	48000	2	2026-09-09 04:11:28
audio-0830	0830 - Jyoti Mishra - White Town - Your Woman (Official HD Video) [lVL-zZnD3VU].webm	0830 - Jyoti Mishra - White Town - Your Woman (Official HD Video) [lVL-zZnD3VU].webm	lVL-zZnD3VU	3.5808591842651367	260.17960416666665	48000	2	2026-09-09 04:11:28
audio-0831	0831 - CardinalSessions - Villagers - Memoir - CARDINAL SESSIONS [wJDqHpZUh_c].webm	0831 - CardinalSessions - Villagers - Memoir - CARDINAL SESSIONS [wJDqHpZUh_c].webm	wJDqHpZUh_c	3.473957061767578	226.6964375	48000	2	2026-09-09 04:11:28
audio-0832	0832 - erdmoebeltv - erdmöbel & judith holofernes： hoffnungsmaschine [Ypg4lw0O5CY].webm	0832 - erdmoebeltv - erdmöbel & judith holofernes： hoffnungsmaschine [Ypg4lw0O5CY].webm	Ypg4lw0O5CY	4.871232032775879	310.7626666666667	48000	2	2026-09-09 04:11:28
audio-0835	0835 - MrPzhamz - Cats On Fire - Your Woman [XDYyysPiNaI].webm	0835 - MrPzhamz - Cats On Fire - Your Woman [XDYyysPiNaI].webm	XDYyysPiNaI	2.8940601348876953	175.46160416666666	48000	2	2026-09-09 04:11:29
audio-0836	0836 - Bukahara - Bukahara - Happy (Official Music Video) [js1iDUNSMn0].webm	0836 - Bukahara - Bukahara - Happy (Official Music Video) [js1iDUNSMn0].webm	js1iDUNSMn0	3.5750341415405273	220.20266666666663	48000	2	2026-09-09 04:11:29
audio-0837	0837 - Robi Music - Robi - Ma route (Official video) feat. Dominique A [yvCuurJLwhM].webm	0837 - Robi Music - Robi - Ma route (Official video) feat. Dominique A [yvCuurJLwhM].webm	yvCuurJLwhM	2.7184228897094727	203.08172916666663	48000	2	2026-09-09 04:11:29
audio-0838	0838 - Bukahara - Bukahara - Stein (Official Video) [jpHb7MSE3Dk].webm	0838 - Bukahara - Bukahara - Stein (Official Video) [jpHb7MSE3Dk].webm	jpHb7MSE3Dk	4.219717025756836	261.131625	48000	2	2026-09-09 04:11:29
audio-0839	0839 - COHEN Dinnery ⧸ Drinkery - ＂La Vida De Los Uruguayos＂ -  The Bas Lexter Ensample [QqyURGLMFGk].webm	0839 - COHEN Dinnery ⧸ Drinkery - ＂La Vida De Los Uruguayos＂ -  The Bas Lexter Ensample [QqyURGLMFGk].webm	QqyURGLMFGk	3.9281911849975586	257.67185416666666	48000	2	2026-09-09 04:11:29
audio-0840	0840 - Frenic - 5.Frenic - Travel Alone [QvtmvNrnAXA].webm	0840 - Frenic - 5.Frenic - Travel Alone [QvtmvNrnAXA].webm	QvtmvNrnAXA	3.4402360916137695	216.8395625	48000	2	2026-09-09 04:11:29
audio-0841	0841 - Mystic Production TV - Julia Marcell - Tarantino (Official Video) [5PXAUoSh0-Y].webm	0841 - Mystic Production TV - Julia Marcell - Tarantino (Official Video) [5PXAUoSh0-Y].webm	5PXAUoSh0-Y	3.990224838256836	276.8426666666667	48000	2	2026-09-09 04:11:30
audio-0842	0842 - Antoine Villoutreix - Berlin (Offizielles Video) - Antoine Villoutreix ｜ Chanson Liedermacher deutsch französisch [gaO-_Nwfi7U].webm	0842 - Antoine Villoutreix - Berlin (Offizielles Video) - Antoine Villoutreix ｜ Chanson Liedermacher deutsch französisch [gaO-_Nwfi7U].webm	gaO-_Nwfi7U	3.9205074310302734	254.29333333333332	48000	2	2026-09-09 04:11:30
audio-0843	0843 - pencilquincy - Digger Barnes “YOU CAN’T RUN FROM THE DEVIL” Music Video [0DcTUdMy0-Y].webm	0843 - pencilquincy - Digger Barnes “YOU CAN’T RUN FROM THE DEVIL” Music Video [0DcTUdMy0-Y].webm	0DcTUdMy0-Y	2.626924514770508	174.54441666666668	48000	2	2026-09-09 04:11:30
audio-0845	0845 - Faada Freddy - Faada Freddy - Truth [5rr0zAtdEvw].webm	0845 - Faada Freddy - Faada Freddy - Truth [5rr0zAtdEvw].webm	5rr0zAtdEvw	3.667618751525879	231.01533333333333	48000	2	2026-09-09 04:11:30
audio-0846	0846 - JahanChannel - Lilies of the valley [dWIs89Pub0w].webm	0846 - JahanChannel - Lilies of the valley [dWIs89Pub0w].webm	dWIs89Pub0w	3.251772880554199	206.32091666666668	48000	2	2026-09-09 04:11:30
audio-0847	0847 - Sarah McCoy Official - Beautiful Stranger Official [2hZ2VKaQzu0].webm	0847 - Sarah McCoy Official - Beautiful Stranger Official [2hZ2VKaQzu0].webm	2hZ2VKaQzu0	5.586667060852051	368.941875	48000	2	2026-09-09 04:11:31
audio-0848	0848 - Froggydelight - Ndidi - Sugar Man (Froggy's Session) [vd6SCM0ubJQ].webm	0848 - Froggydelight - Ndidi - Sugar Man (Froggy's Session) [vd6SCM0ubJQ].webm	vd6SCM0ubJQ	3.7413082122802734	222.99285416666663	48000	2	2026-09-09 04:11:31
audio-0849	0849 - buckinny - Dave Brubeck - Take Five [vmDDOFXSgAs].webm	0849 - buckinny - Dave Brubeck - Take Five [vmDDOFXSgAs].webm	vmDDOFXSgAs	4.955379486083984	329.50277083333333	48000	2	2026-09-09 04:11:31
audio-0850	0850 - Iggy Pop - TV Screen (＂Arizona Dream＂ Original Motion Picture Soundtrack) [nCYJetoQsuc].webm	0850 - Iggy Pop - TV Screen (＂Arizona Dream＂ Original Motion Picture Soundtrack) [nCYJetoQsuc].webm	nCYJetoQsuc	5.172957420349121	318.9066666666667	48000	2	2026-09-09 04:11:31
audio-0851	0851 - TV Noir - Martin Kohlstedt - VET (live bei TV Noir) [Wo7j2MBmxJ8].webm	0851 - TV Noir - Martin Kohlstedt - VET (live bei TV Noir) [Wo7j2MBmxJ8].webm	Wo7j2MBmxJ8	5.861096382141113	332.37333333333333	48000	2	2026-09-09 04:11:31
audio-0852	0852 - Rey&Kjavik - Ÿuma - Smek (Rey&Kjavik Remix) [VuEKAq7OQYs].webm	0852 - Rey&Kjavik - Ÿuma - Smek (Rey&Kjavik Remix) [VuEKAq7OQYs].webm	VuEKAq7OQYs	6.207895278930664	366.0277708333333	48000	2	2026-09-09 04:11:32
audio-0853	0853 - Good Songs - L u c a - Wales [A6OSFVD-Eds].webm	0853 - Good Songs - L u c a - Wales [A6OSFVD-Eds].webm	A6OSFVD-Eds	3.8680591583251953	241.4643125	48000	2	2026-09-09 04:11:32
audio-0854	0854 - Yotanka Records - Octave Noire - My Hand in your hands [joPxk1-PVAY].webm	0854 - Yotanka Records - Octave Noire - My Hand in your hands [joPxk1-PVAY].webm	joPxk1-PVAY	4.902074813842773	291.3756041666667	48000	2	2026-09-09 04:11:32
audio-0855	0855 - Trickyofficial - Tricky - New Stole feat. Francesca Belmonte [oE8BsZUW5cs].webm	0855 - Trickyofficial - Tricky - New Stole feat. Francesca Belmonte [oE8BsZUW5cs].webm	oE8BsZUW5cs	2.84506893157959	183.59466666666663	48000	2	2026-09-09 04:11:32
audio-0856	0856 - The Dø - The Dø - Keep Your Lips Sealed - (Official Audio) [2NrqmMu0hqE].webm	0856 - The Dø - The Dø - Keep Your Lips Sealed - (Official Audio) [2NrqmMu0hqE].webm	2NrqmMu0hqE	3.1073198318481445	203.01208333333332	48000	2	2026-09-09 04:11:32
audio-0857	0857 - William Z. Villain - William Z  Villain -- Anybody Gonna Move？ (Official Video) [ZPaS0A5Z0VY].webm	0857 - William Z. Villain - William Z  Villain -- Anybody Gonna Move？ (Official Video) [ZPaS0A5Z0VY].webm	ZPaS0A5Z0VY	3.494072914123535	276.8283125	48000	2	2026-09-09 04:11:33
audio-0858	0858 - SAMMY DECOSTER  - Sammy Decoster - De Glace [clip officiel] [PlFL7DPM7i8].webm	0858 - SAMMY DECOSTER  - Sammy Decoster - De Glace [clip officiel] [PlFL7DPM7i8].webm	PlFL7DPM7i8	3.4265785217285156	223.8868125	48000	2	2026-09-09 04:11:33
audio-0859	0859 - Seayou Records - ATZUR - RUNNING (official video) [jyx4j3h8A-Q].webm	0859 - Seayou Records - ATZUR - RUNNING (official video) [jyx4j3h8A-Q].webm	jyx4j3h8A-Q	3.82025146484375	227.82260416666668	48000	2	2026-09-09 04:11:33
audio-0860	0860 - Polskie Piosenki - Edyta Geppert - Och Zycie, Kocham Cie Nad Zycie [Ha1MG7UbwBI].webm	0860 - Polskie Piosenki - Edyta Geppert - Och Zycie, Kocham Cie Nad Zycie [Ha1MG7UbwBI].webm	Ha1MG7UbwBI	2.731369972229004	177.59783333333334	48000	2	2026-09-09 04:11:33
audio-0861	0861 - Mystic Production TV - Maria Peszek - „Padam＂ (official single) [8SVWV27uQdE].webm	0861 - Mystic Production TV - Maria Peszek - „Padam＂ (official single) [8SVWV27uQdE].webm	8SVWV27uQdE	2.9839553833007812	193.00427083333332	48000	2	2026-09-09 04:11:33
audio-0862	0862 - Enhanced Music Videos - Shivaree - Goodnight Moon (Official Music Video), Full HD (Digitally Remastered and Upscaled) [8gDajTz7vvg].webm	0862 - Enhanced Music Videos - Shivaree - Goodnight Moon (Official Music Video), Full HD (Digitally Remastered and Upscaled) [8gDajTz7vvg].webm	8gDajTz7vvg	3.8039798736572266	241.54558333333333	48000	2	2026-09-09 04:11:33
audio-0863	0863 - Natalia Mateo - Take a Walk On the Wild Side [ecp6oA-BXj8].webm	0863 - Natalia Mateo - Take a Walk On the Wild Side [ecp6oA-BXj8].webm	ecp6oA-BXj8	3.812061309814453	243.31454166666663	48000	2	2026-09-09 04:11:34
audio-0864	0864 - Einstürzende Neubauten - Einstürzende Neubauten - The Garden (Official Video) [MMqC7Wx2-nE].webm	0864 - Einstürzende Neubauten - Einstürzende Neubauten - The Garden (Official Video) [MMqC7Wx2-nE].webm	MMqC7Wx2-nE	4.813925743103027	322.7457708333333	48000	2	2026-09-09 04:11:34
audio-0865	0865 - Catastrophe Waitress - CATASTROPHE WAITRESS ⧸⧸ SILENT TALK ⧸⧸ OFFICIAL VIDEO [a7jIB7gSQcA].webm	0865 - Catastrophe Waitress - CATASTROPHE WAITRESS ⧸⧸ SILENT TALK ⧸⧸ OFFICIAL VIDEO [a7jIB7gSQcA].webm	a7jIB7gSQcA	3.752089500427246	213.80935416666668	48000	2	2026-09-09 04:11:34
audio-0866	0866 - WTPL Music - Felipecha - Matin Du Café (Lyrics) [HZmFnm3BPtQ].webm	0866 - WTPL Music - Felipecha - Matin Du Café (Lyrics) [HZmFnm3BPtQ].webm	HZmFnm3BPtQ	3.105016708374023	187.53597916666664	48000	2	2026-09-09 04:11:34
audio-0867	0867 - Patrick Pierson - FRANCOIZ BREUT- Si Tu Disais [g5qwEzk0FK4].webm	0867 - Patrick Pierson - FRANCOIZ BREUT- Si Tu Disais [g5qwEzk0FK4].webm	g5qwEzk0FK4	2.3386478424072266	146.15802083333332	48000	2	2026-09-09 04:11:34
audio-0868	0868 - Lewis and Leigh - Lewis & Leigh - Heart Don't Want (EP Version 2015) [DUDZDDF7t18].webm	0868 - Lewis and Leigh - Lewis & Leigh - Heart Don't Want (EP Version 2015) [DUDZDDF7t18].webm	DUDZDDF7t18	2.8373260498046875	186.8045416666667	48000	2	2026-09-09 04:11:35
audio-0869	0869 - Vera Sola - Vera Sola - The Colony (Official Video) [1nqJFlm0Ug0].webm	0869 - Vera Sola - Vera Sola - The Colony (Official Video) [1nqJFlm0Ug0].webm	1nqJFlm0Ug0	2.897987365722656	176.33235416666668	48000	2	2026-09-09 04:11:35
audio-0870	0870 - Bree Tranter - Tuesday Fresh Cuts - Bree Tranter [KJJk49F5inc].webm	0870 - Bree Tranter - Tuesday Fresh Cuts - Bree Tranter [KJJk49F5inc].webm	KJJk49F5inc	6.431466102600098	400.9386666666667	48000	2	2026-09-09 04:11:35
audio-0871	0871 - Embassy of Music - Hundreds - Ready Shaking Silent (Official Video) [XRVaP28iRpo].webm	0871 - Embassy of Music - Hundreds - Ready Shaking Silent (Official Video) [XRVaP28iRpo].webm	XRVaP28iRpo	3.1953353881835938	192.256	48000	2	2026-09-09 04:11:35
audio-0872	0872 - Awa Ly - Awa Ly - Let You Down (Music Video) [CeghnqZRg8E].webm	0872 - Awa Ly - Awa Ly - Let You Down (Music Video) [CeghnqZRg8E].webm	CeghnqZRg8E	3.4487266540527344	213.26933333333332	48000	2	2026-09-09 04:11:35
audio-0873	0873 - Slackwax - On the Road Again [MkrQW0vvVvQ].webm	0873 - Slackwax - On the Road Again [MkrQW0vvVvQ].webm	MkrQW0vvVvQ	2.952608108520508	184.20429166666668	48000	2	2026-09-09 04:11:36
audio-0874	0874 - Lor - Lor - Appaloosa (Official Video) [xaW9bFIGBpQ].webm	0874 - Lor - Lor - Appaloosa (Official Video) [xaW9bFIGBpQ].webm	xaW9bFIGBpQ	3.280898094177246	207.296	48000	2	2026-09-09 04:11:36
audio-0875	0875 - Bukahara - Bukahara - Border (Official Video) [qrSBlBXdhR8].webm	0875 - Bukahara - Bukahara - Border (Official Video) [qrSBlBXdhR8].webm	qrSBlBXdhR8	3.925814628601074	235.34585416666667	48000	2	2026-09-09 04:11:36
audio-0876	0876 - Lou Doillon - Lou Doillon - Too Much [ztKpqs5q0lY].webm	0876 - Lou Doillon - Lou Doillon - Too Much [ztKpqs5q0lY].webm	ztKpqs5q0lY	3.7092771530151367	242.81108333333333	48000	2	2026-09-09 04:11:36
audio-0877	0877 - Palatine - PALATINE - BATON ROUGE (Clip officiel) [fekQzQsxHJs].webm	0877 - Palatine - PALATINE - BATON ROUGE (Clip officiel) [fekQzQsxHJs].webm	fekQzQsxHJs	4.659196853637695	300.1295416666667	48000	2	2026-09-09 04:11:36
audio-0878	0878 - Erman Erim - Hypnagogia [5-4zArqb47s].webm	0878 - Erman Erim - Hypnagogia [5-4zArqb47s].webm	5-4zArqb47s	4.196615219116211	244.3498958333333	48000	2	2026-09-09 04:11:37
audio-0879	0879 - NØ FØRMAT! - Nicolas Repac - In the land of Your soul [y7qS8tKC-5o].webm	0879 - NØ FØRMAT! - Nicolas Repac - In the land of Your soul [y7qS8tKC-5o].webm	y7qS8tKC-5o	3.658409118652344	184.0878125	48000	2	2026-09-09 04:11:37
audio-0880	0880 - mtorringa - Serge Gainsbourg & Jane Birkin - Je t'aime... moi non plus⧸Original videoclip (Fontana 1969) [GlpDf6XX_j0].webm	0880 - mtorringa - Serge Gainsbourg & Jane Birkin - Je t'aime... moi non plus⧸Original videoclip (Fontana 1969) [GlpDf6XX_j0].webm	GlpDf6XX_j0	4.0602264404296875	260.5395208333333	48000	2	2026-09-09 04:11:37
audio-0881	0881 - TiwayoMusic - Tiwayo - Winter Shades (Acoustic) [VYFru-zrnYg].webm	0881 - TiwayoMusic - Tiwayo - Winter Shades (Acoustic) [VYFru-zrnYg].webm	VYFru-zrnYg	2.9628496170043945	211.84727083333337	48000	2	2026-09-09 04:11:37
audio-0883	0883 - TiwayoMusic - Tiwayo -  A Place To Call My Own [ZgFZjB9KuBA].webm	0883 - TiwayoMusic - Tiwayo -  A Place To Call My Own [ZgFZjB9KuBA].webm	ZgFZjB9KuBA	3.175501823425293	209.57866666666663	48000	2	2026-09-09 04:11:37
audio-0884	0884 - deadoralivetv - Dead Or Alive - You Spin Me Round (Like a Record) (Official Video) [PGNiXGX2nLU].webm	0884 - deadoralivetv - Dead Or Alive - You Spin Me Round (Like a Record) (Official Video) [PGNiXGX2nLU].webm	PGNiXGX2nLU	2.9177942276000977	196.6498125	48000	2	2026-09-09 04:11:38
audio-0885	0885 - John Grant - John Grant - Marz [2hwfkagAYD0].webm	0885 - John Grant - John Grant - Marz [2hwfkagAYD0].webm	2hwfkagAYD0	3.9927682876586914	236.82033333333337	48000	2	2026-09-09 04:11:38
audio-0886	0886 - Audioglobedistro - TEHO TEARDO & BLIXA BARGELD - Come Up And See Me (not the video) [SPPGv-gp9ww].webm	0886 - Audioglobedistro - TEHO TEARDO & BLIXA BARGELD - Come Up And See Me (not the video) [SPPGv-gp9ww].webm	SPPGv-gp9ww	4.81529426574707	285.73316666666665	48000	2	2026-09-09 04:11:38
audio-0887	0887 - Chart Collective, Chart Collective - Get the Party Started (Originally Performed By Shirley Bassey) (Full Vocal Version) [hmu5aGX-brY].webm	0887 - Chart Collective, Chart Collective - Get the Party Started (Originally Performed By Shirley Bassey) (Full Vocal Version) [hmu5aGX-brY].webm	hmu5aGX-brY	3.773849487304687	238.92254166666663	48000	2	2026-09-09 04:11:38
audio-0888	0888 - Goran Bregovic - Goran Bregović ft. Asaf Avidan - Baila Leila - new album ＂Three Letters from Sarajevo＂ [9VAwK6IlbB0].webm	0888 - Goran Bregovic - Goran Bregović ft. Asaf Avidan - Baila Leila - new album ＂Three Letters from Sarajevo＂ [9VAwK6IlbB0].webm	9VAwK6IlbB0	4.226291656494141	279.08064583333334	48000	2	2026-09-09 04:11:38
audio-0889	0889 - Zella Day - Zella Day - Crazy Train (Official Music Video) [26U4YMgTcHc].webm	0889 - Zella Day - Zella Day - Crazy Train (Official Music Video) [26U4YMgTcHc].webm	26U4YMgTcHc	4.205990791320801	273.06666666666666	48000	2	2026-09-09 04:11:39
audio-0890	0890 - Alina Orlova - Alina Orlova - Lijo [jqrxX9wXx3M].webm	0890 - Alina Orlova - Alina Orlova - Lijo [jqrxX9wXx3M].webm	jqrxX9wXx3M	1.966660499572754	116.69189583333332	48000	2	2026-09-09 04:11:39
audio-0891	0891 - Frank Sinatra - My Way (2008 Remastered) [qQzdAsjWGPg].webm	0891 - Frank Sinatra - My Way (2008 Remastered) [qQzdAsjWGPg].webm	qQzdAsjWGPg	4.430773735046387	276.25333333333333	48000	2	2026-09-09 04:11:39
audio-0892	0892 - Sylvie Kreusch - Sylvie Kreusch - Belle (live) [Jz7ocXfzt5k].webm	0892 - Sylvie Kreusch - Sylvie Kreusch - Belle (live) [Jz7ocXfzt5k].webm	Jz7ocXfzt5k	4.073174476623535	267.4474583333333	48000	2	2026-09-09 04:11:39
audio-0893	0893 - thebeesmusic - The Bees - Winter Rose [TAImG6OPq0I].webm	0893 - thebeesmusic - The Bees - Winter Rose [TAImG6OPq0I].webm	TAImG6OPq0I	3.083812713623047	239.5835	48000	2	2026-09-09 04:11:39
audio-0894	0894 - Skunk Anansie - Skunk Anansie - What You Do For Love [z6eOKP4c140].webm	0894 - Skunk Anansie - Skunk Anansie - What You Do For Love [z6eOKP4c140].webm	z6eOKP4c140	3.036269187927246	205.89135416666667	48000	2	2026-09-09 04:11:39
audio-0895	0895 - J.Bernardt - J. Bernardt - The Other Man (official video) [z5PMABM0EDk].webm	0895 - J.Bernardt - J. Bernardt - The Other Man (official video) [z5PMABM0EDk].webm	z5PMABM0EDk	6.338773727416992	400.576	48000	2	2026-09-09 04:11:40
audio-0896	0896 - nivmaol - Zorita - Dance Me To The End of Love [mETcXsVJFvI].webm	0896 - nivmaol - Zorita - Dance Me To The End of Love [mETcXsVJFvI].webm	mETcXsVJFvI	2.9441146850585938	182.37866666666667	48000	2	2026-09-09 04:11:40
audio-0897	0897 - ExperienceOneDay - One Day - Official Trailer [9dS5jr7rVdM].webm	0897 - ExperienceOneDay - One Day - Official Trailer [9dS5jr7rVdM].webm	9dS5jr7rVdM	2.2413578033447266	156.92045833333333	48000	2	2026-09-09 04:11:40
audio-0898	0898 - BÜYÜK EV ABLUKADA - Büyük Ev Ablukada - HOŞÇAKAL KADAR   feat. Korhan Futacı  (Canlı Şekli 2019) [v8p7mS2NAHg].webm	0898 - BÜYÜK EV ABLUKADA - Büyük Ev Ablukada - HOŞÇAKAL KADAR   feat. Korhan Futacı  (Canlı Şekli 2019) [v8p7mS2NAHg].webm	v8p7mS2NAHg	13.40333366394043	807.5306666666667	48000	2	2026-09-09 04:11:40
audio-0899	0899 - ImagineDragons - Imagine Dragons - Thunder [fKopy74weus].webm	0899 - ImagineDragons - Imagine Dragons - Thunder [fKopy74weus].webm	fKopy74weus	3.105715751647949	203.97570833333333	48000	2	2026-09-09 04:11:40
audio-0900	0900 - Mystic Production TV - LAO CHE - NIE RAJ (Official Single) [soTn9p3Adpw].webm	0900 - Mystic Production TV - LAO CHE - NIE RAJ (Official Single) [soTn9p3Adpw].webm	soTn9p3Adpw	3.933060646057129	251.089	48000	2	2026-09-09 04:11:41
audio-0901	0901 - Charlie Cunningham - Charlie Cunningham - Minimum [2QQI_mzl_ww].webm	0901 - Charlie Cunningham - Charlie Cunningham - Minimum [2QQI_mzl_ww].webm	2QQI_mzl_ww	3.267578125	194.96533333333332	48000	2	2026-09-09 04:11:41
audio-0902	0902 - Goldkimono - Goldkimono - Electric Swing [RKlrYT82Wrw].webm	0902 - Goldkimono - Goldkimono - Electric Swing [RKlrYT82Wrw].webm	RKlrYT82Wrw	3.118398666381836	182.18666666666667	48000	2	2026-09-09 04:11:41
audio-0903	0903 - Freedom Fry - Rio Grande [Lyric Video] - Freedom Fry (2019) [njjM_HvX9b8].webm	0903 - Freedom Fry - Rio Grande [Lyric Video] - Freedom Fry (2019) [njjM_HvX9b8].webm	njjM_HvX9b8	4.274101257324219	271.4761041666667	48000	2	2026-09-09 04:11:41
audio-0904	0904 - The National - The National - Never Tear Us Apart [K6BQ8aD1AZI].webm	0904 - The National - The National - Never Tear Us Apart [K6BQ8aD1AZI].webm	K6BQ8aD1AZI	3.025263786315918	198.656	48000	2	2026-09-09 04:11:41
audio-0905	0905 - Ran Nir - Ran Nir  - Obsession (Official Video) [C7hK1kgvOIo].webm	0905 - Ran Nir - Ran Nir  - Obsession (Official Video) [C7hK1kgvOIo].webm	C7hK1kgvOIo	3.4068679809570312	213.12435416666668	48000	2	2026-09-09 04:11:42
audio-0906	0906 - R Vincenzo - Onna no Yujyo (1934 Edit) [MA4Vhfm6saw].webm	0906 - R Vincenzo - Onna no Yujyo (1934 Edit) [MA4Vhfm6saw].webm	MA4Vhfm6saw	3.98074722290039	224.41060416666667	48000	2	2026-09-09 04:11:42
audio-0907	0907 - AgualocaTV - Flo - Ça ne tient pas la route (official video) [TFhJJJnVZlw].webm	0907 - AgualocaTV - Flo - Ça ne tient pas la route (official video) [TFhJJJnVZlw].webm	TFhJJJnVZlw	3.520467758178711	225.536	48000	2	2026-09-09 04:11:42
audio-0908	0908 - Eliza Carthy, The Restitution - Space Girl [kdOjFsICxos].webm	0908 - Eliza Carthy, The Restitution - Space Girl [kdOjFsICxos].webm	kdOjFsICxos	4.574306488037109	269.36	48000	2	2026-09-09 04:11:42
