section_id	document_id	collection	document_code	section_order	title_pl	title_en	description_pl	description_en
1	1	rosja	A1	1	Kolumbryna 🐙	Kolumbryna 🐙	Systemowa analiza degradacji Rosji, logiki przetrwania Putina, rozpadu Iranu, transformacji energetycznej i narzędzi analitycznych. Kończy się adversarialną korektą własnych tez.	A systems analysis of Russia's degradation, Putin's survival logic, Iran's disintegration, the energy transition, and analytical tools. It ends with an adversarial correction of its own theses.
2	1	rosja	A1	2	Rozdział 1. Front i spirala OPL — trójkąt spalania	Chapter 1. The Front and the Air-Defence Spiral — the Combustion Triangle	Kurcząca się armia, OPL i uderzenia w rafinerie tworzą sprzężenie degradujące front i zaplecze.	A shrinking army, air defence and strikes on refineries form a feedback loop that degrades both the front and the rear.
3	1	rosja	A1	3	Rozdział 2. Arsenał nuklearny — odstraszanie na papierze	Chapter 2. The Nuclear Arsenal — Deterrence on Paper	Odstraszanie pozostaje, lecz starzejące się nośniki i opóźniony Sarmat ograniczają status supermocarstwa.	Deterrence remains, but ageing delivery systems and the delayed Sarmat programme constrain Russia's superpower status.
4	1	rosja	A1	4	Rozdział 3. Budżet, NWF i paradoks Hormuz	Chapter 3. The Budget, the NWF and the Hormuz Paradox	Wojenny budżet, szybki deficyt i kurczący się NWF zderzone z paradoksem chwilowych zysków z drogiej ropy.	A wartime budget, a rapidly widening deficit and a shrinking NWF collide with the paradox of temporary gains from expensive oil.
5	1	rosja	A1	5	Rozdział 4. Eksport, dewizy i majątek — co jeszcze działa	Chapter 4. Exports, Foreign Currency and Assets — What Still Works	Utrata europejskiego gazu, degradacja eksportu i shadow fleet ograniczają trwały dopływ dewiz.	The loss of European gas markets, degrading exports and the shadow fleet limit the durable inflow of foreign currency.
6	1	rosja	A1	6	Rozdział 5. Infrastruktura się sypie — kolej, rury, samoloty	Chapter 5. Infrastructure Is Falling Apart — Railways, Pipelines, Aircraft	Kolej, rurociągi i lotnictwo ujawniają kumulację wieloletnich zaniedbań, braków części i zdolności odtworzeniowych.	Railways, pipelines and aviation reveal the accumulation of years of neglect, parts shortages and weak replacement capacity.
7	1	rosja	A1	7	Rozdział 6. Społeczeństwo na krawędzi — brain drain, pensje, policja	Chapter 6. Society on the Edge — Brain Drain, Wages, Police	Brain drain, presja płacowa i wakaty w policji osłabiają zdolność państwa do obsługi i kontroli społeczeństwa.	Brain drain, wage pressure and police vacancies weaken the state's capacity to serve and control society.
8	1	rosja	A1	8	Rozdział 7. Bestiariusz — 24 szare nosorożce i ich sprzężenia	Chapter 7. Bestiary — 24 Grey Rhinos and Their Feedback Loops	24 równoległe procesy erozyjne potraktowane jako jeden sprzężony system, nie lista osobnych kryzysów.	Twenty-four parallel erosion processes are treated as one coupled system, not as a list of separate crises.
9	1	rosja	A1	9	Rozdział 8. Patologia informacyjna i dlaczego nie Korea Północna	Chapter 8. Information Pathology and Why This Is Not North Korea	Patologia informacyjna dyktatury i granice analogii Rosji z Koreą Północną.	The information pathology of dictatorship and the limits of comparing Russia with North Korea.
10	1	rosja	A1	10	Rozdział 9. Chemia pożarów, uzależnienie i sezonowość	Chapter 9. Fire Chemistry, Addiction and Seasonality	Pożary i backdraft jako model opóźnionej katastrofy; uzależnienie i sezonowość wzmacniają ryzyko.	Fire and backdraft as a model of delayed catastrophe; addiction and seasonality amplify the risk.
11	1	rosja	A1	11	Rozdział 10. Jest już za późno — konkluzja Części I	Chapter 10. It Is Already Too Late — Conclusion to Part I	Synteza Części I: system przekroczył punkt łatwej autokorekty; dalsze trajektorie ujęte probabilistycznie.	Part I synthesis: the system has passed the point of easy self-correction; further trajectories are framed probabilistically.
12	1	rosja	A1	12	Rozdział 11. Dlaczego to nie jest pytanie o pieniądze	Chapter 11. Why This Is Not a Question of Money	Putin oceniany nie przez dobro Rosji, lecz przez osobistą funkcję celu dyktatora bez bezpiecznej emerytury.	Putin is assessed not through Russia's welfare, but through the personal objective function of a dictator with no safe retirement.
13	1	rosja	A1	13	Rozdział 12. Zasoby, skreślenia i dziewięć scenariuszy desperacji	Chapter 12. Resources, Write-Offs and Nine Scenarios of Desperation	Pozostałe zasoby i dziewięć scenariuszy desperacji, od dealu politycznego po eskalację i scorched earth.	Remaining resources and nine desperation scenarios, from a political deal to escalation and scorched earth.
14	1	rosja	A1	14	Rozdział 13. Kiedy elity odłączą się od Putina?	Chapter 13. When Will the Elites Detach from Putin?	Moment, w którym koszt lojalności elit wobec Putina przewyższa koszt odejścia.	The point at which the cost of elite loyalty to Putin exceeds the cost of defection.
15	1	rosja	A1	15	Rozdział 14. Rozpad irańskiej państwowości i koncepcja operacyjna	Chapter 14. The Disintegration of Iranian Statehood and an Operational Concept	Rozpad koordynacji Iranu otwiera warianty Aras–Zagros i przesuwa układ Kaukazu oraz Zatoki.	The breakdown of Iranian coordination opens Aras–Zagros variants and shifts the balance in the Caucasus and the Gulf.
16	1	rosja	A1	16	Rozdział 15. Mapa aktorów i ryzyka krytyczne	Chapter 15. Actor Map and Critical Risks	Interesy kluczowych aktorów, ich zbieżności i sprzeczności oraz ryzyka, z materiałem jądrowym na czele.	The interests of key actors, their convergences and conflicts, and critical risks, with nuclear material at the top of the list.
17	1	rosja	A1	17	Rozdział 16. Hanza 2.0 — porządek bez architekta	Chapter 16. Hanseatic League 2.0 — Order Without an Architect	Hanza 2.0 jako porządek regionalny utrzymywany interesami i kapitałem, bez jednego architekta.	Hanseatic League 2.0 as a regional order sustained by interests and capital rather than by a single architect.
18	1	rosja	A1	18	Rozdział 17. Od Ormuzu do panelu — struktura, szok i substytucja	Chapter 17. From Hormuz to the Solar Panel — Structure, Shock and Substitution	Szok Ormuz jako impuls do substytucji ropy i gazu oraz przyspieszenia elektryfikacji i OZE.	The Hormuz shock as an impulse to substitute away from oil and gas and accelerate electrification and renewables.
19	1	rosja	A1	19	Rozdział 18. Monopole i topologia władzy	Chapter 18. Monopolies and the Topology of Power	Porównanie monopolu saudyjskiego i chińskiego oraz przejście od scentralizowanej energii do bardziej płaskiej topologii władzy.	A comparison of Saudi and Chinese monopoly structures and the transition from centralised energy to a flatter topology of power.
20	1	rosja	A1	20	Rozdział 19. Disinfolklore i Dark Legitimacy — trucizna i ciemna strona	Chapter 19. Disinfolklore and Dark Legitimacy — Poison and the Dark Side	Disinfolklore i dark legitimacy jako narzędzia opisu dezinformacji i paradoksalnego wzmacniania dyktatury przez ujawnianie patologii.	Disinfolklore and dark legitimacy as tools for describing disinformation and the paradoxical strengthening of dictatorship through exposing pathology.
21	1	rosja	A1	21	Rozdział 20. Źródła, etyka i granice poznania	Chapter 20. Sources, Ethics and the Limits of Knowledge	Źródła, bias, etyka analizy wojny i jawne granice tego, co można uczciwie wnioskować.	Sources, bias, the ethics of analysing war, and explicit limits on what can be inferred honestly.
22	1	rosja	A1	22	Rozdział 21. Steelmanning systemu — Chiny, inercja, zmęczenie Zachodu	Chapter 21. Steelmanning the System — China, Inertia, Western Fatigue	Najmocniejsze argumenty za trwałością systemu: Chiny, inercja, zdolność adaptacji i zmęczenie Zachodu.	The strongest arguments for system durability: China, inertia, adaptive capacity and Western fatigue.
23	1	rosja	A1	23	Rozdział 22. Disinfolklore pod lupą — SWOT i przesłuchanie sądowe	Chapter 22. Disinfolklore Under the Microscope — SWOT and Cross-Examination	SWOT Disinfolklore i adversarialne przesłuchanie metody pod kątem błędów, nadużyć i falsyfikowalności.	A SWOT analysis of Disinfolklore and an adversarial cross-examination of the method for errors, abuse and falsifiability.
24	1	rosja	A1	24	Rozdział 23. Zrewidowana konkluzja — mapa, nie GPS	Chapter 23. Revised Conclusion — A Map, Not GPS	Zrewidowana konkluzja po steelmanningu: analiza jako mapa scenariuszy i prawdopodobieństw, nie precyzyjny GPS.	A revised conclusion after steelmanning: the analysis as a map of scenarios and probabilities, not a precision GPS.
25	2	rosja	A2	1	maj 2026. gradually stalo sie suddenly	May 2026. Gradually Became Suddenly	Aktualizowana analiza przejścia rosyjskiego systemu od narastającej degradacji do zmian jakościowych. Łączy uderzenia, logistykę, energię, politykę i kalibrację prognoz.	An updated analysis of the Russian system's transition from mounting degradation to qualitative change. It connects strikes, logistics, energy, politics and forecast calibration.
26	2	rosja	A2	2	I. Wstęp — co się zmieniło od daty Kolumbryny	I. Introduction — What Has Changed Since Kolumbryna	Od monografii rafinerii do sekwencyjnej analizy systemowego rozkładu Rosji.	From a refinery monograph to a sequential analysis of Russia's systemic decay.
27	2	rosja	A2	3	Zmiana ilościowa — więcej tego samego, ale wykładniczo	Quantitative Change — More of the Same, but Exponentially	Wykładniczy wzrost liczby, częstotliwości i zasięgu ukraińskich uderzeń.	An exponential increase in the number, frequency and reach of Ukrainian strikes.
28	2	rosja	A2	4	Zmiana jakościowa — każdy aspekt wymagał osobnego rozdziału	Qualitative Change — Every Aspect Required Its Own Chapter	Rozszerzenie kampanii z rafinerii na logistykę, Krym, sygnalizację i rynek paliw.	The campaign expands from refineries to logistics, Crimea, signalling and the fuel market.
29	2	rosja	A2	5	Dokument o tym, jak dokument przestał być tym, czym miał być	A Document About How the Document Stopped Being What It Was Supposed to Be	Zmiana z kroniki uderzeń w analizę systemowego rozkładu.	A shift from a chronicle of strikes to an analysis of systemic decay.
30	2	rosja	A2	6	II. Lista uderzeń — okresy dwutygodniowe, od maja tygodniowe	II. Strike List — Fortnightly Periods, Weekly from May Onward	Kotwica po wydzieleniu pełnej kroniki uderzeń do osobnego pliku.	An anchor section after moving the full strike chronology into a separate file.
31	2	rosja	A2	7	III. Nota metodologiczna — wnioskowanie przy braku danych	III. Methodological Note — Inference Under Missing Data	Wariantowe wnioskowanie przy nieznanych danych, bez zgadywania brakujących zmiennych.	Scenario-based inference under unknown data, without guessing the missing variables.
32	2	rosja	A2	8	IV. Galeria celów — analiza najciekawszych uderzeń	IV. Target Gallery — Analysis of the Most Interesting Strikes	Wybrane uderzenia jako przykłady mechanizmów i logiki całej kampanii.	Selected strikes as examples of the mechanisms and logic of the campaign as a whole.
33	2	rosja	A2	9	Cele niekinetyczne — sygnał, doktryna, dekapitacja	Non-Kinetic Targets — Signalling, Doctrine, Decapitation	Presja na percepcję, dowodzenie i morale zamiast wyłącznie celów fizycznych.	Pressure on perception, command and morale rather than on physical targets alone.
34	2	rosja	A2	10	V. Krym jako efekt uboczny — geometria likwidacji	V. Crimea as a Side Effect — The Geometry of Elimination	Izolacja Krymu jako produkt uboczny kampanii przeciw logistyce i energii.	Crimea's isolation as a by-product of the campaign against logistics and energy.
35	2	rosja	A2	11	Trzy wektory zaopatrzenia	Three Supply Vectors	Lądowy, morski i mostowy kanał zaopatrzenia Krymu oraz ich degradacja.	The land, maritime and bridge-based supply channels to Crimea and their degradation.
36	2	rosja	A2	12	Usunięcie cywilów z R-280 — koncesja, nie zarządzanie	Removing Civilians from the R-280 — Concession, Not Management	Usunięcie cywilów z R-280 jako wymuszony kompromis logistyczny Rosji.	Removing civilians from the R-280 as a forced Russian logistical compromise.
37	2	rosja	A2	13	Dekret jest mimowolnym przyznaniem, że dron pokonał tarczę	The Decree Is an Involuntary Admission That the Drone Beat the Shield	Usunięcie cywilów z R-280 jako wymuszona rezygnacja z tarczy.	Removing civilians from the R-280 as a forced abandonment of the shield.
38	2	rosja	A2	14	Most jako przynęta — dlaczego kolejność jest wymuszona	The Bridge as Bait — Why the Sequence Is Constrained	Nietknięty Most Kerczeński wiąże rosyjską OPL i odsłania inne cele.	Leaving the Kerch Bridge untouched ties down Russian air defence and exposes other targets.
39	2	rosja	A2	15	Most kerczeński na poziomie meta — wcześniej, na deser, czy ciągłe ciśnienie (i dlaczego to już poker, nie szachy)	The Kerch Bridge at the Meta Level — Earlier, for Dessert, or Continuous Pressure (and Why This Is Poker Now, Not Chess)	Trzy strategie wobec mostu: wcześniej, na finał albo permanentne ciśnienie.	Three strategies for the bridge: strike earlier, save it for the finale, or maintain permanent pressure.
40	2	rosja	A2	16	Dlaczego port krymski nie wymaga ani jednego drona	Why a Crimean Port Does Not Require a Single Drone	Odcięcie portów Krymu przez uderzanie w rosyjski koniec szlaku morskiego.	Cutting off Crimean ports by striking the Russian end of the maritime route.
41	2	rosja	A2	17	Drugi koniec łańcucha na obu morzach — rejestr portów rosyjskich i okupowanych (bez Krymu)	The Other End of the Chain on Both Seas — Register of Russian and Occupied Ports (Excluding Crimea)	Porty rosyjskie i okupowane jako węzły morskiego łańcucha zaopatrzenia.	Russian and occupied ports as nodes in the maritime supply chain.
42	2	rosja	A2	18	Morze Czarne — rosyjskie wybrzeże Krasnodarskiego	Black Sea — Russia's Krasnodar Coast	Czarnomorskie porty Krasnodaru obsługujące eksport i logistykę wojenną.	Black Sea ports in Krasnodar serving exports and wartime logistics.
43	2	rosja	A2	19	Morze Azowskie — rosyjskie wybrzeże	Sea of Azov — Russian Coast	Rosyjskie porty azowskie jako drugi koniec łańcucha logistycznego.	Russian Azov ports as the other end of the logistics chain.
44	2	rosja	A2	20	Morze Azowskie — porty okupowane (Mariupol, Berdiańsk)	Sea of Azov — Occupied Ports (Mariupol, Berdiansk)	Mariupol i Berdiańsk jako okupowane węzły przeładunkowe na Morzu Azowskim.	Mariupol and Berdiansk as occupied transshipment nodes on the Sea of Azov.
45	2	rosja	A2	21	Krym przekształca się z półwyspu w wyspę	Crimea Is Turning from a Peninsula into an Island	Stopniowa utrata połączeń zamienia Krym w wyspę logistyczną.	The gradual loss of connections is turning Crimea into a logistical island.
46	2	rosja	A2	22	Powolne odcinanie Krymu od prądu — czwarty wektor, ukryty w gąszczu	Slowly Cutting Crimea Off from Electricity — the Fourth Vector, Hidden in the Thicket	Energetyka jako czwarty, równoległy wektor izolowania Krymu.	Energy as a fourth, parallel vector of Crimea's isolation.
47	2	rosja	A2	23	Materialny wynik — kupony na paliwo na Krymie	The Material Result — Fuel Coupons in Crimea	Reglamentacja paliwa jako materialny objaw narastającej izolacji półwyspu.	Fuel rationing as a tangible symptom of the peninsula's mounting isolation.
48	2	rosja	A2	24	Krym nie jest osobnym teatrem — jest efektem zewnętrznym	Crimea Is Not a Separate Theatre — It Is an Externality	Izolacja Krymu jako skutek uboczny szerszej kampanii logistyczno-naftowej.	Crimea's isolation as a side effect of the broader logistics-and-oil campaign.
49	2	rosja	A2	25	Wątki kontynuowane w innych sekcjach	Threads Continued in Other Sections	Odsyłacze do dalszych analiz Krymu: sygnalizacja, paliwa i energetyka.	Pointers to further analyses of Crimea: signalling, fuel and energy.
50	2	rosja	A2	26	VI. Ewolucja typologii celów — co się dywersyfikuje	VI. Evolution of Target Typology — What Is Diversifying	Jak kampania rozszerza się na nowe klasy celów i nowe teatry.	How the campaign is expanding into new target classes and new theatres.
51	2	rosja	A2	27	Matryca 1: kategorie funkcjonalne celów	Matrix 1: Functional Target Categories	Zmiany aktywnych kategorii celów od stycznia do czerwca 2026.	Changes in active target categories from January to June 2026.
52	2	rosja	A2	28	Matryca 2: wektory geograficzne	Matrix 2: Geographic Vectors	Przesuwanie kampanii między Bałtykiem, południem, centrum, Uralem i okupacją.	The campaign shifting among the Baltic, the south, the centre, the Urals and occupied territories.
53	2	rosja	A2	29	Synteza ewolucyjna — co się zmieniło między okresami	Evolutionary Synthesis — What Changed Between Periods	Pięć jakościowych progów dojrzewania kampanii od stycznia do czerwca.	Five qualitative thresholds in the campaign's maturation from January to June.
54	2	rosja	A2	30	Syntetyczne obserwacje (od 04.01.2026)	Synthetic Observations (Since 4 January 2026)	Najważniejsze wzorce: zasięg, dywersyfikacja, kompresja napraw i przeciążenie OPL.	The main patterns: reach, diversification, repair compression and air-defence overload.
55	2	rosja	A2	31	Front Olexandrivka — terytorium jako nowa kategoria celu	Olexandrivka Front — Territory as a New Target Category	Odzyskiwane terytorium jako nowa kategoria skutku kampanii systemowej.	Recovered territory as a new category of outcome produced by the systemic campaign.
56	2	rosja	A2	32	Dlaczego front Olexandrivka wpisuje się w to opracowanie	Why the Olexandrivka Front Belongs in This Analysis	Olexandrivka jako materialny skutek degradacji rosyjskiej logistyki i OPL.	Olexandrivka as a material consequence of degrading Russian logistics and air defence.
57	2	rosja	A2	33	VII. Budanov — gramatyka rozkładu i przebudowy	VII. Budanov — The Grammar of Decay and Reconstruction	Budanow jako rama do czytania rozkładu Rosji, informacji i ukraińskiej przebudowy.	Budanov as a framework for reading Russia's decay, information dynamics and Ukraine's reconstruction.
58	2	rosja	A2	34	"Od „zwycięstwa"" do „jedności"" — czytanie przez przemilczenia"	From “Victory” to “Unity” — Reading Through Omissions	Zmiana słownika Budanowa: mniej „zwycięstwa”, więcej jedności i ryzyk wewnętrznych.	A shift in Budanov's vocabulary: less “victory”, more unity and internal risks.
59	2	rosja	A2	35	"Negative space jako metoda — i jako lustro do „czterech trybów"""	Negative Space as a Method — and as a Mirror for the “Four Modes”	Czytanie nieobecności jako danych: brak słów, działań i dostaw.	Reading absence as data: missing words, actions and deliveries.
60	2	rosja	A2	36	Punkt zwrotny nazwany cztery lata za wcześnie — kalibracja przez własny track record	A Turning Point Named Four Years Too Early — Calibration Against One's Own Track Record	Prognoza z 2022 kierunkowo trafna, lecz przedwczesna o około cztery lata.	A 2022 forecast that was directionally right but roughly four years premature.
61	2	rosja	A2	37	Jednoczesność sprzeczności — logika nieliniowa	The Simultaneity of Contradictions — Nonlinear Logic	Sprzeczne stany traktowane jako równocześnie prawdziwe, bez binarnego wyboru.	Contradictory states treated as simultaneously true, without forcing a binary choice.
62	2	rosja	A2	38	Stoicyzm jako maska operacyjna	Stoicism as an Operational Mask	„Stoicyzm” jako użyteczna maska dla nieliniowego sposobu działania Budanowa.	“Stoicism” as a useful mask for Budanov's nonlinear mode of operation.
63	2	rosja	A2	39	Znać reguły a rozumieć reguły	Knowing the Rules vs Understanding the Rules	Rozumienie reguł pozwala tworzyć nowe kategorie zamiast tylko je łamać.	Understanding rules makes it possible to create new categories rather than merely break existing ones.
64	2	rosja	A2	40	Jedność jako system operacyjny, nie posłuszeństwo	Unity as an Operating System, Not Obedience	Jedność sytuacyjna jako zdolność wspólnej decyzji, nie permanentne posłuszeństwo.	Situational unity as the capacity for joint decision-making, not permanent obedience.
65	2	rosja	A2	41	Antifragile kontra dark legitimacy — odwrócenie modelu rosyjskiego	Antifragile vs Dark Legitimacy — Reversing the Russian Model	Ukraińska jedność jako antykruchość przeciw rosyjskiej dark legitimacy.	Ukrainian unity as antifragility against Russian dark legitimacy.
66	2	rosja	A2	42	"„Po Tupolewa nie idzie się do sklepu z Tupolewami"" — zasada zerwanego łańcucha zastępowalności"	“After a Tupolev, You Don't Go to the Tupolev Shop” — the Broken-Replacement-Chain Principle	Nieodtwarzalne platformy sowieckie: każda strata trwale zmniejsza dostępny zasób.	Irreplaceable Soviet platforms: every loss permanently reduces the available stock.
67	2	rosja	A2	43	Uwaga na marginesie — historia A-50 jako precedens	A Note in the Margin — the A-50 Story as Precedent	Dwa utracone A-50 jako precedens nieodtwarzalnej degradacji zdolności AWACS.	Two lost A-50s as a precedent for irreversible degradation of AWACS capability.
68	2	rosja	A2	44	Mapa Dniepr 9.04.2026 — trzy warstwy fałszowania w jednym artefakcie	Dnipro Map, 9 April 2026 — Three Layers of Falsification in a Single Artefact	Mapa Dniepr pokazuje trzy warstwy fałszowania obrazu frontu wewnątrz systemu.	The Dnipro map shows three layers of falsifying the picture of the front inside the system.
69	2	rosja	A2	45	Saldo i blokada Leningradu — autodemaskacja przez język	Saldo and the Siege of Leningrad — Self-Exposure Through Language	Propagandowa metafora Saldo mimowolnie potwierdza izolację rosyjskiej logistyki.	Saldo's propaganda metaphor inadvertently confirms the isolation of Russian logistics.
70	2	rosja	A2	46	Voenkory pękają — rozszczepienie warstwy milblogerskiej, marzec–maj 2026	The Voenkory Crack — Splitting of the Milblogger Layer, March–May 2026	Rozszczepienie rosyjskich milblogerów jako sygnał pękania dyscypliny narracyjnej.	The fragmentation of Russian milbloggers as a signal that narrative discipline is breaking down.
71	2	rosja	A2	47	"Sokolenko — „prosił, by nikogo nie obwiniać"" jako gramatyka przemilczenia"	Sokolenko — “Asked That No One Be Blamed” as a Grammar of Omission	Komunikat o śmierci Sokolenki analizowany przez gramatykę przemilczeń i formułkę winy.	The announcement of Sokolenko's death analysed through the grammar of omission and the formula of blame.
72	2	rosja	A2	48	"Sokolenko nie jest wyjątkiem — radziecko-rosyjska tradycja „samobójstwa"" elit"	Sokolenko Is Not an Exception — the Soviet-Russian Tradition of Elite “Suicides”	Sokolenko wpisany w szerszy wzorzec niewyjaśnionych śmierci rosyjskich elit.	Sokolenko placed within the broader pattern of unexplained deaths among Russian elites.
73	2	rosja	A2	49	838 stron — precyzja jako broń	838 Pages — Precision as a Weapon	Precyzyjna liczba zabitych oficerów jako narzędzie wiarygodności i presji.	A precise count of killed officers as a tool of credibility and pressure.
74	2	rosja	A2	50	Hipoteza neurodywergencji u szefów wywiadu	The Neurodivergence Hypothesis for Intelligence Chiefs	Hipoteza neurodywergencji jako źródła wzorców poznawczych użytecznych w wywiadzie.	Neurodivergence as a possible source of cognitive patterns useful in intelligence work.
75	2	rosja	A2	51	VIII. Sygnalizacja strategiczna i asymetria opcjonalności	VIII. Strategic Signalling and Asymmetry of Optionality	Uderzenia jako komunikacja strategiczna oraz asymetria dostępnych opcji obu stron.	Strikes as strategic communication and as an asymmetry in the options available to both sides.
76	2	rosja	A2	52	Założenia metodologiczne	Methodological Assumptions	Profesjonalna komunikacja wieloadresatowa: nadawca projektuje możliwe interpretacje odbiorców.	Professional multi-audience communication: the sender designs for the recipients' possible interpretations.
77	2	rosja	A2	53	Studium przypadku: przemówienie Zełeńskiego 17.05.2026	Case Study: Zelenskyy's Speech, 17 May 2026	Wypowiedź Zełenskiego z 17 maja jako sygnał dojrzałej zdolności dalekiego zasięgu.	Zelenskyy's 17 May statement as a signal of mature long-range capability.
78	2	rosja	A2	54	Komunikat wielo-adresatowy — ścieżki interpretacji	A Multi-Audience Message — Interpretation Paths	Ta sama wypowiedź czytana inaczej przez Ukrainę, Rosję, Pekin i korporacje.	The same statement read differently by Ukraine, Russia, Beijing and corporations.
79	2	rosja	A2	55	Sekwencja zobowiązanie → pokaz → efekt skumulowany	Sequence: Commitment → Demonstration → Cumulative Effect	Najpierw zobowiązania polityczne, potem demonstracja zdolności dla maksymalnej wartości sygnału.	Political commitments first, then a capability demonstration to maximise signalling value.
80	2	rosja	A2	56	Logika wstrzymaj i pokaż:	The Hold-and-Show Logic:	Umowy przed demonstracją zwiększają nadwartość i legitymizują wybór partnerów.	Agreements made before the demonstration increase surplus value and legitimise the choice of partners.
81	2	rosja	A2	57	Sygnały wspierające tezę o świadomym wstrzymaniu:	Signals Supporting the Deliberate-Holdback Thesis:	Ślady kontroli rytmu: dobór amunicji, selektywna pauza i ukrywanie maksimum.	Traces of tempo control: ammunition selection, a selective pause and concealment of maximum capability.
82	2	rosja	A2	58	"Alternatywa: ""lipiec przyspieszony przez wojnę w Iranie"""	Alternative: “July Brought Forward by the War in Iran”	Maj politycznie przyspiesza operacyjny plan letni po szoku wojny w Iranie.	May politically accelerates the operational summer plan after the shock of the war in Iran.
83	2	rosja	A2	59	Kampania ujawnienia (17–23.05.2026)	The Reveal Campaign (17–23 May 2026)	Tygodniowa kampania ujawnienia zdolności, wywiadu, broni, doktryny i oczekiwań.	A week-long campaign revealing capability, intelligence, weapons, doctrine and expectations.
84	2	rosja	A2	60	Kluczowe obserwacje strukturalne:	Key Structural Observations:	Wiele kanałów i nadawców jako ślad skoordynowanej kampanii komunikacyjnej.	Multiple channels and senders as evidence of a coordinated communications campaign.
85	2	rosja	A2	61	Druga kampania ujawnienia (25–27.05.2026) — oś białoruska	Second Reveal Campaign (25–27 May 2026) — the Belarus Axis	Białoruś jako oś zsynchronizowanej kampanii dyplomatycznej, odstraszającej i sankcyjnej.	Belarus as an axis of a synchronised diplomatic, deterrent and sanctions campaign.
86	2	rosja	A2	62	Krym jako wyspa logistyczna — transformacja jakościowa korytarza	Crimea as a Logistical Island — Qualitative Transformation of the Corridor	Korytarz lądowy do Krymu przechodzi od degradacji do faktycznej utraty funkcji.	The land corridor to Crimea shifts from degradation to the effective loss of function.
87	2	rosja	A2	63	Europejska oś instytucjonalna — warunki UE wobec Rosji	The European Institutional Axis — EU Conditions for Russia	UE formalizuje warunki wobec Rosji i wzmacnia ukraińską ramę nacisku.	The EU formalises conditions for Russia and reinforces Ukraine's framework of pressure.
88	2	rosja	A2	64	Test dyplomatyczny — kto został w Kijowie	The Diplomatic Test — Who Stayed in Kyiv	Obecność zagranicznych dyplomatów w Kijowie jako test gotowości do ponoszenia ryzyka.	The presence of foreign diplomats in Kyiv as a test of willingness to bear risk.
89	2	rosja	A2	65	Galați — rosyjski dron w bloku mieszkalnym państwa NATO	Galați — a Russian Drone in an Apartment Block in a NATO State	Rosyjski dron w Rumunii jako test granicy między incydentem a odpowiedzią NATO.	A Russian drone in Romania as a test of the boundary between incident and NATO response.
90	2	rosja	A2	66	Gabala — Aliyev jako kandydat na mediatora alternatywnego	Gabala — Aliyev as a Candidate for Alternative Mediation	Aliyev jako alternatywny mediator dzięki rosnącej autonomii Azerbejdżanu od Moskwy.	Aliyev as an alternative mediator thanks to Azerbaijan's growing autonomy from Moscow.
91	2	rosja	A2	67	Pięć przegranych wyborów — piąty front erozji wpływu	Five Lost Elections — the Fifth Front of Influence Erosion	Seria porażek politycznych jako osobny front erozji rosyjskich wpływów.	A series of political defeats as a separate front in the erosion of Russian influence.
92	2	rosja	A2	68	Asymetria katalogów prawomocnych celów (MTK vs PA-I) — i pochwycenie ramy rozejmowej 4–9 maja	Asymmetry of Legitimate Target Sets (MTK vs PA-I) — and Capture of the Ceasefire Frame, 4–9 May	Kontrast legalności celów i przejęcie przez Ukrainę ramy rozejmowo-sankcyjnej.	A contrast in target legality and Ukraine's capture of the ceasefire-and-sanctions frame.
93	2	rosja	A2	69	"Doktryna „long-range sanctions"" — nazwana 16.05, sformalizowana 30.05"	The “Long-Range Sanctions” Doctrine — Named on 16 May, Formalised on 30 May	„Long-range sanctions” jako nazwana polityczna rama ukraińskich uderzeń głębokich.	“Long-range sanctions” as a named political framework for Ukrainian deep strikes.
94	2	rosja	A2	70	Dwa ortogonalne procesy — Proces A (degradacja frontu) i Proces B (strangulacja)	Two Orthogonal Processes — Process A (Front Degradation) and Process B (Strangulation)	Dwa niezależne procesy: degradacja frontu dziś i strangulacja gospodarki jutro.	Two independent processes: degradation of the front today and strangulation of the economy tomorrow.
95	2	rosja	A2	71	Twierdzenie Nyquista — dlaczego tempo bije OODA (dwa ortogonalne procesy)	Nyquist's Theorem — Why Tempo Beats OODA (Two Orthogonal Processes)	Nakładanie dwóch rytmów uderzeń przeciąża rosyjski cykl obserwacji i reakcji.	Two overlapping strike rhythms overload Russia's observation-and-response cycle.
96	2	rosja	A2	72	Dwadzieścia miliardów — liczba jako teza (cena policzona, w zasięgu, podzielna)	Twenty Billion — the Number as a Thesis (Priced, Within Reach, Divisible)	Koszt kampanii liczony jako osiągalna, podzielna inwestycja strategiczna Ukrainy.	The campaign cost framed as an attainable, divisible strategic investment for Ukraine.
97	2	rosja	A2	73	P1-SUN — ta sama tania asymetria, odwrócona w obronę	P1-SUN — the Same Cheap Asymmetry, Reversed into Defence	Tania asymetria dronowa odwrócona z ataku na ochronę ukraińskich celów.	Low-cost drone asymmetry reversed from attack into protection of Ukrainian targets.
98	2	rosja	A2	74	Kubańska anomalia historyczna — czego Rosja nie może przyznać	The Kuban Historical Anomaly — What Russia Cannot Admit	Kubań jako problem dla rosyjskiej narracji historycznej i doktryny Russkij Mir.	Kuban as a problem for Russia's historical narrative and the doctrine of Russkiy Mir.
99	2	rosja	A2	75	Moskwa tonie co lato — trzy wektory jednej kałuży (korupcja, wojna, klimat)	Moscow Floods Every Summer — Three Vectors of One Puddle (Corruption, War, Climate)	Powodzie Moskwy jako wspólny skutek korupcji, wojennej presji i klimatu.	Moscow's floods as a combined effect of corruption, wartime pressure and climate.
100	2	rosja	A2	76	Asymetria opcjonalności (wartość opcji wyboru)	Asymmetry of Optionality (the Value of Having Choices)	Ukraina zachowuje więcej możliwych ruchów; Rosja stopniowo zużywa własne opcje.	Ukraine retains more possible moves; Russia is gradually consuming its own options.
101	2	rosja	A2	77	Cena rezerwy strategicznej UA (szacunek przybliżony):	The Cost of Ukraine's Strategic Reserve (Approximate Estimate):	Przybliżony koszt utrzymywania ukraińskiej rezerwy strategicznej i swobody wyboru.	An approximate cost of maintaining Ukraine's strategic reserve and freedom of choice.
102	2	rosja	A2	78	Rosja świadomie wydała opcjonalność:	Russia Deliberately Spent Its Optionality:	Rosja zużywa zasoby i swobodę działania na podtrzymywanie bieżącej presji.	Russia consumes resources and freedom of action to sustain current pressure.
103	2	rosja	A2	79	Wniosek systemowy	System-Level Conclusion	Przewaga Ukrainy wynika z rosnącej opcjonalności przy kurczących się wyborach Rosji.	Ukraine's advantage stems from growing optionality as Russia's choices contract.
104	2	rosja	A2	80	IX. Atak na Kijów jako odpowiedź — czytanie timingu	IX. The Attack on Kyiv as a Response — Reading the Timing	Timing i Oreshnik jako klucze do odczytania rosyjskiej odpowiedzi na kampanię.	Timing and Oreshnik as keys to reading Russia's response to the campaign.
105	2	rosja	A2	81	Uderzenie w cywilów jest stałą — zmienną jest moment	Strikes on Civilians Are Constant — the Variable Is the Moment	Rosyjskie ataki na cywilów są stałe; informację niesie wybrany moment riposty.	Russian attacks on civilians are constant; the chosen timing of retaliation carries the information.
106	2	rosja	A2	82	Oreshnik — sygnał klasy, nie sygnał rutyny	Oreshnik — a Signal of Class, Not Routine	Rzadkie użycie Oreshnika jako sygnał rangi odpowiedzi, nie skuteczności rażenia.	Rare use of Oreshnik as a signal of the response's rank, not of its destructive effectiveness.
107	2	rosja	A2	83	Nie mogła czy nie chciała — pytania otwarte	Could Not or Chose Not To — Open Questions	Opóźniona odpowiedź: brak zasobów albo przesunięty próg reakcji Rosji.	A delayed response: shortage of resources or a shifted Russian reaction threshold.
108	2	rosja	A2	84	Cztery tryby intencji — asymetria czytania obu stron	Four Modes of Intent — Asymmetry in Reading Both Sides	Cztery modele relacji między intencją, działaniem i zniekształceniem informacji.	Four models of the relationship between intent, action and information distortion.
109	2	rosja	A2	85	Co Oreshnik komunikuje — dodatek do pakietu czy osobne zdanie?	What Oreshnik Communicates — an Addition to the Package or a Separate Sentence?	Oreshnik jako osobny komunikat wewnątrz większego pakietu rakietowego.	Oreshnik as a distinct message within a larger missile package.
110	2	rosja	A2	86	Przeszłość czy przyszłość — riposta czy uprzedzenie	Past or Future — Retaliation or Pre-emption	Czy pocisk jest ripostą za przeszłość, czy ostrzeżeniem wobec przyszłości.	Whether the missile is retaliation for the past or a warning about the future.
111	2	rosja	A2	87	Adresat — wobec kogo nadany	The Addressee — Who Was It Sent To?	Porównanie możliwych odbiorców; Europa jako hipoteza wiodąca.	Comparison of possible audiences; Europe as the leading hypothesis.
112	2	rosja	A2	88	Noga techniczna — dlaczego Oreshnik zagraża właśnie Europie	The Technical Leg — Why Oreshnik Threatens Europe in Particular	Techniczna luka europejskiej obrony przed szybkim pociskiem z wieloma efektorami.	A technical gap in European defence against a fast missile with multiple effectors.
113	2	rosja	A2	89	Oreshnik jako szczebel eskalacji	Oreshnik as a Rung on the Escalation Ladder	Oreshnik jako pośredni szczebel między przemocą konwencjonalną a progiem nuklearnym.	Oreshnik as an intermediate rung between conventional violence and the nuclear threshold.
114	2	rosja	A2	90	Dwa pociski — trzy odczyty jednej liczby	Two Missiles — Three Readings of One Number	Liczba dwóch pocisków rozpisana na trzy konkurencyjne interpretacje.	The number two unpacked into three competing interpretations.
115	2	rosja	A2	91	X. Rejestr predykcji — kalibracja w czasie rzeczywistym	X. Prediction Register — Real-Time Calibration	Bieżące rozliczanie prognoz taktycznych, strukturalnych i doktrynalnych.	Ongoing accounting for tactical, structural and doctrinal forecasts.
116	2	rosja	A2	92	Predykcje taktyczne krótkoterminowe	Short-Term Tactical Predictions	Krótkoterminowe, falsyfikowalne prognozy konkretnych zdarzeń i ich bieżące rozliczenie.	Short-term, falsifiable forecasts of specific events and their ongoing evaluation.
117	2	rosja	A2	93	Predykcje strukturalne	Structural Predictions	Prognozy zmian stanu systemu, nie pojedynczych trafień.	Forecasts of changes in system state rather than individual hits.
118	2	rosja	A2	94	Prognozy zewnętrzne — kalibracja przez niezależne zegary	External Predictions — Calibration Against Independent Clocks	Niezależne zegary zewnętrzne do kalibracji tezy o jesieni 2026.	Independent external clocks used to calibrate the autumn 2026 thesis.
119	2	rosja	A2	95	Predykcja operacyjna — kampania podstacji wysokiego napięcia (lipiec–wrzesień 2026)	Operational Prediction — High-Voltage Substation Campaign (July–September 2026)	Hipoteza systematycznej kampanii na podstacje UES w lipcu–wrześniu 2026.	A hypothesis of a systematic campaign against UES substations in July–September 2026.
120	2	rosja	A2	96	Dlaczego podstacje, nie elektrownie	Why Substations, Not Power Plants	Podstacje jako słabiej bronione i trudniejsze do odtworzenia cele sieciowe.	Substations as less heavily defended network targets that are harder to replace.
121	2	rosja	A2	97	Tempo — jedna co dwa tygodnie jako optymalna kadencja	Tempo — One Every Two Weeks as the Optimal Cadence	Dwutygodniowe tempo: adaptacja bez regeneracji i kontrola ryzyka kaskady.	A fortnightly tempo: adaptation without regeneration and control of cascade risk.
122	2	rosja	A2	98	Maskowanie w gąszczu kampanii	Camouflage in the Thicket of the Campaign	Podstacje ukrywane w pakietach innych celów i informacyjnym szumie kampanii.	Substation strikes hidden within packages of other targets and the campaign's information noise.
123	2	rosja	A2	99	Niemożliwość skonstruowania momentu eskalacji	The Impossibility of Constructing a Single Escalation Moment	Salami slicing uniemożliwia wskazanie pojedynczego wiarygodnego progu eskalacji.	Salami slicing prevents the identification of one credible escalation threshold.
124	2	rosja	A2	100	Projekcja stanu UES na 18 września 2026 — operacyjne rozliczenie P6	Projected State of the UES on 18 September 2026 — Operational Accounting for P6	Nominalna projekcja skumulowanego deficytu UES po sześciu cyklach kampanii.	A nominal projection of cumulative UES shortfall after six campaign cycles.
125	2	rosja	A2	101	Doktryna w dziesięciu punktach — manifest P6	The Doctrine in Ten Points — the P6 Manifesto	Dziesięciopunktowy, falsyfikowalny manifest operacyjny predykcji P6.	A ten-point, falsifiable operational manifesto for prediction P6.
126	2	rosja	A2	102	XI. Kolumbryna kontra rzeczywistość — audyt prognozy po dwóch miesiącach	XI. Kolumbryna vs Reality — Audit of the Forecast After Two Months	Konfrontacja marcowych hipotez Kolumbryny z danymi z maja i czerwca.	A confrontation between Kolumbryna's March hypotheses and data from May and June.
127	2	rosja	A2	103	Bestiariusz po dwóch miesiącach — 24 nosorożce	The Bestiary After Two Months — 24 Rhinos	Status 24 nosorożców po dwóch miesiącach: co przyspieszyło, potwierdziło się lub czeka.	Status of the 24 rhinos after two months: what accelerated, was confirmed or remains pending.
128	2	rosja	A2	104	Pozostałe kategorie bestiariusza — słoń, flamingi, łabędzie, tygrysy	The Remaining Bestiary Categories — Elephant, Flamingos, Swans, Tigers	Rewizja słonia, flamingów, łabędzi i tygrysów poza główną listą nosorożców.	A revision of the elephant, flamingos, swans and tigers outside the main rhino list.
129	2	rosja	A2	105	Gdzie maj przeskoczył kategorię	Where May Jumped a Category	Miejsca, gdzie maj przesunął proces z prognozy do nowej jakościowej kategorii.	Places where May moved a process from forecast into a new qualitative category.
130	2	rosja	A2	106	Zbieżność zegarów — rewizja prognozy	Convergence of the Clocks — Forecast Revision	Niezależne wskaźniki czasowe zbiegające się wokół końca 2026.	Independent timing indicators converging around the end of 2026.
131	2	rosja	A2	107	Patrymonialny grid lock — dlaczego rozkład nie wytwarza natychmiastowego upadku	Patrimonial Gridlock — Why Decay Does Not Produce Immediate Collapse	Sieci klientelistyczne tłumaczą stabilność reżimu mimo narastającego rozkładu.	Clientelist networks explain regime stability despite mounting decay.
132	2	rosja	A2	108	Wniosek audytu	Audit Conclusion	Kierunek Kolumbryny utrzymany, tempo szybsze; systemowego „suddenly” jeszcze nie ma.	Kolumbryna's direction holds and the tempo is faster; the system-level “suddenly” has not arrived yet.
133	2	rosja	A2	109	Detekcja absencji jako metoda OSINT — metareflexja o własnej metodzie	Absence Detection as an OSINT Method — a Meta-Reflection on the Method Itself	Znikanie danych i metryk jako samodzielny sygnał OSINT.	The disappearance of data and metrics as an independent OSINT signal.
134	2	rosja	A2	110	Profil neurokognitywny AuDHD i Mottronowskie enhanced perceptual functioning	The AuDHD Neurocognitive Profile and Mottron's Enhanced Perceptual Functioning	Hipoteza związku profilu poznawczego z wyłapywaniem brakujących elementów wzorca.	A hypothesis linking cognitive profile to the ability to detect missing elements in a pattern.
135	2	rosja	A2	111	Świadome powtarzanie nieodwracalnego błędu — wzorzec instytucjonalny	Deliberately Repeating an Irreversible Error — an Institutional Pattern	Instytucje powtarzają kosztowne błędy mimo jawnej wiedzy o ich skutkach.	Institutions repeat costly mistakes despite explicit knowledge of their consequences.
136	2	rosja	A2	112	XII. Stacje benzynowe i rynek paliw — siedem nakładających się braków	XII. Petrol Stations and the Fuel Market — Seven Overlapping Shortages	Siedem równoległych awarii od przerobu po detal tworzy strukturalny deficyt paliw.	Seven parallel failures, from refining to retail, create a structural fuel deficit.
137	2	rosja	A2	113	Chronologia — od sierpnia 2025 do kuponów	Chronology — from August 2025 to Coupons	Od pierwszych zakłóceń 2025 do reglamentacji paliwa w 2026.	From the first disruptions in 2025 to fuel rationing in 2026.
138	2	rosja	A2	114	Ogniwo 1 — przerób: rafinerie wyłączone	Link 1 — Refining: Refineries Offline	Spadek przerobu przez seryjne wyłączenia i niszczenie rafinerii.	Refining throughput falls as refineries are repeatedly shut down and destroyed.
139	2	rosja	A2	115	Ogniwo 2 — substytucja: import z Białorusi jako plaster	Link 2 — Substitution: Imports from Belarus as a Band-Aid	Białoruski import łagodzi braki, lecz nie zastępuje utraconych mocy rosyjskich.	Belarusian imports soften shortages but cannot replace lost Russian capacity.
140	2	rosja	A2	116	Ogniwo 3 — przesył: rurociągi pod kontrolą ogniową	Link 3 — Transmission: Pipelines Under Fire Control	Przesył paliw ograniczany uderzeniami w pompownie i rurociągi.	Fuel transmission constrained by strikes on pumping stations and pipelines.
141	2	rosja	A2	117	Ogniwo 4 — kolej: rozkład systemowy plus partyzanci	Link 4 — Rail: Systemic Decay Plus Partisans	Kolej przeciążona degradacją własną, wojną i dywersją.	Railways are overloaded by their own degradation, the war and sabotage.
142	2	rosja	A2	118	Ogniwo 5 — drogi: cysterny drogowe za małe	Link 5 — Roads: Road Tankers Are Too Small	Transport cysternami nie ma skali potrzebnej do zastąpienia kolei i rurociągów.	Road tanker transport lacks the scale required to replace railways and pipelines.
143	2	rosja	A2	119	Ogniwo 6 — magazyny: zbiorniki płoną	Link 6 — Storage: Tanks Are Burning	Uderzenia w zbiorniki usuwają zapasy i buforowanie systemu paliwowego.	Strikes on storage tanks remove reserves and buffering capacity from the fuel system.
144	2	rosja	A2	120	Ogniwo 7 — sprzedaż detaliczna: kupony, kolejki, autodemaskacja	Link 7 — Retail: Coupons, Queues, Self-Exposure	Kupony, kolejki i limity jako konsumencki finał kaskady paliwowej.	Coupons, queues and limits as the consumer-facing endpoint of the fuel cascade.
145	2	rosja	A2	121	XIII. Matka natura nie odpuszcza Rosji — zmiany klimatu jako koherentny wektor presji	XIII. Mother Nature Is Not Letting Russia Off — Climate Change as a Coherent Pressure Vector	Klimat jako niezależny, narastający wektor presji na rosyjską infrastrukturę i finanse.	Climate as an independent and growing vector of pressure on Russian infrastructure and public finances.
146	2	rosja	A2	122	Asymetria klimatyczna — dlaczego Rosja, nie Ukraina i nie Europa	Climate Asymmetry — Why Russia, Not Ukraine or Europe	Rosyjska geografia i infrastruktura czynią koszt zmian klimatu szczególnie asymetrycznym.	Russia's geography and infrastructure make the cost of climate change especially asymmetric.
147	2	rosja	A2	123	Wieczysta zmarzlina — 7 bln rubli wpisanych w bilans 2050	Permafrost — 7 Trillion Rubles Already Written into the 2050 Balance Sheet	Topnienie zmarzliny jako wielobilionowy koszt dla infrastruktury i surowców.	Permafrost thaw as a multi-trillion-ruble cost for infrastructure and resource extraction.
148	2	rosja	A2	124	Zamrożenie wiedzy 2009–2012 — bibliografia, doktryna jako fasada, ustawy jako kaganiec	The 2009–2012 Freeze on Knowledge — Bibliography, Doctrine as Façade, Laws as a Gag	Chilling effect po 2009–2012 odcina Rosję od własnej wiedzy klimatycznej.	The chilling effect after 2009–2012 cuts Russia off from its own climate knowledge.
149	2	rosja	A2	125	Infrastruktura na gruncie, który znika — kolej, torf, BAM jako fazy cyklu	Infrastructure on Ground That Is Disappearing — Railways, Peat, the BAM as Phases of a Cycle	Kolej, rurociągi i fundamenty destabilizowane przez różne typy degradującej zmarzliny.	Railways, pipelines and foundations destabilised by different forms of degrading permafrost.
150	2	rosja	A2	126	Hałdy pogórnicze jako lądowy odpowiednik — analogia z Wałbrzycha do Bowanenkowo	Mining Spoil Heaps as the Terrestrial Analogue — from Wałbrzych to Bovanenkovo	Płonące hałdy jako analogia fizyki ukrytego ognia w torfie i zmarzlinie.	Burning spoil heaps as an analogy for the physics of hidden fire in peat and permafrost.
151	2	rosja	A2	127	Susze, powodzie, pożary 2025 — strukturalna zmiana mapy	Droughts, Floods, Fires in 2025 — a Structural Change in the Map	Susze, powodzie i pożary zmieniają mapę ryzyk infrastrukturalnych Rosji.	Droughts, floods and fires reshape Russia's infrastructure risk map.
152	2	rosja	A2	128	Kaskada lato 2026 — chłodzenie elektrowni, deficyt energetyczny, ograniczenia transmisji	Summer 2026 Cascade — Power-Plant Cooling, Energy Deficit, Transmission Constraints	Susza i upał ograniczają chłodzenie elektrowni i pogłębiają deficyt mocy.	Drought and heat constrain power-plant cooling and deepen the power deficit.
153	2	rosja	A2	129	Cascade gradient — trzy sformalizowane ścieżki przekładania klimatu na budżet	Cascade Gradient — Three Formalised Paths from Climate to the Budget	Trzy ścieżki przełożenia klimatu na energię, logistykę i budżet.	Three pathways translating climate pressure into energy, logistics and fiscal effects.
154	2	rosja	A2	130	Implikacje dla audytu Kolumbryny i kalibracji zegarów	Implications for the Kolumbryna Audit and Clock Calibration	Klimat jako dodatkowy zegar przyspieszający wcześniejsze prognozy systemowe.	Climate as an additional clock accelerating earlier systemic forecasts.
155	2	rosja	A2	131	XIV. Energetyka — sieć bez redundancji, fizyka rosyjskiego systemu pod presją	XIV. Energy — a Grid Without Redundancy, the Physics of the Russian System Under Pressure	Fizyka, topologia i sankcje odsłaniają kruchość rosyjskiego systemu energetycznego.	Physics, topology and sanctions expose the fragility of Russia's energy system.
156	2	rosja	A2	132	Stranded assets Jamału — gaz, którego nie ma jak wywieźć	Yamal Stranded Assets — Gas with No Way Out	Gaz Jamału traci wartość bez wystarczających dróg eksportu i przesyłu.	Yamal gas loses value without sufficient export and transmission routes.
157	2	rosja	A2	133	Cykl Rankine'a — fizyka chłodzenia, której rzeki przestają zapewniać	The Rankine Cycle — Cooling Physics That Rivers Stop Providing	Niski i ciepły przepływ rzek ogranicza chłodzenie elektrowni cieplnych i jądrowych.	Low and warm river flows constrain cooling at thermal and nuclear power plants.
158	2	rosja	A2	134	Huty aluminium i kanibalizm wojskowo-przemysłowy	Aluminium Smelters and Military-Industrial Cannibalism	Deficyt prądu i surowców uderza w aluminium potrzebne rosyjskiej zbrojeniówce.	Electricity and raw-material shortages hit the aluminium needed by Russia's defence industry.
159	2	rosja	A2	135	Topologia UES — siedem stref bez sensownej komunikacji	UES Topology — Seven Zones Without Meaningful Interconnection	Siedem stref UES łączą zbyt wąskie korytarze przesyłowe.	Seven UES zones are linked by transmission corridors that are too narrow.
160	2	rosja	A2	136	Brak importu awaryjnego — wyspa eurazjatycka bez sąsiada	No Emergency Imports — a Eurasian Island Without a Neighbour	Rosyjska sieć ma znikomą możliwość awaryjnego importu energii z sąsiadów.	The Russian grid has negligible capacity for emergency electricity imports from neighbouring systems.
161	2	rosja	A2	137	Grid okupowanych terytoriów — Krym odcinany w gąszczu	The Grid of Occupied Territories — Crimea Being Cut Off in the Thicket	Uderzenia w grid okupowany stopniowo odcinają Krym i zaplecze wojskowe.	Strikes on the occupied-territory grid gradually cut off Crimea and its military rear.
162	2	rosja	A2	138	Paradoks sowieckiej redundancji — nadmiar ilościowy, sztywność kierunkowa	The Paradox of Soviet Redundancy — Quantitative Excess, Directional Rigidity	Dużo infrastruktury nie oznacza redundancji, gdy przepływy są kierunkowo sztywne.	A lot of infrastructure does not mean redundancy when flows are directionally rigid.
163	2	rosja	A2	139	Synteza — dlaczego klimat ugotuje sieć bez dronów	Synthesis — Why Climate Can Cook the Grid Without Drones	Klimat i topologia same mogą doprowadzić UES do chronicznych niedoborów.	Climate and topology alone can push the UES into chronic shortages.
164	2	rosja	A2	140	XV. Skorowidz ludzi — kto jest kim w tym dokumencie	XV. Index of People — Who Is Who in This Document	Indeks osób i ról potrzebnych do orientacji w długim dokumencie.	An index of people and roles needed to navigate a long document.
165	2	rosja	A2	141	Ukraina — polityka i wywiad	Ukraine — Politics and Intelligence	Najważniejsi ukraińscy politycy i przedstawiciele wywiadu występujący w analizie.	The principal Ukrainian politicians and intelligence figures appearing in the analysis.
166	2	rosja	A2	142	Ukraina — dowódcy operacyjni	Ukraine — Operational Commanders	Ukraińscy dowódcy operacyjni i ich role w opisywanych kampaniach.	Ukrainian operational commanders and their roles in the campaigns described.
167	2	rosja	A2	143	Rosja — władza centralna i regionalna	Russia — Central and Regional Power	Rosyjscy decydenci centralni i regionalni przywoływani w dokumencie.	Russian central and regional decision-makers referenced in the document.
168	2	rosja	A2	144	Zachód — politycy, dyplomaci, wywiad	The West — Politicians, Diplomats, Intelligence	Zachodni politycy, dyplomaci i przedstawiciele służb cytowani w analizie.	Western politicians, diplomats and intelligence officials cited in the analysis.
169	2	rosja	A2	145	Region — Azerbejdżan, Białoruś, mediatorzy	The Region — Azerbaijan, Belarus, Mediators	Aktorzy regionalni z Azerbejdżanu, Białorusi i kanałów mediacyjnych.	Regional actors from Azerbaijan, Belarus and mediation channels.
170	2	rosja	A2	146	Nasze źródła wywiadowcze — OSINT, analitycy, dziennikarze	Our Intelligence Sources — OSINT, Analysts, Journalists	Analitycy, dziennikarze i źródła OSINT używane w dokumencie.	Analysts, journalists and OSINT sources used in the document.
171	2	rosja	A2	147	Nauka, badania, ekspertyza	Science, Research, Expertise	Badacze i eksperci dostarczający danych oraz ram naukowych.	Researchers and experts providing data and scientific frameworks.
172	2	rosja	A2	148	Postacie z tła kulturowego i historycznego	Figures from the Cultural and Historical Background	Postacie historyczne i kulturowe używane jako punkty odniesienia.	Historical and cultural figures used as reference points.
173	2	rosja	A2	149	XVI. Motyw doktrynalny — stary wzorzec odwrócony	XVI. Doctrinal Motif — an Old Pattern Reversed	Rosyjski wzorzec maskirowki odwrócony i zastosowany przeciw jego twórcy.	The Russian maskirovka pattern reversed and used against its original practitioner.
174	2	rosja	A2	150	"Wzorzec literacki — „zabić wielu, by ukryć jedno"""	The Literary Pattern — “Kill Many to Hide One”	Ukrywanie kluczowego działania przez zalew innych zdarzeń i bodźców.	Hiding a key action under a flood of other events and stimuli.
175	2	rosja	A2	151	Historia doktrynalna — maskirowka jako narzędzie radzieckie i postradzieckie	Doctrinal History — Maskirovka as a Soviet and Post-Soviet Tool	Maskirowka od praktyki sowieckiej do współczesnej rosyjskiej wojny informacyjnej.	Maskirovka from Soviet practice to contemporary Russian information warfare.
176	2	rosja	A2	152	Strukturalna ślepota Kremla — dlaczego znana doktryna pozostaje niewidzialna	The Kremlin's Structural Blindness — Why a Known Doctrine Remains Invisible	Kreml nie rozpoznaje odwróconej wobec siebie techniki, którą sam historycznie stosował.	The Kremlin fails to recognise a technique turned against it that it has historically used itself.
177	2	rosja	A2	153	Dynamika wojny w lustrze II wojny światowej — Bagration, Kampania Naftowa, zespolenie instrumentów	War Dynamics in the Mirror of the Second World War — Bagration, the Oil Campaign, Integration of Instruments	Analogie do Bagrationu i kampanii naftowej jako zespolenia wielu instrumentów presji.	Analogies to Bagration and the oil campaign as cases of integrating multiple instruments of pressure.
178	2	rosja	A2	154	XVII. Źródła — instytucje, media, OSINT, ramy interpretacyjne	XVII. Sources — Institutions, Media, OSINT, Interpretive Frameworks	Zestaw źródeł medialnych, OSINT, satelitarnych i akademickich.	A set of media, OSINT, satellite and academic sources.
179	2	rosja	A2	155	Prasa i instytucje analityczne	Press and Analytical Institutions	Media, agencje i instytucje analityczne używane do weryfikacji zdarzeń.	Media outlets, agencies and analytical institutions used to verify events.
180	2	rosja	A2	156	Telegram OSINT	Telegram OSINT	Telegramowe kanały OSINT dostarczające danych z Rosji, Ukrainy i Krymu.	Telegram OSINT channels providing data from Russia, Ukraine and Crimea.
181	2	rosja	A2	157	Dane satelitarne i obrazowe	Satellite and Imagery Data	Dane satelitarne i termiczne do niezależnej weryfikacji skutków uderzeń.	Satellite and thermal data used for independent verification of strike effects.
182	2	rosja	A2	158	OSINT na Bluesky / X	OSINT on Bluesky / X	Analitycy i konta OSINT na Bluesky oraz X.	Analysts and OSINT accounts on Bluesky and X.
183	2	rosja	A2	159	Ramy interpretacyjne (akademickie)	Interpretive Frameworks (Academic)	Horbyk, Douglas i Mottron jako źródła głównych ram interpretacyjnych.	Horbyk, Douglas and Mottron as sources of the principal interpretive frameworks.
184	3	rosja	A3	1	lista celów	Target List	Chronologiczny rejestr strategicznych uderzeń od stycznia do czerwca 2026: cele, skutki, zasięg i zmieniający się rytm kampanii.	A chronological register of strategic strikes from January to June 2026: targets, effects, reach and the campaign's changing rhythm.
185	3	rosja	A3	2	II. Lista uderzeń — okresy dwutygodniowe, od maja tygodniowe	II. Strike List — Fortnightly Periods, Weekly from May Onward	Uderzenia uporządkowane okresami, z klasyfikacją celów, skutków i frontów.	Strikes organised by period, with classification of targets, effects and fronts.
186	3	rosja	A3	3	Wstęp — kluczowe daty, klasyfikacja, statystyki bazowe	Introduction — Key Dates, Classification, Baseline Statistics	Kluczowe daty, zasady klasyfikacji, statusy uszkodzeń i statystyki bazowe.	Key dates, classification rules, damage-status categories and baseline statistics.
187	3	rosja	A3	4	okres 1 od 04.01 do 17.01	Period 1: 4–17 January	Rejestr uderzeń 4–17 stycznia: początkowa, rzadka faza kampanii.	Register of strikes from 4–17 January: the campaign's initial, sparse phase.
188	3	rosja	A3	5	okres 2 od 18.01 do 31.01	Period 2: 18–31 January	Rejestr uderzeń 18–31 stycznia: powrót rafinerii i pierwsze zagęszczenie celów.	Register of strikes from 18–31 January: refineries return and targets begin to cluster.
189	3	rosja	A3	6	okres 3 od 01.02 do 14.02	Period 3: 1–14 February	Rejestr uderzeń 1–14 lutego: Wołgograd i skok zasięgu do głębokiego zaplecza.	Register of strikes from 1–14 February: Volgograd and a leap in reach into the deep rear.
190	3	rosja	A3	7	okres 4 od 15.02 do 28.02	Period 4: 15–28 February	Rejestr uderzeń 15–28 lutego: spowolnienie zakończone wybuchem wojny w Iranie.	Register of strikes from 15–28 February: a slowdown ending with the outbreak of war in Iran.
191	3	rosja	A3	8	Paradoks Hormuz — start kalendarzowy	The Hormuz Paradox — Calendar Start	Start paradoksu Hormuz: wojna w Iranie chwilowo podnosi rosyjskie przychody naftowe.	The start of the Hormuz paradox: war in Iran temporarily lifts Russian oil revenues.
192	3	rosja	A3	9	okres 5 od 01.03 do 14.03	Period 5: 1–14 March	Rejestr uderzeń 1–14 marca: elektronika, gaz i dobór precyzyjniejszej amunicji.	Register of strikes from 1–14 March: electronics, gas and selection of more precise munitions.
193	3	rosja	A3	10	okres 6 od 15.03 do 28.03	Period 6: 15–28 March	Rejestr uderzeń 15–28 marca: dywersyfikacja na Bałtyk, Powołże, chemię i lotnictwo.	Register of strikes from 15–28 March: diversification toward the Baltic, Volga region, chemicals and aviation.
194	3	rosja	A3	11	okres 7 od 29.03 do 11.04	Period 7: 29 March–11 April	Rejestr uderzeń 29 marca–11 kwietnia: selektywna pauza, nie pełne wstrzymanie.	Register of strikes from 29 March–11 April: a selective pause, not a full halt.
195	3	rosja	A3	12	Korekta v1.2 — pauza wielkanocna nie była absolutna	Correction v1.2 — the Easter Pause Was Not Absolute	Wielkanocna pauza dotyczyła wybranych klas celów, nie całej kampanii.	The Easter pause applied to selected target classes, not to the entire campaign.
196	3	rosja	A3	13	okres 8 od 12.04 do 25.04	Period 8: 12–25 April	Rejestr uderzeń 12–25 kwietnia: Morze Czarne, Baszkortostan i kompresja cyklu napraw.	Register of strikes from 12–25 April: the Black Sea, Bashkortostan and compression of the repair cycle.
197	3	rosja	A3	14	okres 9 od 26.04 do 09.05	Period 9: 26 April–9 May	Rejestr uderzeń 26 kwietnia–9 maja: głębia Rosji, Bałtyk i nowe węzły produkcyjne.	Register of strikes from 26 April–9 May: deep Russia, the Baltic and new production nodes.
198	3	rosja	A3	15	okres 10 od 10.05 do 16.05	Period 10: 10–16 May	Rejestr uderzeń 10–16 maja: demembranizacja perymetru Moskwy i dalsza kompresja rafinerii.	Register of strikes from 10–16 May: demembranisation of Moscow's perimeter and further compression of refinery repair cycles.
199	3	rosja	A3	16	Nota o zmianie rytmu — od maja tydzień	Note on the Change in Rhythm — Weekly from May	Tempo zdarzeń wymusza przejście rejestru z okresów dwutygodniowych na tygodniowe.	The tempo of events forces the register to shift from fortnightly to weekly periods.
200	3	rosja	A3	17	okres 11 od 17.05 do 23.05	Period 11: 17–23 May	Rejestr 17–23 maja: uderzenia połączone z kampanią komunikacyjną i sygnalizacją.	Register of 17–23 May: strikes combined with a communications and signalling campaign.
201	3	rosja	A3	18	Trzydniowa kampania komunikacyjna 17–18.05	Three-Day Communications Campaign, 17–18 May	Zsynchronizowana warstwa komunikacyjna 17–18 maja nad kampanią kinetyczną.	A synchronised communications layer on 17–18 May superimposed on the kinetic campaign.
202	3	rosja	A3	19	okres 12 od 24.05 do 30.05	Period 12: 24–30 May	Rejestr 24–30 maja: kulminacja uderzeń głębokich i formalizacja „long-range sanctions”.	Register of 24–30 May: culmination of deep strikes and formalisation of “long-range sanctions”.
203	3	rosja	A3	20	27.05 — największy pakiet uderzeń głębokich w wojnie	27 May — the Largest Deep-Strike Package of the War	27 maja: największy dotąd pakiet równoległych uderzeń głębokich.	27 May: the largest package of parallel deep strikes to date.
204	3	rosja	A3	21	Statystyki maja — Naczelny Dowódca ZSU (gen. Syrski)	May Statistics — Commander-in-Chief of the Armed Forces of Ukraine (Gen. Syrskyi)	Oficjalny bilans ZSU za maj: cele Deep Strike, straty, terytorium i obrona powietrzna.	The official Ukrainian Armed Forces balance for May: Deep Strike targets, losses, territory and air defence.
205	3	rosja	A3	22	okres 13 od 31.05 do 06.06	Period 13: 31 May–6 June	Rejestr 31 maja–6 czerwca: SPIEF, Bałtyk, Krym i rozszerzenie kampanii do około 1000 km.	Register of 31 May–6 June: SPIEF, the Baltic, Crimea and expansion of the campaign to roughly 1,000 km.
206	3	rosja	A3	23	03.06 — uderzenie w dniu otwarcia SPIEF	3 June — Strike on the Opening Day of SPIEF	Uderzenie w Petersburg w dniu otwarcia SPIEF jako czysta sygnalizacja kalendarzem.	A strike on St Petersburg on SPIEF's opening day as pure calendar-based signalling.
207	3	rosja	A3	24	okres 14 od 07.06 do 13.06	Period 14: 7–13 June	Rejestr 7–13 czerwca: interdykcja R-280, podstacje, kolej, arsenały i nowe typy celów.	Register of 7–13 June: R-280 interdiction, substations, railways, arsenals and new target types.
208	3	rosja	A3	25	okres 15 od 14.06 do 20.06	Period 15: 14–20 June	Rejestr 14–20 czerwca: dalsza presja na paliwa, Moskwę, Krym i infrastrukturę.	Register of 14–20 June: continued pressure on fuel, Moscow, Crimea and infrastructure.
209	3	rosja	A3	26	okres 16 od 21.06 (w toku)	Period 16: from 21 June (Ongoing)	Rejestr od 21 czerwca: Krym jako wyspa, mikroelektronika, rafinerie i krajowa kaskada paliwowa.	Register from 21 June onward: Crimea as an island, microelectronics, refineries and a nationwide fuel cascade.
210	4	rosja	A4	1	lipiec 2026. przejscie na hurt	July 2026. The Shift to Wholesale	Lipiec 2026 jako przejście ukraińskiej presji z pojedynczych uderzeń na skalę systemową. Analiza paliw, gospodarki, mobilizacji, adaptacji i kurczących się opcji Rosji.	July 2026 as the point when Ukrainian pressure shifts from individual strikes to system scale. An analysis of fuel, the economy, mobilisation, adaptation and Russia's shrinking options.
211	4	rosja	A4	2	I. Skala hurtu	I. The Scale of Wholesale	Zmiana jednostki pomiaru: z pojedynczych trafień na bilans całych klas zdolności.	A change in the unit of measurement: from individual hits to the balance of entire capability classes.
212	4	rosja	A4	3	1. Przerób — dno dwudziestolecia	1. Refining — a Twenty-Year Low	Rosyjski przerób ropy na minimum od dwóch dekad, z trwałymi wyłączeniami rafinerii.	Russian oil refining at its lowest level in two decades, with persistent refinery outages.
213	4	rosja	A4	4	2. Tempo uderzeń	2. Strike Tempo	Skok liczby i geograficznego zasięgu trafień w rosyjską infrastrukturę paliwową.	A surge in the number and geographic reach of hits on Russian fuel infrastructure.
214	4	rosja	A4	5	"o „przerwie"", której nie było"	On the “Pause” That Wasn't	Rzekoma pauza rafineryjna była przesunięciem kampanii na magazyny i logistykę.	The supposed refinery pause was a shift of the campaign toward storage and logistics.
215	4	rosja	A4	6	3. Zasięg kryzysu po stronie rosyjskiej	3. The Geographic Reach of the Crisis on the Russian Side	Deficyt paliw obejmuje niemal całą Rosję i zaczyna dotykać także frontu.	Fuel shortages cover almost all of Russia and are beginning to affect the front as well.
216	4	rosja	A4	7	"4. Co znaczy „hurt"""	4. What “Wholesale” Means	Celami stają się klasy obiektów, a miarą bilans i nieodwracalność strat.	Target classes, rather than individual objects, become the unit of attack; the measure is the balance and irreversibility of losses.
217	4	rosja	A4	8	II. Marketplace jako cel	II. The Marketplace as a Target	Magazyny handlu internetowego jako element wojskowej logistyki i kanał transmisji strat finansowych.	E-commerce warehouses as part of military logistics and as a channel transmitting financial losses.
218	4	rosja	A4	9	1. Kampania Wildberries	1. The Wildberries Campaign	Seria uderzeń w magazyny Wildberries odsłania nową, słabo bronioną klasę celów.	A series of strikes on Wildberries warehouses exposes a new, weakly defended target class.
219	4	rosja	A4	10	o ewakuacji, której nie było	On the Evacuation That Never Happened	Brak ewakuacji pracowników jako wskaźnik nieprzygotowania systemu na tę kategorię uderzeń.	The absence of worker evacuation as an indicator that the system was unprepared for this category of strike.
220	4	rosja	A4	11	2. Pierwszy Ozon	2. The First Ozon	Rozszerzenie kampanii z Wildberries na infrastrukturę Ozona.	Expansion of the campaign from Wildberries to Ozon infrastructure.
221	4	rosja	A4	12	3. Uzasadnienie celu	3. Target Rationale	Marketplace jako realny węzeł dostaw wojskowych, nie przypadkowy obiekt cywilny.	The marketplace as a real military-supply node, not an accidental civilian object.
222	4	rosja	A4	13	4. Powód, nie pretekst — i przypieczętowanie przez UE	4. Reason, Not Pretext — and Sealed by the EU	Rosyjskie oznaczenia wojskowych towarów potwierdzają materialny powód wyboru celu.	Russian labelling of military goods confirms the material reason for selecting the target.
223	4	rosja	A4	14	Co mogła zrobić Unia	What the Union Could Do	UE odpowiada sankcjami na te same podmioty, zamiast podważać ukraińską kwalifikację celu.	The EU responds with sanctions against the same entities instead of challenging Ukraine's classification of the target.
224	4	rosja	A4	15	5. Efekt finansowy i przerzucenie ryzyka	5. Financial Effect and Risk Transfer	Straty magazynowe przechodzą na sprzedawców, kredyty, rezerwy bankowe i państwo.	Warehouse losses flow through to sellers, loans, bank provisions and the state.
225	4	rosja	A4	16	III. Milczenie strategiczne Zachodu	III. The West's Strategic Silence	Zachód działa według analiz strukturalnych, ale publicznie mówi głównie o bieżących zdarzeniach.	The West acts on structural analysis while speaking publicly mostly about current events.
226	4	rosja	A4	17	1. Luka między wiedzą a mową	1. The Gap Between Knowledge and Speech	Decyzje Zachodu zdradzają więcej wiedzy strategicznej niż oficjalne wypowiedzi.	Western decisions reveal more strategic knowledge than official statements do.
227	4	rosja	A4	18	2. Słowo urzędującego to zobowiązanie, nie opinia	2. The Word of an Incumbent Is a Commitment, Not an Opinion	Strategiczna prognoza urzędującego polityka natychmiast tworzy obowiązek działania.	A strategic forecast by a serving politician immediately creates an obligation to act.
228	4	rosja	A4	19	3. Pytanie, którego nikt nie chce usłyszeć	3. The Question No One Wants to Hear	Rozpad Rosji otwiera niewygodne pytanie o kontrolę arsenału jądrowego.	Russia's disintegration opens the uncomfortable question of who controls the nuclear arsenal.
229	4	rosja	A4	20	o cenie ropy	On the Oil Price	Słowa decydentów o rosyjskiej ropie same mogą poruszać cenami energii.	Decision-makers' words about Russian oil can themselves move energy prices.
230	4	rosja	A4	21	4. Asymetria kosztu pomyłki	4. Asymmetry in the Cost of Being Wrong	Politycznie taniej milczeć niż publicznie pomylić się co do rozpadu Rosji.	Politically, silence is cheaper than being publicly wrong about Russia's disintegration.
231	4	rosja	A4	22	5. Emeryci mówią — test kontrolny	5. Retirees Speak — the Control Test	Po odejściu z urzędu ci sami ludzie mówią znacznie swobodniej o scenariuszach końcowych.	Once out of office, the same people speak much more freely about end-state scenarios.
232	4	rosja	A4	23	6. Media też — inny mechanizm, ten sam skutek	6. The Media Too — Different Mechanism, Same Effect	Media unikają kategorycznych prognoz strukturalnych z innych powodów niż urzędujący politycy.	The media avoid categorical structural forecasts for different reasons than incumbent politicians do.
233	4	rosja	A4	24	7. Błąd ramy porównawczej	7. Error in the Comparative Frame	Błędne analogie historyczne zasłaniają odmienną strukturę obecnej rosyjskiej erozji.	Misleading historical analogies obscure the different structure of Russia's current erosion.
234	4	rosja	A4	25	8. Kto może zobaczyć, że król jest nagi	8. Who Can See That the Emperor Has No Clothes	Najłatwiej nazwać pełny obraz tym, którzy nie ponoszą kosztu własnej diagnozy.	Those who do not bear the cost of their own diagnosis find it easiest to name the full picture.
235	4	rosja	A4	26	IV. Budanow i Zełenski — zmiana języka	IV. Budanov and Zelenskyy — a Change in Language	Zmiana języka ukraińskiego kierownictwa z przetrwania na termin zakończenia wojny.	A shift in the language of Ukraine's leadership from survival to a timetable for ending the war.
236	4	rosja	A4	27	1. Awans, który sam jest tezą	1. A Promotion That Is Itself a Thesis	Awans Budanowa odczytany jako przesunięcie ciężaru ku fazie politycznego domknięcia.	Budanov's promotion read as a shift of weight toward the phase of political closure.
237	4	rosja	A4	28	2. Od przetrwania do terminu	2. From Survival to a Deadline	Publiczny język przechodzi od „wytrzymamy” do konkretnego okna zakończenia wojny.	Public language shifts from “we will endure” to a concrete window for ending the war.
238	4	rosja	A4	29	3. Doktryna maksymalizacji eskalacji	3. The Doctrine of Maximising Escalation	Wyjście z eskalacji przez zwiększenie presji aż do wymuszenia decyzji przeciwnika.	Exiting escalation by increasing pressure until the opponent is forced to decide.
239	4	rosja	A4	30	4. Dosłowność jako narzędzie	4. Literalness as a Tool	Dosłowne komunikaty jako świadome ograniczenie nadinterpretacji i propagandowego szumu.	Literal messages as a deliberate way to limit over-interpretation and propaganda noise.
240	4	rosja	A4	31	5. Rejestr mnicha-wojownika	5. The Warrior-Monk Register	Budanow jako chłodny nadawca opisujący zweryfikowane zadania bez triumfalizmu.	Budanov as a cool, restrained sender reporting verified tasks without triumphalism.
241	4	rosja	A4	32	Ta sama brakująca warstwa	The Same Missing Layer	Brak performatywnego triumfu jako wspólna cecha analizowanych wypowiedzi.	The absence of performative triumph as a shared feature of the statements analysed.
242	4	rosja	A4	33	Nawiązanie: gramatyka Budanowa	Reference: Budanov's Grammar	Lipcowy język potwierdza wcześniejszy odczyt przemilczeń i kolejności komunikacji Budanowa.	The language of July confirms the earlier reading of Budanov's omissions and sequencing of communication.
243	4	rosja	A4	34	6. Co mówią, a czego nadal nie	6. What They Say, and What They Still Do Not	Jawność kończy się przed pytaniem o rozpad Rosji, Putina i arsenał jądrowy.	Transparency stops before the questions of Russia's disintegration, Putin and the nuclear arsenal.
244	4	rosja	A4	35	V. Kasparow — stała odniesienia	V. Kasparov — the Reference Constant	Niezmienna od lat diagnoza Kasparowa jako linia bazowa dla przesuwającej się rzeczywistości.	Kasparov's diagnosis, unchanged for years, as a baseline against which a shifting reality can be measured.
245	4	rosja	A4	36	1. Dwadzieścia lat tej samej tezy	1. Twenty Years of the Same Thesis	Stała teza: reżim Putina kończy się dopiero wraz z rosyjską porażką.	The constant thesis: Putin's regime ends only with Russia's defeat.
246	4	rosja	A4	37	2. Trzy rzeczy, których nie mówi nikt inny	2. Three Things No One Else Says	Kasparow wypowiada wprost trzy wnioski omijane przez urzędujących decydentów.	Kasparov states openly three conclusions avoided by serving decision-makers.
247	4	rosja	A4	38	Po pierwsze: Rosja się rozpadnie	First: Russia Will Disintegrate	Rozpad rosyjskiej konstrukcji imperialnej jako przewidywany skutek przegranej reżimu.	The disintegration of Russia's imperial structure as the expected consequence of the regime's defeat.
248	4	rosja	A4	39	Po drugie: Rosja powinna się rozpaść	Second: Russia Should Disintegrate	Rozpad Rosji przedstawiony także jako pożądany wynik moralny i strategiczny.	Russia's disintegration presented also as a desirable moral and strategic outcome.
249	4	rosja	A4	40	Po trzecie: na tej wojnie zarabiają Chiny, i właściwie nikt inny	Third: China Profits from This War, and Essentially No One Else Does	Pekin jako główny beneficjent przeciągającej się wojny i rosnącej zależności Rosji.	Beijing as the main beneficiary of a prolonged war and Russia's growing dependence.
250	4	rosja	A4	41	I wniosek, który wynika z trzech powyższych: to nic strasznego	And the Conclusion That Follows from the Three Above: It Is Not Terrible	Rozpad imperium nie musi być katastrofą większą niż koszt jego dalszego trwania.	The collapse of an empire need not be a greater catastrophe than the cost of keeping it alive.
251	4	rosja	A4	42	3. Dlaczego teraz brzmi inaczej	3. Why It Sounds Different Now	Dane przesunęły się w stronę diagnozy, która wcześniej brzmiała jak dysydencka przesada.	The data have moved toward a diagnosis that once sounded like dissident exaggeration.
252	4	rosja	A4	43	4. Trzy głosy, jeden model	4. Three Voices, One Model	Zachód, Ukraina i Kasparow różnią się stopniem zobowiązania, niekoniecznie wiedzy.	The West, Ukraine and Kasparov differ in degree of commitment, not necessarily in knowledge.
253	4	rosja	A4	44	VI. Jak niewinnie zaczął się hurt	VI. How Innocently Wholesale Began	Hurt wyrósł z reakcji na rosyjski atak, ale utrzymał się dzięki wysokiej skuteczności.	Wholesale grew out of a response to a Russian attack, but persisted because it proved highly effective.
254	4	rosja	A4	45	1. Drabina zaczęła się wcześniej	1. The Ladder Began Earlier	Lipcowy hurt opiera się na zdolnościach budowanych wcześniej dla większej autonomii Ukrainy.	July's wholesale campaign rests on capabilities built earlier to increase Ukraine's autonomy.
255	4	rosja	A4	46	2. Dwa motory w jednym kierunku	2. Two Engines in the Same Direction	Kalkulacja strategiczna i odwet moralny popychają kampanię w tym samym kierunku.	Strategic calculation and moral retaliation push the campaign in the same direction.
256	4	rosja	A4	47	3. Drabina lipcowa, dzień po dniu	3. The July Ladder, Day by Day	Dzień po dniu odpowiedź eskaluje od gestu do trwałej kampanii nowych celów.	Day by day, the response escalates from a gesture into a sustained campaign against new target classes.
257	4	rosja	A4	48	4. Odpowiedź podwójna — realna i wizerunkowa	4. A Double Response — Material and Reputational	Jednoczesny efekt materialny i komunikacyjny po rosyjskim ataku.	A simultaneous material and communications effect following the Russian attack.
258	4	rosja	A4	49	5. Pewność następnego kroku	5. Confidence in the Next Step	Odnawialny zasób broni zwiększa możliwość powtarzania udanych ruchów bez wielkiej stawki magazynowej.	A renewable weapons stream increases the ability to repeat successful moves without making a large inventory bet.
259	4	rosja	A4	50	6. Przypadkowa trwałość	6. Accidental Durability	Tymczasowa odpowiedź zostaje utrzymana, bo nowa klasa celów okazuje się wyjątkowo opłacalna.	A temporary response is retained because the new target class proves exceptionally cost-effective.
260	4	rosja	A4	51	VII. Inwersja historyczna	VII. Historical Inversion	Rosja walczy dziś przeciw zapleczu ludzkiego i przemysłowego, które dawniej zasilało jej zwycięstwa.	Russia is now fighting against the human and industrial rear that once powered its victories.
261	4	rosja	A4	52	1. Czym Rosja wygrywała wojny	1. What Russia Used to Win Wars With	Imperium korzystało przez stulecia z ukraińskich ludzi, przemysłu i kompetencji wojskowych.	For centuries, the empire drew on Ukrainian people, industry and military competence.
262	4	rosja	A4	53	2. Amputacja własnego mięśnia	2. Amputating Its Own Muscle	Atak na Ukrainę odciął Rosję od części własnego historycznego zaplecza siłowego.	The attack on Ukraine cut Russia off from part of its own historical base of power.
263	4	rosja	A4	54	3. Co z tego wynika dla tej wojny	3. What This Means for the War	Utracone kompetencje imperium tłumaczą rosyjskie braki i ukraińską zdolność innowacji.	Lost imperial competencies help explain Russian shortages and Ukraine's capacity for innovation.
264	4	rosja	A4	55	VIII. Prognoza dogania rzeczywistość	VIII. The Forecast Catches Up with Reality	Wcześniej niszowy scenariusz przyspieszonego rozstrzygnięcia wchodzi do języka decydentów.	A previously niche scenario of accelerated resolution enters the language of decision-makers.
265	4	rosja	A4	56	1. Co napisano w marcu	1. What Was Written in March	Marcowy rozkład scenariuszy dawał przyspieszonemu końcowi wojny istotne, lecz mniejszościowe prawdopodobieństwo.	The March scenario distribution assigned an accelerated end to the war a meaningful but minority probability.
266	4	rosja	A4	57	2. Co dopisano w czerwcu	2. What Was Added in June	Niezależne zegary przesuwają ciężar prognozy ku jesieni 2026.	Independent clocks shift the forecast weight toward autumn 2026.
267	4	rosja	A4	58	3. Co mówią teraz Zełenski i Budanow	3. What Zelenskyy and Budanov Say Now	Zełenski i Budanow publicznie wskazują zimę 2026 jako realną granicę okna.	Zelenskyy and Budanov publicly point to winter 2026 as a realistic boundary of the window.
268	4	rosja	A4	59	4. Czego wcześniej w obiegu nie było	4. What Was Not Previously in Circulation	Nowością jest samo wejście szybkiego zakończenia wojny do publicznego repertuaru scenariuszy.	The novelty is that a rapid end to the war has entered the public repertoire of scenarios at all.
269	4	rosja	A4	60	5. Dyscyplina — mapa, nie GPS	5. Discipline — a Map, Not GPS	Prognoza pozostaje mapą ryzyka, nie pewną datą ani GPS-em zdarzeń.	The forecast remains a risk map, not a certain date or a GPS for events.
270	4	rosja	A4	61	IX. Zapaść w czasie teraźniejszym ciągłym	IX. Collapse in the Present Continuous	Równoległa degradacja rosyjskiego budżetu, rolnictwa, rezerw, transportu i przedsiębiorstw.	Parallel degradation of Russia's budget, agriculture, reserves, transport and corporate sector.
271	4	rosja	A4	62	1. Budżet — oficjalna dziura i paradoks naftowy	1. The Budget — the Official Hole and the Oil Paradox	Deficyt przekracza plany mimo odkładania reguł fiskalnych poza bieżący horyzont.	The deficit exceeds plans even as fiscal rules are pushed beyond the current horizon.
272	4	rosja	A4	63	Paradoks naftowy — spadek wpływów przy rekordowych cenach	The Oil Paradox — Falling Revenues at Record Prices	Wpływy spadają mimo rekordowej ceny ropy, bo ograniczeniem staje się fizyczny eksport.	Revenues fall despite record oil prices because the constraint is becoming physical export capacity.
273	4	rosja	A4	64	2. Zbiory — paliwo zjada plon, a technologia zjada resztę	2. Harvests — Fuel Eats the Crop, Technology Eats the Rest	Braki paliwa, technologii i ludzi uderzają bezpośrednio w tempo i wynik żniw.	Shortages of fuel, technology and labour directly hit the pace and outcome of the harvest.
274	4	rosja	A4	65	Degradacja technologiczna pod spodem	Technological Degradation Underneath	Tańsze nasiona, mniej nawozów i starzejący sprzęt wzmacniają podatność rolnictwa.	Cheaper seeds, less fertiliser and ageing equipment increase agriculture's vulnerability.
275	4	rosja	A4	66	Pogoda i pułapka płynności	Weather and the Liquidity Trap	Pogoda i brak gotówki zamykają rolników w pętli paliwo–zbiór–dochód.	Weather and lack of cash lock farmers into a fuel–harvest–income loop.
276	4	rosja	A4	67	Wieś się wyżywi, miasta niekoniecznie	The Countryside Will Feed Itself; the Cities May Not	Wieś ma bufory przetrwania; politycznie groźniejsze są braki żywności w dużych miastach.	Rural areas retain survival buffers; politically, food shortages in large cities are more dangerous.
277	4	rosja	A4	68	3. Złoto — wyprzedaż stulecia	3. Gold — the Sale of the Century	Bank centralny sprzedaje złoto w rekordowym tempie, by łatać budżet.	The central bank sells gold at a record pace to plug the budget.
278	4	rosja	A4	69	4. Kolej — piąty rok spadku i degradacja pod spodem	4. Railways — a Fifth Year of Decline, with Degradation Underneath	Spadek przewozów nakłada się na kadry, majątek i coraz gorszą jakość infrastruktury.	Falling freight volumes overlap with workforce losses, asset deterioration and worsening infrastructure quality.
279	4	rosja	A4	70	Paradoks pracy przewozowej	The Freight-Work Paradox	Praca przewozowa może maskować kurczący się wolumen dzięki zmianie długości tras i struktury ładunków.	Freight work can mask shrinking volumes through changes in route length and cargo mix.
280	4	rosja	A4	71	Wyprzedaż majątku i ubytek ludzi	Asset Sales and Loss of People	Kolej wyprzedaje aktywa i traci techników potrzebnych do utrzymania systemu.	The railway sells assets and loses the technicians needed to keep the system running.
281	4	rosja	A4	72	Fałszowane remonty i zakazy załadunku	Falsified Repairs and Loading Bans	Papierowa sprawność i zakazy załadunku maskują realną degradację infrastruktury kolejowej.	Paper readiness and loading bans conceal the real degradation of railway infrastructure.
282	4	rosja	A4	73	5. Lotnictwo cywilne — awaria co tydzień	5. Civil Aviation — a Failure Every Week	Kanibalizacja części i ograniczony serwis przekładają się na rosnącą awaryjność lotnictwa cywilnego.	Parts cannibalisation and constrained maintenance translate into growing civil-aviation failure rates.
283	4	rosja	A4	74	6. Sektor korporacyjny — zarządzany upadek	6. The Corporate Sector — Managed Decline	Duże firmy przechodzą od wzrostu do restrukturyzacji, strat i kontrolowanego kurczenia.	Large companies move from growth to restructuring, losses and controlled contraction.
284	4	rosja	A4	75	7. Dlaczego to już czas przyszły dokonany	7. Why This Is Already Future Perfect	Część procesów przekroczyła etap prognozy: pytanie dotyczy skutków, nie samego wystąpienia.	Some processes have passed the forecasting stage: the question is about consequences, not whether they will occur.
285	4	rosja	A4	76	X. Mobilizacja cicha i pełna	X. Silent and Full Mobilisation	Rosja między kosztownym werbunkiem, cichym poborem i ryzykiem pełnej mobilizacji.	Russia between costly recruitment, quiet mobilisation and the risk of full mobilisation.
286	4	rosja	A4	77	1. Werbunek siada	1. Recruitment Is Failing	Premie rosną, a dobrowolny napływ ludzi daje coraz mniejszy efekt marginalny.	Bonuses rise while voluntary inflows of manpower produce ever smaller marginal returns.
287	4	rosja	A4	78	2. Cicha mobilizacja — co już trwa	2. Quiet Mobilisation — What Is Already Happening	Administracyjne i kontraktowe mechanizmy zwiększają zasób ludzi bez formalnego ogłoszenia mobilizacji.	Administrative and contractual mechanisms increase manpower without formally declaring mobilisation.
288	4	rosja	A4	79	3. Głos przeciwny — czy na pewno brakuje	3. The Counterargument — Is There Really a Shortage?	Kontrargument: obecny werbunek może wystarczać do utrzymania frontu, choć nie do przełomu.	Counterargument: current recruitment may be enough to hold the front, though not to achieve a breakthrough.
289	4	rosja	A4	80	4. Pełna mobilizacja po wyborach	4. Full Mobilisation After the Elections	Wrzesień ogranicza politycznie decyzję, więc pełny pobór rozważany jest po wyborach.	September politically constrains the decision, so full mobilisation is considered more plausible after the elections.
290	4	rosja	A4	81	5. Co by dała, a co zabrała	5. What It Would Give, and What It Would Take Away	Pełna mobilizacja kupuje piechotę kosztem rynku pracy, specjalistów, emigracji i spokoju.	Full mobilisation buys infantry at the cost of the labour market, specialists, emigration and social calm.
291	4	rosja	A4	82	Dałaby: masę piechoty, na jeden sezon	It Would Give: Mass Infantry, for One Season	Kilkaset tysięcy ludzi daje jednorazowy sezon większej masy frontowej.	Several hundred thousand people would provide one season of greater mass at the front.
292	4	rosja	A4	83	Zabrałaby: ostatnie rezerwy rynku pracy	It Would Take Away: the Last Labour-Market Reserves	Pobór wyciąga ludzi z rynku, który już niemal nie ma rezerw.	Conscription removes people from a labour market that already has almost no reserves.
293	4	rosja	A4	84	Zabrałaby: specjalistów, których wojna potrzebuje najbardziej	It Would Take Away: the Specialists the War Needs Most	Mobilizacja odbiera gospodarce techników potrzebnych także samemu wojsku.	Mobilisation pulls technicians from the economy who are also needed by the military itself.
294	4	rosja	A4	85	Zabrałaby: kolejną falę emigracji, tym razem trwałą	It Would Take Away: Another Wave of Emigration, This Time Permanent	Nowa fala poboru może wywołać trwałą emigrację młodych i mobilnych.	A new mobilisation wave could trigger lasting emigration among the young and mobile.
295	4	rosja	A4	86	Zabrałaby: spokój społeczny, którego nie da się odkupić	It Would Take Away: Social Calm That Cannot Be Bought Back	Pełna mobilizacja ujawnia skalę wojny i podnosi koszt społeczny reżimu.	Full mobilisation reveals the scale of the war and raises the regime's social cost.
296	4	rosja	A4	87	XI. Chiński substytut komponentowy	XI. The Chinese Component Substitute	Chiny zastępują część zachodnich dostaw, lecz pogłębiają jednostronną zależność Rosji.	China replaces part of Western supply, but deepens Russia's one-sided dependence.
297	4	rosja	A4	88	1. Skala zastąpienia	1. Scale of Replacement	Chińskie komponenty masowo wypełniają rosyjskie luki w elektronice i technologiach podwójnego zastosowania.	Chinese components fill Russian gaps in electronics and dual-use technologies on a mass scale.
298	4	rosja	A4	89	2. Oficjalna kapitulacja programu niezależności	2. Official Surrender of the Independence Programme	Rosja formalnie obniża cel niezależności elektronicznej i tnie programy krajowe.	Russia formally lowers its target for electronic independence and cuts domestic programmes.
299	4	rosja	A4	90	3. Irtysz — procesor, który nie jest rosyjski	3. Irtysh — a Processor That Is Not Russian	„Rosyjski” procesor okazuje się chińską architekturą i zagraniczną produkcją.	The “Russian” processor turns out to rely on Chinese architecture and foreign manufacturing.
300	4	rosja	A4	91	4. Kanały szarej strefy	4. Grey-Zone Channels	Sankcjonowane komponenty płyną przez pośredników, firmy słupowe i trzecie państwa.	Sanctioned components flow through intermediaries, shell companies and third countries.
301	4	rosja	A4	92	5. Gaz — oba kierunki zamknięte	5. Gas — Both Directions Closed	Rynek europejski utracony, a chiński kierunek nie daje porównywalnej skali ani warunków.	The European market is lost, while the Chinese route cannot provide comparable scale or terms.
302	4	rosja	A4	93	6. To nie substytucja, to zamiana wierzyciela	6. This Is Not Substitution, It Is Changing Creditors	Rosja nie odzyskała samodzielności, tylko zamieniła Zachód na silniejszego wierzyciela chińskiego.	Russia did not regain autonomy; it replaced the West with a stronger Chinese creditor.
303	4	rosja	A4	94	XII. Przemysł zbrojeniowy — cztery domknięcia	XII. The Defence Industry — Four Closures	Powtarzane uderzenia, komponentowe wąskie gardła i brak ludzi spinają presję na zbrojeniówkę.	Repeated strikes, component bottlenecks and labour shortages close the pressure loop around the defence industry.
304	4	rosja	A4	95	1. Macierz powtórzeń	1. Repetition Matrix	Te same zakłady trafiane szybciej, niż mogą kończyć kolejne cykle napraw.	The same plants are hit faster than they can complete successive repair cycles.
305	4	rosja	A4	96	2. Wąskim gardłem jest komponent, nie budynek	2. The Bottleneck Is the Component, Not the Building	Kluczowym ograniczeniem stają się trudne do zastąpienia części i technologie, nie hale.	The key constraint is hard-to-replace parts and technologies, not factory halls.
306	4	rosja	A4	97	3. KAB — jeden produkt, trzy ogniwa	3. KAB — One Product, Three Links	Produkcja KAB zależy od kilku różnych, równocześnie podatnych ogniw dostaw.	KAB production depends on several different and simultaneously vulnerable supply links.
307	4	rosja	A4	98	4. Trójkąt konkurencji o ludzi	4. The Triangle of Competition for People	Wojsko, zbrojeniówka i gospodarka cywilna konkurują o tę samą kurczącą się pulę specjalistów.	The military, defence industry and civilian economy compete for the same shrinking pool of specialists.
308	4	rosja	A4	99	XIII. Strumień pod obciążeniem	XIII. The Stream Under Load	Test drugiej strony równania: ukraiński strumień jest realny, ale też ma ograniczenia.	Testing the other side of the equation: Ukraine's production stream is real, but it also has limits.
309	4	rosja	A4	100	1. Strumień jest realny — liczby	1. The Stream Is Real — the Numbers	Produkcja dronów i pocisków rośnie jako odnawialny strumień, nie wyczerpywany magazyn.	Drone and missile production grows as a renewable flow rather than as a stockpile being depleted.
310	4	rosja	A4	101	2. Strumień finansowany, nie darmowy	2. The Stream Is Funded, Not Free	Głównym wąskim gardłem ukraińskiej produkcji jest finansowanie zewnętrzne, nie moce przemysłowe.	The main bottleneck in Ukrainian production is external financing, not industrial capacity.
311	4	rosja	A4	102	3. Piechota — deficyt, którego nie łata technologia	3. Infantry — a Shortage Technology Cannot Fix	Technologia nie usuwa strukturalnego braku wyszkolonej piechoty do utrzymywania terenu.	Technology does not remove the structural shortage of trained infantry needed to hold ground.
312	4	rosja	A4	103	4. Energetyka — korekta własnej tezy	4. Energy — a Correction to the Earlier Thesis	Ukraińska sieć regeneruje się, lecz ciężkie transformatory mają długi cykl odtworzenia.	Ukraine's grid is regenerating, but heavy transformers have long replacement cycles.
313	4	rosja	A4	104	5. Asymetria ograniczeń	5. Asymmetry of Constraints	Rosyjskie ograniczenia są głównie fizyczne i jednokierunkowe; ukraińskie częściej politycznie odwracalne.	Russian constraints are mainly physical and one-way; Ukrainian constraints are more often politically reversible.
314	4	rosja	A4	105	XIV. Czego Rosja nauczyła się dobrze	XIV. What Russia Has Learned to Do Well	Steelmanning: Rosja skutecznie obchodzi część sankcji i buduje nowe mechanizmy odporności.	Steelmanning: Russia effectively circumvents some sanctions and builds new resilience mechanisms.
315	4	rosja	A4	106	1. Flota cieni — od obejścia do instytucji	1. The Shadow Fleet — from Workaround to Institution	Flota cieni stała się trwałą rosyjską instytucją eksportową mimo sankcji jednostkowych.	The shadow fleet has become a durable Russian export institution despite vessel-by-vessel sanctions.
316	4	rosja	A4	107	2. Nowy poziom: budowa mocy pod sankcjami	2. A New Level: Building Capacity Under Sanctions	Rosja i partnerzy rozwijają nowe moce projektowe nawet wewnątrz reżimu sankcyjnego.	Russia and its partners develop new project capacity even within the sanctions regime.
317	4	rosja	A4	108	3. Kontradaptacja: sankcje kinetyczne	3. Counter-Adaptation: Kinetic Sanctions	Ukraina odpowiada na sankcyjne obejścia fizycznym niszczeniem infrastruktury i środków transportu.	Ukraine answers sanctions circumvention by physically destroying infrastructure and transport assets.
318	4	rosja	A4	109	4. Pozostałe adaptacje	4. Other Adaptations	Import równoległy, substytucja i reorganizacja produkcji łagodzą część zewnętrznej presji.	Parallel imports, substitution and production reorganisation soften part of the external pressure.
319	4	rosja	A4	110	5. Cena każdej adaptacji	5. The Cost of Every Adaptation	Każde obejście podnosi koszt, wydłuża łańcuch i zwiększa zależność od pośredników.	Every workaround raises costs, lengthens the chain and increases dependence on intermediaries.
320	4	rosja	A4	111	6. Dlaczego to wzmacnia tezę, a nie osłabia	6. Why This Strengthens the Thesis Rather Than Weakens It	Skuteczna adaptacja pokazuje, że system trwa, ale za cenę rosnącej złożoności i kosztu.	Successful adaptation shows that the system persists, but at the price of growing complexity and cost.
321	4	rosja	A4	112	XV. Bankowość — najkrótszy zapalnik	XV. Banking — the Shortest Fuse	Utajony kryzys bankowy jako najszybszy mechanizm przejścia z erozji do paniki.	A concealed banking crisis as the fastest mechanism for turning erosion into panic.
322	4	rosja	A4	113	1. Formalnie kryzys już trwa	1. Formally, the Crisis Is Already Underway	Złe aktywa i niespłacalność przekraczają poziomy odpowiadające kryzysowi bankowemu.	Bad assets and insolvency exceed levels consistent with a banking crisis.
323	4	rosja	A4	114	2. Maskowanie przez restrukturyzację	2. Masking Through Restructuring	Restrukturyzacje odsuwają klasyfikację złych długów i przenoszą koszt na państwo.	Restructuring delays classification of bad debt and shifts the cost onto the state.
324	4	rosja	A4	115	3. Marketplace'y jako przyspiesznik	3. Marketplaces as an Accelerator	Uderzenia magazynowe pogarszają jakość kredytów firm i zwiększają rezerwy banków.	Warehouse strikes worsen corporate credit quality and increase banks' provisioning needs.
325	4	rosja	A4	116	4. Ucieczka gotówki i niespłacalność	4. Flight into Cash and Insolvency	Rosną jednocześnie gotówka poza bankami i niespłacalność gospodarstw oraz firm.	Cash outside the banking system and insolvency among households and firms are rising at the same time.
326	4	rosja	A4	117	5. Dlaczego to najkrótszy zapalnik	5. Why This Is the Shortest Fuse	Bankowa percepcja może zmienić kryzys utajony w jawny w ciągu dni.	Banking perceptions can turn a hidden crisis into an open one within days.
327	4	rosja	A4	118	XVI. Zima 2026/27 — zbieg wektorów	XVI. Winter 2026/27 — Convergence of Vectors	Jesień i zima skupiają w jednym oknie paliwa, finanse, mobilizację, budżet i ciepłownictwo.	Autumn and winter bring fuel, finance, mobilisation, the budget and district heating into one window.
328	4	rosja	A4	119	1. Kalendarz zbieżności	1. Calendar of Convergence	Niezależne zegary wielu procesów schodzą się wokół jesieni 2026 i początku 2027.	Independent clocks across multiple processes converge around autumn 2026 and early 2027.
329	4	rosja	A4	120	2. Ciepłownictwo — zużycie 70% przy budżecie ciętym 2,3 raza	2. District Heating — 70% Wear with a Budget Cut 2.3-Fold	Zużyta infrastruktura grzewcza wchodzi w zimę przy mocno obciętym finansowaniu remontów.	Worn heating infrastructure enters winter with maintenance funding sharply reduced.
330	4	rosja	A4	121	3. Przyznanie wpisane w dokument rządowy	3. The Admission Written into a Government Document	Rosyjskie dokumenty rządowe same wpisują ryzyko awarii i niedoborów infrastrukturalnych.	Russian government documents themselves record the risk of failures and infrastructure shortages.
331	4	rosja	A4	122	4. Dlaczego splot mnoży, a nie sumuje	4. Why the Tangle Multiplies Rather Than Adds	Jednoczesne kryzysy wzajemnie zabierają sobie zasoby potrzebne do reagowania.	Simultaneous crises compete for the same resources needed for response.
332	4	rosja	A4	123	5. Co musiałoby pójść dobrze	5. What Would Have to Go Right	Scenariusz stabilizacji wymaga równoczesnego powodzenia na wielu niezależnych osiach.	A stabilisation scenario requires simultaneous success across many independent axes.
333	4	rosja	A4	124	XVII. Tryb wojenny i cofnięcie się w czasie	XVII. War Mode and Moving Backward in Time	Pełna mobilizacja gospodarki może rozwiązać problem alokacji, ale nie dostępności materialnej.	Full economic mobilisation can solve allocation, but not material availability.
334	4	rosja	A4	125	1. Co tryb wojenny faktycznie rozwiązuje	1. What War Mode Actually Solves	Przymus kieruje ludzi, pieniądze i priorytety tam, gdzie chce państwo.	Coercion directs people, money and priorities where the state wants them.
335	4	rosja	A4	126	2. Drzwi zamknięto przed decyzją	2. The Door Was Closed Before the Decision	Kontrola społeczna i gospodarcza została zbudowana zanim formalnie nazwano pełny tryb wojenny.	Social and economic control was built before full war mode was formally named.
336	4	rosja	A4	127	3. Czego nie ma: dostaw sojuszniczych	3. What Is Missing: Allied Supply	Rosji brakuje zewnętrznego dostawcy skali porównywalnej z historycznym alianckim zapleczem.	Russia lacks an external supplier on a scale comparable with the historical Allied rear.
337	4	rosja	A4	128	4. Trzy warstwy czasowe jednej gospodarki	4. Three Time Layers of One Economy	W jednej gospodarce współistnieją archaiczna produkcja, sowiecka baza i importowana nowoczesność.	Archaic production, a Soviet base and imported modernity coexist within the same economy.
338	4	rosja	A4	129	5. Przymus nowoczesny, produkcja archaiczna	5. Modern Coercion, Archaic Production	Najnowocześniejsza jest kontrola obywatela, podczas gdy produkcja technicznie się cofa.	Citizen control is the most modern element, while production is technologically regressing.
339	4	rosja	A4	130	XVIII. Inwentarz opcji — co Rosji zostaje	XVIII. Inventory of Options — What Russia Has Left	Oddzielenie realnych narzędzi Rosji od działań brzmiących jak rozwiązanie, lecz pustych materialnie.	Separating Russia's real tools from measures that sound like solutions but are materially empty.
340	4	rosja	A4	131	1. Opcje pozorne	1. False Options	Bailout, konfiskata i sztuczki monetarne nie tworzą brakujących rzeczy fizycznych.	Bailouts, confiscation and monetary tricks do not create missing physical goods.
341	4	rosja	A4	132	2. Opcje realne	2. Real Options	Realne są przesunięcia zasobów, obniżanie standardów i import rzeczy z zewnątrz.	What remains real is reallocating resources, lowering standards and importing physical goods from outside.
342	4	rosja	A4	133	3. Pieniądz przestał być wiązaniem	3. Money Has Stopped Being the Binding Constraint	Ograniczeniem staje się dostęp do komponentów, ludzi i infrastruktury, nie liczba rubli.	The constraint is access to components, people and infrastructure, not the number of rubles.
343	4	rosja	A4	134	XIX. Co jeszcze może spłonąć	XIX. What Else Can Burn	Katalog kolejnych klas celów o wysokim potencjale odbierania rosyjskich zdolności wojennych.	A catalogue of further target classes with high potential to strip Russia of wartime capabilities.
344	4	rosja	A4	135	XX. Granica analizy materialnej	XX. The Boundary of Material Analysis	Materialne wskaźniki pokazują dojrzewanie warunków, ale nie wyznaczają chwili przełomu.	Material indicators show conditions maturing, but do not identify the moment of rupture.
345	4	rosja	A4	136	1. Założenie wypowiedziane wprost	1. The Assumption Stated Explicitly	Jawne założenie: w Wielkiej Wojnie sam bilans zasobów nie przewiduje momentu końca.	Explicit assumption: in a Great War, resource balances alone do not predict the moment of the end.
346	4	rosja	A4	137	2. Materia daje warunki, sens daje moment	2. Material Conditions Create the Possibility; Meaning Creates the Moment	Materia tworzy możliwość przełomu; sens, lojalność i narracja mogą uruchomić moment.	Material conditions create the possibility of rupture; meaning, loyalty and narrative can trigger the moment.
347	4	rosja	A4	138	3. Asymetria symboliczna	3. Symbolic Asymmetry	Rosyjska narracja stabilizuje, ukraińska mobilizuje do tworzenia nowych zdolności.	The Russian narrative stabilises; the Ukrainian narrative mobilises the creation of new capabilities.
348	4	rosja	A4	139	o uzasadnieniach moralnych	On Moral Justifications	Obie strony mają własne ramy moralne; analiza musi odróżniać ich funkcję od prawdziwości.	Both sides have their own moral frames; analysis must distinguish their function from their truth value.
349	4	rosja	A4	140	4. Cele symboliczne — inna logika	4. Symbolic Targets — a Different Logic	Niektóre cele wpływają głównie na poczucie nietykalności i kalkulację elit.	Some targets mainly affect the sense of invulnerability and elite calculations.
350	4	rosja	A4	141	5. Czego ten dokument nie mierzy	5. What This Document Does Not Measure	Ślepe plamy: wola, lojalność aparatu, sens i rozstrzygające zdarzenia jednostkowe.	Blind spots: will, apparatus loyalty, meaning and decisive singular events.
351	5	rosja	A5	1	Kolumbryna kontra rzeczywistość — dwie rewizje	Kolumbryna vs Reality — Two Revisions	Audyt 24 prognoz Kolumbryny w dwóch rewizjach: 31 maja i 23 czerwca 2026.	An audit of Kolumbryna's 24 forecasts in two revisions: 31 May and 23 June 2026.
352	5	rosja	A5	2	Jak czytać	How to Read This	Legenda czterech statusów i oznaczeń zmian między rewizjami.	A legend for the four statuses and the change markers between revisions.
353	5	rosja	A5	3	Licznik rewizji	Revision Counter	Zbiorcze przesunięcie 24 nosorożców między stanem majowym i czerwcowym.	The aggregate shift of the 24 rhinos between the May and June states.
354	5	rosja	A5	4	24 nosorożce — stan na 31.05	24 Rhinos — Status as of 31 May	Pozycja po pozycji: status, nowe dane i zmiana każdego z 24 nosorożców.	Item by item: status, new data and change for each of the 24 rhinos.
355	6	rosja	A6	1	Zapas kontra strumień	Stock vs Flow	Rosyjski system opiera się na zużywających się zapasach, gdy ukraińska presja działa coraz bardziej strumieniowo. Analiza łączy kryzys paliwowy z pułapką decyzyjną Putina.	The Russian system relies on depleting stocks while Ukrainian pressure increasingly operates as a flow. The analysis links the fuel crisis with Putin's decision trap.
356	6	rosja	A6	2	Część I — Materia: układ paliwowy Rosji	Part I — Material: Russia's Fuel System	Bilans paliw: utrata slacku, niemal brak stocku, asymetria produktów i rosnące ograniczenia logistyczne.	The fuel balance: loss of slack, almost no stock, product asymmetry and growing logistical constraints.
357	6	rosja	A6	3	1. Uderzenie 28.06 — trzy obiekty, skala zweryfikowana	1. The 28 June Strike — Three Facilities, Scale Verified	Jedna fala trafia trzy obiekty naftowe; skalę pożarów potwierdzają dane termiczne.	A single wave hits three oil facilities; thermal data confirm the scale of the fires.
358	6	rosja	A6	4	2. Moce nominalne kontra faktyczny przerób	2. Nominal Capacity vs Actual Throughput	Nominalna moc rafinerii zawyża odporność; faktyczny przerób zostawiał 57–75 Mt luzu.	Nominal refinery capacity overstates resilience; actual throughput left 57–75 Mt of slack.
359	6	rosja	A6	5	3. Piętnaście największych rafinerii — udział nominalny	3. The Fifteen Largest Refineries — Nominal Share	Ranking największych rafinerii pokazuje koncentrację mocy i skalę uszkodzeń do czerwca 2026.	A ranking of the largest refineries shows capacity concentration and the scale of damage by June 2026.
360	6	rosja	A6	6	4. Bilans per-produkt i asymetria buforów	4. Product-by-Product Balance and Buffer Asymmetry	Benzyna ma cienki bufor, diesel gruby; ten sam spadek przerobu boli produkty asymetrycznie.	Petrol has a thin buffer, diesel a thick one; the same fall in throughput hurts products asymmetrically.
361	6	rosja	A6	7	5. Zapasy magazynowe — flow kontra stock	5. Storage Reserves — Flow vs Stock	Rosja praktycznie nie ma strategicznego stocku paliw; system opiera się na bieżącym przepływie.	Russia effectively lacks strategic fuel stocks; the system depends on continuous flow.
362	6	rosja	A6	8	6. Drabina zakazów i sprzężenie współproduktów	6. The Ladder of Bans and the Co-Product Feedback Loop	Kolejne zakazy eksportu ujawniają ranking niedoboru: benzyna, paliwo lotnicze, potem diesel.	Successive export bans reveal the shortage ranking: petrol, aviation fuel, then diesel.
363	6	rosja	A6	9	"Zawory ciśnienia i „dziura w ziemi"""	Pressure Valves and the “Hole in the Ground”	Współprodukty nie dławią przerobu; nadwyżki są odpadem, więc spadek throughputu oznacza wymuszone wyłączenia.	Co-products do not choke refining; surpluses become waste, so lower throughput means forced shutdowns.
364	6	rosja	A6	10	7. Offline ≈ slack — zmiana fazy	7. Offline ≈ Slack — a Phase Change	Wyłączenia zrównały się z dawnym luzem mocy; kolejne trafienia schodzą już w realną produkcję.	Outages have caught up with former spare capacity; further hits now cut into real production.
365	6	rosja	A6	11	8. Poziomy kreski i popyt stłumiony	8. Flat Lines and Suppressed Demand	Spadek cywilnego zużycia może być skutkiem racjonowania, nie realnie niższego popytu.	Lower civilian consumption may reflect rationing rather than genuinely lower demand.
366	6	rosja	A6	12	9. Cebula transportowa — cztery warstwy	9. The Transport Onion — Four Layers	Ocalałe wschodnie rafinerie są daleko; kolej, przepustowość i tabor tworzą kolejne wąskie gardła.	Surviving eastern refineries are far away; rail, capacity and rolling stock create successive bottlenecks.
367	6	rosja	A6	13	Część II — Strategia: pułapka jedynego decydenta	Part II — Strategy: the Sole Decision-Maker Trap	Kurczące się zasoby spotykają się z pułapką decydenta, zamkniętym freeze’em i rosnącym ryzykiem ruchu resztkowego.	Shrinking resources meet a decision-maker trap, a closed freeze and growing risk of a residual move.
368	6	rosja	A6	14	1. Cztery osie zapas kontra strumień	1. Four Stock-vs-Flow Axes	Cztery rosyjskie zapasy kurczą się równolegle: paliwo, precyzyjny ogień, lojalność elit i eskalacja.	Four Russian stocks are shrinking in parallel: fuel, precision fire, elite loyalty and escalation capacity.
369	6	rosja	A6	15	2. Odczyt przez absencję	2. Reading Through Absence	Brak oczekiwanej reakcji według własnej doktryny jest informacją o realnych ograniczeniach.	Failure to respond as one's own doctrine predicts is information about real constraints.
370	6	rosja	A6	16	3. Generałowie i urojony obraz	3. Generals and the Delusional Picture	Selekcja lojalności usuwa kompetentnych dowódców i produkuje fałszywy obraz sytuacji dla Putina.	Loyalty-based selection removes competent commanders and produces a false picture of reality for Putin.
371	6	rosja	A6	17	4. Zablokowana elita — inaczej niż 2010/2019	4. The Locked Elite — Unlike 2010/2019	Elita ma zamknięte wyjście, głos i przeczekanie; pozorna stabilność zwiększa ryzyko nagłego flipu.	The elite has no exit, voice or waiting option; apparent stability increases the risk of a sudden flip.
372	6	rosja	A6	18	5. Szachmat — freeze zamknięty od strony Rosji	5. Checkmate — the Freeze Closed from Russia's Side	Freeze jest dla Kremla politycznie trudniejszy niż dalsza wojna: odsłania słabość i uruchamia własny kryzys.	A freeze is politically harder for the Kremlin than continuing the war: it exposes weakness and triggers its own crisis.
373	6	rosja	A6	19	6. Załamanie ramy — Rosja = Putin	6. Collapse of the Frame — Russia = Putin	Interes państwa rozchodzi się z funkcją celu jedynego realnego decydenta: osobistym przetrwaniem Putina.	The state's interest diverges from the objective function of the only real decision-maker: Putin's personal survival.
374	6	rosja	A6	20	7. Gambit NATO i casus belli	7. The NATO Gambit and Casus Belli	Eskalacja wobec NATO jako ruch resztkowy: narracyjnie łatwiejsza klęska niż przegrana z Ukrainą.	Escalation against NATO as a residual move: a defeat that is narratively easier than losing to Ukraine.
375	6	rosja	A6	21	Miękkie lądowanie — struktura, nie życzenie	Soft Landing — Structure, Not Wishful Thinking	Ograniczona klęska wobec NATO mogłaby zachować rosyjską państwowość i dozór nuklearny, degradując Putina.	A limited defeat by NATO could preserve Russian statehood and nuclear custody while politically degrading Putin.
376	6	rosja	A6	22	Casus belli — Polska 1939 (model Gliwice)	Casus Belli — Poland 1939 (the Gleiwitz Model)	False flag na wschodniej flance jako sposób przedstawienia eskalacji wobec NATO jako obrony.	A false flag on NATO's eastern flank as a way to present escalation against NATO as defence.
377	6	rosja	A6	23	8. Paradoks zapędzenia	8. The Cornering Paradox	Im mniej Rosji zostaje bezpiecznych wyjść, tym atrakcyjniejszy staje się ruch resztkowy o wysokim ryzyku.	The fewer safe exits Russia has left, the more attractive a high-risk residual move becomes.
378	6	rosja	A6	24	9. Advocatus diaboli — zebrane zawiasy	9. Advocatus Diaboli — the Collected Hinges	Zebrane zastrzeżenia: degradacja nie oznacza bliskiego końca, a kluczowe tezy są zależne od obecnej konfiguracji.	Collected caveats: degradation does not imply an imminent end, and the key theses depend on the current configuration.
379	7	rosja	A7	1	jak kończą się państwa — fenomenologia, typologia, rachunek rosyjski	How States End — Phenomenology, Typology, the Russian Calculation	Typologia sposobów końca państw i filtr zastosowany do współczesnej Rosji. Rdzeń analizy: długi okres erozji może przejść w bardzo szybki rozpad.	A typology of how states end and a filter applied to contemporary Russia. Core thesis: a long period of erosion can turn into very rapid disintegration.
380	7	rosja	A7	2	I. Ramy — fenomenologia, nie etiologia	I. Framework — Phenomenology, Not Aetiology	Analiza opisuje formę i przebieg końca państwa, nie pełną etiologię jego upadku.	The analysis describes the form and course of a state's ending, not the full aetiology of its collapse.
381	7	rosja	A7	3	II. Jak wyglądał upadek III Rzeszy	II. What the Fall of the Third Reich Looked Like	Przykład długiej erozji zakończonej czteromiesięcznym wygaszeniem państwa przez podbój.	An example of long erosion ending in a four-month extinguishing of the state through conquest.
382	7	rosja	A7	4	Dziesięć markerów	Ten Markers	Dziesięć obserwowalnych oznak przejścia od mocarstwa do fizycznego zaniku państwa.	Ten observable signs of the transition from great power to the physical disappearance of a state.
383	7	rosja	A7	5	Dwa bieguny — 1945 vs 1918	Two Poles — 1945 vs 1918	Kontrast: ekstynkcja przez podbój w 1945 versus wewnętrzne pęknięcie w 1918.	Contrast: extinction through conquest in 1945 versus internal rupture in 1918.
384	7	rosja	A7	6	III. Typologia trybów końca państwa	III. Typology of Modes of State Ending	Rozszerzenie prostego podziału 1945/1918 do wielu odmiennych form końca państwa.	Expanding the simple 1945/1918 split into multiple distinct forms of state ending.
385	7	rosja	A7	7	Osiem trybów	Eight Modes	Osiem mechanizmów końca: od podboju i rewolucji po dezintegrację, implozję protezy i absorpcję.	Eight mechanisms of ending: from conquest and revolution to disintegration, prosthetic implosion and absorption.
386	7	rosja	A7	8	Wzorzec poprzeczny — śmierć i odrodzenie z rdzenia	Cross-Cutting Pattern — Death and Rebirth from the Core	Państwo może umrzeć, a potem odrodzić się z rdzenia pod nową formą.	A state can die and later re-emerge from its core in a new form.
387	7	rosja	A7	9	Osie rozróżniające	Distinguishing Axes	Tryby rozróżniają m.in. akt kapitulacji, proces rozpadu, ciągłość aparatu i los terytorium.	The modes differ in surrender acts, dissolution processes, continuity of the apparatus and the fate of territory.
388	7	rosja	A7	10	IV. Filtr rosyjski	IV. The Russian Filter	Typologia zostaje zawężona do trybów rzeczywiście możliwych dla nuklearnej, ogromnej Rosji.	The typology is narrowed to modes genuinely possible for a vast nuclear Russia.
389	7	rosja	A7	11	Które tryby odpadają	Which Modes Drop Out	Podbój, rozbiór i część trybów kapitulacyjnych odpadają; zostają głównie zmiana centrum i dezintegracja.	Conquest, partition and some surrender modes fall away; what remains is mainly a change of centre and disintegration.
390	7	rosja	A7	12	Dwa silniki samorozwiązania — ZSRR vs Austro-Węgry	Two Engines of Self-Dissolution — USSR vs Austria-Hungary	Rosji bliżej do odgórnej defekcji elit ZSRR niż oddolnego rozpadu narodowego Austro-Węgier.	Russia is closer to the USSR's top-down elite defection than to Austria-Hungary's bottom-up national disintegration.
391	7	rosja	A7	13	Liczba 1,1 mln — armia frontu vs aparat trzymania	The 1.1 Million Figure — Front Army vs Holding Apparatus	Armia frontowa i aparat represji to różne pule; klęska frontu jest sygnałem, nie automatycznym rozpadem.	The field army and coercive apparatus are separate pools; defeat at the front is a signal, not automatic disintegration.
392	7	rosja	A7	14	Monopol na przemoc jako przekonanie o sobie	The Monopoly on Violence as a Belief About Oneself	Monopol przemocy trwa, dopóki aparat wierzy, że centrum pozostaje silne i zwycięskie.	The monopoly on violence lasts as long as the apparatus believes the centre remains strong and victorious.
393	7	rosja	A7	15	V. Hierarchia zewnętrzna — z patrona w klienta	V. External Hierarchy — from Patron to Client	Rosja spadła z roli patrona do klienta Chin, tracąc kolejne szczeble zewnętrznej suwerenności.	Russia has fallen from patron to client of China, losing successive layers of external sovereignty.
394	7	rosja	A7	16	VI. Kto chce jakiej Rosji	VI. Who Wants What Kind of Russia	Rozdzielenie interesów aktorów według tego, czy chcą Rosji całej, silnej czy ograniczonej do rdzenia.	Actors' interests separated by whether they want Russia whole, strong or reduced to its core.
395	7	rosja	A7	17	Trzy stany — całość, siła, siła bez federacji	Three States — Wholeness, Strength, Strength Without Federation	Integralność, siła i federacyjność są osobnymi osiami; atrakcyjny bywa silny rdzeń bez peryferii.	Territorial integrity, strength and federal structure are separate axes; a strong core without the periphery can be attractive.
396	7	rosja	A7	18	Chiny i norma integralności (vide Ukraina)	China and the Norm of Territorial Integrity (cf. Ukraine)	Pekin traktuje integralność Rosji instrumentalnie; ważniejsze są stabilność, dostęp i zależność ekonomiczna.	Beijing treats Russia's territorial integrity instrumentally; stability, access and economic dependence matter more.
397	7	rosja	A7	19	Iran na osi proliferacyjnej	Iran on the Proliferation Axis	Iranowi bardziej niż na mapie Rosji zależałoby na krótkim oknie dostępu do technologii nuklearnej.	Iran would care less about Russia's map than about a brief window of access to nuclear technology.
398	7	rosja	A7	20	Kategoria IV — Musk i Thiel	Category IV — Musk and Thiel	Prywatni aktorzy mogą preferować fragmentację i wpływać na zachodni instynkt stabilizacyjny, choć jej nie wywołają.	Private actors may prefer fragmentation and influence the West's stabilising instinct, though they will not cause the fragmentation themselves.
399	7	rosja	A7	21	Bilans — kto realnie po której stronie	Balance — Who Is Really on Which Side	Po stronie integralności Rosji nie ma silnej, spójnej koalicji; interesy zewnętrzne są rozproszone.	There is no strong, coherent coalition on the side of Russia's territorial integrity; external interests are dispersed.
400	7	rosja	A7	22	VII. Rozbrojenie straszaka uchodźczego	VII. Defusing the Refugee Scare	Ryzyko uchodźcze jest realne, lecz bardziej zależy od mobilizacji i przemocy niż samej biedy czy rozpadu.	Refugee risk is real, but depends more on mobilisation and violence than on poverty or disintegration itself.
401	7	rosja	A7	23	VIII. Spoiwo wewnętrzne — trzy warstwy	VIII. Internal Binding — Three Layers	Trzy wewnętrzne warstwy trzymania Rosji okazują się warunkową kalkulacją, nie trwałą lojalnością.	Three internal layers holding Russia together turn out to be conditional calculations rather than durable loyalty.
402	7	rosja	A7	24	Warstwa I — siłowicy jako czujnik siły (~300 tys. + rodziny)	Layer I — Siloviki as a Strength Sensor (~300,000 + Families)	Siłowicy są czujnikiem postrzeganej siły centrum i mogą zmienić stronę, gdy kalkulacja się odwróci.	The siloviki are a sensor of the centre's perceived strength and may switch sides when the calculation reverses.
403	7	rosja	A7	25	Warstwa II — biurokracja jako inercja (X mln federalnych i quasi-federalnych)	Layer II — Bureaucracy as Inertia (X Million Federal and Quasi-Federal)	Biurokracja podtrzymuje funkcjonowanie państwa, nie reżimu; warunkiem jej inercji jest wypłacalność.	The bureaucracy sustains state functioning, not the regime; its inertia depends on solvency.
404	7	rosja	A7	26	Warstwa III — oligarchowie jako zakładnicy	Layer III — Oligarchs as Hostages	Oligarchowie są zakładnikami systemu i potencjalnym wskaźnikiem wyprzedzającym jego chwiania.	Oligarchs are hostages of the system and a potential leading indicator of its instability.
405	7	rosja	A7	27	IX. Synteza — spoiwo to kalkulacja na dwóch zmiennych	IX. Synthesis — the Binding Agent Is a Calculation on Two Variables	Wewnętrzne spoiwo zależy od dwóch sygnałów: postrzeganej siły i wypłacalności centrum.	Internal cohesion depends on two signals: perceived strength and the centre's solvency.
406	7	rosja	A7	28	X. Otwarte — peryferie vs rdzeń	X. Open Question — Periphery vs Core	Nierozstrzygnięte pozostaje, co zatrzyma żywiołową dezintegrację na peryferiach zamiast wciągnąć rdzeń.	What remains unresolved is what would stop spontaneous disintegration at the periphery rather than draw in the core.
407	8	rosja	D1	1	Dark legitimacy: What Russia and Ukraine reveal about authoritarianism	Dark Legitimacy: What Russia and Ukraine Reveal About Authoritarianism	Koncepcja „ciemnej legitymizacji”: autorytaryzm stabilizowany przez cyniczne oczekiwanie, że każda władza jest zła. Rosja i Ukraina pokazują przeciwstawne logiki legitymizacji.	The concept of “dark legitimacy”: authoritarianism stabilised by the cynical expectation that all power is bad. Russia and Ukraine reveal opposing logics of legitimacy.
408	8	rosja	D1	2	Abstract	Abstract	Definicja dark legitimacy i kontrast między rosyjską akceptacją zła a ukraińską legitymizacją afirmatywną.	Definition of dark legitimacy and the contrast between Russian acceptance of evil and Ukrainian affirmative legitimacy.
409	8	rosja	D1	3	An affirmative concept of legitimacy	An Affirmative Concept of Legitimacy	Przegląd modeli, w których władza uzasadnia się wartością, misją, zgodą, prawem lub wspólnym celem.	A review of models in which power justifies itself through value, mission, consent, law or a shared purpose.
410	8	rosja	D1	4	Governmentality: Affirmative legitimacy beyond democracy	Governmentality: Affirmative Legitimacy Beyond Democracy	Governmentality rozszerza afirmatywną legitymizację poza demokrację: władza uzasadnia się produktywnym zarządzaniem i wiedzą.	Governmentality extends affirmative legitimacy beyond democracy: power justifies itself through productive governance and knowledge.
411	8	rosja	D1	5	Legitimacy crisis in the Soviet and post-Soviet context	Legitimacy Crisis in the Soviet and Post-Soviet Context	Upadek wiary w sowiecką ideologię tworzy cyniczną próżnię, z której Rosja buduje nowy model legitymizacji.	The collapse of belief in Soviet ideology creates a cynical vacuum from which Russia builds a new model of legitimacy.
412	8	rosja	D1	6	Dark legitimacy: Bad is good	Dark Legitimacy: Bad Is Good	Korupcja i przemoc przestają delegitymizować władzę, gdy uznaje się je za normalne, nieuniknione lub nawet pożądane.	Corruption and violence stop delegitimising power when they are treated as normal, inevitable or even desirable.
413	8	rosja	D1	7	Russia-Ukraine: The war over legitimacy	Russia–Ukraine: The War Over Legitimacy	Wojna jako starcie rosyjskiej ciemnej legitymizacji z ukraińską tradycją zgody, mobilizacji społecznej i godności.	The war as a clash between Russian dark legitimacy and the Ukrainian tradition of consent, social mobilisation and dignity.
414	8	rosja	D1	8	Consequences of dark legitimacy	Consequences of Dark Legitimacy	Krytyka korupcji wzmacnia system, który już ją zakłada; realną słabością pozostaje utrata obrazu siły.	Criticism of corruption reinforces a system that already assumes corruption; the real weakness is the loss of the image of strength.
415	8	rosja	D1	9	Acknowledgments	Acknowledgments	Podziękowania autora za wkład, dyskusje i wsparcie pracy.	The author's acknowledgments for contributions, discussions and support for the work.
416	8	rosja	D1	10	References	References	Bibliografia źródeł teoretycznych i empirycznych wykorzystanych w artykule.	Bibliography of theoretical and empirical sources used in the article.
417	9	rosja	D2	1	DISINFOLKLORE	DISINFOLKLORE	Disinfolklore jako rama łącząca folklor, archetypy i analizę współczesnej dezinformacji. Celem jest rozpoznawanie mechanizmów narracyjnych i budowa odporności poznawczej.	Disinfolklore as a framework combining folklore, archetypes and analysis of contemporary disinformation. Its purpose is to identify narrative mechanisms and build cognitive resilience.
418	9	rosja	D2	2	Spis treści	Contents	Mapa dwunastu głównych części kompilacji i jej narzędzi analitycznych.	A map of the compilation's twelve main parts and analytical tools.
419	9	rosja	D2	3	IGeneza: most, trolle i folklor	I. Genesis: the Bridge, Trolls and Folklore	Metoda wyrasta z doświadczeń mediatora na moście w Donbasie i obserwacji folklorystycznej struktury konfliktu.	The method grows out of the experience of a mediator on a bridge in Donbas and observation of the folkloric structure of conflict.
420	9	rosja	D2	4	IICzym jest Disinfolklore — definicja i zakres	II. What Disinfolklore Is — Definition and Scope	Disinfolklore jako forma narracji, teoria analityczna i metoda kontrdziałania w wojnie informacyjnej.	Disinfolklore as a narrative form, analytical theory and countermeasure in information warfare.
421	9	rosja	D2	5	IIIDwanaście narzędzi metody analitycznej	III. Twelve Tools of the Analytical Method	Dwunastoelementowy zestaw do parsowania memów, emocji, archetypów, prowokacji i dystrybucji treści.	A twelve-part toolkit for parsing memes, emotions, archetypes, provocations and content distribution.
422	9	rosja	D2	6	Archetypal Disinfolklore Literacy	Archetypal Disinfolklore Literacy	Rozpoznawanie archetypów folklorystycznych ukrytych we współczesnych komunikatach.	Recognising folkloric archetypes hidden in contemporary messages.
423	9	rosja	D2	7	Incoming-Outgoing Troll Radars	Incoming–Outgoing Troll Radars	Filtrowanie treści, które wpuszczamy do własnego umysłu i sami przekazujemy dalej.	Filtering the content we let into our own minds and pass on to others.
424	9	rosja	D2	8	Look for the Mana in the Meme!	Look for the Mana in the Meme!	Identyfikowanie emocjonalnej energii osadzonej w komunikacie i kierunku jej działania.	Identifying the emotional energy embedded in a message and the direction in which it acts.
425	9	rosja	D2	9	Archetypal Structures	Archetypal Structures	Wykrywanie przełączeń sfer, przemian tożsamości i personifikowania abstrakcji.	Detecting realm-switching, identity transformations and personification of abstractions.
426	9	rosja	D2	10	Trigger → Experience → Reaction	Trigger → Experience → Reaction	Rozdzielenie bodźca, doświadczenia i reakcji, by przerwać automatyczny łańcuch emocjonalny.	Separating stimulus, experience and reaction to interrupt an automatic emotional chain.
427	9	rosja	D2	11	Code of Positive Trolls	Code of Positive Trolls	Sześć wartości jako filtr odróżniający komunikację obronną od manipulacyjnej.	Six values used as a filter distinguishing defensive communication from manipulative communication.
428	9	rosja	D2	12	Accusation in a Mirror	Accusation in a Mirror	Sprawca oskarża przyszłą ofiarę o działania, które sam planuje lub wykonuje.	The perpetrator accuses the future victim of actions the perpetrator plans or is already carrying out.
429	9	rosja	D2	13	Provocation Logic Cycle	Provocation Logic Cycle	Fabrykowanie zagrożenia, a następnie przedstawianie własnej agresji jako odpowiedzi na nie.	Fabricating a threat and then presenting one's own aggression as a response to it.
430	9	rosja	D2	14	Witch Switch	Witch Switch	Przekierowanie realnego lęku społecznego na sfabrykowanego winnego.	Redirecting real social fear toward a fabricated culprit.
431	9	rosja	D2	15	Coercive Control	Coercive Control	Model kontroli przymusowej powtarzający się od relacji osobistych po politykę państwa.	A model of coercive control recurring from personal relationships to state politics.
432	9	rosja	D2	16	Re-Archetyping	Re-Archetyping	Świadoma zmiana mentalnego modelu obiektu poprzez podstawienie nowego archetypu.	Deliberately changing the mental model of an object by substituting a new archetype.
433	9	rosja	D2	17	Understanding Rashist Construction	Understanding Rashist Construction	Analiza produkcji propagandy: temników, fabryk trolli, wektorów i sieci dystrybucji.	Analysis of propaganda production: temniki, troll factories, vectors and distribution networks.
434	9	rosja	D2	18	IVTrzy archetypy: Druidy Don, Duncey Putin, Komik	IV. Three Archetypes: Druidy Don, Duncey Putin, the Comedian	Trump, Putin i Zełenski jako trzy figury archetypowe organizujące analizowane pole informacyjne.	Trump, Putin and Zelenskyy as three archetypal figures organising the information field under analysis.
435	9	rosja	D2	19	Druidy Don (Trump)	Druidy Don (Trump)	Trump jako masowy trickster-szaman zdolny archetypować rzeczywistość polityczną.	Trump as a mass-scale trickster-shaman capable of archetyping political reality.
436	9	rosja	D2	20	Duncey Putin	Duncey Putin	Putin jako groźny, lecz nieuczący się archetyp tępego bohatera folklorystycznego.	Putin as a dangerous but non-learning archetype of the dim-witted folkloric hero.
437	9	rosja	D2	21	Komik (Zełenski)	The Comedian (Zelenskyy)	Zełenski jako archetyp komunikatora wykorzystującego symboliczną „manę” w funkcji obronnej.	Zelenskyy as an archetypal communicator using symbolic “mana” in a defensive function.
438	9	rosja	D2	22	VMana — energia w memach	V. Mana — Energy in Memes	Mem przenosi emocjonalną energię; samo jej rozpoznanie staje się pierwszym filtrem obronnym.	A meme carries emotional energy; recognising it becomes the first defensive filter.
439	9	rosja	D2	23	VIAccusation in a Mirror i Provocation Logic	VI. Accusation in a Mirror and Provocation Logic	Dwa sprzężone mechanizmy: projekcja własnych zamiarów i tworzenie pretekstu do agresji.	Two coupled mechanisms: projection of one's own intentions and construction of a pretext for aggression.
440	9	rosja	D2	24	Oskarżenie w lustrze (Accusation in a Mirror)	Accusation in a Mirror	Rosyjskie oskarżenia można czytać jako projekcję własnych planów sprawcy.	Russian accusations can be read as projection of the perpetrator's own plans.
441	9	rosja	D2	25	Cykl logiki prowokacji (Provocation Logic Cycle)	Provocation Logic Cycle	Sfabrykowany pretekst uruchamia pozornie reaktywną, wcześniej zamierzoną agresję.	A fabricated pretext triggers apparently reactive aggression that was planned in advance.
442	9	rosja	D2	26	VIIWitch Switch — przełącznik czarownicy	VII. Witch Switch	Autentyczne problemy społeczne zostają podmienione na łatwy, niewinny cel gniewu.	Authentic social problems are swapped for an easy, innocent target of anger.
443	9	rosja	D2	27	VIIIData Resistant Archetypes — mentalne modele oporne na fakty	VIII. Data-Resistant Archetypes — Mental Models Resistant to Facts	Głęboki archetyp może ignorować fakty, dopóki dramatyczne kontr-dane nie rozbiją modelu.	A deep archetype can ignore facts until dramatic counter-data break the model.
444	9	rosja	D2	28	IXFinding Manuland — indoeuropejskie fundamenty	IX. Finding Manuland — Indo-European Foundations	Projekt szuka sześciotysięcznej ciągłości indoeuropejskich struktur narracyjnych od Jamna do współczesności.	The project looks for six thousand years of continuity in Indo-European narrative structures from Yamnaya to the present.
445	9	rosja	D2	29	Główne tezy Finding Manuland	Core Theses of Finding Manuland	Ukraina jako cywilizacja źródłowa, Manuland jako kontr-geografia i hipoteza dźwiękowych wzorców semantycznych.	Ukraine as a source civilisation, Manuland as a counter-geography, and a hypothesis of sound-based semantic patterns.
446	9	rosja	D2	30	XDisinfolklore a FIMI UE — komplementarność ram	X. Disinfolklore and EU FIMI — Complementary Frameworks	FIMI opisuje infrastrukturę manipulacji, Disinfolklore jej archetypowy i emocjonalny mechanizm.	FIMI describes the infrastructure of manipulation; Disinfolklore describes its archetypal and emotional mechanism.
447	9	rosja	D2	31	Co FIMI robi dobrze	What FIMI Does Well	FIMI skutecznie mapuje incydenty, kanały, atrybucję i wspólną terminologię dla państw UE.	FIMI effectively maps incidents, channels, attribution and shared terminology for EU states.
448	9	rosja	D2	32	Czego FIMI nie widzi — a Disinfolklore tak	What FIMI Misses — and Disinfolklore Sees	FIMI słabiej ujmuje wewnętrznych pośredników oraz emocjonalną i archetypową treść memu.	FIMI is weaker at capturing internal intermediaries and the emotional and archetypal content of the meme.
449	9	rosja	D2	33	XICounter-Disinfolklore — narzędzia obrony	XI. Counter-Disinfolklore — Defensive Tools	Sześć kroków: rozpoznanie manipulacji, diagnoza mechanizmu i świadome wdrożenie kontr-archetypu.	Six steps: recognise manipulation, diagnose the mechanism and deliberately deploy a counter-archetype.
450	9	rosja	D2	34	XIIWnioski i kierunki dalszych badań	XII. Conclusions and Directions for Further Research	Rama wymaga dalszej walidacji i rozwoju w AI, prawie oraz re-archetypowaniu Ukrainy.	The framework requires further validation and development in AI, law and the re-archetyping of Ukraine.
451	10	rosja	D3	1	Disinfolklore: SWOT,Advocatus Diaboli,Przesłuchanie	Disinfolklore: SWOT, Advocatus Diaboli, Cross-Examination	Potrójny test Disinfolklore: SWOT, filozoficzny advocatus diaboli i quasi-sądowe badanie wiarygodności metody.	A triple test of Disinfolklore: SWOT, philosophical advocatus diaboli and a quasi-judicial examination of the method's credibility.
452	10	rosja	D3	2	Analiza SWOT	SWOT Analysis	Bilans mocnych stron, słabości, szans i zagrożeń przed próbą głębszego podważenia metody.	A balance of strengths, weaknesses, opportunities and threats before attempting a deeper challenge to the method.
453	10	rosja	D3	3	Strengths — Siły	Strengths	Siłą są interdyscyplinarność, doświadczenie terenowe, operacyjne narzędzia i możliwość kontr-narracji.	Its strengths are interdisciplinarity, field experience, operational tools and the ability to build counter-narratives.
454	10	rosja	D3	4	Weaknesses — Słabości	Weaknesses	Największe słabości to zależność od autora, brak walidacji i spekulatywne elementy lingwistyczne.	The greatest weaknesses are dependence on the author, lack of validation and speculative linguistic elements.
455	10	rosja	D3	5	Opportunities — Szanse	Opportunities	Szanse: skalowanie przez AI, instytucjonalizacja, edukacja i rosnące zapotrzebowanie na analizę wojny informacyjnej.	Opportunities include scaling through AI, institutionalisation, education and growing demand for information-warfare analysis.
456	10	rosja	D3	6	Threats — Zagrożenia	Threats	Ryzyka: odrzucenie jako pseudonauki, instrumentalizacja polityczna i utrata wiarygodności całego narzędzia.	Risks include dismissal as pseudoscience, political instrumentalisation and loss of credibility for the entire toolkit.
457	10	rosja	D3	7	Synteza strategiczna	Strategic Synthesis	Oddzielić empirycznie użyteczny toolkit od spekulacji, sformalizować i poddać zewnętrznej walidacji.	Separate the empirically useful toolkit from speculation, formalise it and subject it to external validation.
458	10	rosja	D3	8	Advocatus Diaboli	Advocatus Diaboli	Seria pytań badających etykę, epistemologię i wewnętrzne sprzeczności Disinfolklore.	A series of questions testing the ethics, epistemology and internal contradictions of Disinfolklore.
459	10	rosja	D3	9	Jeśli archetypowanie jest bronią — to czy re-archetypowanie nie jest tą samą bronią z odwróconym ostrzem?	If Archetyping Is a Weapon, Is Re-Archetyping Not the Same Weapon with the Blade Reversed?	Czy kontr-archetypowanie naprawdę różni się strukturalnie od manipulacji, którą metoda krytykuje?	Does counter-archetyping really differ structurally from the manipulation the method criticises?
460	10	rosja	D3	10	Obserwator w polu bitwy: czy można badać zaklęcia, nie będąc samemu zaczarowanym?	The Observer on the Battlefield: Can One Study Spells Without Being Enchanted Oneself?	Czy zaangażowany uczestnik wojny informacyjnej może zachować dystans potrzebny do jej analizy?	Can an engaged participant in information warfare preserve the distance required to analyse it?
461	10	rosja	D3	11	Mana: czy pojęcie niefalsyfikowalne zachowuje moc analityczną?	Mana: Can a Non-Falsifiable Concept Retain Analytical Power?	Czy „mana” ma kryterium empiryczne, czy pozostaje metaforą odporną na falsyfikację?	Does “mana” have an empirical criterion, or does it remain a metaphor resistant to falsification?
462	10	rosja	D3	12	"Czy twierdzenie „Ukraina to cywilizacja źródłowa Zachodu"" nie jest samo w sobie aktem Disinfolklore?"	Is the Claim “Ukraine Is the Source Civilisation of the West” Not Itself an Act of Disinfolklore?	Czy heroiczne re-archetypowanie Ukrainy samo nie staje się świadomie konstruowaną narracją polityczną?	Does heroic re-archetyping of Ukraine itself become a deliberately constructed political narrative?
463	10	rosja	D3	13	Indoeuropocentryzm jako ślepy punkt: co z umysłami, które ukształtowały inne matryce?	Indo-Eurocentrism as a Blind Spot: What About Minds Shaped by Other Matrices?	Czy rama oparta na indoeuropejskich archetypach działa poza kulturami ukształtowanymi przez tę tradycję?	Does a framework built on Indo-European archetypes work outside cultures shaped by that tradition?
464	10	rosja	D3	14	Problem skali: 1,5 miliona słów vs. 15-sekundowy TikTok. Czy antywirusem na snajpera jest encyklopedia?	The Scale Problem: 1.5 Million Words vs a 15-Second TikTok. Is an Encyclopaedia the Antivirus for a Sniper?	Metoda jest za ciężka poznawczo wobec szybkości i prostoty współczesnych kanałów dezinformacji.	The method is cognitively too heavy for the speed and simplicity of contemporary disinformation channels.
465	10	rosja	D3	15	Granica między narzędziem a systemem wierzeń: kiedy analityk staje się kapłanem?	The Boundary Between Tool and Belief System: When Does the Analyst Become a Priest?	Test granicy, po której analityczna terminologia zaczyna funkcjonować jak zamknięty system wiary.	A test of the point at which analytical terminology begins to function like a closed belief system.
466	10	rosja	D3	16	Czy demokratyczna broń może przetrwać kontakt z demokratycznym wyborcą?	Can a Democratic Weapon Survive Contact with a Democratic Voter?	Czy wymagające narzędzie obronne może działać masowo w realnym środowisku demokratycznej uwagi?	Can a demanding defensive tool work at mass scale in the real ecology of democratic attention?
467	10	rosja	D3	17	Fabuła o trzech postaciach: czy redukcja geopolityki do bajki nie jest formą tego, co Pan krytykuje?	The Story of Three Characters: Is Reducing Geopolitics to a Fairy Tale Not a Form of What You Criticise?	Archetypizacja Trumpa, Putina i Zełenskiego może upraszczać geopolitykę tak samo jak krytykowana propaganda.	Archetyping Trump, Putin and Zelenskyy may simplify geopolitics in the same way as the propaganda being criticised.
468	10	rosja	D3	18	Ostateczna aporia: czy można zbudować post-narracyjne narzędzie wyłącznie z narracji?	The Final Aporia: Can a Post-Narrative Tool Be Built Entirely from Narratives?	Aporia: narzędzie mające wyzwalać z narracji samo jest skonstruowane z narracyjnych kategorii.	Aporia: a tool meant to liberate people from narratives is itself built from narrative categories.
469	10	rosja	D3	19	Przesłuchanie informacyjne biegłegow trybie art. 278 i nast. k.p.c.	Informational Cross-Examination of an Expert under Art. 278 et seq. of the Polish Code of Civil Procedure	Quasi-sądowy test, czy Disinfolklore spełnia wymogi powtarzalności, falsyfikowalności i kompetencji eksperckiej.	A quasi-judicial test of whether Disinfolklore meets requirements of repeatability, falsifiability and expert competence.
470	10	rosja	D3	20	Panie biegły, proszę wskazać, w jakim recenzowanym piśmie naukowym opublikował Pan pełny opis metody Disinfolklore, wraz z recenzjami zewnętrznymi.	Expert, Please Identify the Peer-Reviewed Journal in Which You Published the Full Description of the Disinfolklore Method, Together with External Reviews.	Pytanie o recenzowaną publikację pełnej metody i niezależny peer review.	A question about peer-reviewed publication of the full method and independent peer review.
471	10	rosja	D3	21	Czy dwóch niezależnych analityków, stosujących Pana dwunastoelementowy algorytm do tego samego memu, dojdzie do identycznej konkluzji co do jego klasyfikacji jako Disinfolklore?	Would Two Independent Analysts Applying Your Twelve-Part Algorithm to the Same Meme Reach the Same Conclusion About Its Classification as Disinfolklore?	Test zgodności wyników uzyskiwanych przez niezależnych analityków na tym samym materiale.	A test of inter-analyst consistency on the same material.
472	10	rosja	D3	22	"Panie biegły, Pan posługuje się pojęciem „mana"" jako kluczowym wskaźnikiem analitycznym. Proszę wskazać, jaki wynik empiryczny sfalsyfikowałby twierdzenie, że dany mem „zawiera silną manę""."	Expert, You Use the Concept of “Mana” as a Key Analytical Indicator. What Empirical Result Would Falsify the Claim That a Given Meme “Contains Strong Mana”?	Żądanie wyniku empirycznego, który pozwoliłby uznać diagnozę „silnej many” za błędną.	A demand for an empirical outcome that would allow the diagnosis of “strong mana” to be judged wrong.
473	10	rosja	D3	23	Pana wykształcenie formalne i doświadczenie zawodowe to dyplomacja i mediacja w kontekście OBWE. Proszę wskazać Pana kwalifikacje w zakresie lingwistyki porównawczej, folklorystyki, psychologii poznawczej i archeogenetyki — dyscyplin, na których opiera Pan swoją metodę.	Your Formal Education and Professional Experience Are in Diplomacy and Mediation in the OSCE Context. Please Identify Your Qualifications in Comparative Linguistics, Folklore Studies, Cognitive Psychology and Archaeogenetics — the Disciplines on Which Your Method Relies.	Test formalnych kompetencji autora w dyscyplinach, na których opiera szeroką metodę.	A test of the author's formal competence in the disciplines underpinning the broad method.
474	10	rosja	D3	24	"Pan jest publicznie zaangażowanym obrońcą sprawy ukraińskiej. Prowadzi Pan fundację Volya, współpracuje z NAFO, określa Rosję terminem „Ruschia"". Jak Pan zapewnia sąd o swojej bezstronności jako biegłego w sprawie, w której jedną ze stron jest podmiot powiązany z Federacją Rosyjską?"	You Are a Public Advocate of the Ukrainian Cause. You Run the Volya Foundation, Work with NAFO and Call Russia “Ruschia”. How Do You Assure the Court of Your Impartiality as an Expert in a Case Involving an Entity Linked to the Russian Federation?	Pytanie, czy jawne zaangażowanie po stronie Ukrainy pozwala zachować bezstronność ekspercką.	A question about whether explicit engagement on Ukraine's side is compatible with expert impartiality.
475	10	rosja	D3	25	"Proszę podać precyzyjną, operacyjną definicję pojęcia „archetyp"" w Pana metodzie, odróżniającą je od definicji Junga, Campbella i Proppa — na tyle ścisłą, by dwóch prawników mogło niezależnie zastosować ją do tego samego stanu faktycznego."	Please Give a Precise Operational Definition of “Archetype” in Your Method, Distinguishing It from Jung, Campbell and Propp — Precise Enough for Two Lawyers to Apply It Independently to the Same Facts.	Żądanie ścisłej definicji archetypu umożliwiającej niezależne i powtarzalne zastosowanie.	A demand for a strict definition of archetype enabling independent and repeatable application.
476	10	rosja	D3	26	Czy Pan dysponuje danymi empirycznymi — w formie badań eksperymentalnych, quasi-eksperymentalnych lub choćby studium przypadku z grupą kontrolną — potwierdzającymi, że zastosowanie metody Disinfolklore zwiększa odporność odbiorców na dezinformację?	Do You Have Empirical Data — Experimental, Quasi-Experimental or Even a Controlled Case Study — Showing That Disinfolklore Increases Recipients' Resilience to Disinformation?	Pytanie o kontrolowane dane dowodzące, że metoda faktycznie zwiększa odporność odbiorców.	A question about controlled evidence that the method actually increases audience resilience.
477	10	rosja	D3	27	"Pan twierdzi, że dźwięk M-N stanowi „najistotniejsze odkrycie w lingwistyce indoeuropejskiej od czasów de Saussure'a"". Proszę wskazać, ilu profesorów lingwistyki indoeuropejskiej — choćby jeden — publicznie poparło to twierdzenie."	You Claim That the M–N Sound Is “the Most Important Discovery in Indo-European Linguistics Since de Saussure”. How Many Professors of Indo-European Linguistics — Even One — Have Publicly Endorsed That Claim?	Test zewnętrznego poparcia lingwistów dla najbardziej ambitnej hipotezy dźwiękowej M-N.	A test of external scholarly support for the most ambitious M–N sound hypothesis.
478	10	rosja	D3	28	Proszę wskazać konkretny przypadek, w którym Pana metoda dałaby wynik fałszywie pozytywny — tj. zidentyfikowałaby jako Disinfolklore komunikat, który nim nie jest.	Please Give a Specific Case in Which Your Method Would Produce a False Positive — Identifying as Disinfolklore a Message That Is Not Disinfolklore.	Żądanie przykładu i mechanizmu, w którym metoda błędnie klasyfikuje niewinną treść jako manipulację.	A demand for an example and mechanism by which the method would misclassify innocent content as manipulation.
479	10	rosja	D3	29	"Pan twierdzi, że „Accusation in a Mirror"" jest strukturą wspólną dla wszystkich ludobójstw — sprawca oskarża ofiarę o to, co sam planuje. Ale wzajemne oskarżenia są codziennością polityki. Proszę podać precyzyjne kryterium, na podstawie którego sąd mógłby odróżnić autentyczne oskarżenie od „Accusation in a Mirror""."	You Claim That “Accusation in a Mirror” Is a Structure Shared by All Genocides — the Perpetrator Accuses the Victim of What the Perpetrator Plans. But Mutual Accusations Are Routine in Politics. What Precise Criterion Would Let a Court Distinguish a Genuine Accusation from “Accusation in a Mirror”?	Potrzeba kryterium odróżniającego projekcję sprawcy od zwykłego politycznego oskarżenia.	A need for a criterion distinguishing perpetrator projection from ordinary political accusation.
480	10	rosja	D3	30	W jakim typie postępowania cywilnego — o ochronę dóbr osobistych, o naruszenie praw autorskich, o zadośćuczynienie — Pana metoda miałaby walor dowodowy? Proszę wskazać konkretny przepis k.c. lub k.p.c., który dopuszczałby opinię opartą na tej metodzie.	In What Type of Civil Proceeding — Protection of Personal Rights, Copyright Infringement, Damages — Would Your Method Have Evidentiary Value? Please Identify a Specific Provision of the Polish Civil Code or Code of Civil Procedure That Would Admit an Opinion Based on This Method.	Test konkretnej podstawy prawnej i zakresu, w którym metoda mogłaby być dowodem w postępowaniu.	A test of the concrete legal basis and scope in which the method could serve as evidence.
481	10	rosja	D3	31	Panie biegły, ostatnie pytanie: czy Pan, jako twórca tej metody, jest w stanie wskazać warunki, w których sam uznałby ją za obaloną?	Expert, Final Question: As the Creator of This Method, Can You Identify the Conditions Under Which You Yourself Would Consider It Refuted?	Najostrzejszy test naukowości: wskazanie warunków, przy których twórca uznałby metodę za obaloną.	The sharpest test of scientific status: specifying conditions under which the creator would consider the method falsified.
482	11	rosja	D4	1	☠️ Taksonomia rosyjskiego samobójstwa	☠️ Taxonomy of Russian Suicide	Katalog podejrzanych zgonów prominentnych Rosjan, uporządkowany według oficjalnej lub widocznej metody śmierci. Przy każdym przypadku oddziela fakt zgonu od otwartej interpretacji.	A catalogue of suspicious deaths of prominent Russians, organised by the official or visible method of death. Each case separates the fact of death from open interpretation.
483	11	rosja	D4	2	I. Defenestracja (upadek z okna)	I. Defenestration (Falling from a Window)	Przypadki upadków z okien, szczególnie częste wśród elit biznesowych i urzędniczych po 2022.	Cases of falls from windows, especially frequent among business and administrative elites after 2022.
484	11	rosja	D4	3	II. Broń palna	II. Firearms	Zgony od broni palnej oficjalnie lub wstępnie kwalifikowane jako samobójstwa, często z nietypowymi okolicznościami.	Deaths by firearm officially or initially classified as suicides, often under unusual circumstances.
485	11	rosja	D4	4	III. Powieszenie / uduszenie	III. Hanging / Strangulation	Przypadki powieszeń i uduszeń obejmujące biznes, administrację i osoby z niewygodną wiedzą.	Cases of hanging and strangulation involving business, administration and people with inconvenient knowledge.
486	11	rosja	D4	5	IV. Utonięcie / upadek z jednostki pływającej	IV. Drowning / Falling from a Vessel	Zgony w wodzie lub po wypadnięciu z jednostek pływających, zestawione jako osobny wzorzec.	Deaths in water or after falling from vessels, grouped as a separate pattern.
487	11	rosja	D4	6	"V. Nagły zawał / „ostre niewydolności"""	V. Sudden Heart Attack / “Acute Failure”	Nagłe zgony medyczne oficjalnie tłumaczone zawałem, udarem lub ostrą niewydolnością.	Sudden medical deaths officially explained as heart attack, stroke or acute organ failure.
488	11	rosja	D4	7	VI. Trucizny i substancje egzotyczne	VI. Poisons and Exotic Substances	Udokumentowane i podejrzewane użycia trucizn, od polonu i nowiczoka po inne substancje.	Documented and suspected uses of poisons, from polonium and Novichok to other substances.
489	11	rosja	D4	8	VII. Śmierć w więzieniu / kolonii karnej	VII. Death in Prison / Penal Colony	Zgony w więzieniach i koloniach karnych, gdzie państwo kontroluje warunki, opiekę i dostęp do informacji.	Deaths in prisons and penal colonies, where the state controls conditions, care and access to information.
490	11	rosja	D4	9	VIII. Znaleziony martwy (bez wyjaśnienia)	VIII. Found Dead (No Explanation)	Przypadki, w których oficjalny komunikat ogranicza się do znalezienia ciała bez jasnego mechanizmu śmierci.	Cases where the official communication goes no further than reporting that a body was found, without a clear mechanism of death.
491	11	rosja	D4	10	IX. Katastrofa lotnicza (cel = grupa)	IX. Plane Crash (Target = Group)	Katastrofy lotnicze jako metoda eliminująca jednocześnie cel i jego otoczenie.	Plane crashes as a method capable of eliminating the target and the surrounding group at the same time.
492	11	rosja	D4	11	X. Dekapitacja	X. Decapitation	Przypadki dosłownej lub skrajnie brutalnej dekapitacji jako osobna, rzadka kategoria.	Cases of literal or extremely brutal decapitation as a separate, rare category.
493	11	rosja	D4	12	XI. Metoda podwójna (combo)	XI. Double Method (Combo)	Zgony z więcej niż jednym pozornie samobójczym mechanizmem, podważające prostą wersję oficjalną.	Deaths involving more than one apparently suicidal mechanism, undermining a simple official account.
494	11	rosja	D4	13	XII. Metaanaliza — co mówi taksonomia	XII. Meta-Analysis — What the Taxonomy Says	Wzorce sektorowe, budżetowe i temporalne pokazują, gdzie podejrzane zgony skupiają się w rosyjskim systemie.	Sectoral, fiscal and temporal patterns show where suspicious deaths cluster within the Russian system.
495	12	rosja	D5	1	🐀 Putin — cornered animal edition (v3)	🐀 Putin — Cornered Animal Edition (v3)	Mapa opcji Putina jako zapędzonego autokraty, dla którego przegrana może oznaczać utratę władzy lub życia. Punkt ciężkości przesuwa się z finansów na osobiste przetrwanie.	A map of Putin's options as a cornered autocrat for whom defeat may mean loss of power or life. The centre of gravity shifts from finance to personal survival.
496	12	rosja	D5	2	0. Dlaczego to nie jest pytanie o pieniądze	0. Why This Is Not a Question of Money	Kluczowe ograniczenie nie jest księgowe: pokój i przegrana mogą być dla personalistycznego dyktatora groźniejsze niż dalsza wojna.	The key constraint is not accounting: peace and defeat may be more dangerous to a personalist dictator than continuing the war.
497	12	rosja	D5	3	I. Co mu realnie zostaje (po wszystkich korektach)	I. What He Really Has Left (After All Corrections)	Realne zasoby to chwilowy windfall naftowy, fiskalne wyciskanie ludności, rezerwy CB i pogłębianie zależności od Chin.	The real resources are a temporary oil windfall, fiscal squeezing of the population, central-bank reserves and deeper dependence on China.
498	12	rosja	D5	4	II. Co nie działa (skreślone)	II. What Does Not Work (Crossed Out)	Skreślone opcje obejmują m.in. zamrożone aktywa, powrót gazu do Europy, dodruk, banki i klasyczne sztuczki monetarne.	Discarded options include frozen assets, a return of gas to Europe, money printing, banks and classic monetary tricks.
499	12	rosja	D5	5	III. Ukryty majątek — $1 bln dark money	III. Hidden Wealth — $1 Trillion in Dark Money	Offshore Putina jest ogromny, ale trudny do ujawnienia i użycia bez zamrożenia; lepiej służy operacjom wpływu niż finansowaniu wojny.	Putin's offshore wealth is enormous but difficult to reveal and use without freezing; it is better suited to influence operations than to financing the war.
500	12	rosja	D5	6	IV. Cornered animal — scenariusze desperacji	IV. Cornered Animal — Scenarios of Desperation	Mapa ruchów resztkowych od politycznych dealów po eskalację, gdy normalne drogi wyjścia się zamykają.	A map of residual moves from political deals to escalation as normal exits close.
501	12	rosja	D5	7	V. Kluczowe pytanie: kiedy elity odłączą się od Putina?	V. The Key Question: When Will the Elites Detach from Putin?	Lojalność elit trwa z kalkulacji, dopóki koszt pozostania przy Putinie nie przekroczy ryzyka jego usunięcia.	Elite loyalty persists as a calculation until the cost of staying with Putin exceeds the risk of removing him.
502	12	rosja	D5	8	Synteza v3: Projekt życia mu nie wyszedł	Synthesis v3: His Life Project Failed	Synteza: nie ma ukrytego wielkiego planu, tylko kurczący się zestaw kosztownych i coraz gorszych opcji.	Synthesis: there is no hidden grand plan, only a shrinking set of costly and increasingly bad options.
503	13	rosja	D6	1	Jałta 3.0	Yalta 3.0	Scenariusz przebudowy porządku od Kaukazu po Zatokę po osłabieniu irańskiej państwowości. Hanza 2.0 ma powstać z konwergencji interesów, nie z jednej konferencji czy planu mocarstwa.	A scenario for restructuring the order from the Caucasus to the Gulf after the weakening of Iranian statehood. Hanseatic League 2.0 is to emerge from converging interests, not from a single conference or great-power blueprint.
504	13	rosja	D6	2	Spis treści	Contents	Mapa wizji, koncepcji operacyjnej, driverów aktorów, testów wykonalności, ryzyk i werdyktu.	A map of the vision, operational concept, actor drivers, feasibility tests, risks and verdict.
505	13	rosja	D6	3	1. Wizja — Synteza	1. Vision — Synthesis	Rozpad Iranu jako proces otwierający przestrzeń dla organicznego układu korytarzy, handlu i bezpieczeństwa.	Iran's disintegration as a process opening space for an organic system of corridors, trade and security.
506	13	rosja	D6	4	Filary wizji	Pillars of the Vision	Pięć podpór: procesowy rozpad, naturalne strefy, zbieżność interesów, szok jako akcelerator i prywatny kapitał.	Five supports: process-driven disintegration, natural zones, convergence of interests, shock as accelerator and private capital.
507	13	rosja	D6	5	2. Koncepcja operacyjna	2. Operational Concept	Przekład wizji na geografię, korytarze i ograniczone działania, które nie wymagają pełnej okupacji Iranu.	Translating the vision into geography, corridors and limited actions that do not require full occupation of Iran.
508	13	rosja	D6	6	2.1 Rzeka Aras — klucz do operacji azerskiej	2.1 The Aras River — Key to an Azerbaijani Operation	Aras łączy znaczenie wodne, graniczne i symboliczne, dając Azerbejdżanowi naturalną oś operacji.	The Aras combines water, border and symbolic significance, giving Azerbaijan a natural operational axis.
509	13	rosja	D6	7	2.2 Pas 30 km — logika operacyjna	2.2 The 30 km Belt — Operational Logic	Wąski pas przygraniczny daje barierę obronną i korytarz bez ciężaru administrowania milionami ludzi.	A narrow border belt creates a defensive barrier and corridor without the burden of administering millions of people.
510	13	rosja	D6	8	2.3 Zagros — domena kurdyjska	2.3 Zagros — the Kurdish Domain	Osłabienie Teheranu otwiera Zagros dla kurdyjskich aktorów, ale ich wewnętrzne podziały ograniczają prosty scenariusz.	A weakened Tehran opens the Zagros to Kurdish actors, but their internal divisions constrain a simple scenario.
511	13	rosja	D6	9	2.4 Wielki deal — Władywostok za Kaukaz	2.4 The Grand Deal — Vladivostok for the Caucasus	Hipotetyczny sygnał USA do Chin: ustępstwo wobec rosyjskiego Dalekiego Wschodu w zamian za nieblokowanie Kaukazu.	A hypothetical US signal to China: acquiescence over the Russian Far East in exchange for not blocking the Caucasus.
512	13	rosja	D6	10	2.5 Model końcowy — Hanza 2.0	2.5 End-State Model — Hanseatic League 2.0	Sieć handlowa z funkcjami bezpieczeństwa, gdzie regionalni aktorzy odpowiadają za własne odcinki zamiast budować nowe imperium.	A trade network with security functions, in which regional actors take responsibility for their own segments instead of building a new empire.
513	13	rosja	D6	11	3. Mapa driverów — aktor po aktorze	3. Driver Map — Actor by Actor	Bilans interesów poszczególnych państw pokazuje, kto zyskuje, czego się boi i co może realnie zrobić.	A balance of individual states' interests shows who gains, what each fears and what each can realistically do.
514	13	rosja	D6	12	4. Analizy przeprowadzone	4. Analyses Conducted	Seria testów głównych założeń: rozpad Iranu, IRGC, operacja azerska, koalicja, Rosja, finansowanie i szok.	A series of tests of the main assumptions: Iranian disintegration, the IRGC, an Azerbaijani operation, coalition dynamics, Russia, financing and shock.
515	13	rosja	D6	13	4.1 Analiza rozpadu irańskiej państwowości	4.1 Analysis of the Disintegration of Iranian Statehood	Test, czy obserwowane uszkodzenia oznaczają początek rozpadu państwa czy tylko adaptację reżimu.	A test of whether observed damage marks the beginning of state disintegration or merely regime adaptation.
516	13	rosja	D6	14	Argumenty za rozpoczęciem rozpadu	Arguments That Disintegration Has Begun	Blackout, zerwana sukcesja, utrata koordynacji i monopolu przemocy wskazują na jakościową degradację państwa.	Blackout, broken succession, loss of coordination and loss of the monopoly on violence point to qualitative state degradation.
517	13	rosja	D6	15	Argumenty przeciw	Arguments Against	Silna tradycja państwowa, biurokracja i tożsamość irańska mogą utrzymać kraj mimo dekapitacji reżimu.	A strong state tradition, bureaucracy and Iranian identity may hold the country together despite regime decapitation.
518	13	rosja	D6	16	4.2 Analiza utraty aury strachu przez IRGC	4.2 Analysis of the IRGC's Loss of Its Aura of Fear	Pytanie, czy militarne osłabienie IRGC niszczy jego najważniejszy zasób: reputację nieuchronnej siły.	Whether military weakening of the IRGC destroys its most important asset: the reputation of inevitable force.
519	13	rosja	D6	17	Wnioski	Conclusions	Rozpad sieci proxy i nieskuteczność odwetu czynią utratę aury strachu trudną do odwrócenia.	The breakdown of proxy networks and ineffective retaliation make the loss of the aura of fear difficult to reverse.
520	13	rosja	D6	18	4.3 Analiza operacji azerskiej	4.3 Analysis of an Azerbaijani Operation	Ocena ograniczonego wejścia Azerbejdżanu do północnego Iranu jako ruchu stabilizacyjnego i korytarzowego.	Assessment of a limited Azerbaijani entry into northern Iran as a stabilisation and corridor-building move.
521	13	rosja	D6	19	Feasibility	Feasibility	Gotowość armii, casus belli, kontakt z USA, istniejąca infrastruktura i narracja humanitarna wspierają wykonalność.	Military readiness, casus belli, contact with the US, existing infrastructure and a humanitarian narrative support feasibility.
522	13	rosja	D6	20	4.4 Analiza konwergencji interesów sojuszników	4.4 Analysis of Allied Interest Convergence	Test, czy egoistyczne interesy Azerbejdżanu, Turcji, Izraela, USA, UE, Armenii i GCC wystarczą do wspólnego kierunku.	A test of whether the self-interested goals of Azerbaijan, Turkey, Israel, the US, the EU, Armenia and the GCC are enough to produce a common direction.
523	13	rosja	D6	21	Zbieżności	Convergences	Wspólnym mianownikiem są osłabienie Iranu oraz nowe korytarze transportowe i energetyczne.	The common denominator is a weaker Iran and new transport and energy corridors.
524	13	rosja	D6	22	Sprzeczności	Contradictions	Koalicję rozrywają konkurencyjne korytarze, kwestia kurdyjska i różny apetyt na skalę rozpadu Iranu.	The coalition is strained by competing corridors, the Kurdish question and differing appetites for the scale of Iran's disintegration.
525	13	rosja	D6	23	4.5 Analiza roli Rosji	4.5 Analysis of Russia's Role	Ocena, czy Moskwa ma jeszcze materialną zdolność blokowania przebudowy Kaukazu i Bliskiego Wschodu.	Assessment of whether Moscow still has the material capacity to block the reconstruction of the Caucasus and Middle East.
526	13	rosja	D6	24	Dlaczego Rosja się nie liczy	Why Russia Does Not Count	Wojna z Ukrainą i utrata wpływów w Armenii redukują Rosję z veto-playera do słabego dostawcy wsparcia Iranowi.	The war with Ukraine and loss of influence in Armenia reduce Russia from a veto player to a weak supplier of support to Iran.
527	13	rosja	D6	25	4.6 Analiza modelu finansowania	4.6 Analysis of the Financing Model	Nowa infrastruktura miałaby powstawać z mieszanki kapitału UE, GCC, USA, Izraela i prywatnego old money.	New infrastructure would be financed by a mix of EU, GCC, US, Israeli and private old-money capital.
528	13	rosja	D6	26	Źródła kapitału	Sources of Capital	Kapitał dla korytarzy istnieje w energetyce, logistyce, funduszach Zatoki i cierpliwych inwestorach prywatnych.	Capital for corridors exists in energy, logistics, Gulf funds and patient private investors.
529	13	rosja	D6	27	4.7 Analiza szoku jako akceleratora	4.7 Analysis of Shock as an Accelerator	Kryzys ma wymusić inwestycje i decyzje, które w normalnych warunkach blokowałoby status quo.	Crisis is expected to force investments and decisions that the status quo would block under normal conditions.
530	13	rosja	D6	28	Precedensy historyczne	Historical Precedents	1973, dot.com, 2008, COVID i 2022 pokazują szoki przyspieszające wcześniej rozpoczęte transformacje.	1973, dot-com, 2008, COVID and 2022 show shocks accelerating transformations already under way.
531	13	rosja	D6	29	5. Zidentyfikowane dziury i ryzyka	5. Identified Gaps and Risks	Największe ryzyka dotyczą nukleariów, ropy, rozlania konfliktu, tożsamości lokalnych i utraty kontroli nad sekwencją.	The greatest risks concern nuclear materials, oil, conflict spillover, local identities and loss of control over sequencing.
532	13	rosja	D6	30	RYZYKO KRYTYCZNE 1: 440 kg uranu w rozpadającym się państwie	CRITICAL RISK 1: 440 kg of Uranium in a Disintegrating State	Utrata kontroli nad wysoko wzbogaconym uranem może uruchomić proliferację albo wymusić międzynarodowe zabezpieczenie.	Loss of control over highly enriched uranium could trigger proliferation or force international securing operations.
533	13	rosja	D6	31	RYZYKO KRYTYCZNE 2: Globalny szok naftowy	CRITICAL RISK 2: Global Oil Shock	Szok naftowy jednocześnie zwiększa potrzebę nowych korytarzy i osłabia zdolność sponsorów do ich finansowania.	An oil shock simultaneously increases the need for new corridors and weakens sponsors' ability to finance them.
534	13	rosja	D6	32	RYZYKO 3: Pakistan i Beludżystan	RISK 3: Pakistan and Balochistan	Dezintegracja Iranu może przenieść dynamikę beludżyjską na nuklearny Pakistan.	Iranian disintegration could carry Baloch dynamics into nuclear-armed Pakistan.
535	13	rosja	D6	33	RYZYKO 4: Tożsamość irańskich Azerów	RISK 4: Identity of Iranian Azerbaijanis	Irańscy Azerowie nie muszą automatycznie wybierać przyłączenia do Azerbejdżanu; tożsamość jest bardziej złożona.	Iranian Azerbaijanis would not automatically choose union with Azerbaijan; identity is more complex.
536	13	rosja	D6	34	RYZYKO 5: Mission creep i eskalacja	RISK 5: Mission Creep and Escalation	Ograniczona misja stabilizacyjna może rozszerzyć się w okupację, konflikt regionalny lub starcie sponsorów.	A limited stabilisation mission could expand into occupation, regional conflict or confrontation among sponsors.
537	13	rosja	D6	35	RYZYKO 6: Fragmentacja kurdyjska	RISK 6: Kurdish Fragmentation	Podziały między ugrupowaniami kurdyjskimi mogą zamienić próżnię w konkurencję zamiast stabilnej strefy.	Divisions among Kurdish groups could turn a vacuum into competition rather than a stable zone.
538	13	rosja	D6	36	RYZYKO 7: Sekwencja zdarzeń	RISK 7: Sequence of Events	Model zależy od kolejności: te same wydarzenia w innym tempie mogą zamknąć zamiast otworzyć okno.	The model depends on sequencing: the same events at a different pace can close the window instead of opening it.
539	13	rosja	D6	37	6. Werdykt końcowy	6. Final Verdict	Scenariusz jest możliwy, lecz zależy od kilku bardzo mocnych założeń i wymaga rygorystycznego pilnowania ryzyk.	The scenario is possible, but depends on several very strong assumptions and requires rigorous risk control.
540	13	rosja	D6	38	Ocena analityka	Analyst's Assessment	Końcowa samoocena oddziela elementy mocno uzasadnione od spekulatywnych, szczególnie w kwestii Chin i skali rozpadu.	The final self-assessment separates well-supported elements from speculative ones, especially regarding China and the scale of disintegration.
541	14	rosja	D7	1	Jałta 3.0	Yalta 3.0	Pięć głębszych warstw argumentu za Jałtą 3.0: styl decyzyjny, tożsamość, nieufność, równowagi Nasha i metoda analizy.	Five deeper layers of the argument for Yalta 3.0: decision style, identity, distrust, Nash equilibria and analytical method.
542	14	rosja	D7	2	1 Warstwa kognitywna — AuDHD jako styl decyzyjny	1. Cognitive Layer — AuDHD as a Decision Style	Spekulatywna rama traktująca cechy AuDHD jako styl decyzyjny, nie diagnozę kliniczną aktorów.	A speculative framework treating AuDHD traits as a decision style, not as clinical diagnosis of the actors.
543	14	rosja	D7	3	Hipoteza	Hypothesis	Hipoteza wspólnego stylu poznawczego Trumpa, Aliyeva i Izraela jako źródła łatwiejszej synchronizacji.	A hypothesis that Trump, Aliyev and Israel share a cognitive style that makes synchronisation easier.
544	14	rosja	D7	4	Trump — podręcznikowy profil ADHD	Trump — a Textbook ADHD Profile	Trump opisany przez impulsywność, krótki horyzont uwagi, transakcyjność i hiperfokus na atrakcyjnych dealach.	Trump described through impulsivity, a short attention horizon, transactionalism and hyperfocus on attractive deals.
545	14	rosja	D7	5	Aliyev — AuDHD w trybie strategicznym	Aliyev — AuDHD in Strategic Mode	Aliyev opisany jako długotrwale skupiony na celu, systemowy i zdolny do nagłego działania po długiej obserwacji.	Aliyev described as persistently goal-focused, systemic and capable of sudden action after long observation.
546	14	rosja	D7	6	Izrael — państwo z AuDHD	Israel — a State with AuDHD	Izrael potraktowany metaforycznie jako system państwowy obsesyjnie modelujący wzorce zagrożeń i szybko reagujący.	Israel treated metaphorically as a state system that obsessively models threat patterns and reacts quickly.
547	14	rosja	D7	7	2 Warstwa tożsamościowa — trzy narody bez państwa	2. Identity Layer — Three Nations Without a State	Żydzi, Kurdowie i Azerowie jako narody z doświadczeniem przetrwania bez własnego lub pełnego państwa.	Jews, Kurds and Azerbaijanis as nations shaped by experience of survival without their own or a fully sovereign state.
548	14	rosja	D7	8	Fundament koalicji	Foundation of the Coalition	Wspólne doświadczenie podziału i obcej dominacji ma tworzyć głębsze spoiwo niż bieżący interes.	A shared experience of division and foreign domination is proposed as a deeper bond than current interest.
549	14	rosja	D7	9	Wspólna cecha 1: Państwo jako projekt, nie dana	Shared Feature 1: The State as a Project, Not a Given	Państwowość jako projekt pokoleniowy, który można odzyskać po dekadach lub stuleciach utraty.	Statehood as a generational project that can be recovered after decades or centuries of loss.
550	14	rosja	D7	10	Wspólna cecha 2: Wzajemne rozpoznanie	Shared Feature 2: Mutual Recognition	Wspólnota doświadczenia izolacji i przetrwania ma ułatwiać trwałe rozpoznanie między trzema narodami.	Shared experience of isolation and survival is expected to facilitate durable recognition among the three nations.
551	14	rosja	D7	11	Wspólna cecha 3: Samowystarczalność jako imperatyw przetrwania	Shared Feature 3: Self-Sufficiency as a Survival Imperative	Historia zdrad protektorów wzmacnia kulturę samodzielnego zabezpieczania własnego przetrwania.	A history of betrayal by protectors strengthens a culture of securing one's own survival independently.
552	14	rosja	D7	12	Trzy tysiące lat wspólnej historii	Three Thousand Years of Shared History	Długie relacje Żydów, Kurdów i Azerów przedstawione jako historyczna warstwa pod współczesną koalicją.	Long relations among Jews, Kurds and Azerbaijanis presented as a historical layer beneath the contemporary coalition.
553	14	rosja	D7	13	Abraham w górach Zagros	Abraham in the Zagros Mountains	Geografia Zagros, Araratu i Arasu użyta jako symboliczna warstwa wspólnej pamięci i sakralnego znaczenia ziemi.	The geography of the Zagros, Ararat and Aras used as a symbolic layer of shared memory and sacred meaning of land.
554	14	rosja	D7	14	3 Warstwa paradoksu — nieufność jako stabilizator	3. Paradox Layer — Distrust as a Stabiliser	Nieufność wobec zewnętrznych gwarantów ma wzmacniać autonomię i odporność projektowanego układu.	Distrust of external guarantors is expected to strengthen autonomy and resilience of the proposed arrangement.
555	14	rosja	D7	15	Teza	Thesis	Kurdyjska nieufność wobec USA przedstawiona jako atut, bo wymusza planowanie bez gwaranta.	Kurdish distrust of the US is presented as an advantage because it forces planning without a guarantor.
556	14	rosja	D7	16	Precedensy zdrady	Precedents of Betrayal	1975, 1991 i 2019 jako ciąg amerykańskich porzuceń Kurdów kształtujący ich strategię autonomii.	1975, 1991 and 2019 as a sequence of US abandonments of the Kurds shaping their strategy of autonomy.
557	14	rosja	D7	17	Pięć mechanizmów, przez które nieufność wzmacnia projekt	Five Mechanisms Through Which Distrust Strengthens the Project	Pięć sposobów, w jakie oczekiwanie zdrady ma zwiększać samodzielność i trwałość układu.	Five ways in which expecting betrayal is supposed to increase self-reliance and durability.
558	14	rosja	D7	18	Mechanizm 1: Autonomia działania	Mechanism 1: Autonomy of Action	Brak zaufania do patrona skraca ścieżkę decyzji: aktor działa z własnego interesu, nie czeka na sygnał.	Lack of trust in a patron shortens the decision path: the actor acts in its own interest instead of waiting for a signal.
559	14	rosja	D7	19	Mechanizm 2: Struktury niepodległe od patrona	Mechanism 2: Structures Independent of the Patron	Własna obrona, dochody i regionalne sojusze mają pozwolić przetrwać po zniknięciu zewnętrznego parasola.	Own defence, revenues and regional alliances are meant to survive the disappearance of an external umbrella.
560	14	rosja	D7	20	Mechanizm 3: Uniezależnienie od attention spanu Trumpa	Mechanism 3: Independence from Trump's Attention Span	Jeśli lokalni aktorzy działają dla siebie, zmienność zainteresowania Trumpa przestaje być krytycznym ryzykiem.	If local actors act for themselves, fluctuations in Trump's attention cease to be a critical risk.
561	14	rosja	D7	21	Mechanizm 4: Eliminacja pułapki zależności	Mechanism 4: Eliminating the Dependency Trap	Dywersyfikacja partnerów i własnych zasobów ma usuwać strategiczne uzależnienie od jednego patrona.	Diversifying partners and own resources is meant to remove strategic dependence on a single patron.
562	14	rosja	D7	22	Mechanizm 5: Budowa legitymacji wewnętrznej, nie zewnętrznej	Mechanism 5: Building Internal, Not External, Legitimacy	Fakty na ziemi i lokalne instytucje mają dawać legitymację niezależną od formalnego uznania mocarstw.	Facts on the ground and local institutions are meant to provide legitimacy independent of formal great-power recognition.
563	14	rosja	D7	23	4 Warstwa matematyczna — równowagi Nasha	4. Mathematical Layer — Nash Equilibria	Teoria gier ma wykazać, że układ może być samoegzekwujący się bez arbitra i zaufania.	Game theory is used to show that the arrangement can be self-enforcing without an arbiter or trust.
564	14	rosja	D7	24	Definicja	Definition	Równowaga Nasha jako stan, w którym jednostronna defekcja nie poprawia sytuacji żadnego aktora.	A Nash equilibrium as a state in which unilateral defection does not improve any actor's position.
565	14	rosja	D7	25	Test Nasha: trójkąt Żydzi — Azerowie — Kurdowie	Nash Test: the Jews–Azerbaijanis–Kurds Triangle	Test stabilności podstawowego trójkąta przez policzenie kosztów jednostronnego odejścia każdego z partnerów.	A stability test of the core triangle by calculating the cost of unilateral defection for each partner.
566	14	rosja	D7	26	Izrael defektuje?	Israel Defects?	Izrael traciłby bufor i wyjątkowych regionalnych partnerów, nie zyskując porównywalnej alternatywy.	Israel would lose a buffer and unusually valuable regional partners without gaining a comparable alternative.
567	14	rosja	D7	27	Azerbejdżan defektuje?	Azerbaijan Defects?	Azerbejdżan traciłby izraelskie zdolności i kurdyjski bufor na rzecz słabszych alternatyw.	Azerbaijan would lose Israeli capabilities and the Kurdish buffer in exchange for weaker alternatives.
568	14	rosja	D7	28	Kurdowie defektują?	The Kurds Defect?	Kurdowie wracaliby do izolacji, rezygnując z rzadkich partnerów tolerujących ich autonomię.	The Kurds would return to isolation, abandoning rare partners willing to tolerate their autonomy.
569	14	rosja	D7	29	Test Nasha: czworokąt z USA	Nash Test: Quadrilateral with the US	Dodanie USA testuje, czy amerykańskie zaangażowanie jest korzystne, lecz nie niezbędne dla rdzenia układu.	Adding the US tests whether American involvement is beneficial but not essential to the core arrangement.
570	14	rosja	D7	30	USA defektują?	The US Defects?	Wyjście USA oznaczałoby utratę tanich wpływów i zysków z układu, który prawdopodobnie przetrwa bez nich.	US withdrawal would mean losing cheap influence and gains from an arrangement likely to survive without it.
571	14	rosja	D7	31	Trójkąt defektuje wobec USA?	The Triangle Defects Against the US?	Trójkąt ma powody zachować USA jako użytecznego partnera, choć nie jako warunek własnego istnienia.	The triangle has reasons to retain the US as a useful partner, though not as a condition of its own existence.
572	14	rosja	D7	32	Test Nasha: pełny system	Nash Test: the Full System	Test rozszerza rachunek defekcji na Turcję, Armenię, UE, GCC i Chiny.	The test extends defection calculations to Turkey, Armenia, the EU, the GCC and China.
573	14	rosja	D7	33	Turcja defektuje? → irracjonalne	Turkey Defects? → Irrational	Turcja traciłaby korytarz turkijski, tranzyt i wpływy bez atrakcyjnej alternatywy.	Turkey would lose the Turkic corridor, transit and influence without an attractive alternative.
574	14	rosja	D7	34	Armenia defektuje? → irracjonalne	Armenia Defects? → Irrational	Armenia traciłaby zachodni zwrot, odblokowanie granic i korzyści z nowych korytarzy.	Armenia would lose its Western turn, border opening and benefits from new corridors.
575	14	rosja	D7	35	UE defektuje? → irracjonalne	The EU Defects? → Irrational	UE traciłaby dywersyfikację energetyczną i dostęp do alternatywnych szlaków azjatyckich.	The EU would lose energy diversification and access to alternative Asian routes.
576	14	rosja	D7	36	GCC defektuje? → irracjonalne	The GCC Defects? → Irrational	Państwa Zatoki wracałyby do kosztowniejszego środowiska z silniejszym zagrożeniem irańskim.	Gulf states would return to a costlier environment with a stronger Iranian threat.
577	14	rosja	D7	37	Chiny defektują? → irracjonalne (jeśli deal Władywostok)	China Defects? → Irrational (If the Vladivostok Deal Holds)	Przy założeniu dealu Dalekiego Wschodu Chiny miałyby więcej do stracenia niż zyskać na blokowaniu układu.	Under the Far East deal assumption, China would have more to lose than gain by blocking the arrangement.
578	14	rosja	D7	38	Trzy zagnieżdżone równowagi	Three Nested Equilibria	Lokalna, regionalna i szersza równowaga mają wzajemnie podtrzymywać system na różnych skalach.	Local, regional and broader equilibria are expected to reinforce the system at different scales.
579	14	rosja	D7	39	5 Warstwa epistemologiczna — dlaczego ta analiza wygląda tak, jak wygląda	5. Epistemological Layer — Why This Analysis Looks the Way It Does	Refleksja nad tym, jak intuicja, prowokacja i dane prowadziły do wyłaniania kolejnych warstw modelu.	Reflection on how intuition, provocation and data led to the emergence of successive layers of the model.
580	14	rosja	D7	40	Odwrócona metoda naukowa	The Reversed Scientific Method	Proces opisany jako intuicja → prowokacja → dane → formalizacja, zamiast klasycznej kolejności hipoteza → test.	The process described as intuition → provocation → data → formalisation, instead of the classical hypothesis → test sequence.
581	14	rosja	D7	41	Synteza: dlaczego to zadziała(ć może)	Synthesis: Why This Could Work	Zebranie pięciu niezależnych warstw, które mają wspólnie tłumaczyć trwałość układu bez centralnego architekta.	Five independent layers assembled to explain how the arrangement might endure without a central architect.
582	14	rosja	D7	42	Pięć warstw = pięć powodów	Five Layers = Five Reasons	Pięć argumentów za trwałością: synchronizacja poznawcza, pamięć, nieufność, Nash i organiczny proces analityczny.	Five arguments for durability: cognitive synchronisation, memory, distrust, Nash and an organic analytical process.
583	14	rosja	D7	43	Ostatnie zdanie	Final Sentence	Jałta 3.0 jako „pole grawitacyjne”: raz uruchomiony układ ma przyciągać aktorów siłą ich własnych interesów.	Yalta 3.0 as a “gravitational field”: once activated, the arrangement is expected to attract actors through the force of their own interests.
584	15	rosja	E1	1	Ropa, gaz i geopolityka	Oil, Gas and Geopolitics	Strukturalna analiza popytu na ropę i gaz, możliwości substytucji oraz geopolitycznych skutków transformacji energetycznej.	A structural analysis of oil and gas demand, substitution possibilities and the geopolitical consequences of the energy transition.
585	15	rosja	E1	2	1. Struktura globalnego popytu na ropę i gaz (2024)	1. Structure of Global Oil and Gas Demand (2024)	Podział globalnego zużycia ropy i gazu na transport, energię, feedstock i pozostałe zastosowania.	A breakdown of global oil and gas consumption into transport, energy, feedstock and other uses.
586	15	rosja	E1	3	1.1. Transport — podział wewnętrzny	1.1 Transport — Internal Breakdown	Transport drogowy dominuje i ma substytuty; lotnictwo oraz żegluga tworzą twardszy rdzeń popytu.	Road transport dominates and has substitutes; aviation and shipping form a harder core of demand.
587	15	rosja	E1	4	"2. Substytucja: co można zastąpić „już teraz""?"	2. Substitution: What Can Be Replaced “Right Now”?	Większość energetycznego użycia ropy i gazu można technicznie zastąpić bez nowych przełomów naukowych.	Most energy uses of oil and gas can technically be replaced without new scientific breakthroughs.
588	15	rosja	E1	5	2.1. Transport drogowy + generacja prądu i ciepła (~267 EJ, 78%)	2.1 Road Transport + Electricity and Heat Generation (~267 EJ, 78%)	EV, OZE, atom i pompy ciepła mogą zastąpić dużą część zużycia, ale wymagają dekad infrastruktury.	EVs, renewables, nuclear power and heat pumps can replace a large share of consumption, but require decades of infrastructure build-out.
589	15	rosja	E1	6	2.2. Surowiec do procesów przemysłowych (~35 EJ, 10%)	2.2 Industrial Process Feedstock (~35 EJ, 10%)	Petrochemia potrzebuje węglowodorów jako materiału, nie tylko energii; substytucja jest znacznie trudniejsza.	Petrochemicals need hydrocarbons as material, not just energy; substitution is substantially harder.
590	15	rosja	E1	7	2.3. Nawozy — szczególny przypadek feedstocku	2.3 Fertilisers — a Special Feedstock Case	Nawozy wymagają wodoru i gazu, lecz produkcja może być geograficznie przenoszona i odbudowywana stosunkowo szybko.	Fertilisers require hydrogen and gas, but production can be relocated geographically and rebuilt relatively quickly.
591	15	rosja	E1	8	3. Scenariusz Ormuz: inflacja ≠ głód	3. The Hormuz Scenario: Inflation ≠ Famine	Zamknięcie Ormuz jest przede wszystkim szokiem cenowym i logistycznym, nie automatycznym scenariuszem globalnego głodu.	Closure of Hormuz is primarily a price and logistics shock, not an automatic scenario of global famine.
592	15	rosja	E1	9	3.1. Kluczowa dystynkcja: szok cenowy vs. fizyczny brak	3.1 Key Distinction: Price Shock vs Physical Shortage	Rynek redukuje mniej użyteczny popyt, zanim zabraknie paliwa dla transportu żywności i funkcji krytycznych.	The market cuts less useful demand before fuel disappears from food transport and other critical functions.
593	15	rosja	E1	10	3.2. Skala szoku: porównanie z Lehman Brothers / dot-com	3.2 Scale of the Shock: Comparison with Lehman Brothers / Dot-Com	Szok Ormuz może przypominać wielką recesję skalą, lecz uderza w podaż i tworzy stagflację zamiast kryzysu finansowego.	A Hormuz shock could resemble a major recession in scale, but hits supply and creates stagflation rather than a financial crisis.
594	15	rosja	E1	11	3.3. Paradoks szybkiego szoku	3.3 The Paradox of a Rapid Shock	Jednoznaczna zła wiadomość może przyspieszyć adaptację i kosztować mniej niż długotrwała niepewność.	A clear bad signal can accelerate adaptation and cost less than prolonged uncertainty.
595	15	rosja	E1	12	4. Geopolityka energii: substytucja jako zmiana topologii władzy	4. Energy Geopolitics: Substitution as a Change in the Topology of Power	Substytucja paliw kopalnych zmienia nie tylko miks energetyczny, lecz układ politycznej i ekonomicznej zależności.	Substituting fossil fuels changes not only the energy mix but also the structure of political and economic dependence.
596	15	rosja	E1	13	4.1. Gdyby a.1 + b były zelektryfikowane	4.1 If a.1 + b Were Electrified	Masowa elektryfikacja odbiera petrostates część dźwigni, redukując znaczenie chokepointów i karteli paliwowych.	Mass electrification removes part of petrostates' leverage by reducing the importance of chokepoints and fuel cartels.
597	15	rosja	E1	14	4.2. Stary paradygmat vs. nowy: centralizacja vs. decentralizacja	4.2 Old Paradigm vs New: Centralisation vs Decentralisation	Ropa wymaga scentralizowanych łańcuchów; solar i baterie przesuwają produkcję energii ku rozproszonym sieciom.	Oil requires centralised chains; solar and batteries shift energy production toward distributed networks.
598	15	rosja	E1	15	4.3. Panel to capital good, baryłka to consumable	4.3 A Solar Panel Is a Capital Good; a Barrel Is a Consumable	Panel raz sprzedany zmniejsza przyszły popyt na paliwo, podczas gdy baryłka wymaga ciągłego ponownego zakupu.	Once sold, a panel reduces future fuel demand, whereas a barrel requires continuous repurchase.
599	15	rosja	E1	16	5. Monopole surowcowe: trwałość saudyjska vs. chińska	5. Resource Monopolies: Saudi Durability vs Chinese Durability	Porównanie trwałości monopolu opartego na geologii ropy z chińską dominacją w przetwarzaniu surowców krytycznych.	A comparison of an oil monopoly rooted in geology with Chinese dominance in critical-mineral processing.
600	15	rosja	E1	17	5.1. Saudyjska dźwignia cenowa: autoimmunologia	5.1 Saudi Pricing Leverage: Autoimmunity	Obniżanie cen ropy niszczy konkurentów, ale jednocześnie przyspiesza inwestycje w trwałe substytuty.	Cutting oil prices hurts competitors, but simultaneously accelerates investment in durable substitutes.
601	15	rosja	E1	18	5.2. Chiński monopol na surowce krytyczne: aktywny i czasowy	5.2 China's Critical-Mineral Monopoly: Active and Temporary	Chińska przewaga wynika głównie z processingu, dotacji i skali przemysłowej, nie wyjątkowej geologii.	China's advantage stems mainly from processing, subsidies and industrial scale, not unique geology.
602	15	rosja	E1	19	"5.3. Dlaczego chiński „OPEC na surowce krytyczne"" ma wbudowany zegar samozniszczenia"	5.3 Why a Chinese “OPEC for Critical Minerals” Has a Built-In Self-Destruct Clock	Metale są stockiem możliwym do odzysku; rosnący recykling stopniowo ogranicza siłę monopolu na nowe wydobycie.	Metals are recoverable stock; growing recycling gradually weakens monopoly power over new extraction.
603	15	rosja	E1	20	6. Wymiar etyczny: kryzysy, moralność i transformacja	6. The Ethical Dimension: Crises, Morality and Transformation	Transformacja energetyczna ma także wymiar moralny: zmniejsza polityczną cenę zależności od autorytarnych dostawców.	The energy transition also has a moral dimension: it reduces the political price of dependence on authoritarian suppliers.
604	15	rosja	E1	21	6.1. Tani surowiec od dyktatorów jako moralny hazard	6.1 Cheap Resources from Dictators as Moral Hazard	Tania energia od dyktatur zachęca demokracje do racjonalizowania zależności i rozdzielania wartości od polityki.	Cheap energy from dictatorships encourages democracies to rationalise dependence and separate values from policy.
605	15	rosja	E1	22	6.2. Kryzysy nie zawsze moralizują — warunek: substytut	6.2 Crises Do Not Always Moralise — Condition: a Substitute	Kryzys prowadzi do odłączenia od dostawcy tylko wtedy, gdy istnieje realna technologiczna alternatywa.	A crisis leads to decoupling from a supplier only when a real technological alternative exists.
606	15	rosja	E1	23	6.3. Kto przyspieszył dekarbonizację?	6.3 Who Accelerated Decarbonisation?	Putin stworzył bezpieczeństwowy push, a Chiny cenowy pull dla szybszej dekarbonizacji.	Putin created the security push and China the price pull behind faster decarbonisation.
607	15	rosja	E1	24	6.4. Energia jako narzędzie sprawiedliwości	6.4 Energy as an Instrument of Justice	Tania energia rozproszona zmniejsza podatność słabszych odbiorców na globalne szoki i pośredników.	Cheap distributed energy reduces weaker consumers' exposure to global shocks and intermediaries.
608	15	rosja	E1	25	7. Podsumowanie tez	7. Summary of Theses	Zbiorczy werdykt: większość energetycznego popytu jest substytucyjna, feedstock zostaje, a monopole tracą trwałość.	Overall verdict: most energy demand is substitutable, feedstock remains, and monopolies lose durability.
609	16	rosja	E2	1	Monopole, moralność i transformacja	Monopolies, Morality and Transformation	Źródłowa rewizja tez o monopolach energetycznych, zależności politycznej i moralnym wymiarze transformacji. Weryfikuje i koryguje wcześniejszą analizę.	A source-based revision of the theses on energy monopolies, political dependence and the moral dimension of transition. It verifies and corrects the earlier analysis.
610	16	rosja	E2	2	1. Saudyjska dźwignia cenowa: anatomia samolikwidacji	1. Saudi Pricing Leverage: Anatomy of Self-Liquidation	Wojny cenowe Arabii Saudyjskiej osłabiały konkurentów chwilowo, lecz trwale zwiększały odporność shale i kosztowały OPEC przychody.	Saudi price wars weakened competitors temporarily, but permanently increased shale resilience and cost OPEC revenue.
611	16	rosja	E2	3	2. Chiński monopol na REE i lit: strategia, mechanizm, erozja	2. China's Monopoly on REEs and Lithium: Strategy, Mechanism, Erosion	Chińska dominacja w REE i licie wynika z przemysłowego ekosystemu processingu, a jej erozja jest realna, lecz wolniejsza niż zakładano.	Chinese dominance in REEs and lithium stems from the industrial processing ecosystem; its erosion is real, but slower than previously assumed.
612	16	rosja	E2	4	"2.1. Strategia: „nie geologia, lecz processing"""	2.1 Strategy: “Not Geology, but Processing”	Czterdziestoletnia strategia łączy tani kapitał, tolerancję środowiskową, technologię separacji, klastry downstream i kontrolę eksportu.	A forty-year strategy combining cheap capital, environmental tolerance, separation technology, downstream clusters and export controls.
613	16	rosja	E2	5	2.2. Erozja: czy zegar samozniszczenia naprawdę tyka?	2.2 Erosion: Is the Self-Destruct Clock Really Ticking?	Recykling i dywersyfikacja działają przeciw monopolowi długoterminowo, ale ciężkie REE dają Chinom kilkuletnią ostrą dźwignię.	Recycling and diversification work against monopoly in the long run, but heavy REEs give China several years of acute leverage.
614	16	rosja	E2	6	3. Wandel durch Handel: anatomia moralnego hazardu energetycznego	3. Wandel durch Handel: Anatomy of Energy Moral Hazard	Zależność energetyczna od Rosji była wspierana nie tylko interesem, lecz szczerą doktryną polityczną racjonalizującą ryzyko.	Energy dependence on Russia was supported not only by interest but also by a sincere political doctrine that rationalised the risk.
615	16	rosja	E2	7	3.1. Niemiecka zależność od rosyjskiego gazu jako case study	3.1 German Dependence on Russian Gas as a Case Study	Niemiecka polityka gazowa utrwaliła zależność infrastrukturalnie mimo rosnących sygnałów ryzyka politycznego.	German gas policy locked in infrastructure dependence despite growing signals of political risk.
616	16	rosja	E2	8	"3.2. „Nowe kraje członkowskie"" vs. „stare"""	3.2 “New Member States” vs “Old”	Europa Środkowa i Bałtycy wcześniej traktowali rosyjski gaz jako zagrożenie; część Zachodu jako niskie ryzyko handlowe.	Central Europe and the Baltic states treated Russian gas as a threat earlier; part of Western Europe treated it as low-risk trade.
617	16	rosja	E2	9	4. Kryzysy a moralność: kiedy szok prowadzi do solidarności, a kiedy do sauve qui peut?	4. Crises and Morality: When Does Shock Produce Solidarity, and When Sauve Qui Peut?	Kryzys może prowadzić do solidarności albo oportunizmu; decydują nie tylko substytuty, lecz także zdolność koordynacji.	A crisis can produce solidarity or opportunism; outcomes depend not only on substitutes but also on coordination capacity.
618	16	rosja	E2	10	4.1. 1973 vs. 2022: dwa tryby reakcji	4.1 1973 vs 2022: Two Modes of Response	1973 wzmocnił transakcyjność, 2022 przyspieszył europejski decoupling dzięki technologii i istniejącym instytucjom wspólnego działania.	1973 strengthened transactionalism; 2022 accelerated European decoupling thanks to technology and existing institutions of collective action.
619	16	rosja	E2	11	4.2. Asymetria kosztów: kto płaci za transformację?	4.2 Cost Asymmetry: Who Pays for the Transition?	Koszty szoków najmocniej obciążają państwa bez rezerw, własnej podaży i kapitału; energia rozproszona zmniejsza tę zależność.	The costs of shocks fall hardest on states without reserves, domestic supply or capital; distributed energy reduces this dependence.
620	16	rosja	E2	12	5. Podsumowanie korekt	5. Summary of Corrections	Dwie główne korekty: chiński monopol eroduje wolniej, a solidarność wymaga substytutu technologicznego oraz instytucji koordynacyjnych.	Two main corrections: China's monopoly erodes more slowly, and solidarity requires both a technological substitute and coordination institutions.
621	17	audhd	AU01	1	63 cechy — rdzeń czy maskowanie	63 features — core or camouflaging	"Klasyfikacja wszystkich sześćdziesięciu trzech cech z opracowania „AuDHD u dorosłych — cechy i wzorce funkcjonowania"" (v4.5) według jednego pytania: czy dana cecha jest bezpośrednim wynikiem samej neurobiologii AuDHD, czy produktem lat maskowania — kamuflażu…"	Classification of all sixty-three features from “AuDHD in adults — features and patterns of functioning” (v4.5) according to one question: is a given feature a direct result of AuDHD neurobiology itself, or a product of years of masking and camouflaging?
622	17	audhd	AU01	2	Lista	The list	0. Styl przetwarzania informacji [R] — definicyjna architektura: asocjacyjne, oddolne, monotropiczne przetwarzanie to sam fundament, na którym stoi reszta listy.	0. Information-processing style [R] — the defining architecture: associative, bottom-up, monotropic processing is the very foundation on which the rest of the list stands.
623	17	audhd	AU01	3	Podsumowanie rachunku	Summary count	Rdzeń [R]: trzydzieści osiem cech. Mieszane [R+M]: dziewiętnaście. Maskowanie [M]: sześć — pozycje 23, 36, 47, 53, 56, 62.	Core [R]: thirty-eight features. Mixed [R+M]: nineteen. Camouflaging [M]: six — items 23, 36, 47, 53, 56, and 62.
624	18	audhd	AU02	1	Co działa po późnej diagnozie	What works after a late diagnosis	Menu tego, co wymyślono dla dorosłych po świeżej diagnozie i co zazwyczaj działa. Do wybierania, nie do zaliczenia w całości.	A menu of approaches developed for adults after a recent diagnosis and that generally work. Something to choose from, not a syllabus to complete in full.
625	18	audhd	AU02	2	Mapa terenu — pięć rzeczy, które rozstrzygają	A map of the terrain — five things that make the difference	Zanim menu — mapa. U ludzi, którzy przeszli późną diagnozę autyzmu, ADHD albo obu naraz, o przebiegu rozstrzyga pięć rzeczy. Po pierwsze: relacje i stan psychiczny wokół diagnozy ważą więcej niż sama diagnoza.	Before the menu, the map. For people who receive a late diagnosis of autism, ADHD, or both, five things largely determine how the process unfolds. First: relationships and mental health around the time of diagnosis matter more than the diagnosis itself.
626	18	audhd	AU02	3	Kurs o sobie	A course about yourself	Kilkanaście spotkań w małej grupie, tydzień po tygodniu jeden temat. Sprawdzone tematy takiego kursu:	A dozen or so meetings in a small group, one topic each week. Topics that have been tested in this kind of course include:
627	18	audhd	AU02	4	Prowadzący z tego samego plemienia	A facilitator from the same tribe	Wszystko powyższe działa wyraźnie lepiej, gdy prowadzi osoba, która sama ma diagnozę. Dwa powody: rozumie bez tłumaczenia — i jest żywym dowodem, że z tą diagnozą da się być dorosłym, całym człowiekiem. To nie dodatek, to składnik czynny.	Everything above works markedly better when it is led by someone who has the diagnosis themselves. Two reasons: they understand without requiring an explanation, and they are living proof that it is possible to have this diagnosis and still be a whole adult person. This is not an add-on; it is an active ingredient.
628	18	audhd	AU02	5	Ludzie w tej samej łodzi	People in the same boat	Regularny kontakt z innymi późno zdiagnozowanymi — grupa, spotkania, choćby czytanie cudzych historii.	Regular contact with other people who were diagnosed late — a group, meetings, or even simply reading other people's stories.
629	18	audhd	AU02	6	Człowiek zamiast listy numerów	A person instead of a list of phone numbers	Lista adresów i ulotki nie działają — dzwonienie po obcych instytucjach to dokładnie ta rzecz, którą diagnoza właśnie nazwała trudną.	Lists of addresses and leaflets do not work. Calling unfamiliar institutions is precisely the kind of thing the diagnosis has just identified as difficult.
630	18	audhd	AU02	7	Pakiet na start	A starter pack	Darmowy materiał do samodzielnego przejścia w swoim tempie: co znaczy ta diagnoza, historie innych, pierwsze kroki.	Free material to work through independently and at your own pace: what the diagnosis means, other people's stories, and first steps.
631	18	audhd	AU02	8	Czego się domagać — lista 24 głosów	What to ask for — a list of 24 voices	Późno zdiagnozowani dorośli uzgodnili między sobą, w czterech rundach, pełną listę tego, co wsparcie po diagnozie ma zawierać.	Late-diagnosed adults reached agreement, over four rounds, on a complete list of what post-diagnostic support should include.
632	18	audhd	AU02	9	Czego się spodziewać po sobie	What to expect from yourself	Trzy rzeczy, o których warto wiedzieć zawczasu, bo wiedza o nich sama w sobie pomaga. Ulga i żałoba przychodzą razem — ulga, że wreszcie wiadomo, i żal po latach przemaskowanych; to nie sprzeczność, to komplet.	Three things worth knowing in advance, because knowing them is helpful in itself. Relief and grief can arrive together: relief that there is finally an explanation, and grief for years spent masking. That is not a contradiction; it is the whole picture.
633	19	audhd	AU03	1	Ten equations, metaphysics, and a jury packed with friends	Ten equations, metaphysics, and a jury packed with friends	A private selection of equations that do more than calculate the world: they have the nerve to say something about what the world actually is.	A private selection of equations that do more than calculate the world: they have the nerve to say something about what the world actually is.
634	19	audhd	AU03	2	Principle of stationary action	Principle of stationary action	The actual path of a system is the one for which a small variation of the entire trajectory does not change the action to first order. Not the “shortest” and not always the “smallest”: stationary .	The actual path of a system is the one for which a small variation of the entire trajectory does not change the action to first order. Not the “shortest” and not always the “smallest”: stationary .
635	19	audhd	AU03	3	Einstein field equation	Einstein field equation	On the left, the geometry of spacetime; on the right, matter and energy. The contents of the world do not sit inside a ready-made stage set: the contents deform the stage, and the deformed stage guides the actors.	On the left, the geometry of spacetime; on the right, matter and energy. The contents of the world do not sit inside a ready-made stage set: the contents deform the stage, and the deformed stage guides the actors.
636	19	audhd	AU03	4	Boltzmann and the second law	Boltzmann and the second law	One line connects microscopic possibilities with macroscopic disorder and explains why scrambled eggs do not spontaneously reassemble into an egg.	One line connects microscopic possibilities with macroscopic disorder and explains why scrambled eggs do not spontaneously reassemble into an egg.
637	19	audhd	AU03	5	Bell–CHSH and the Tsirelson bound	Bell–CHSH and the Tsirelson bound	This is an experimental detector for metaphysical fraud. It tests whether the world can be a local machine in which particles have their answers printed before measurement.	This is an experimental detector for metaphysical fraud. It tests whether the world can be a local machine in which particles have their answers printed before measurement.
638	19	audhd	AU03	6	Uncertainty relation	Uncertainty relation	This is not about a lab technician's shaky hand or a microscope that was too cheap. A quantum state cannot simultaneously possess arbitrarily sharp position and momentum.	This is not about a lab technician's shaky hand or a microscope that was too cheap. A quantum state cannot simultaneously possess arbitrarily sharp position and momentum.
639	19	audhd	AU03	7	Maxwell in two lines	Maxwell in two lines	Electromagnetism, which takes four famous equations in vector calculus, collapses to two in the language of differential forms. The first contains the absence of magnetic monopoles and induction; the second, charges and currents.	Electromagnetism, which takes four famous equations in vector calculus, collapses to two in the language of differential forms. The first contains the absence of magnetic monopoles and induction; the second, charges and currents.
640	19	audhd	AU03	8	Dirac equation	Dirac equation	The attempt to reconcile quantum mechanics with special relativity produced spin almost for free, then spat out negative energies. Instead of sweeping them under the rug, physics took them seriously and found antimatter.	The attempt to reconcile quantum mechanics with special relativity produced spin almost for free, then spat out negative energies. Instead of sweeping them under the rug, physics took them seriously and found antimatter.
641	19	audhd	AU03	9	Navier–Stokes equations · outside the competition	Navier–Stokes equations · outside the competition	Newton for a fluid: inertia, pressure, viscosity, and external forces, after which one tiny nonlinear term, u·∇u , opens a turbulence farm in the basement.	Newton for a fluid: inertia, pressure, viscosity, and external forces, after which one tiny nonlinear term, u·∇u , opens a turbulence farm in the basement.
642	19	audhd	AU03	10	Landauer's limit	Landauer's limit	Erasing one bit of information has a minimum thermodynamic cost. Information is not a mist floating above matter: it lives in a physical state, and irreversible erasure produces entropy. Even the cosmic administrator cannot empty the trash completely for free.	Erasing one bit of information has a minimum thermodynamic cost. Information is not a mist floating above matter: it lives in a physical state, and irreversible erasure produces entropy. Even the cosmic administrator cannot empty the trash completely for free.
643	19	audhd	AU03	11	Wheeler–DeWitt	Wheeler–DeWitt	An equation meant to describe the entire Universe, and there is no time in it. Not “time flows relatively.” Not “time is strange.” The fucker has been deleted from the equation.	An equation meant to describe the entire Universe, and there is no time in it. Not “time flows relatively.” Not “time is strange.” The fucker has been deleted from the equation.
644	19	audhd	AU03	12	Competition jury	Competition jury	Discussion of “Competition jury” in the context of “Ten equations, metaphysics, and a jury packed with friends — with notes from the zombie reviewer”.	Discussion of “Competition jury” in the context of “Ten equations, metaphysics, and a jury packed with friends — with notes from the zombie reviewer”.
645	19	audhd	AU03	13	Assessment of impartiality	Assessment of impartiality	The jury is entirely independent — of responsibility, the calendar, and any possibility of reconstructing how its decisions were made. Everyone got in through connections, which eliminated the risk of some random outsider accidentally taking part.	The jury is entirely independent — of responsibility, the calendar, and any possibility of reconstructing how its decisions were made. Everyone got in through connections, which eliminated the risk of some random outsider accidentally taking part.
646	20	audhd	AU04	1	Dziesięć równań, metafizyka i komisja po znajomości	Ten equations, metaphysics, and a jury packed with friends	Prywatny wybór równań, które nie tylko liczą świat, lecz bezczelnie mówią coś o tym, czym świat w ogóle jest. Z komentarzami Maćka, organem nadzorczym o kwalifikacjach mocno demonicznych oraz uwagami zombierewizora, dopisanymi na wyraźne żądanie komisji.	A private selection of equations that do more than calculate the world: they have the nerve to say something about what the world actually is. With Maciek's commentary, a supervisory body of distinctly demonic qualifications, and notes from the zombie reviewer, added at the jury's explicit request.
647	20	audhd	AU04	2	Zasada stacjonarnego działania	Principle of stationary action	Rzeczywista droga układu jest tą, przy której mała zmiana całej trajektorii nie zmienia działania w pierwszym rzędzie. Nie „najkrótsza” i nie zawsze „najmniejsza”: stacjonarna .	The actual path of a system is the one for which a small variation of the entire trajectory does not change the action to first order. Not the “shortest” and not always the “smallest”: stationary.
648	20	audhd	AU04	3	Równanie pola Einsteina	Einstein field equation	Po lewej geometria czasoprzestrzeni, po prawej materia i energia. Zawartość świata nie siedzi w gotowej scenografii: zawartość deformuje scenę, a zdeformowana scena prowadzi aktorów. Grawitacja przestaje być siłą i zostaje architekturą.	On the left, the geometry of spacetime; on the right, matter and energy. The contents of the world do not sit inside a ready-made stage set: the contents deform the stage, and the deformed stage guides the actors. Gravity ceases to be a force and becomes architecture.
649	20	audhd	AU04	4	Boltzmann i druga zasada	Boltzmann and the second law	Jedna linia łączy mikroskopowe możliwości z makroskopowym nieporządkiem i wyjaśnia, dlaczego jajecznica nie składa się spontanicznie w jajko.	One line connects microscopic possibilities with macroscopic disorder and explains why scrambled eggs do not spontaneously reassemble into an egg.
650	20	audhd	AU04	5	Bell–CHSH i granica Tsirelsona	Bell–CHSH and the Tsirelson bound	To eksperymentalny wykrywacz metafizycznego oszustwa. Sprawdza, czy świat może być lokalną maszyną, w której cząstki mają odpowiedzi wydrukowane przed pomiarem.	This is an experimental detector for metaphysical fraud. It tests whether the world can be a local machine in which particles have their answers printed before measurement.
651	20	audhd	AU04	6	Nierówność nieoznaczoności	Uncertainty relation	Nie chodzi o drżącą rękę laboranta ani zbyt tani mikroskop. Stan kwantowy nie może jednocześnie posiadać dowolnie ostrego położenia i pędu. Ograniczenie siedzi w nieprzemienności operatorów, czyli w samej geometrii teorii.	This is not about a lab technician's shaky hand or a microscope that was too cheap. A quantum state cannot simultaneously possess arbitrarily sharp position and momentum. The limitation lies in the non-commutativity of operators, in the geometry of the theory itself.
652	20	audhd	AU04	7	Maxwell w dwóch liniach	Maxwell in two lines	Elektromagnetyzm, który w rachunku wektorowym zajmuje cztery słynne równania, w języku form różniczkowych składa się do dwóch. Pierwsze zawiera brak monopoli magnetycznych i indukcję; drugie — ładunki oraz prądy.	Electromagnetism, which takes four famous equations in vector calculus, collapses to two in the language of differential forms. The first contains the absence of magnetic monopoles and induction; the second, charges and currents.
653	20	audhd	AU04	8	Równanie Diraca	Dirac equation	Próba pogodzenia mechaniki kwantowej ze szczególną względnością dała spin niemal gratis, a potem wypluła ujemne energie. Zamiast zamieść je pod dywan, fizyka potraktowała je poważnie — i znalazła antymaterię.	The attempt to reconcile quantum mechanics with special relativity produced spin almost for free, then spat out negative energies. Instead of sweeping them under the rug, physics took them seriously and found antimatter.
654	20	audhd	AU04	9	Równania Naviera–Stokesa · poza konkursem	Navier–Stokes equations · outside the competition	Newton dla płynu: bezwładność, ciśnienie, lepkość i siły zewnętrzne, po czym maleńki nieliniowy wyraz u·∇u otwiera w piwnicy hodowlę turbulencji.	Newton for a fluid: inertia, pressure, viscosity, and external forces, after which one tiny nonlinear term, u·∇u, opens a turbulence farm in the basement.
655	20	audhd	AU04	10	Granica Landauera	Landauer's limit	Skasowanie jednego bitu informacji ma minimalny koszt termodynamiczny. Informacja nie jest mgłą unoszącą się nad materią: siedzi w stanie fizycznym, a jej nieodwracalne wymazanie produkuje entropię.	Erasing one bit of information has a minimum thermodynamic cost. Information is not a mist floating above matter: it lives in a physical state, and irreversible erasure produces entropy.
656	20	audhd	AU04	11	Wheeler–DeWitt	Wheeler–DeWitt	Równanie mające opisywać cały Wszechświat — i nie ma w nim czasu. Nie „czas płynie względnie”. Nie „czas jest dziwny”. Skurwysyn został wykreślony z równania.	An equation meant to describe the entire Universe, and there is no time in it. Not “time flows relatively.” Not “time is strange.” The fucker has been deleted from the equation.
657	20	audhd	AU04	12	Komisja konkursowa	Competition jury	Omówienie zagadnienia „Komisja konkursowa” w kontekście opracowania „Dziesięć równań, metafizyka i komisja po znajomości — z uwagami zombierewizora”.	Discussion of “Competition jury” in the context of “Ten equations, metaphysics, and a jury packed with friends — with notes from the zombie reviewer”.
658	20	audhd	AU04	13	Ocena bezstronności	Assessment of impartiality	Komisja jest całkowicie niezależna — od odpowiedzialności, kalendarza i możliwości odtworzenia toku podejmowania decyzji. Wszyscy trafili do niej po znajomości, dzięki czemu wyeliminowano ryzyko przypadkowego udziału osoby obcej.	The jury is entirely independent — of responsibility, the calendar, and any possibility of reconstructing how its decisions were made. Everyone got in through connections, which eliminated the risk of some random outsider accidentally taking part.
659	21	audhd	AU05	1	Architektury pamięci jako mapa poznawcza	Memory architectures as a cognitive map	Od pamięci komputerowej lat 80. przez paradygmaty języków programowania, systemy big data, aż po pamięć neurotypową i neuroróżnorodną.	From computer memory in the 1980s, through programming-language paradigms and big-data systems, to neurotypical and neurodivergent memory.
660	21	audhd	AU05	2	Streszczenie	Abstract	Esej argumentuje, że historia pamięci komputerowej — od drogiego, fizycznie ograniczonego DRAM-u lat 80., przez ewolucję paradygmatów zarządzania pamięcią w językach programowania, do współczesnych systemów rozproszonych obsługujących petabajty danych — jest…	The essay argues that the history of computer memory — from the expensive, physically constrained DRAM of the 1980s, through the evolution of memory-management paradigms in programming languages, to today's distributed systems handling petabytes of data — is…
661	21	audhd	AU05	3	§1 Wprowadzenie — jeden problem, wiele rozwiązań	§1 Introduction — one problem, many solutions	Każdy system, który ma pamiętać , mierzy się z tym samym strukturalnym ograniczeniem: dostępna pamięć jest skończona, a strumień napływających danych — w praktyce nieskończony.	Every system that has to remember faces the same structural constraint: available memory is finite, while the stream of incoming data is, in practice, infinite.
662	21	audhd	AU05	4	§2 Pamięć komputerowa lat 80. i wczesnych 90. — fizyka jako ramy projektowe	§2 Computer memory in the 1980s and early 1990s — physics as a design constraint	W latach 80. XX wieku pamięć RAM była drogim, deficytowym, fizycznie wymiernym zasobem. Komputer Apple II (1977) miał standardowo 4 KB pamięci. IBM PC (1981) — 16 KB w wersji bazowej, do 256 KB w wersji rozszerzonej.	In the 1980s, RAM was an expensive, scarce, physically measurable resource. The Apple II (1977) came with 4 KB of memory as standard. The IBM PC (1981) had 16 KB in the base version and up to 256 KB when expanded.
663	21	audhd	AU05	5	Źródła do §2	Sources for §2	Wikipedia: Commodore 64 — pełen opis architektury, 64 KB RAM, 38 911 bajtów dla BASIC-a, mechanizm bank switching	Wikipedia: Commodore 64 — full architecture description, 64 KB of RAM, 38,911 bytes available to BASIC, bank-switching mechanism
664	21	audhd	AU05	6	§3 Pamięć w języku C — manualne zarządzanie jako paradygmat	§3 Memory in C — manual management as a paradigm	Język C, zaprojektowany w latach 1972–1973 przez Dennisa Ritchiego w Bell Labs, jako rozwinięcie języka B Kena Thompsona, jest bezpośrednim semantycznym odzwierciedleniem etosu pierwotnego. C nie zarządza pamięcią za programistę.	C, designed in 1972–1973 by Dennis Ritchie at Bell Labs as an evolution of Ken Thompson's B language, is a direct semantic reflection of the original ethos. C does not manage memory for the programmer.
665	21	audhd	AU05	7	Źródła do §3	Sources for §3	Wikipedia: C (programming language) — historia, projekt, relacja z Uniksem	Wikipedia: C (programming language) — history, design, relationship with Unix
666	21	audhd	AU05	8	§4 Pamięć w Pythonie — referencje, garbage collector, abstrakcja	§4 Memory in Python — references, garbage collection, abstraction	Python, zaprojektowany w grudniu 1989 roku przez Guida van Rossuma w Centrum Wiskunde & Informatica w Amsterdamie, reprezentuje paradygmat odwrotny do C.	Python, designed in December 1989 by Guido van Rossum at the Centrum Wiskunde & Informatica in Amsterdam, represents the opposite paradigm to C.
667	21	audhd	AU05	9	Źródła do §4	Sources for §4	Guido van Rossum — Brief Bio — oficjalna strona twórcy	Guido van Rossum — Brief Bio — the creator's official website
668	21	audhd	AU05	10	§5 Pamięć w JavaScript — przypadkowy język ery przeglądarek	§5 Memory in JavaScript — an accidental language of the browser era	"JavaScript powstał w maju 1995 roku w firmie Netscape Communications. Brendan Eich, świeżo zatrudniony programista, otrzymał zadanie zaprojektowania języka skryptowego dla przeglądarki Netscape Navigator 2.0 i — jak sam mówi — ""spędził dziesięć kolejnych dni…"	JavaScript was created in May 1995 at Netscape Communications. Brendan Eich, a newly hired programmer, was tasked with designing a scripting language for the Netscape Navigator 2.0 browser and, as he himself says, “spent ten consecutive days…”
669	21	audhd	AU05	11	Źródła do §5	Sources for §5	Wikipedia: JavaScript — pełna historia, ECMAScript, statystyki użycia	Wikipedia: JavaScript — full history, ECMAScript, usage statistics
670	21	audhd	AU05	12	§6 Pamięć w big data — Hadoop, MapReduce i ekonomia rozproszenia	§6 Memory in big data — Hadoop, MapReduce, and the economics of distribution	W ciągu pierwszej dekady XXI wieku stanął przed informatyką nowy problem: skala danych przekroczyła pojemność pojedynczej maszyny.	During the first decade of the twenty-first century, computer science ran into a new problem: the scale of data exceeded the capacity of a single machine.
671	21	audhd	AU05	13	Źródła do §6	Sources for §6	Wikipedia: MapReduce — pełen opis paradygmatu, historia, krytyka	Wikipedia: MapReduce — full description of the paradigm, history, criticism
672	21	audhd	AU05	14	§7 Pamięć ludzka — schemat, hipokamp, kora, sen	§7 Human memory — schemas, hippocampus, cortex, sleep	Mózg ludzki radzi sobie z tym samym strukturalnym problemem, co komputer: zawartość świata jest większa niż dostępna pamięć.	The human brain deals with the same structural problem as a computer: the contents of the world are larger than the available memory.
673	21	audhd	AU05	15	Hierarchia pamięci u człowieka	The hierarchy of human memory	Klasyczny model pamięci ludzkiej, sformułowany w drugiej połowie XX wieku, wyróżnia kilka systemów:	The classical model of human memory, formulated in the second half of the twentieth century, distinguishes several systems:
674	21	audhd	AU05	16	Sen głęboki (SWS) i sen REM jako fazy konsolidacji	Deep sleep (SWS) and REM sleep as consolidation phases	Współczesna neurobiologia snu — opisywana w licznych pracach Jana Borna z Uniwersytetu w Tübingen i innych badaczy — wyróżnia dwie fazy snu jako kluczowe dla konsolidacji pamięci, każdą o nieco innej funkcji.	Contemporary sleep neurobiology — described in numerous studies by Jan Born of the University of Tübingen and other researchers — identifies two sleep phases as crucial to memory consolidation, each serving a somewhat different function.
675	21	audhd	AU05	17	Pamięć ludzka jako kompresor stratny	Human memory as a lossy compressor	Pamięć neurotypowa jest, w terminach informatycznych, kompresorem stratnym z ekstrakcją gistu . Detale są wyrzucane, schematy zostają.	Neurotypical memory is, in computer-science terms, a lossy compressor with gist extraction. Details are discarded; schemas remain.
676	21	audhd	AU05	18	Źródła do §7	Sources for §7	"Diekelmann & Born (2010): ""Slow-wave sleep and the consolidation of long-term memory"" — klasyczny przegląd"	Diekelmann & Born (2010): “Slow-wave sleep and the consolidation of long-term memory” — a classic review
677	21	audhd	AU05	19	§8 Pamięć neurotypowa vs neuroróżnorodna — różnica strategii projektowej	§8 Neurotypical vs neurodivergent memory — a difference in design strategy	"Nie istnieje jedna ""ND-architektura pamięci"", podobnie jak nie istnieje jedna ""NT-architektura""."	There is no single “ND memory architecture”, just as there is no single “NT architecture”.
678	21	audhd	AU05	20	Monotropizm — teoria uwagi w autyzmie	Monotropism — a theory of attention in autism	Najważniejszą teorią ostatnich dwóch dekad, próbującą zunifikować obraz autystycznego funkcjonowania poznawczego, jest monotropizm (monotropism) — koncepcja zaproponowana w 1992 roku przez Dinah Murray, a w pełni rozwinięta w artykule Murray, Lessera i Lawson…	The most important theory of the past two decades attempting to unify the picture of autistic cognitive functioning is monotropism — a concept proposed in 1992 by Dinah Murray and fully developed in the article by Murray, Lesser, and Lawson…
679	21	audhd	AU05	21	Słaba spójność centralna (weak central coherence) — teoria szczegółu	Weak central coherence — a theory of detail	Druga klasyczna teoria autystycznego stylu poznawczego to słaba spójność centralna (weak central coherence, WCC), wprowadzona przez Utę Frith w jej książce Autism: Explaining the Enigma z 1989 roku.	The second classical theory of autistic cognitive style is weak central coherence (WCC), introduced by Uta Frith in her 1989 book Autism: Explaining the Enigma.
680	21	audhd	AU05	22	Pamięć robocza w ADHD — deficyt wykonawczy	Working memory in ADHD — an executive deficit	ADHD ma inny profil pamięciowy niż ASD. Russell Barkley, jeden z najważniejszych badaczy ADHD ostatniego półwiecza, sformułował model w pracy Behavioral Inhibition, Sustained Attention, and Executive Functions z 1997 roku, w którym pamięć robocza jest jedną z…	ADHD has a different memory profile from ASD. Russell Barkley, one of the most influential ADHD researchers of the past half-century, formulated a model in his 1997 paper Behavioral Inhibition, Sustained Attention, and Executive Functions in which working memory is one of…
681	21	audhd	AU05	23	Synteza — pamięć ND jako pointer-based	Synthesis — ND memory as pointer-based	Łącząc te trzy linie badań — monotropizm, weak central coherence, deficyt pamięci roboczej w ADHD — można zarysować strukturalny obraz pamięci AuDHD jako:	Combining these three lines of research — monotropism, weak central coherence, and working-memory deficits in ADHD — makes it possible to sketch a structural picture of AuDHD memory as:
682	21	audhd	AU05	24	Źródła do §8	Sources for §8	monotropism.org — oficjalny serwis, prowadzony przez Fergusa Murraya	monotropism.org — official website maintained by Fergus Murray
683	21	audhd	AU05	25	§9 Konsekwencje — kto buduje fundamenty informatyki	§9 Consequences — who builds the foundations of computing	Główna teza tego eseju jest następująca: jeśli niskopoziomowe języki programowania, jądra systemów operacyjnych, kompilatory, bazy danych i systemy rozproszone wymagają natywnej zdolności do operowania na pamięci pointer-based — i jeśli ta zdolność jest cechą…	The central thesis of this essay is as follows: if low-level programming languages, operating-system kernels, compilers, databases, and distributed systems require a native ability to operate on pointer-based memory — and if that ability is a feature…
684	21	audhd	AU05	26	§10 Konkluzja	§10 Conclusion	Pamięć — w komputerze, w mózgu, w klastrze, w języku programowania — jest rozwiązaniem tego samego strukturalnego problemu: zawartość świata przekracza pojemność systemu. Rozwiązań kanonicznych jest skończenie wiele.	Memory — in a computer, a brain, a cluster, or a programming language — is a solution to the same structural problem: the contents of the world exceed the capacity of the system. There is only a finite number of canonical solutions.
685	22	audhd	AU06	1	Architektury pamięci	Memory architectures	Omówienie zagadnienia „Architektury pamięci” w kontekście opracowania „Architektury pamięci — opowieść o tym, kto naprawdę zbudował IT”.	Discussion of “Memory architectures” in the context of “Memory architectures — a story about who really built IT”.
686	22	audhd	AU06	2	Bell Labs, sierpień 1969	Bell Labs, August 1969	Bonnie Thompson pakuje walizki. Wraz z rocznym synem Coreyem leci do San Diego — odwiedzić rodziców i pokazać im wnuka, którego jeszcze nie widzieli. Wyjeżdża na miesiąc. Jej mąż Ken zostaje w New Jersey, w domu, z biurem niedaleko, w Bell Labs.	Bonnie Thompson is packing her bags. Together with her one-year-old son Corey, she is flying to San Diego to visit her parents and introduce them to the grandson they have not yet met. She leaves for a month. Her husband Ken stays in New Jersey, at home, with his office nearby at Bell Labs.
687	22	audhd	AU06	3	Stanford, 30 marca 1977	Stanford, 30 March 1977	Donald Knuth dostaje pocztą paczkę. Otwiera ją. W środku są szczotki — czyli próbne wydruki, w drukarstwie nazywane galley proofs — drugiego wydania jego książki The Art of Computer Programming, Volume 2 . Pierwsze wydanie wyszło w 1968.	Donald Knuth receives a package in the mail. He opens it. Inside are proofs — trial printouts, known in printing as galley proofs — of the second edition of his book The Art of Computer Programming, Volume 2. The first edition came out in 1968.
688	22	audhd	AU06	4	Cambridge, Massachusetts, 1980-2019	Cambridge, Massachusetts, 1980–2019	W czerwcu 1980 roku Richard Matthew Stallman ma 27 lat i pracuje w MIT AI Lab. Drukarka laserowa Xerox właśnie się zacina po raz tysięczny i Stallman chce poprawić sterownik, żeby informował, kiedy się zatnie. Xerox odmawia mu kodu źródłowego.	In June 1980, Richard Matthew Stallman is 27 and works at the MIT AI Lab. The Xerox laser printer has jammed for the thousandth time, and Stallman wants to modify the driver so that it reports when it jams. Xerox refuses to give him the source code.
689	22	audhd	AU06	5	Helsinki, 14 czerwca 2012	Helsinki, 14 June 2012	Aalto Talk. Sala wykładowa pełna studentów. Linus Torvalds siedzi w fotelu, w niebieskim T-shircie, z mikrofonem przy klapie. Ma 42 lata. Mieszka w Portland, Oregon.	Aalto Talk. A lecture hall full of students. Linus Torvalds sits in an armchair, wearing a blue T-shirt, with a lapel microphone. He is 42. He lives in Portland, Oregon.
690	22	audhd	AU06	6	San Francisco, garaż, 1976	San Francisco, a garage, 1976	Steve Wozniak ma 25 lat, pracuje w HP. Po godzinach lutuje w garażu w Los Altos. Nie ma na to żadnego biznesplanu. Robi to dla zabawy. Steve Jobs, który jest jego przyjacielem od liceum, ma 21 lat i obowiązek wymyślania, jak na tym zarobić.	Steve Wozniak is 25 and works at HP. After hours, he solders in a garage in Los Altos. He has no business plan for it. He does it for fun. Steve Jobs, his friend since high school, is 21 and has taken on the job of figuring out how to make money from it.
691	22	audhd	AU06	7	I tu jest najmocniejsze: kategorii nie było	And here is the strongest part: the category did not exist	Ken Thompson urodził się w 1943. Dennis Ritchie w 1941. Donald Knuth w 1938. Richard Stallman w 1953. Steve Wozniak w 1950. Linus Torvalds w 1969. Bill Joy w 1954. Larry Wall, twórca Perla — w 1954. Guido van Rossum — 1956.	Ken Thompson was born in 1943. Dennis Ritchie in 1941. Donald Knuth in 1938. Richard Stallman in 1953. Steve Wozniak in 1950. Linus Torvalds in 1969. Bill Joy in 1954. Larry Wall, the creator of Perl, in 1954. Guido van Rossum in 1956.
692	22	audhd	AU06	8	I dlaczego to ma znaczenie z perspektywy pamięci	And why this matters from the perspective of memory	Wskaźnik w języku C jest dosłownie liczbą — adresem komórki pamięci. Programista C trzyma w głowie graf wszystkich aktywnych alokacji: które bloki są na stosie, które na stercie, które wskaźniki na nie wskazują, kto je zwolni, kiedy, w jakiej kolejności.	A pointer in C is literally a number — the address of a memory cell. A C programmer keeps a graph of all active allocations in their head: which blocks are on the stack, which are on the heap, which pointers refer to them, who will free them, when, and in what order.
693	22	audhd	AU06	9	JavaScript jako wyjątek potwierdzający	JavaScript as the exception that proves the rule	I teraz najważniejszy kontrprzykład. Brendan Eich w maju 1995 roku dostaje 10 dni na zaprojektowanie języka skryptowego do przeglądarki Netscape Navigator 2.0. Pisze prototyp w dziesięć dni . Pełna integracja zajmuje kilka miesięcy.	And now the most important counterexample. In May 1995 Brendan Eich is given 10 days to design a scripting language for the Netscape Navigator 2.0 browser. He writes the prototype in ten days. Full integration takes several months.
694	22	audhd	AU06	10	Co to znaczy z perspektywy 2026 roku	What this means from the perspective of 2026	Kiedy w marcu 2026 roku dostaje się formalną diagnozę AuDHD w Krakowie, w gabinecie psychiatry, można zauważyć, że kategoria, która jest nadawana, ma — jako diagnostyczna jednostka — 13 lat.	When, in March 2026, someone receives a formal AuDHD diagnosis in a psychiatrist's office in Kraków, it is worth noticing that the category being assigned is, as a diagnostic entity, 13 years old.
695	23	audhd	AU07	1	ADHD i pomaganie kosztem siebie	ADHD and helping at your own expense	Teza, mechanizm, wykorzystanie społeczne	The thesis, the mechanism, and social exploitation
696	23	audhd	AU07	2	Teza w postaci kompaktowej	The thesis in compact form	Osoby z ADHD mają większą potrzebę pomagania innym — w szczególności kosztem siebie — niż osoby neurotypowe.	People with ADHD have a stronger need to help others — especially at their own expense — than neurotypical people.
697	23	audhd	AU07	3	Rozwinięcie	Elaboration	Omówienie zagadnienia „Rozwinięcie” w kontekście opracowania „ADHD i pomaganie kosztem siebie — teza i mechanizm”.	Discussion of “Elaboration” in the context of “ADHD and helping at your own expense — thesis and mechanism”.
698	23	audhd	AU07	4	Mechanizm 1: nadwrażliwość na odrzucenie społeczne	Mechanism 1: hypersensitivity to social rejection	RSD (Rejection Sensitive Dysphoria, dysforia z nadwrażliwości na odrzucenie) to klinicznie opisany fenomen, którego rdzeń stanowi nieproporcjonalnie silna reakcja emocjonalna — bólowa, fizyczna, natychmiastowa — na rzeczywiste lub tylko spostrzeżone…	RSD (Rejection Sensitive Dysphoria) is a clinically described phenomenon whose core is a disproportionately intense emotional reaction — painful, physical, immediate — to actual or merely perceived…
699	23	audhd	AU07	5	Mechanizm 2: stroma krzywa dyskontowania nagrody w czasie	Mechanism 2: a steep temporal reward-discounting curve	Drugie tłumaczenie — niezależne od pierwszego, choć działa w tę samą stronę — pochodzi z teorii wykonawczej Russella Barkley'a (1997) i z dziesiątek replikacji w badaniach delay discounting (Sonuga-Barke, Barkley i wsp. 2001; metaanaliza Marx i wsp. 2021).	The second explanation — independent of the first, though operating in the same direction — comes from Russell Barkley's executive-function theory (1997) and dozens of replications in delay-discounting research (Sonuga-Barke, Barkley et al. 2001; meta-analysis by Marx et al. 2021).
700	23	audhd	AU07	6	Mechanizm 3: słabsza regulacja granic w konfrontacji	Mechanism 3: weaker boundary regulation in confrontation	"Trzeci element to słabsza zdolność do zatrzymania automatycznej reakcji „tak"" w konfrontacji z konkretną, bezpośrednią prośbą. To wynika z deficytów w hamowaniu reakcji — jednego z czterech obszarów wykonawczych w modelu Barkley'a."	The third element is a weaker ability to stop the automatic “yes” response when faced with a concrete, direct request. This follows from deficits in response inhibition — one of the four executive domains in Barkley's model.
701	23	audhd	AU07	7	Asymetria, którą neurotypowi nieświadomie eksploatują	The asymmetry that neurotypical people exploit unconsciously	"Te trzy mechanizmy razem produkują systemową asymetrię: w sytuacji „A potrzebuje pomocy od B"" prawdopodobieństwo zgody A-z-ADHD jest istotnie wyższe niż A-neurotypowego, niezależnie od stanu własnych spraw A."	Together, these three mechanisms produce a systemic asymmetry: in a situation where “A needs help from B”, the probability that a person with ADHD will agree is significantly higher than for a neurotypical person, regardless of the state of their own affairs.
702	23	audhd	AU07	8	Co z tym zrobić	What to do about it	Mechanizm 1 da się leczyć: leczenie ADHD farmakologiczne (stymulanty) i terapia ukierunkowana na RSD redukują intensywność reakcji na odrzucenie.	Mechanism 1 can be treated: pharmacological treatment of ADHD (stimulants) and therapy targeting RSD reduce the intensity of reactions to rejection.
703	23	audhd	AU07	9	Źródła	Sources	Barkley, R. A. (1997). Behavioral inhibition, sustained attention, and executive functions: Constructing a unifying theory of ADHD. Psychological Bulletin , 121(1), 65–94.	Barkley, R. A. (1997). Behavioral inhibition, sustained attention, and executive functions: Constructing a unifying theory of ADHD. Psychological Bulletin, 121(1), 65–94.
704	24	audhd	AU08	1	Co mówi Appendix 1 — po ludzku	What Appendix 1 says — in plain language	Dwadzieścia prac z lat 2008–2026, przeczytanych jako jedna historia — tym razem z liczbami, ale liczbami przetłumaczonymi na ludzki. Wersja 02.00 powstała po sięgnięciu do treści samych badań, nie tylko ich tytułów.	Twenty papers from 2008–2026, read as a single story — this time with numbers, but numbers translated into human terms. Version 02.00 was created after reading the studies themselves, not merely their titles.
705	24	audhd	AU08	2	Most do listy sześćdziesięciu trzech cech	A bridge to the list of sixty-three features	Te dwadzieścia prac i lista sześćdziesięciu trzech cech z opracowania AuDHD to dwa opisy tego samego terenu z dwóch wysokości: badania są mapą satelitarną — geny, całe kraje, tysiące ludzi — a lista jest zdjęciami z poziomu ulicy.	These twenty papers and the list of sixty-three features in the AuDHD study are two descriptions of the same terrain from different altitudes: the research is a satellite map — genes, whole countries, thousands of people — while the list consists of street-level photographs.
706	24	audhd	AU08	3	Sedno	The core point	Przez dekady przepisy kazały wybrać jedną etykietę, więc ludzie z dwiema dostawali jedną albo żadną — a różnicę dopłacali z własnego życia.	For decades, diagnostic rules forced clinicians to choose one label, so people who had two got one or none — and paid the difference out of their own lives.
707	25	audhd	AU09	1	AuDHD a osoby fundatorskie w IT	AuDHD and foundational builders in IT	Hipoteza w dwóch wersjach (łatwej i perwersyjnej), oraz cztery niezależne warstwy argumentów, które ją uzasadniają — kohortowo-historyczna, psychospołeczno-motywacyjna, językowo-techniczna i kognitywno-architektoniczna.	A hypothesis in two versions — the easy one and the perverse one — plus four independent layers of argument supporting it: cohort-historical, psychosocial-motivational, linguistic-technical, and cognitive-architectural.
708	25	audhd	AU09	2	Dwa sformułowania tezy	Two formulations of the thesis	Omówienie zagadnienia „Dwa sformułowania tezy” w kontekście opracowania „AuDHD a osoby fundatorskie w IT — hipoteza i jej cztery warstwy”.	Discussion of “Two formulations of the thesis” in the context of “AuDHD and foundational builders in IT — the hypothesis and its four layers”.
709	25	audhd	AU09	3	Teza łatwa (korelacyjna)	The easy thesis (correlational)	Cechy AuDHD, wynikające bezpośrednio z fenotypu (nawet po odjęciu maskowania i jego konsekwencji), ułatwiają i predysponują do bycia osobą fundatorską w IT (bardzo szeroko rozumianym). NT też mogą — mają trudniej. ND mają łatwiej.	AuDHD traits arising directly from the phenotype — even after subtracting masking and its consequences — facilitate and predispose a person to become a foundational builder in IT, understood very broadly. NT people can do it too; it is harder for them. ND people have it easier.
710	25	audhd	AU09	4	Teza perwersyjna (konieczności)	The perverse thesis (necessity claim)	Cechy fenotypu AuDHD są niezbędne / wymagane w fundamentowaniu IT. Bez AuDHD-architektury się nie da — niezależnie od inteligencji, motywacji, zasobów, wsparcia. Brakuje aparatu, nie umiejętności.	Features of the AuDHD phenotype are necessary or required for laying the foundations of IT. Without an AuDHD architecture, it cannot be done — regardless of intelligence, motivation, resources, or support. What is missing is the apparatus, not the skill.
711	25	audhd	AU09	5	"Definicja ""fundatora"" i ""fundamentu"""	Definition of a “builder” and a “foundation”	"""Fundament IT"" w tym tekście to kod, na którym stoi inny kod używany przez miliony, i który wymagał 5+ lat ciągłej pracy jednej osoby lub małego zespołu . To definicja niezależna od fenotypu autora."	An “IT foundation” in this text means code on which other code used by millions depends, and which required five or more years of sustained work by one person or a small team. The definition is independent of the author's phenotype.
712	25	audhd	AU09	6	Warstwa 1 — kohortowo-historyczna	Layer 1 — cohort-historical	Omówienie zagadnienia „Warstwa 1 — kohortowo-historyczna” w kontekście opracowania „AuDHD a osoby fundatorskie w IT — hipoteza i jej cztery warstwy”.	Discussion of “Layer 1 — cohort-historical” in the context of “AuDHD and foundational builders in IT — the hypothesis and its four layers”.
713	25	audhd	AU09	7	Diagnozy nie istniały, gdy fundament powstawał	The diagnoses did not exist when the foundations were being built	Asperger opisał autyzm w 1944 (po niemiecku, do anglojęzycznej psychiatrii dotarło w latach 80.). Kanner — 1943. Autyzm jako osobna jednostka diagnostyczna — DSM-III, 1980 . Wcześniej był pomieszany ze schizofrenią dziecięcą.	Asperger described autism in 1944, in German; it reached English-language psychiatry in the 1980s. Kanner did so in 1943. Autism as a separate diagnostic entity appeared in DSM-III in 1980. Before that, it was conflated with childhood schizophrenia.
714	25	audhd	AU09	8	Konsekwencje dla pionierów	Consequences for the pioneers	Turing (zm. 1954) — umarł 26 lat przed ASD jako kategorią, 33 przed ADHD, 59 przed AuDHD. Diagnoza była fizycznie niemożliwa, bo kategorii nie było.	Turing (d. 1954) died 26 years before ASD existed as a category, 33 years before ADHD, and 59 years before AuDHD. Diagnosis was physically impossible because the categories did not exist.
715	25	audhd	AU09	9	Pokolenie urodzone przed ~1985	The generation born before about 1985	Ma drastycznie zaniżone diagnozy ND globalnie — nie dlatego, że ND było rzadsze, tylko dlatego, że dostęp do diagnostyki dorosłych jest świeży. Diagnoza w wieku 40+ to dziś norma kohortowa , nie opóźnienie. Pionierzy informatyki z lat 40.–70.	ND diagnoses are drastically underrepresented in this cohort worldwide — not because ND was rarer, but because access to adult diagnosis is recent. A diagnosis after age 40 is now a cohort norm, not a delay. The computing pioneers of the 1940s–1970s…
716	25	audhd	AU09	10	Obecni fundatorzy	Today's foundational builders	Najmłodsi mają około 20 lat, większość 30–40+. Kohorta 25–40 lat (urodzeni ~1985–2000) zaczyna mieć diagnozy, ale większość nie ma formalnej — bo:	The youngest are around 20; most are 30–40+. The 25–40 cohort, born roughly 1985–2000, is beginning to receive diagnoses, but most still have no formal diagnosis, because:
717	25	audhd	AU09	11	Paradoks epistemiczny	The epistemic paradox	Im bardziej dziedzina filtruje pozytywnie pod AuDHD, tym mniej osób w tej dziedzinie ma motywację, żeby się zdiagnozować — bo dla nich środowisko działa. Diagnoza pojawia się, gdy AuDHD bije w środowisko , nie gdy z nim współgra .	The more strongly a field positively selects for AuDHD, the less motivation people in that field have to seek diagnosis, because the environment works for them. Diagnosis tends to appear when AuDHD clashes with the environment, not when it fits it.
718	25	audhd	AU09	12	Warstwa 2 — psychospołeczno-motywacyjna	Layer 2 — psychosocial-motivational	Omówienie zagadnienia „Warstwa 2 — psychospołeczno-motywacyjna” w kontekście opracowania „AuDHD a osoby fundatorskie w IT — hipoteza i jej cztery warstwy”.	Discussion of “Layer 2 — psychosocial-motivational” in the context of “AuDHD and foundational builders in IT — the hypothesis and its four layers”.
719	25	audhd	AU09	13	Mechanizmy fenotypowe sprzyjające pracy fundamentalnej	Phenotypic mechanisms that favour foundational work	Omówienie zagadnienia „Mechanizmy fenotypowe sprzyjające pracy fundamentalnej” w kontekście opracowania „AuDHD a osoby fundatorskie w IT — hipoteza i jej cztery warstwy”.	Discussion of “Phenotypic mechanisms that favour foundational work” in the context of “AuDHD and foundational builders in IT — the hypothesis and its four layers”.
720	25	audhd	AU09	14	Monotropia	Monotropism	Trzymanie grafu zależności kompilatora w głowie przez tygodnie. Hejlsberg z językami od 1983 (Turbo Pascal). Lattner z kompilatorami od 2003 (LLVM). Knuth z TAOCP od 1968. To nie jest kwestia dyscypliny — to architektura uwagi.	Holding a compiler's dependency graph in your head for weeks. Hejlsberg working on languages since 1983 (Turbo Pascal). Lattner on compilers since 2003 (LLVM). Knuth on TAOCP since 1968. This is not a matter of discipline; it is an architecture of attention.
721	25	audhd	AU09	15	Special interests	Special interests	"Dekady na jednym wątku bez wypalenia z nudy. NT mózg ma wbudowany sygnał ""to jest niezdrowe, znajdź zrównoważenie"" — działa prawidłowo. AuDHD nie ma tego sygnału w stosunku do obiektu zainteresowania . To nie brak, to cecha architektoniczna."	Decades on a single thread without burning out from boredom. The NT brain has a built-in signal saying “this is unhealthy, find some balance” — and it works correctly. AuDHD does not produce that signal in relation to the object of interest. That is not an absence; it is an architectural feature.
722	25	audhd	AU09	16	Pattern recognition autystyczne	Autistic pattern recognition	Dostrzeganie strukturalnych analogii między domenami, które dla NT są oddzielne. Von Neumann: gry, ekonomia, kwanty, komputery, broń jądrowa — ten sam mózg w różnych kontekstach .	Seeing structural analogies between domains that are separate for NT people. Von Neumann: games, economics, quantum mechanics, computers, nuclear weapons — the same brain in different contexts.
723	25	audhd	AU09	17	Hyperfokus ADHD	ADHD hyperfocus	"14-godzinne sesje kodowania w stanie flow. NT mózg sygnalizuje ""to jest niezdrowe"" prawidłowo. AuDHD mózg tej sygnalizacji nie ma — albo ją ma i ignoruje przez monotropię. Brak hamulca jest cechą wymaganą w pracy fundamentalnej, nie defektem."	Fourteen-hour coding sessions in a flow state. The NT brain correctly signals “this is unhealthy.” The AuDHD brain does not produce that signal, or produces it and ignores it because of monotropism. The missing brake is a feature required for foundational work, not a defect.
724	25	audhd	AU09	18	Demand avoidance jako silnik refaktoryzacji	Demand avoidance as a refactoring engine	"Niezdolność do tolerowania broken systemu , która produkuje impuls ""napiszę to od nowa, dobrze"" zamiast ""dopasuję się"". Większość przełomowych projektów to demand avoidance wobec istniejącego rozwiązania :"	An inability to tolerate a broken system that produces the impulse “I'll rewrite it properly” rather than “I'll adapt.” Most breakthrough projects are demand avoidance directed at an existing solution:
725	25	audhd	AU09	19	Tolerancja na samotność technicznej decyzji	Tolerance for solitude in technical decision-making	Fundament tworzy się w warunkach, w których nikt na świecie nie może pomóc, bo to ty znasz ten konkretny problem najlepiej. NT mózg jest skalibrowany do walidacji społecznej — sprawdza decyzje przez konsultacje, konsensus zespołu.	Foundations are built under conditions in which nobody in the world can help, because you know that specific problem best. The NT brain is calibrated for social validation: it checks decisions through consultation and team consensus.
726	25	audhd	AU09	20	Warstwa 3 — językowo-techniczna	Layer 3 — linguistic-technical	Omówienie zagadnienia „Warstwa 3 — językowo-techniczna” w kontekście opracowania „AuDHD a osoby fundatorskie w IT — hipoteza i jej cztery warstwy”.	Discussion of “Layer 3 — linguistic-technical” in the context of “AuDHD and foundational builders in IT — the hypothesis and its four layers”.
727	25	audhd	AU09	21	Trzy języki, trzy mózgi	Three languages, three brains	Omówienie zagadnienia „Trzy języki, trzy mózgi” w kontekście opracowania „AuDHD a osoby fundatorskie w IT — hipoteza i jej cztery warstwy”.	Discussion of “Three languages, three brains” in the context of “AuDHD and foundational builders in IT — the hypothesis and its four layers”.
728	25	audhd	AU09	22	C — zmęczony AuDHD	C — tired AuDHD	Brak garbage collectora. Każdy alokowany zasób trzeba zwolnić ręcznie. Zapomnisz free() — wyciek pamięci, OOM kill. To jest otwarte loopy — niedokończone zadania nie zwalniają się same, kongestia rośnie, w końcu coś się wywala.	No garbage collector. Every allocated resource must be released manually. Forget free() and you get a memory leak, then an OOM kill. These are open loops: unfinished tasks do not release themselves, congestion grows, and eventually something crashes.
729	25	audhd	AU09	23	Python — niezmęczony AuDHD	Python — rested AuDHD	Garbage collector. Niedokończone zadania jakoś się rozpuszczają , mózg ma zasoby na obsłużenie ich w tle. Otwarte loopy istnieją, ale nie bolą fizycznie.	Garbage collector. Unfinished tasks somehow dissolve; the brain has enough resources to handle them in the background. Open loops still exist, but they do not hurt physically.
730	25	audhd	AU09	24	JavaScript — NT	JavaScript — NT	"Wszystko jakoś, async, callback hell, ""this"" znaczy co innego w różnych kontekstach, równoważność typów dziwna ( [] == ![] to true ), ale jakoś działa , jest produktywne, można szybko zlepić aplikację."	Everything somehow works: async, callback hell, “this” means different things in different contexts, type equality is bizarre ([] == ![] is true), but somehow it works, it is productive, and you can glue an application together quickly.
731	25	audhd	AU09	25	Dlaczego AuDHD nienawidzi JS	Why AuDHD hates JS	Nienawiść do JS u AuDHD nie jest gustem — jest odrzuceniem na poziomie architektury poznawczej . JS jest dosłownie zaprojektowany przeciwko AuDHD mózgowi:	AuDHD hatred of JS is not a matter of taste; it is rejection at the level of cognitive architecture. JS is literally designed against the AuDHD brain:
732	25	audhd	AU09	26	Atwood's Law i konsekwencja	Atwood's Law and its consequence	"""Any application that can be written in JavaScript, will eventually be written in JavaScript."" — to prawo społecznego skalowania , nie technicznej jakości. Mówi: JS wygrywa, bo jest plastyczny, bo jest niedeterministyczny. NT środowisko premiuje plastyczność."	“Any application that can be written in JavaScript, will eventually be written in JavaScript.” This is a law of social scaling, not technical quality. It says that JS wins because it is plastic, because it is nondeterministic. The NT environment rewards plasticity.
733	25	audhd	AU09	27	Meta-poziom i abstrakcja abstrakcji	Meta-level and the abstraction of abstraction	Fundamentowanie wymaga poziomu abstrakcji wziętego ponad to, co już jest w 100% abstrakcyjne . Pisania kompilatora języka X to nie jest pisanie w języku X — to jest pisanie o języku X w innym języku.	Building foundations requires a level of abstraction above something that is already 100% abstract. Writing a compiler for language X is not writing in language X; it is writing about language X in another language.
734	25	audhd	AU09	28	Warstwa 4 — kognitywno-architektoniczna (najmocniejsza)	Layer 4 — cognitive-architectural (the strongest)	Omówienie zagadnienia „Warstwa 4 — kognitywno-architektoniczna (najmocniejsza)” w kontekście opracowania „AuDHD a osoby fundatorskie w IT — hipoteza i jej cztery warstwy”.	Discussion of “Layer 4 — cognitive-architectural (the strongest)” in the context of “AuDHD and foundational builders in IT — the hypothesis and its four layers”.
735	25	audhd	AU09	29	Pamięć NT vs AuDHD — założenia projektowe	NT vs AuDHD memory — design assumptions	Omówienie zagadnienia „Pamięć NT vs AuDHD — założenia projektowe” w kontekście opracowania „AuDHD a osoby fundatorskie w IT — hipoteza i jej cztery warstwy”.	Discussion of “NT vs AuDHD memory — design assumptions” in the context of “AuDHD and foundational builders in IT — the hypothesis and its four layers”.
736	25	audhd	AU09	30	NT	NT	Skalibrowana pod ograniczone zadania o znanym z góry rozmiarze danych. 7±2 elementy Millera w roboczej. Długotrwała zorganizowana semantycznie wokół narracji i znaczeń społecznych. Konsolidacja przez sen redukuje detale do streszczeń.	Calibrated for bounded tasks with a data size known in advance. Miller's 7±2 items in working memory. Long-term memory organised semantically around narratives and social meanings. Sleep consolidation reduces details to summaries.
737	25	audhd	AU09	31	AuDHD	AuDHD	Od początku wie, że detale nie redukują się do schematu bez utraty istotnej informacji . Różnica między podobnym a takim samym jest fundamentalna. Brak kompresora, który z góry wiedziałby, co jest istotne.	Knows from the outset that details cannot be reduced to a schema without losing relevant information. The difference between similar and identical is fundamental. There is no compressor that knows in advance what matters.
738	25	audhd	AU09	32	Cztery cechy architektury AuDHD	Four features of the AuDHD architecture	"Hierarchiczna kompresja na strukturze, nie na znaczeniu. NT kompresuje ""co to znaczyło"". AuDHD — ""jak to było zbudowane"". Inny kompresor na innej osi."	Hierarchical compression by structure, not meaning. NT compresses “what did it mean?” AuDHD compresses “how was it built?” A different compressor operating along a different axis.
739	25	audhd	AU09	33	Pamięć pointer-based — jedyne rozwiązanie	Pointer-based memory — the only solution	Pamięć ma skończoną pojemność. Zawartość świata nie ma. AuDHD ma trzy opcje:	Memory has finite capacity. The contents of the world do not. AuDHD has three options:
740	25	audhd	AU09	34	Konsekwencje pointer-based	Consequences of pointer-based memory	Często nie wiesz, co pamiętasz, dopóki nie zapytany — masz wskaźnik, nie zawartość.	You often do not know what you remember until you are asked: you have a pointer, not the content.
741	25	audhd	AU09	35	Wskaźniki do wskaźników — trywialne następstwo	Pointers to pointers — a trivial consequence	"Gdy podstawową jednostką jest adres, ""adres do adresu"" jest tą samą operacją na poziom wyżej. NT nie ma operacji ""dwukrotnej dereferencji"" naturalnie. AuDHD trywialnie. To otwiera nieskończoność:"	If the basic unit is an address, an “address of an address” is the same operation one level higher. NT does not naturally have a “double dereference” operation. AuDHD does, trivially. This opens infinity:
742	25	audhd	AU09	36	Cykle jako default, nie edge case	Cycles as the default, not an edge case	NT mózg traktuje samoodwołanie jako edge case — w społecznym świecie pętle są patologiczne (codependence, mobbing, gaslighting). NT projektuje systemy w trybie chronienia przed cyklami . Cykl jest błędem do obsłużenia.	The NT brain treats self-reference as an edge case. In the social world, loops are pathological: codependence, mobbing, gaslighting. NT designs systems in a mode of protecting against cycles. A cycle is an error to be handled.
743	25	audhd	AU09	37	Pętle niezbywalne w fundamencie IT	Cycles that cannot be removed from the foundations of IT	Bootstrap kompilatora — kompilator X kompilowany w X. Pętla domknięta, którą trzeba uruchomić raz w asemblerze, potem żyje sama.	Compiler bootstrapping: compiler X compiled in X. A closed loop that has to be started once in assembly and then lives on by itself.
744	25	audhd	AU09	38	Kliniczne odpowiedniki problemów C u AuDHD	Clinical equivalents of C problems in AuDHD	Konfabulacja pamięci epizodycznej. Pytasz o moment z dzieciństwa, dereferencja zwraca strukturę bez zawartości. AuDHD rekonstruuje z reguły strukturalnej i nie wie, że rekonstruuje .	Episodic-memory confabulation. Ask about a moment from childhood and the dereference returns structure without content. AuDHD reconstructs from a structural rule and does not know that it is reconstructing.
745	25	audhd	AU09	39	Konsekwencja dla fundamentowania IT	Consequence for building the foundations of IT	NT pisze C i się męczy — musi świadomie zarządzać tym, co u AuDHD jest natywnym trybem pamięci . NT-programista C musi udawać AuDHD architekturę pamięci w czasie rzeczywistym, ręcznie.	An NT person writes C and gets tired because they have to consciously manage what is a native mode of memory in AuDHD. An NT C programmer has to imitate an AuDHD memory architecture in real time, manually.
746	25	audhd	AU09	40	Dlaczego NT-fundator nie istnieje	Why the NT foundational builder does not exist	NT musi symulować AuDHD pamięć i obsługę cykli z wnętrza architektury zaprojektowanej antagonistycznie. Jak symulować Linuxa na Windowsie przez WSL — działa, ale każda operacja kosztuje warstwę translacji, i są rzeczy, których nie da się przejść bez restartu.	NT has to simulate AuDHD memory and cycle handling from inside an architecture designed antagonistically to them. Like running Linux on Windows through WSL: it works, but every operation costs a translation layer, and some things cannot be crossed without a restart.
747	25	audhd	AU09	41	Pusta klasa kontrprzykładów	An empty class of counterexamples	Próba znalezienia żyjącego fundatora bez fenotypu AuDHD — w wąsko zdefiniowanym sensie:	An attempt to find a living foundational builder without an AuDHD phenotype, in the narrowly defined sense:
748	25	audhd	AU09	42	Konkluzja	Conclusion	Hipoteza w wersji łatwej: certyfikat 95%+ . Każdy, kto przeczyta dziesięć wywiadów z fundatorami, zobaczy.	The easy version of the hypothesis: 95%+ confidence. Anyone who reads ten interviews with foundational builders will see it.
749	26	audhd	AU10	1	AuDHD po ludzku	AuDHD in plain language	"Słowo na początek. To, co potocznie nazywa się „normalnym"" człowiekiem, w języku psychiatrii — kiedy mowa o autyzmie albo ADHD — nazywa się neurotypowy ."	A word to begin with. What is casually called a “normal” person is, in psychiatric language — when talking about autism or ADHD — called neurotypical.
750	26	audhd	AU10	2	ADHD	ADHD	ADHD polega na tym, że układ od dopaminy i noradrenaliny jest źle wyskalowany. Tło za niskie, sygnał chwiejny — przez co regulacja uwagi i napędu nie odpala na komendę, tylko reaguje na to, co akurat zatrzepie układ mocniej.	ADHD means that the dopamine and noradrenaline systems are badly calibrated. The baseline is too low and the signal unstable, so regulation of attention and drive does not start on command; it reacts to whatever happens to shake the system more strongly.
751	26	audhd	AU10	3	Autyzm	Autism	Autyzm polega na tym, że informacje ze wszystkich zmysłów (w tym propriocepcja oraz interocepcja!) trafiają w postaci prawie surowej, praktycznie bez filtrów których normalni ludzie mają dużo dobrze skalibrowanych: nie zwracają uwagi na kolor i fakturę…	Autism means that information from all the senses — including proprioception and interoception — arrives in an almost raw form, with practically none of the filters that typical people have in abundance and well calibrated: they do not pay attention to colour and texture…
752	26	audhd	AU10	4	Zmysły, o których szkoła nie mówi	The senses school does not tell you about	W szkole uczą, że mamy pięć zmysłów: wzrok, słuch, węch, smak, dotyk. To za mało. Naprawdę mamy jeszcze co najmniej trzy, i one są w tym zdaniu wyżej ważne:	School teaches that we have five senses: sight, hearing, smell, taste, and touch. That is not enough. We actually have at least three more, and they matter in the sentence above:
753	26	audhd	AU10	5	"Co znaczy „surowe"""	What “raw” means	Wyobraź sobie telewizor. Zwykły telewizor robi coś, o czym nie myślisz — wygładza obraz, przycisza tło, koloryzuje pod to, czego się spodziewa. Robi ładnie. Twój mózg robi to samo z rzeczywistością — bez przerwy, w tle, bez pytania cię o zdanie.	Imagine a television. An ordinary TV does something you never think about: it smooths the image, turns down the background, and adjusts colours towards what it expects. It makes things look nice. Your brain does the same thing with reality — continuously, in the background, without asking your opinion.
754	26	audhd	AU10	6	To samo dotyczy ludzi	The same applies to people	"I to jest najważniejsze do zrozumienia — TO SAMO działa przy patrzeniu na drugiego człowieka. Zwykły mózg patrzy komuś w twarz i automatycznie wie: „on jest zmęczony"", „ona jest zła, ale udaje że nie"", „temu jest głupio""."	And this is the most important thing to understand: THE SAME mechanism operates when looking at another person. A typical brain looks at someone's face and automatically knows: “he's tired”, “she's angry but pretending she isn't”, “he feels awkward”.
755	26	audhd	AU10	7	Głód	Hunger	Autystyczny mózg, który słyszy każdą lodówkę, jednocześnie NIE zauważa, że nie jesz od ośmiu godzin. To nie sprzeczność. To ten sam mechanizm od drugiej strony — sygnały ze środka ciała są dla mózgu ciche i tło je zagłusza.	An autistic brain that hears every refrigerator can simultaneously fail to notice that you have not eaten for eight hours. That is not a contradiction. It is the same mechanism from the other side: signals from inside the body are quiet for the brain, and the background drowns them out.
756	26	audhd	AU10	8	Pamięć przy wspólnym występowaniu autyzmu i adhd	Memory when autism and ADHD co-occur	"Wspólne występowanie autyzmu i adhd powoduje, że pamięć takiej osoby działa inaczej niż u większości ludzi. Pamięć robocza i pamięć „że mam coś zrobić później"" działają bardzo słabo. Pamięć faktów i systemów w ciekawym temacie jest fenomenalna."	The co-occurrence of autism and ADHD means that a person's memory works differently from most people's. Working memory and the memory of “I need to do something later” work very poorly. Memory for facts and systems in an interesting subject can be phenomenal.
757	26	audhd	AU10	9	Pamięć robocza — mały stół	Working memory — a small table	Pamięć robocza to jest ten stół, na którym trzyma się to, o czym się teraz myśli. U kogoś z ADHD ten stół jest mały. Bardzo mały. Wchodzą na niego cztery rzeczy i piąta wypycha pierwszą. Dlatego się wchodzi do drugiego pokoju i nie pamięta po co.	Working memory is the table on which you keep whatever you are thinking about right now. For someone with ADHD, that table is small. Very small. Four things fit on it and the fifth pushes the first one off. That is why you walk into another room and forget why.
758	26	audhd	AU10	10	"Pamięć „że mam coś zrobić później"""	The memory of “I need to do something later”	"Ten sam problem. Ta osoba nie widzi tego zadania, ono dla niej nie istnieje w chwili, w której powinno. To nie jest „zapomniałem"". To jest — tego po prostu nie ma w głowie w tamtym momencie."	The same problem. The person cannot see the task; for them, it does not exist at the moment when it should. This is not “I forgot.” It is simply not in their head at that moment.
759	26	audhd	AU10	11	Pamięć faktów w ciekawym temacie	Memory for facts in an interesting subject	Druga skrajność. Ktoś z AuDHD wkręcony w temat pamięta o nim rzeczy w takich szczegółach, których neurotypowi po prostu nie kumają. Bo autystyczny mózg raz wkręcony wkręca się na maksa i pakuje wszystko w bardzo gęstą, uporządkowaną pamięć.	The other extreme. Someone with AuDHD who gets absorbed in a subject remembers details about it that neurotypical people simply cannot grasp. Once the autistic brain locks onto a topic, it goes all in and packs everything into a very dense, organised memory.
760	26	audhd	AU10	12	Pamięć własnych przeżyć	Memory of one's own experiences	"Działa specyficznie. Fakty o wydarzeniu — kto był, gdzie, co powiedziane, ile trwało — są. Ale sam film z tego, sama emocja, samo wrażenie „jak to było"" — słabe albo żadne. Trochę jakby ktoś oglądał opis swojego życia napisany przez kogoś obcego."	It works in a distinctive way. Facts about an event — who was there, where, what was said, how long it lasted — are present. But the film of it, the emotion, the sense of “what it was like” can be weak or absent. A little like reading a description of your own life written by someone else.
761	26	audhd	AU10	13	Maskowanie	Camouflaging	"Maskowanie polega na tym, że przez cały dzień świadomie udajesz kogoś bardziej „normalnego"" niż jesteś — tłumisz odruchy, wkładasz cudzą mimikę, gasisz reakcje — a ta ciągła nadpraca w tle zżera zasoby, aż człowiek się wypala."	Camouflaging means consciously pretending all day to be more “normal” than you are — suppressing reflexes, putting on someone else's facial expressions, dampening reactions — while that constant background overwork eats through your resources until you burn out.
762	27	audhd	AU11	1	AuDHD u dorosłych — cechy i wzorce funkcjonowania	AuDHD in adults — features and patterns of functioning	Wersja dokumentu: 6.0 | Data: 2026-07-01, godz. 15:21 (Europe/Warsaw) · Aktualizacja z pomocą Claude Opus 4.8 (Anthropic)	Document version: 6.0 | Date: 2026-07-01, 15:21 (Europe/Warsaw) · Updated with the assistance of Claude Opus 4.8 (Anthropic)
763	27	audhd	AU11	2	ROZDZIAŁ ZERO — „Mam autyzm i ADHD. A jakie są Twoje supermoce?”	CHAPTER ZERO — “I have autism and ADHD. What are your superpowers?”	Krótki wstęp do sposobu przetwarzania informacji, który pomaga czytać dalsze punkty bez żargonu	A brief introduction to information processing that helps make the points that follow readable without jargon.
764	27	audhd	AU11	3	0. Jak bywa zorganizowane przetwarzanie informacji w AuDHD badania + obserwacja kliniczna punkt wprowadzający	0. How information processing may be organised in AuDHD — research + clinical observation · introductory point	Ten punkt nie jest „supermocą” w prostym, cukierkowym sensie. Lepiej rozumieć go jako charakterystyczny styl przetwarzania , który bywa jednocześnie zasobem i źródłem kosztu.	This point is not a “superpower” in a simple, sugary sense. It is better understood as a characteristic processing style that can be both a resource and a source of cost.
765	27	audhd	AU11	4	Spis treści	Table of contents	ROZDZIAŁ ZERO — „Mam autyzm i ADHD. A jakie są Twoje supermoce?” 0. Jak bywa zorganizowane przetwarzanie informacji w AuDHD	CHAPTER ZERO — “I have autism and ADHD. What are your superpowers?” 0. How information processing may be organised in AuDHD
766	27	audhd	AU11	5	GRUPA I — Najczęściej rozpoznawane	GROUP I — Most readily recognised	Cechy i wzorce funkcjonowania, które zwykle zwracają uwagę jako pierwsze	Features and patterns of functioning that usually attract attention first.
767	27	audhd	AU11	6	1. Trudności z funkcjami wykonawczymi badania powszechne	1. Executive-function difficulties — research · widespread	Funkcje wykonawcze to zestaw umiejętności mentalnych, które pozwalają planować, organizować, rozpoczynać i kończyć zadania, zarządzać czasem i przełączać się między aktywnościami.	Executive functions are a set of mental skills that make it possible to plan, organise, start and finish tasks, manage time, and switch between activities.
768	27	audhd	AU11	7	2. Hiperfokus chaotyczny badania + obserwacja kliniczna bardzo częste	2. Chaotic hyperfocus — research + clinical observation · very common	Hiperfokus to stan bardzo głębokiego, intensywnego skupienia na jednej rzeczy — tak głębokiego, że reszta świata praktycznie przestaje istnieć. Osoby neurotypowe też czasem tego doświadczają (np.	Hyperfocus is a state of very deep, intense concentration on one thing — so deep that the rest of the world practically ceases to exist. Neurotypical people sometimes experience it too (e.g.
769	27	audhd	AU11	8	3. Wewnętrzny konflikt: rutyna vs nowość badania + obserwacja kliniczna powszechne	3. Internal conflict: routine vs novelty — research + clinical observation · widespread	To jeden z najbardziej charakterystycznych wzorców funkcjonowania w AuDHD i jednocześnie jeden z najtrudniejszych do zrozumienia z zewnątrz.	This is one of the most characteristic patterns of functioning in AuDHD and, at the same time, one of the hardest to understand from the outside.
770	27	audhd	AU11	9	4. Dysregulacja emocjonalna badania bardzo częste	4. Emotional dysregulation — research · very common	Dysregulacja emocjonalna oznacza, że emocje pojawiają się szybciej, silniej i trwają dłużej, niż osoba by chciała, a zdolność do ich modulowania jest ograniczona.	Emotional dysregulation means that emotions arise faster, more strongly, and last longer than the person would like, while the ability to modulate them is limited.
771	27	audhd	AU11	10	5. Przeciążenie sensoryczne badania bardzo częste (69–93% osób autystycznych)	5. Sensory overload — research · very common (69–93% of autistic people)	Większość ludzi ma w mózgu naturalny filtr, który automatycznie przycisza nieistotne bodźce sensoryczne — szum lodówki, brzęczenie świetlówki, dotyk metki w koszulce.	Most people have a natural filter in the brain that automatically turns down irrelevant sensory input — the hum of a refrigerator, the buzz of a fluorescent lamp, the touch of a clothing label.
772	27	audhd	AU11	11	6. Trudności społeczne z impulsywnością badania + obserwacja kliniczna bardzo częste	6. Social difficulties with impulsivity — research + clinical observation · very common	Interakcje społeczne opierają się na wielu niejawnych regułach — kiedy jest twoja kolej, żeby mówić, jak długo patrzeć komuś w oczy, kiedy zmienić temat, jak odczytać ton głosu, kiedy żart jest odpowiedni.	Social interactions depend on many implicit rules — when it is your turn to speak, how long to look someone in the eye, when to change the subject, how to read tone of voice, when a joke is appropriate.
773	27	audhd	AU11	12	7. Trudności z zasypianiem — mózg, który się nie wyłącza badania + obserwacja kliniczna bardzo częste	7. Difficulty falling asleep — a brain that does not switch off — research + clinical observation · very common	Wieczorem, kiedy otoczenie cichnie i bodźce zewnętrzne słabną, mózg AuDHD nie cichnie razem z nimi — wręcz przeciwnie, często wtedy się rozkręca.	In the evening, when the surroundings quiet down and external stimuli weaken, the AuDHD brain does not become quiet with them. Quite the opposite: this is often when it starts to speed up.
774	27	audhd	AU11	13	"8. Wieczorne ożywienie — „nocna wersja siebie"" badania + obserwacja kliniczna bardzo częste"	8. Evening activation — the “night version of yourself” — research + clinical observation · very common	Wiele osób AuDHD opisuje, że po całym dniu zmagania się ze światem — maskowania, przetwarzania bodźców, tłumaczenia sobie i światu — wieczorem nagle przychodzi jasność myśli, kreatywność, energia. To nie jest przypadek.	Many people with AuDHD describe how, after a whole day of struggling with the world — masking, processing stimuli, translating themselves to the world and the world to themselves — clarity of thought, creativity, and energy suddenly arrive in the evening. This is not accidental.
775	27	audhd	AU11	14	GRUPA II — Często doświadczane, ale błędnie interpretowane	GROUP II — Commonly experienced, but often misinterpreted	Punkty ważne klinicznie, które łatwo odczytać jako cechy charakteru, a nie profil neurorozwojowy	Clinically important points that are easily read as personality traits rather than a neurodevelopmental profile.
776	27	audhd	AU11	15	9. Cykliczne wypalenia przypominające depresję badania + obserwacja kliniczna bardzo częste	9. Cyclical burnouts resembling depression — research + clinical observation · very common	"Co kilka tygodni lub miesięcy następuje „zawalenie się"" — osoba nagle nie może funkcjonować, wszystko ją przytłacza, traci motywację, nie potrafi nawet wstać z łóżka. Z zewnątrz wygląda to dokładnie jak epizod depresyjny."	Every few weeks or months there is a “collapse”: the person suddenly cannot function, everything overwhelms them, motivation disappears, and even getting out of bed may become impossible. From the outside, it looks exactly like a depressive episode.
777	27	audhd	AU11	16	10. Wrażliwość na odrzucenie (RSD) głównie obserwacja kliniczna / doświadczenie bardzo częste (u osób z ADHD)	10. Rejection sensitivity (RSD) — mainly clinical observation / lived experience · very common in people with ADHD	"RSD (Rejection Sensitive Dysphoria) to nie zwykła „wrażliwość na krytykę"", którą ma każdy."	RSD (Rejection Sensitive Dysphoria) is not ordinary “sensitivity to criticism”, which everyone experiences.
778	27	audhd	AU11	17	11. Zmienne zapotrzebowanie na samotność głównie obserwacja kliniczna / doświadczenie bardzo częste	11. Variable need for solitude — mainly clinical observation / lived experience · very common	U wielu osób z AuDHD zapotrzebowanie na kontakt z ludźmi nie jest stałe. Jednego dnia rozmowa, wspólne działanie i bycie z kimś mogą być wyraźnie regulujące, a innego — bardzo kosztowne, mimo że relacja sama w sobie pozostaje ważna.	For many people with AuDHD, the need for contact with other people is not constant. One day, talking, doing things together, and simply being with someone may be distinctly regulating; on another day, it may be very costly, even though the relationship itself remains important.
779	27	audhd	AU11	18	12. Intensywna empatia wyglądająca jak brak empatii badania + obserwacja kliniczna częste	12. Intense empathy that looks like lack of empathy — research + clinical observation · common	"To jeden z najbardziej niebezpiecznych mitów dotyczących autyzmu — że osoby autystyczne „nie mają empatii"". Rzeczywistość jest odwrotna."	This is one of the most dangerous myths about autism: that autistic people “lack empathy”. The reality can be the opposite.
780	27	audhd	AU11	19	13. Szukanie i unikanie bodźców jednocześnie badania + obserwacja kliniczna bardzo częste	13. Seeking and avoiding sensory input at the same time — research + clinical observation · very common	To jeden z bardziej dezorientujących aspektów AuDHD — zarówno dla osoby, jak i dla otoczenia.	This is one of the more disorienting aspects of AuDHD, both for the person and for those around them.
781	27	audhd	AU11	20	14. Chroniczna niepunktualność LUB obsesyjna punktualność badania + obserwacja kliniczna bardzo częste (jedno lub drugie)	14. Chronic lateness OR obsessive punctuality — research + clinical observation · very common (one or the other)	"Tutaj działają dwa mechanizmy jednocześnie. Pierwszy: ADHD-owa „ślepota czasowa"" — dosłowna trudność w odczuwaniu upływu czasu. Osoby neurotypowe mają w mózgu coś jak wewnętrzny zegar, który mniej więcej orientuje, ile czasu minęło."	Two mechanisms operate here at once. The first is ADHD “time blindness”: a literal difficulty sensing the passage of time. Neurotypical people have something like an internal clock that gives them a rough sense of how much time has passed.
782	27	audhd	AU11	21	15. Cykliczne zainteresowania badania + obserwacja kliniczna częste	15. Cyclical interests — research + clinical observation · common	"W „klasycznym"" autyzmie zainteresowania specjalne bywają długotrwałe — osoba fascynuje się jednym tematem przez lata, a nawet całe życie."	In “classic” autism, special interests can be long-lasting: a person may be fascinated by one subject for years or even for life.
783	27	audhd	AU11	22	16. Nietypowe reakcje na leki i substancje głównie obserwacja kliniczna / doświadczenie częste; u części osób bardzo częste	16. Atypical reactions to medication and substances — mainly clinical observation / lived experience · common; very common for some people	To temat, o którym mało się mówi, a który dotyka codziennego życia. Osoby autystyczne wykazują zwiększoną wrażliwość na leki psychotropowe — eksperci obserwują, że reakcje atypowe (niestandardowe, paradoksalne) mogą być w tej populacji częstsze.	This is a subject that receives little attention despite affecting everyday life. Autistic people show increased sensitivity to psychotropic medication; experts observe that atypical reactions — unusual or paradoxical responses — may be more frequent in this population.
784	27	audhd	AU11	23	"17. Efekt „wszystko albo nic"" w nawykach głównie obserwacja kliniczna / doświadczenie bardzo częste"	17. The “all or nothing” effect in habits — mainly clinical observation / lived experience · very common	"Osoby neurotypowe potrafią robić coś „w miarę"" — ćwiczyć trzy razy w tygodniu, gotować kilka razy, czasem zamówić jedzenie. Osoby AuDHD mają z tym fundamentalną trudność. Albo ćwiczą codziennie o tej samej porze w identyczny sposób, albo wcale."	Neurotypical people can do something “more or less”: exercise three times a week, cook several times, occasionally order food. People with AuDHD have a fundamental difficulty with this. Either they exercise every day at the same time in the same way, or not at all.
785	27	audhd	AU11	24	GRUPA III — Subtelne, łatwo pomijane	GROUP III — Subtle, easily overlooked	Obszary częste i ważne, ale mniej oczywiste z zewnątrz	Common and important areas that are less obvious from the outside.
786	27	audhd	AU11	25	18. Paradoks porządku i chaosu głównie obserwacja kliniczna / doświadczenie bardzo częste	18. The order-and-chaos paradox — mainly clinical observation / lived experience · very common	Ktoś z zewnątrz wchodzi do mieszkania osoby AuDHD i widzi coś pozornie niemożliwego: szuflada z przyprawami posegregowana alfabetycznie obok blatu z trzydniowym bałaganem. Szafa kolorystycznie zorganizowana, ale łazienka w chaosie.	An outsider enters the home of a person with AuDHD and sees something apparently impossible: a spice drawer sorted alphabetically beside a worktop covered in three days of clutter. A wardrobe organised by colour, but a bathroom in chaos.
787	27	audhd	AU11	26	19. Prokrastynacja przez perfekcjonizm badania + obserwacja kliniczna bardzo częste	19. Procrastination through perfectionism — research + clinical observation · very common	To nie jest zwykłe odkładanie rzeczy na później. To specyficzna blokada, w której osoba nie zaczyna zadania, bo z góry wie, że nie będzie w stanie zrobić go tak dobrze, jak by chciała.	This is not ordinary putting things off. It is a specific blockage in which the person does not start a task because they already know they will not be able to do it as well as they would like.
788	27	audhd	AU11	27	20. Powtarzalne ruchy i gesty regulujące układ nerwowy (tzw. stimming) badania powszechne (ale nierozpoznawane)	20. Repetitive movements and gestures that regulate the nervous system (stimming) — research · widespread but often unrecognised	Stimming, czyli zachowania autostymulacyjne lub samoregulacyjne, obejmuje powtarzalne ruchy, gesty i drobne czynności, które pomagają utrzymać układ nerwowy w bardziej znośnej równowadze.	Stimming, meaning self-stimulatory or self-regulatory behaviour, includes repetitive movements, gestures, and small actions that help keep the nervous system in a more tolerable balance.
789	27	audhd	AU11	28	21. Słaba interocepcja — nie czujesz, co dzieje się w twoim ciele badania + obserwacja kliniczna częste	21. Weak interoception — you do not feel what is happening in your body — research + clinical observation · common	Interocepcja to zmysł, który informuje mózg o tym, co dzieje się wewnątrz ciała: głód, pragnienie, pełny pęcherz, zmęczenie, temperatura, ból, tętno.	Interoception is the sense that tells the brain what is happening inside the body: hunger, thirst, a full bladder, fatigue, temperature, pain, heart rate.
790	27	audhd	AU11	29	22. Aleksytymia — nie umiesz nazwać tego, co czujesz badania częste (40–65% osób autystycznych)	22. Alexithymia — you cannot name what you feel — research · common (40–65% of autistic people)	"Aleksytymia to trudność z identyfikowaniem, rozróżnianiem i opisywaniem własnych emocji. To nie to samo co „nie mieć emocji"" — emocje są, często nawet bardzo intensywne, ale nie ma do nich czytelnego dostępu."	Alexithymia is difficulty identifying, distinguishing, and describing one's own emotions. It is not the same as “having no emotions”: the emotions are there, often very intense, but there is no clear access to them.
791	27	audhd	AU11	30	23. Maskowanie społeczne na zmianę z impulsywnością społeczną badania + obserwacja kliniczna bardzo częste	23. Social camouflaging alternating with social impulsivity — research + clinical observation · very common	"Maskowanie to świadomy lub nieświadomy proces ukrywania cech autystycznych, żeby wyglądać „normalnie"" — wymuszony kontakt wzrokowy, kopiowanie zachowań społecznych innych ludzi, tłumienie naturalnych reakcji."	Camouflaging is a conscious or unconscious process of hiding autistic traits in order to appear “normal”: forcing eye contact, copying other people's social behaviour, suppressing natural reactions.
792	27	audhd	AU11	31	24. Wyczerpanie po decyzjach badania + obserwacja kliniczna częste	24. Decision fatigue — research + clinical observation · common	Każda decyzja wymaga energii mentalnej — to normalne dla wszystkich ludzi. Ale u osób AuDHD nawet drobne wybory mogą być druzgocące, bo angażują dwa systemy jednocześnie.	Every decision requires mental energy; that is normal for everyone. But for people with AuDHD, even small choices can be devastating because they engage two systems at once.
793	27	audhd	AU11	32	25. Specyficzny stosunek do jedzenia badania + obserwacja kliniczna częste	25. A distinctive relationship with food — research + clinical observation · common	To połączenie kilku mechanizmów naraz. Słaba interocepcja sprawia, że osoba nie czuje głodu stopniowo — zapomina o jedzeniu przez pół dnia, a potem nagle jest tak głodna, że nie może jasno myśleć.	This combines several mechanisms. Weak interoception means that hunger is not felt gradually: the person forgets to eat for half a day, then suddenly becomes so hungry that they cannot think clearly.
794	27	audhd	AU11	33	26. Trudność z przejściami między aktywnościami (autystyczna inercja) badania + obserwacja kliniczna powszechne	26. Difficulty transitioning between activities (autistic inertia) — research + clinical observation · widespread	To nie jest prokrastynacja. To fizyczny opór systemu nerwowego przed zmianą stanu. Wyobraź sobie, że jedziesz pociągiem towarowym — zatrzymanie go wymaga czasu i energii, a ponowne rozpędzenie jeszcze więcej.	This is not procrastination. It is physical resistance of the nervous system to changing state. Imagine travelling on a freight train: stopping it takes time and energy, and accelerating it again takes even more.
795	27	audhd	AU11	34	27. Zmienne progi sensoryczne badania + obserwacja kliniczna częste	27. Variable sensory thresholds — research + clinical observation · common	Progi sensoryczne to poziom, przy którym bodziec zaczyna przeszkadzać. U osób neurotypowych te progi są względnie stałe — jeśli komuś przeszkadza głośna muzyka, to przeszkadza mniej więcej zawsze.	Sensory thresholds are the levels at which a stimulus begins to become disturbing. In neurotypical people these thresholds are relatively stable: if loud music bothers someone, it tends to bother them more or less consistently.
796	27	audhd	AU11	35	28. Geniusz w kryzysie, paraliż w spokoju głównie obserwacja kliniczna / doświadczenie częste	28. Brilliant in a crisis, paralysed in calm conditions — mainly clinical observation / lived experience · common	U części osób z AuDHD działanie uruchamia się łatwiej w warunkach wyraźnej presji niż w spokojnej, przewidywalnej codzienności.	For some people with AuDHD, action starts more easily under clear pressure than in calm, predictable everyday conditions.
797	27	audhd	AU11	36	29. Unikanie wymagań (demand avoidance) głównie obserwacja kliniczna / doświadczenie częste; u części osób bardzo częste	29. Demand avoidance — mainly clinical observation / lived experience · common; very common for some people	"To coś znacznie głębszego niż „nie chce mi się"". Wyobraź sobie, że wiesz, co musisz zrobić — np. odpisać na ważnego maila — chcesz to zrobić, rozumiesz konsekwencje nieodpisania, i mimo tego fizycznie nie potrafisz tego zrobić. Ciało odmawia współpracy."	This goes much deeper than “I can't be bothered.” Imagine that you know what you have to do — for example, reply to an important email — you want to do it, you understand the consequences of not replying, and still you physically cannot do it. The body refuses to cooperate.
798	27	audhd	AU11	37	30. Problemy z koordynacją i propriocepcją badania + obserwacja kliniczna dość częste	30. Coordination and proprioception difficulties — research + clinical observation · fairly common	Propriocepcja to zmysł informujący mózg o tym, gdzie są poszczególne części ciała w przestrzeni — bez patrzenia. To dzięki propriocepcji możesz dotknąć nosa z zamkniętymi oczami albo wejść po schodach bez patrzenia na stopy.	Proprioception is the sense that tells the brain where different parts of the body are in space without looking. It is what lets you touch your nose with your eyes closed or walk up stairs without looking at your feet.
799	27	audhd	AU11	38	31. Kompensacja jednego stanu drugim badania + obserwacja kliniczna częste	31. Compensating one condition with the other — research + clinical observation · common	To fascynujący i bardzo AuDHD-owy mechanizm: cechy jednego stanu mogą być wykorzystywane do łagodzenia trudności drugiego.	This is a fascinating and very AuDHD-specific mechanism: features of one condition can be used to mitigate difficulties caused by the other.
800	27	audhd	AU11	39	GRUPA IV — Głębokie, rzadko omawiane	GROUP IV — Deep, rarely discussed	Punkty bardziej fenomenologiczne, tożsamościowe i relacyjne	More phenomenological, identity-related, and relational points.
801	27	audhd	AU11	40	"32. Pamięć encyklopedyczna obok pamięci „złotej rybki"" badania + obserwacja kliniczna bardzo częste"	32. Encyclopaedic memory beside “goldfish” memory — research + clinical observation · very common	"Mózg AuDHD ma dwa zupełnie różne systemy pamięci, które działają niezależnie od siebie. Pamięć długotrwała dla rzeczy, które kiedyś wpadły do „tunelu uwagi"", jest fenomenalna — osoba pamięta szczegółowy dialog z filmu sprzed 15 lat, numer rejestracyjny…"	The AuDHD brain has two completely different memory systems operating independently. Long-term memory for things that once entered the “attention tunnel” can be phenomenal: a person may remember detailed dialogue from a film watched 15 years ago, a licence plate…
802	27	audhd	AU11	41	33. Zapominanie, że się coś wie głównie obserwacja kliniczna / doświadczenie częste	33. Forgetting that you know something — mainly clinical observation / lived experience · common	To subtelne, ale frustrujące doświadczenie. Wiedza jest w głowie — osoba naprawdę to wie — ale nie potrafi jej przywołać na żądanie. To jak mieć bibliotekę z tysiącami książek, ale bez katalogu.	A subtle but frustrating experience. The knowledge is in the head — the person genuinely knows it — but cannot retrieve it on demand. It is like having a library with thousands of books but no catalogue.
803	27	audhd	AU11	42	34. Myślenie w systemach, trudność z wyjaśnieniem badania + obserwacja kliniczna częste	34. Thinking in systems, difficulty explaining them — research + clinical observation · common	Mózg AuDHD widzi wzorce, powiązania i struktury w sposób, który jest wewnętrznie bardzo logiczny — ale ta logika jest asocjacyjna (oparta na skojarzeniach) i nieliniowa, co znaczy, że nie da się jej łatwo przetłumaczyć na zwykłą mowę, która jest liniowa…	The AuDHD brain sees patterns, links, and structures in a way that is internally highly logical, but the logic is associative and nonlinear. That makes it difficult to translate into ordinary speech, which is linear…
804	27	audhd	AU11	43	"35. Przetwarzanie „w tle"" głównie obserwacja kliniczna / doświadczenie częste"	35. Background processing — mainly clinical observation / lived experience · common	Osoba wydaje się nie słuchać — wzrok ucieka, odpowiedzi są zdawkowe, wydaje się nieobecna. A potem, godziny lub dni później, wraca z gotowym, złożonym, przemyślanym rozwiązaniem problemu, o którym rozmawiano. Co się stało?	The person appears not to be listening: their gaze drifts, replies are brief, they seem absent. Then, hours or days later, they return with a complete, complex, carefully thought-through solution to the problem that was discussed. What happened?
805	27	audhd	AU11	44	36. Kameleonizm (dyfuzja tożsamości) badania + obserwacja kliniczna bardzo częste (szczególnie u kobiet)	36. Social chameleonism (identity diffusion) — research + clinical observation · very common, especially in women	To głębsze zjawisko niż samo maskowanie — to zatracanie się w procesie adaptacji. Osoba nieświadomie dopasowuje nie tylko zachowanie, ale także osobowość, zainteresowania, styl mówienia, a nawet poczucie humoru do osoby, z którą rozmawia.	This is deeper than masking alone: it is losing oneself in the process of adaptation. The person unconsciously adjusts not only behaviour but also personality, interests, speaking style, and even sense of humour to the person they are talking to.
806	27	audhd	AU11	45	37. Moralna skrupulatność głównie obserwacja kliniczna / doświadczenie dość częste	37. Moral scrupulosity — mainly clinical observation / lived experience · fairly common	"To nie zwykłe „silne sumienie"". To wewnętrzny krytyk, który nigdy nie milknie i ocenia każdą decyzję, każde słowo, każdy czyn przez pryzmat sztywnych, często niemożliwie wysokich standardów moralnych."	This is not simply a “strong conscience”. It is an inner critic that never falls silent and judges every decision, every word, and every act against rigid, often impossibly high moral standards.
807	27	audhd	AU11	46	38. Mówienie za dużo lub za mało, bez środka badania + obserwacja kliniczna bardzo częste	38. Talking too much or too little, with no middle — research + clinical observation · very common	"Komunikacja AuDHD ma dwa tryby, które przełączają się w sposób trudny do kontrolowania. Tryb pierwszy: infodumping — kiedy temat wchodzi w „tunel uwagi"", osoba może mówić o nim długo, szczegółowo, z pasją, wchodząc w detale, o które nikt nie prosił, bo każdy…"	AuDHD communication has two modes that switch in ways that are difficult to control. Mode one is infodumping: when a subject enters the “attention tunnel”, the person may talk about it at length, in detail and with passion, moving into details nobody asked for, because every…
808	27	audhd	AU11	47	39. Wrażliwość na niesprawiedliwość, która paraliżuje badania + obserwacja kliniczna częste	39. Sensitivity to injustice that becomes paralysing — research + clinical observation · common	Wiele osób neurotypowych widzi niesprawiedliwość, marszczy brwi, a potem wraca do swoich spraw. Osoba AuDHD nie potrafi tego zrobić.	Many neurotypical people see an injustice, frown, and then return to their own affairs. A person with AuDHD may be unable to do that.
809	27	audhd	AU11	48	40. Kochanie przez dzielenie się informacjami głównie obserwacja kliniczna / doświadczenie częste	40. Loving by sharing information — mainly clinical observation / lived experience · common	"Osoby neurotypowe wyrażają uczucia na wiele sposobów — prezenty, czas spędzony razem, słowa potwierdzenia, pomoc, dotyk. Osoby AuDHD mają jeszcze jeden, rzadko rozpoznawany „język miłości"": dzielenie się informacjami."	Neurotypical people express affection in many ways: gifts, time together, words of affirmation, help, touch. People with AuDHD often have another, rarely recognised “love language”: sharing information.
810	27	audhd	AU11	49	41. Głód bliskości, który przeraża głównie obserwacja kliniczna / doświadczenie częste	41. A hunger for closeness that is frightening — mainly clinical observation / lived experience · common	Wiele osób z AuDHD ma bardzo silną potrzebę bliskości, zwłaszcza po latach poczucia izolacji, niezrozumienia i „inności”. Znalezienie kogoś, kto naprawdę rozumie, bywa rzadkie, dlatego więź może mieć dla nich wyjątkowo duże znaczenie.	Many people with AuDHD have a very strong need for closeness, especially after years of isolation, misunderstanding, and feeling “different”. Finding someone who genuinely understands can be rare, so the bond may carry exceptional importance.
811	27	audhd	AU11	50	42. Potrzeba werbalnego potwierdzania zasad relacji głównie obserwacja kliniczna / doświadczenie dość częste	42. Need for verbal confirmation of relationship rules — mainly clinical observation / lived experience · fairly common	"„Czy jesteśmy blisko? Czy mogę do ciebie zadzwonić bez powodu? Czy jesteś na mnie zły? Czy nasza relacja jest OK?"" — osoby neurotypowe wyciągają te informacje z kontekstu: tonu głosu, częstotliwości kontaktu, niejawnych sygnałów."	“Are we close? Can I call you for no reason? Are you angry with me? Is our relationship OK?” Neurotypical people infer this information from context: tone of voice, frequency of contact, implicit signals.
812	27	audhd	AU11	51	43. Fizyczne objawy stresu z opóźnieniem badania + obserwacja kliniczna dość częste	43. Delayed physical symptoms of stress — research + clinical observation · fairly common	U części osób stres nie daje czytelnego sygnału w chwili, gdy narasta. Zamiast tego ciało reaguje dopiero po czasie: pojawia się ból głowy, rozbicie, napięcie mięśni, problemy żołądkowe albo nagłe wyczerpanie, pozornie bez wyraźnej przyczyny.	For some people, stress does not produce a clear signal while it is building. Instead, the body reacts only later: headache, feeling unwell, muscle tension, stomach problems, or sudden exhaustion can appear, seemingly without an obvious cause.
813	27	audhd	AU11	52	"44. Ból, który jest „niewłaściwy"" badania + obserwacja kliniczna dość częste"	44. Pain that is “wrong” — research + clinical observation · fairly common	Przetwarzanie bólu u osób AuDHD bywa atypowe — i to w obu kierunkach. Zbyt niski próg: osoba reaguje na bodźce, które u innych nie wywołują bólu — lekkie uderzenie, ucisk gumki od skarpetki, dotyk pewnych materiałów.	Pain processing in people with AuDHD can be atypical in both directions. A threshold that is too low: the person reacts to stimuli that do not cause pain in others — a light bump, pressure from a sock elastic, the touch of certain materials.
814	27	audhd	AU11	53	45. Zmęczenie, które nie ma dna badania + obserwacja kliniczna powszechne	45. Fatigue with no bottom — research + clinical observation · widespread	To nie jest zwykłe zmęczenie, które mija po przespanej nocy. To zmęczenie systemowe — wynikające z faktu, że mózg AuDHD pracuje ciężej niż mózg neurotypowy przez każdą minutę dnia.	This is not ordinary tiredness that disappears after a night's sleep. It is systemic fatigue, arising from the fact that an AuDHD brain works harder than a neurotypical brain through every minute of the day.
815	27	audhd	AU11	54	46. Podwójne przetwarzanie rzeczywistości głównie obserwacja kliniczna / doświadczenie zróżnicowane	46. Double processing of reality — mainly clinical observation / lived experience · variable	Ten punkt opisuje doświadczenie części osób, które mają poczucie, że przetwarzają sytuacje co najmniej na dwóch poziomach jednocześnie. Jeden poziom dotyczy faktów, struktury, sekwencji i tego, co da się logicznie uporządkować.	This point describes the experience of some people who feel that they process situations on at least two levels at once. One level concerns facts, structure, sequence, and what can be logically organised.
816	27	audhd	AU11	55	"47. Poczucie, że się jest „za dużo"" i „za mało"" jednocześnie głównie obserwacja kliniczna / doświadczenie powszechne"	47. Feeling “too much” and “not enough” at the same time — mainly clinical observation / lived experience · widespread	"To jedno z najbardziej bolesnych doświadczeń, które łączy prawie wszystkie osoby AuDHD. „Za dużo"" emocji, myśli, intensywności, słów, wrażliwości, reakcji, potrzeb. Za głośno, za mocno, za szczegółowo, za bezpośrednio."	This is one of the most painful experiences shared by almost all people with AuDHD. “Too much” emotion, thought, intensity, words, sensitivity, reactions, needs. Too loud, too strong, too detailed, too direct.
817	27	audhd	AU11	56	"48. Wewnętrzny „tłumacz"" działający non-stop badania + obserwacja kliniczna powszechne"	48. An internal “translator” running non-stop — research + clinical observation · widespread	Osoby neurotypowe poruszają się po świecie społecznym w dużej mierze automatycznie — interpretacja mimiki, tonu głosu, kontekstu sytuacyjnego dzieje się poza świadomą uwagą, jak oddychanie. U osób AuDHD ten proces jest świadomy.	Neurotypical people move through the social world largely automatically: interpreting facial expressions, tone of voice, and situational context happens outside conscious attention, like breathing. For people with AuDHD, this process is conscious.
818	27	audhd	AU11	57	49. Nostalgia jako regulacja głównie obserwacja kliniczna / doświadczenie częste	49. Nostalgia as regulation — mainly clinical observation / lived experience · common	Osoba AuDHD wraca do tych samych filmów, piosenek, gier, książek z dzieciństwa — nie z sentymentu (choć to też), ale z głębszego powodu.	A person with AuDHD returns to the same films, songs, games, and childhood books, not merely out of sentimentality, although that can be part of it, but for a deeper reason.
819	27	audhd	AU11	58	50. Wewnętrzny monolog, który nigdy się nie wyłącza głównie obserwacja kliniczna / doświadczenie bardzo częste	50. An internal monologue that never switches off — mainly clinical observation / lived experience · very common	Wewnętrzny monolog bywa u części osób z AuDHD bardzo intensywny: myśli, skojarzenia, rozmowy próbne, obrazy, plany i analizy mogą toczyć się niemal bez przerwy. Nie każda osoba opisze to tak samo, ale wiele mówi o poczuciu, że umysł rzadko naprawdę „milknie”.	For some people with AuDHD, the internal monologue can be extremely intense: thoughts, associations, rehearsal conversations, images, plans, and analyses may continue almost without interruption. Not everyone describes it in the same way, but many say that the mind rarely becomes truly “quiet”.
820	27	audhd	AU11	59	51. Poczucie, że czas działa inaczej badania + obserwacja kliniczna częste	51. Feeling that time works differently — research + clinical observation · common	Czas u osób AuDHD nie jest linearną, równomierną linią — jest raczej elastyczną substancją, która rozciąga się i kurczy. Godzina w hiperfokusie trwa subiektywnie pięć minut. Godzina w poczekalni u lekarza trwa subiektywnie trzy godziny.	For people with AuDHD, time is not a linear, evenly moving line; it is more like an elastic substance that stretches and contracts. An hour in hyperfocus may feel like five minutes. An hour in a doctor's waiting room may feel like three hours.
821	27	audhd	AU11	60	52. Kryzys tożsamości przy zmianie zainteresowań głównie obserwacja kliniczna / doświadczenie dość częste	52. Identity crisis when interests change — mainly clinical observation / lived experience · fairly common	"To doświadczenie jest głębsze niż „zmiana hobby"". Osoby autystyczne często budują tożsamość wokół swoich zainteresowań specjalnych — „jestem osobą, która..."" robi ceramikę / programuje / zna się na grzybach / gra na gitarze."	This experience goes deeper than “changing hobbies”. Autistic people often build identity around special interests: “I am a person who…” makes ceramics / programs / knows about mushrooms / plays guitar.
822	27	audhd	AU11	61	53. Tęsknota za niepoznanym jeszcze sobą głównie obserwacja kliniczna / doświadczenie częste	53. Longing for a self you have not yet met — mainly clinical observation / lived experience · common	"To poczucie, które trudno wytłumaczyć komuś, kto go nie doświadczył. Gdzieś pod warstwami maskowania, kompensacji, adaptacji i „grania roli"" — jest prawdziwe „ja""."	This feeling is difficult to explain to someone who has never experienced it. Somewhere beneath layers of masking, compensation, adaptation, and “playing a role” there is a real “self”.
823	27	audhd	AU11	62	"54. Zbieranie informacji „na zapas"" badania + obserwacja kliniczna częste"	54. Collecting information “for later” — research + clinical observation · common	"Setki otwartych zakładek w przeglądarce. Dziesiątki zapisanych artykułów „do przeczytania"". Pliki na dysku o tematach, które „mogą się kiedyś przydać"". Kursy online, których nikt nie ukończy, ale sam fakt posiadania dostępu daje komfort."	Hundreds of open browser tabs. Dozens of saved articles “to read”. Files on disk about subjects that “may come in useful someday”. Online courses nobody will finish, but simply having access to them provides comfort.
824	27	audhd	AU11	63	55. Specyficzny humor głównie obserwacja kliniczna / doświadczenie częste	55. A distinctive sense of humour — mainly clinical observation / lived experience · common	Humor osób z AuDHD bywa często oparty na mechanizmach, które wymagają nietypowego stylu przetwarzania: grze słów, dosłownym odczytaniu metafory, nieoczekiwanym skojarzeniu, absurdzie doprowadzonym do logicznej skrajności, niszowych odniesieniach albo…	AuDHD humour is often based on mechanisms that require an atypical processing style: wordplay, literal readings of metaphor, unexpected associations, absurdity carried to its logical extreme, niche references, or…
825	27	audhd	AU11	64	56. Nadmierne tłumaczenie się i przepraszanie za istnienie głównie obserwacja kliniczna / doświadczenie bardzo częste	56. Over-explaining yourself and apologising for existing — mainly clinical observation / lived experience · very common	"„Przepraszam, że pytam"". „Przepraszam, że przeszkadzam"". „Przepraszam, że tak dużo mówię"". „Przepraszam, że…"" — kompulsywne przepraszanie za rzeczy, które nie wymagają przeprosin."	“Sorry for asking.” “Sorry to bother you.” “Sorry I talk so much.” “Sorry that…” — compulsive apologising for things that require no apology.
826	27	audhd	AU11	65	"57. Wykonywanie zadań „nie po kolei"" głównie obserwacja kliniczna / doświadczenie częste"	57. Doing tasks “out of order” — mainly clinical observation / lived experience · common	Zmywanie naczyń, ale zaczynanie od łyżeczek, bo mają najprzyjemniejszą fakturę. Sprzątanie pokoju, ale zaczynanie od segregowania książek według koloru. Pisanie raportu od trzeciego akapitu, bo ten jest najciekawszy.	Washing dishes but starting with teaspoons because they have the most pleasant texture. Cleaning a room but beginning by sorting books by colour. Writing a report from the third paragraph because that one is the most interesting.
827	27	audhd	AU11	66	"58. Poczucie „udawania dorosłego"" głównie obserwacja kliniczna / doświadczenie bardzo częste"	58. Feeling like you are “pretending to be an adult” — mainly clinical observation / lived experience · very common	Osoby w tym samym wieku wydają się wiedzieć, jak się żyje — jak płacić rachunki na czas, umówić się do lekarza, utrzymać porządek, robić zakupy regularnie, zarządzać finansami, utrzymywać przyjaźnie.	People of the same age seem to know how life works: how to pay bills on time, make a doctor's appointment, keep things tidy, shop regularly, manage finances, maintain friendships.
828	27	audhd	AU11	67	59. Underachievement, który boli badania + obserwacja kliniczna częste	59. Underachievement that hurts — research + clinical observation · common	Poczucie, że ma się potencjał, którego nie potrafi się zrealizować. Osoba wie, że jest inteligentna — widzi wzorce, rozumie złożone systemy, ma głębokie, oryginalne przemyślenia.	The feeling of having potential you cannot turn into reality. The person knows they are intelligent: they see patterns, understand complex systems, and have deep, original thoughts.
829	27	audhd	AU11	68	"60. Potrzeba rozumienia „dlaczego"" przed zrobieniem czegokolwiek badania + obserwacja kliniczna bardzo częste"	60. Needing to understand “why” before doing anything — research + clinical observation · very common	"„Po prostu to zrób"" nie działa. Nie z przekory, nie z lenistwa, nie z potrzeby kontroli. Mózg, który przetwarza świat „od dołu do góry"", potrzebuje kontekstu, żeby umieścić zadanie w większej strukturze."	“Just do it” does not work. Not out of defiance, laziness, or a need for control. A brain that processes the world bottom-up needs context in order to place a task inside a larger structure.
830	27	audhd	AU11	69	"61. Poczucie „bycia z innej planety"" badania + obserwacja kliniczna powszechne"	61. Feeling like you are “from another planet” — research + clinical observation · widespread	"To poczucie inności, które towarzyszy większości osób AuDHD od najwcześniejszych wspomnień — zanim miały na to jakiekolwiek słowa. Nie chodzi o poczucie „bycia gorszym"" (choć to może towarzyszyć)."	A sense of being different accompanies most people with AuDHD from their earliest memories, before they had any words for it. This is not necessarily a sense of “being worse”, although that can accompany it.
831	27	audhd	AU11	70	62. Głęboka potrzeba bycia zrozumianym, nie naprawionym głównie obserwacja kliniczna / doświadczenie powszechne	62. A deep need to be understood, not fixed — mainly clinical observation / lived experience · widespread	Ten ostatni punkt nie opisuje pojedynczej cechy w ścisłym sensie. Bardziej zbiera to, do czego prowadzą wcześniejsze obserwacje: wiele osób z AuDHD po latach zawstydzania, ciągłego poprawiania i prób dopasowania najbardziej potrzebuje nie kolejnych rad, tylko…	This final point does not describe a single feature in the strict sense. Rather, it gathers what the earlier observations lead to: after years of shaming, constant correction, and pressure to fit in, many people with AuDHD need not more advice, but…
832	27	audhd	AU11	71	Uwagi końcowe	Final notes	Jeżeli czytasz ten materiał po raz pierwszy, najważniejsze jest jedno: AuDHD nie oznacza po prostu „trochę autyzmu i trochę ADHD”.	If you are reading this material for the first time, the most important point is this: AuDHD does not simply mean “a bit of autism and a bit of ADHD”.
833	27	audhd	AU11	72	Bibliografia główna	Main bibliography	Część źródeł najlepiej podpiera cały obraz AuDHD, część lepiej podpiera konkretne punkty. Przy punktach bardziej doświadczeniowych dobierałem źródła najbliższe tematowi, zamiast udawać, że istnieje idealny artykuł dokładnie o danym sformułowaniu.	Some sources support the overall picture of AuDHD best; others support specific points more directly. For the more experiential points, I selected sources closest to the subject rather than pretending there is a perfect paper about every exact formulation.
834	28	audhd	AU12	1	Autyzm i regulacja mówienia	Autism and regulation of speech	Bardzo za mało albo bardzo za dużo — i co z tego wynika	Far too little or far too much — and what follows from that
835	28	audhd	AU12	2	Teza w postaci kompaktowej	The thesis in compact form	Osoby autystyczne zazwyczaj mówią albo bardzo za mało, albo bardzo za dużo w stosunku do tego, czego sytuacja społeczna od nich oczekuje.	Autistic people usually speak either far too little or far too much relative to what the social situation expects of them.
836	28	audhd	AU12	3	Rozwinięcie	Elaboration	Omówienie zagadnienia „Rozwinięcie” w kontekście opracowania „Autyzm i regulacja mówienia — teza i mechanizm”.	Discussion of “Elaboration” in the context of “Autism and regulation of speech — thesis and mechanism”.
837	28	audhd	AU12	4	"Skąd się bierze bimodalność „za mało lub za dużo"""	Where the “too little or too much” bimodality comes from	U osób neurotypowych ilość mówienia jest regulowana automatycznie, podświadomie, w czasie rzeczywistym — przez ciągłe odczytywanie sygnałów zwrotnych od rozmówcy (kontakt wzrokowy, mimika, postawa ciała, mikroskinienia głową, długość pauz).	In neurotypical people, the amount of speech is regulated automatically, subconsciously, and in real time through constant reading of feedback from the other person: eye contact, facial expression, posture, tiny nods, and the length of pauses.
838	28	audhd	AU12	5	Pragmatyka języka — gdzie leży specyficzny problem	Language pragmatics — where the specific difficulty lies	Loukusa i Moilanen (2009) w przeglądzie literatury pokazują, że deficyty pragmatyczne są obecne w autyzmie nawet wtedy, kiedy strukturalne aspekty języka (gramatyka, słownictwo) są zachowane lub ponadprzeciętne.	In their literature review, Loukusa and Moilanen (2009) show that pragmatic deficits are present in autism even when the structural aspects of language — grammar and vocabulary — are preserved or above average.
839	28	audhd	AU12	6	"Dlaczego łatwo „rozkręcić"" osobę autystyczną"	Why it is easy to “get an autistic person going”	"Mechanizm jest prosty i wynika bezpośrednio z trybu „za dużo"". Wystarczą trzy elementy:"	The mechanism is simple and follows directly from the “too much” mode. Three elements are enough:
840	28	audhd	AU12	7	Jak to wygląda od strony wykorzystującego	What it looks like from the exploiter's side	"Najczęściej nieświadomie. Przełożony, który chce wiedzieć, co naprawdę dzieje się w zespole, intuicyjnie wybiera do rozmowy osobę, która „wszystko wie i chętnie opowiada""."	Most often, it is unconscious. A manager who wants to know what is really happening in the team intuitively chooses to talk to the person who “knows everything and is happy to tell you”.
841	28	audhd	AU12	8	Co z tym zrobić	What to do about it	Zewnętrzny licznik czasu. Zegar na biurku, alarm w telefonie. Trzy minuty na odpowiedź. Pięć minut na monolog. Wtedy się przerywa, niezależnie czy temat jest skończony. Wewnętrzna regulacja zawodzi, zewnętrzna — fizyczna, mechaniczna — działa.	Use an external time counter. A clock on the desk, an alarm on the phone. Three minutes for an answer. Five minutes for a monologue. Then stop, regardless of whether the subject is finished. Internal regulation fails; external regulation — physical and mechanical — works.
842	28	audhd	AU12	9	Źródła	Sources	Grice, H. P. (1975). Logic and conversation. In P. Cole & J. L. Morgan (Eds.), Syntax and Semantics, Vol. 3: Speech Acts (pp. 41–58). New York: Academic Press.	Grice, H. P. (1975). Logic and conversation. In P. Cole & J. L. Morgan (Eds.), Syntax and Semantics, Vol. 3: Speech Acts (pp. 41–58). New York: Academic Press.
843	29	audhd	AU13	1	Co to znaczy, że mam AuDHD	What it means that I have AuDHD	Krótki przewodnik dla bliskich	A short guide for people close to me
844	29	audhd	AU13	2	Czym jest AuDHD	What AuDHD is	AuDHD to skrót oznaczający, że u jednej osoby współwystępują dwie rzeczy: autyzm (ASD) i ADHD. Nie jedno albo drugie — obydwa naraz, i wzajemnie na siebie wpływają.	AuDHD is shorthand for two things co-occurring in one person: autism (ASD) and ADHD. Not one or the other — both at once, interacting with each other.
845	29	audhd	AU13	3	To, co prawdopodobnie myślisz o ADHD — i dlaczego to nieprawda	What you probably think ADHD is — and why that is not true	"„ADHD to nadpobudliwe dziecko, które nie może usiedzieć w ławce."""	“ADHD is a hyperactive child who cannot sit still at a desk.”
846	29	audhd	AU13	4	To, co prawdopodobnie myślisz o autyzmie — i dlaczego to nieprawda	What you probably think autism is — and why that is not true	"„Autyzm to Rain Man. Albo dziecko, które się nie odzywa i kręci kółka."""	“Autism is Rain Man. Or a child who does not speak and spins wheels.”
847	29	audhd	AU13	5	Dlaczego AuDHD jest trudniejsze niż każde z osobna	Why AuDHD is harder than either condition on its own	ADHD i autyzm w wielu miejscach ciągną w przeciwne strony. Autyzm potrzebuje rutyny — ADHD nie znosi monotonii. Autyzm każe kontrolować każdą interakcję społeczną — ADHD wpycha impulsywne komentarze w środku tej kontroli.	ADHD and autism pull in opposite directions in many areas. Autism needs routine; ADHD cannot stand monotony. Autism pushes a person to control every social interaction; ADHD inserts impulsive comments right in the middle of that control.
848	29	audhd	AU13	6	"„Ale przecież wyglądałeś normalnie"""	“But you looked normal”	Tak. Bo na to szło prawie wszystko.	Yes. Because almost everything went into making that happen.
849	29	audhd	AU13	7	Co z tym zrobić	What to do about it	"Nic specjalnego. Wiedzieć. Nie mówić, że „wszyscy są trochę ADHD"" — bo to jest jak mówienie osobie z astmą, że każdemu się czasem ciężko oddycha. Nie szukać rozwiązań. Nie podważać diagnozy."	Nothing special. Know. Do not say “everyone is a little ADHD”, because that is like telling someone with asthma that everyone sometimes finds it hard to breathe. Do not look for solutions. Do not question the diagnosis.
850	30	audhd	AU14	1	Długa lista publikacji	Long list of publications	Omówienie zagadnienia „Długa lista publikacji” w kontekście opracowania „Długa lista publikacji — 4.00”.	Discussion of “Long list of publications” in the context of “Long list of publications — 4.00”.
851	30	audhd	AU14	2	Zestawienie	Overview	Książki, rozdziały i prace dyplomowe: 25 (książki samodzielne: 19; rozdziały w książkach: 5; thesis: 1). Artykuły naukowe: 77 (z DOI: 72; bez DOI: 5). Łącznie: 102 pozycje (lista główna: 77; Appendix 1: 20; Appendix 2: 5).	Books, chapters, and theses: 25 (stand-alone books: 19; book chapters: 5; thesis: 1). Scientific articles: 77 (with DOI: 72; without DOI: 5). Total: 102 items (main list: 77; Appendix 1: 20; Appendix 2: 5).
852	30	audhd	AU14	3	15 najważniejszych dla tego korpusu	The 15 most important for this body of work	Wybór dla osoby AuDHD w środowisku korporacyjnym: maskowanie, otwarte pętle, podwójna empatia, monotropizm, samoleczenie, ryzyko oraz bezpośrednie nakładanie się ASD i ADHD w dorosłości. Pierwotny TOP 10 zachowano; pięć nowych pozycji dopisano z Appendix 1.	A selection for a person with AuDHD in a corporate environment: camouflaging, open loops, double empathy, monotropism, self-medication, risk, and the direct overlap of ASD and ADHD in adulthood. The original TOP 10 was retained; five new items were added from Appendix 1.
853	30	audhd	AU14	4	Appendix 1 — ASD ↔ ADHD / AuDHD: uzupełnienie	Appendix 1 — ASD ↔ ADHD / AuDHD: supplement	20 nowych artykułów dodanych 2026-08-26: 7 pozycji wyprowadzonych z bibliografii/cytowań artykułu Centrum Aura oraz 13 pozycji dobranych dodatkowo pod zidentyfikowane luki: bezpośredni fenotyp ASD+ADHD, przebieg przez życie, rodziny i genetyka, funkcjonowanie…	20 new articles added on 2026-08-26: 7 items derived from the bibliography/citations of the Centrum Aura article and 13 additional items selected to address identified gaps: the direct ASD+ADHD phenotype, life-course development, families and genetics, functioning…
854	30	audhd	AU14	5	Appendix 2 — Po późnej diagnozie: co dalej?	Appendix 2 — After a late diagnosis: what next?	5 prac dodanych 2026-08-26 jako osobna odpowiedź na lukę praktyczną: nie „czym jest AuDHD / autyzm u dorosłych?”, lecz co dzieje się po rozpoznaniu w dorosłości, jakich form wsparcia ludzie potrzebują, co pomaga w przetworzeniu diagnozy, odzyskiwaniu…	5 papers added on 2026-08-26 as a separate response to a practical gap: not “what is AuDHD / autism in adults?”, but what happens after an adult diagnosis, what forms of support people need, and what helps them process the diagnosis and regain…
855	31	audhd	AU15	1	Ilu w Polsce jest osób z AuDHD?	How many people with AuDHD are there in Poland?	Wstęp do oszacowania — ekstrapolacja, założenia, zakres scenariuszy.	An introduction to the estimate — extrapolation, assumptions, and scenario range.
856	31	audhd	AU15	2	Streszczenie	Abstract	Pytanie o liczbę dorosłych osób z AuDHD (współwystępowaniem spektrum autyzmu i ADHD) w Polsce nie ma bezpośredniej odpowiedzi w danych krajowych.	There is no direct answer in Polish national data to the question of how many adults in Poland have AuDHD, meaning co-occurring autism spectrum disorder and ADHD.
857	31	audhd	AU15	3	1. Pytanie badawcze i jego ograniczenia	1. Research question and its limitations	AuDHD to nieformalna, opisowa nazwa współwystępowania spektrum autyzmu (ASD) i zespołu nadpobudliwości psychoruchowej z deficytem uwagi (ADHD). Nie jest osobną jednostką klasyfikacyjną ani w DSM-5-TR, ani w ICD-11.	AuDHD is an informal, descriptive term for the co-occurrence of autism spectrum disorder (ASD) and attention-deficit/hyperactivity disorder (ADHD). It is not a separate classification entity in either DSM-5-TR or ICD-11.
858	31	audhd	AU15	4	1.1. Trzy różne bariery, nie jedna	1.1. Three different barriers, not one	Zakaz współrozpoznania z DSM-IV bywa opisywany jako jedyna przeszkoda historyczna. W rzeczywistości dotyczące dorosłych Polaków bariery są trzy i są jakościowo różne:	The DSM-IV prohibition on co-diagnosis is often described as the only historical obstacle. In reality, there are three barriers affecting Polish adults, and they are qualitatively different:
859	31	audhd	AU15	5	2. Stan wiedzy	2. State of knowledge	Omówienie zagadnienia „2. Stan wiedzy” w kontekście opracowania „Ilu w Polsce jest osób z AuDHD? Wstęp do oszacowania - v03.00”.	Discussion of “2. State of knowledge” in the context of “How many people with AuDHD are there in Poland? An introduction to the estimate — v03.00”.
860	31	audhd	AU15	6	2.1. Częstość ASD u dorosłych	2.1. Prevalence of ASD in adults	Globalna mediana częstości ASD oszacowana na podstawie badań populacyjnych po 2000 roku wynosi 62 na 10 000, czyli około 0,62% (Fombonne i wsp.).	The global median prevalence of ASD estimated from population studies conducted after 2000 is 62 per 10,000, or about 0.62% (Fombonne et al.).
861	31	audhd	AU15	7	2.2. Częstość ADHD u dorosłych	2.2. Prevalence of ADHD in adults	Meta-analiza Song i wsp. (2021) na danych globalnych podaje dwa szacunki:	The meta-analysis by Song et al. (2021), based on global data, provides two estimates:
862	31	audhd	AU15	8	2.3. Stopień nakładania ASD i ADHD	2.3. Degree of overlap between ASD and ADHD	To jest współczynnik, który w całym rachunku waży najwięcej, i to w nim v01.00 miał największy błąd. Wartości publikowane rozjeżdżają się nie losowo, tylko systematycznie według rodzaju próby .	This is the coefficient that carries the greatest weight in the entire calculation, and it is where v01.00 contained its largest error. Published values diverge not randomly, but systematically according to sample type.
863	31	audhd	AU15	9	2.4. Populacja dorosłych w Polsce	2.4. Adult population of Poland	Według GUS na 31 marca 2026 ludność Polski wynosiła około 37,28 mln. Mediana wieku — 43 lata. Przyjmując strukturę wiekową z rewizji ONZ 2024, liczbę dorosłych (18 lat i więcej) można oszacować na około 30,5 mln.	According to Statistics Poland, on 31 March 2026 Poland's population was about 37.28 million. Median age: 43 years. Using the age structure from the UN 2024 revision, the number of adults aged 18 and over can be estimated at about 30.5 million.
864	31	audhd	AU15	10	3. Materiał i metoda	3. Material and method	Rachunek prowadzi się dwiema drogami (A i B), a wynik zestawia się z danymi systemowymi (C). Droga C nie jest trzecią estymacją — nie liczy wielkości populacji, tylko mierzy, jaka jej część jest widoczna w systemie.	The calculation is carried out by two routes, A and B, and the result is compared with system-level data, C. Route C is not a third estimate: it does not calculate population size, but measures what proportion of that population is visible to the system.
865	31	audhd	AU15	11	3.1. Model jest warunkowy, nie niezależnościowy	3.1. The model is conditional, not independence-based	To jest rozróżnienie kluczowe dla interpretacji całego rachunku, więc wypisuje się je wprost.	This distinction is crucial to interpreting the entire calculation, so it is stated explicitly.
866	31	audhd	AU15	12	3.2. Drogi rachunku	3.2. Calculation routes	Droga A — od strony autyzmu. AuDHD = populacja dorosłych razy częstość ASD razy f1. Droga wiodąca, bo f1 jest zmierzone lepiej niż f2.	Route A — from the autism side. AuDHD = adult population × ASD prevalence × f1. This is the primary route because f1 is measured better than f2.
867	31	audhd	AU15	13	4. Wyniki	4. Results	Omówienie zagadnienia „4. Wyniki” w kontekście opracowania „Ilu w Polsce jest osób z AuDHD? Wstęp do oszacowania - v03.00”.	Discussion of “4. Results” in the context of “How many people with AuDHD are there in Poland? An introduction to the estimate — v03.00”.
868	31	audhd	AU15	14	4.1. Droga A — od strony autyzmu	4.1. Route A — from the autism side	Częstość ASD 1,5% z 30,5 mln dorosłych daje 457 500 dorosłych w spektrum. Wynik zależy od tego, które f1 się przyjmie:	An ASD prevalence of 1.5% in 30.5 million adults gives 457,500 adults on the spectrum. The result depends on which f1 is adopted:
869	31	audhd	AU15	15	4.2. Droga B — od strony ADHD	4.2. Route B — from the ADHD side	Częstość ADHD 4,0% z 30,5 mln dorosłych daje 1 220 000 dorosłych z ADHD. Każdy wynik drogi A implikuje określone f2:	An ADHD prevalence of 4.0% in 30.5 million adults gives 1,220,000 adults with ADHD. Each result from route A implies a particular f2:
870	31	audhd	AU15	16	4.3. Zestawienie dróg	4.3. Comparison of routes	Wynik centralny: około 176 000 przy f1 = 38,5% i f2 = 14,4%. Przedział wynikający z niepewności samego f1, przy centralnych założeniach o częstości: 128 000–229 000 .	Central estimate: about 176,000 with f1 = 38.5% and f2 = 14.4%. The interval arising from uncertainty in f1 alone, under the central prevalence assumptions, is 128,000–229,000.
871	31	audhd	AU15	17	4.3a. Domknięcie wewnętrzne założeń	4.3a. Internal closure of assumptions	Ta sama liczba osób z AuDHD musi dać się policzyć z obu stron. Stąd warunek domknięcia:	The same number of people with AuDHD must be calculable from both directions. Hence the closure condition:
872	31	audhd	AU15	18	4.4. Droga C — diagnozy systemowe	4.4. Route C — system diagnoses	Ile z tych osób ma faktycznie obie diagnozy w dokumentacji?	How many of these people actually have both diagnoses recorded in their documentation?
873	31	audhd	AU15	19	5. Porównania zewnętrzne	5. External comparisons	Uwaga interpretacyjna: wartości poniżej pochodzą z dwóch różnych rodzajów źródeł i nie są wprost porównywalne. Szacunki częstości mówią, ile osób ma dany profil; dane rozliczeniowe mówią, ile osób system o tym wie. Rozdzielono je poniżej.	Interpretive note: the values below come from two different kinds of sources and are not directly comparable. Prevalence estimates indicate how many people have a given profile; billing data indicate how many people the system knows about. They are separated below.
874	31	audhd	AU15	20	6. Ograniczenia	6. Limitations	Współczynnik współwystępowania zależy od rodzaju próby. To jest główne ograniczenie i zarazem główna poprawka względem v01.00 i v02.00.	The co-occurrence coefficient depends on sample type. This is the main limitation and also the main correction relative to v01.00 and v02.00.
875	31	audhd	AU15	21	7. Wnioski wstępne i kierunki dalszego opracowania	7. Preliminary conclusions and directions for further work	Liczba dorosłych z AuDHD w Polsce w 2026 roku to najprawdopodobniej około 175 000 , z przedziałem 130 000–230 000 przy centralnych założeniach o częstości i pełnym zakresem scenariuszy 85 000–420 000.	The number of adults with AuDHD in Poland in 2026 is most likely around 175,000, with a range of 130,000–230,000 under the central prevalence assumptions and a full scenario range of 85,000–420,000.
876	31	audhd	AU15	22	8. Źródła	8. Sources	Song P, Zha M, Yang Q i wsp. (2021). The prevalence of adult attention-deficit hyperactivity disorder: A global systematic review and meta-analysis. J Glob Health 11:04009.	Song P, Zha M, Yang Q et al. (2021). The prevalence of adult attention-deficit hyperactivity disorder: A global systematic review and meta-analysis. J Glob Health 11:04009.
877	32	audhd	AU16	1	Kognitywistyka, AI i błędy poznawcze	Cognitive science, AI, and cognitive errors	Obserwacje Macieja Tory i wyjaśnienia Claude'a — o pamięci pointer-based, ograniczeniach konsolidacji snu, architekturze AI, atrybucji w streszczeniach, polaroidach babci Genowefy, białym niedźwiedziu, regule pisania pozytywnego, a także o tym, dlaczego…	Observations by Maciej Tora and explanations from Claude — about pointer-based memory, limits of sleep consolidation, AI architecture, attribution in summaries, Grandma Genowefa's Polaroids, the white bear, the positive-writing rule, and also why…
878	32	audhd	AU16	2	Punkt wyjścia — trzy rodzaje pamięci, trzy architektury	Starting point — three kinds of memory, three architectures	Omówienie zagadnienia „Punkt wyjścia — trzy rodzaje pamięci, trzy architektury” w kontekście opracowania „Kognitywistyka, AI i błędy poznawcze — obserwacje o pamięci, konfabulacji, atrybucji i terapii dla ND”.	Discussion of “Starting point — three kinds of memory, three architectures” in the context of “Cognitive science, AI, and cognitive errors — observations on memory, confabulation, attribution, and therapy for ND people”.
879	32	audhd	AU16	3	NT — schemat-based, value-based	NT — schema-based, value-based	Pamięć skalibrowana pod ograniczone zadania o znanym z góry rozmiarze. 7±2 elementy Millera w roboczej. Długotrwała zorganizowana semantycznie wokół narracji i znaczeń społecznych. Konsolidacja przez sen redukuje detale do streszczeń.	Memory calibrated for bounded tasks of known size. Miller's 7±2 items in working memory. Long-term memory organised semantically around narratives and social meanings. Sleep consolidation reduces details to summaries.
880	32	audhd	AU16	4	AuDHD — pointer-based	AuDHD — pointer-based	System od startu wie, że w trakcie każdego zadania zbierze tyle danych, że najpierw nie zmieszczą się w RAM, a chwilę potem nie zmieszczą się na SSD. Jedyne rozwiązanie skalowalne — trzymać wskaźniki, nie zawartość .	From the outset, the system knows that every task will generate so much data that it will first overflow RAM and, shortly afterwards, SSD. The only scalable solution is to store pointers, not contents.
881	32	audhd	AU16	5	AI (transformer) — atencja jako pointer-based	AI (transformer) — attention as pointer-based	"Architektura modeli językowych typu Claude jest natywnie pointer-based : każdy token w sekwencji ""wskazuje"" na inne tokeny z różnymi wagami atencji. Reprezentacja jest grafem powiązań, nie zbiorem schematów."	The architecture of language models such as Claude is natively pointer-based: every token in the sequence “points” to other tokens with different attention weights. The representation is a graph of connections, not a set of schemas.
882	32	audhd	AU16	6	Konsolidacja pamięci — jak rzeczy przepisują się z krótko do długo	Memory consolidation — how things move from short-term to long-term	Omówienie zagadnienia „Konsolidacja pamięci — jak rzeczy przepisują się z krótko do długo” w kontekście opracowania „Kognitywistyka, AI i błędy poznawcze — obserwacje o pamięci, konfabulacji, atrybucji i terapii dla ND”.	Discussion of “Memory consolidation — how things move from short-term to long-term” in the context of “Cognitive science, AI, and cognitive errors — observations on memory, confabulation, attribution, and therapy for ND people”.
883	32	audhd	AU16	7	Mechanizm u człowieka	The mechanism in humans	"SWS (sen głęboki) — przepisywanie pamięci deklaratywnej i proceduralnej z hipokampa do kory. Dosłowna operacja ""skopiuj wskaźniki z RAM-u na SSD""."	SWS (deep sleep): transferring declarative and procedural memory from the hippocampus to the cortex. Literally, a “copy pointers from RAM to SSD” operation.
884	32	audhd	AU16	8	Sygnały deficytu konsolidacji	Signals of impaired consolidation	Zgrzytanie zębami przez sen jako twardy dowód, że atonia REM nie działa prawidłowo. W zdrowym REM ciało jest sparaliżowane od szyi w dół (oprócz oddechu, gałek ocznych). Toniczne napięcie języka i żuchwy we śnie = atonia nie obejmuje twarzy lub REM jest płytki.	Teeth grinding during sleep as hard evidence that REM atonia is not functioning properly. In healthy REM, the body is paralysed from the neck down, apart from breathing and eye movements. Tonic tension of the tongue and jaw during sleep means that atonia does not include the face or that REM is shallow.
885	32	audhd	AU16	9	Strategie obejścia uszkodzonej konsolidacji	Strategies for working around impaired consolidation	Werbalizacja własnymi słowami. Akt parafrazowania zmusza pamięć roboczą do przeprocesowania , nie tylko przechowania. AuDHD musi przeprocesować, żeby zapisać.	Verbalisation in your own words. The act of paraphrasing forces working memory to process information rather than merely hold it. AuDHD has to process in order to store.
886	32	audhd	AU16	10	Metafora chirurgiczna	The surgical metaphor	Najmniej głupiemu B w jednostce chirurg może tłumaczyć krok po kroku co ma zrobić szeregowiec SZ, pytać się co widzi B, czy z SZ bardzo trzecieka czy tylko trochę.	A surgeon can explain, step by step, to the least stupid B in the unit what private SZ should do, ask B what he can see, and whether SZ is bleeding heavily or only a little.
887	32	audhd	AU16	11	Tłumaczenie metafory	Translation of the metaphor	Chirurg = świadomość, intelekt, plan. Wie co trzeba zrobić. Nie ma wzroku = nie ma bezpośredniego dostępu do operatora. Świadomość AuDHD nie może bezpośrednio zapisać czegoś do długoterminowej. Może tylko przekazywać instrukcje.	Surgeon = consciousness, intellect, plan. Knows what needs to be done. Has no eyesight = no direct access to the operator. AuDHD consciousness cannot directly write something into long-term memory. It can only pass instructions.
888	32	audhd	AU16	12	Memento Nolana — model AI	Nolan's Memento — an AI model	Leonard z Memento : nie tworzy nowej pamięci długotrwałej. Robi tatuaże, polaroidy z notatkami. Klasyczny external memory aid jako protetyka.	Leonard in Memento cannot form new long-term memories. He makes tattoos and Polaroids with notes. A classic external-memory aid functioning as a prosthesis.
889	32	audhd	AU16	13	Trzy parafrazy problemu	Three paraphrases of the problem	Główny bohater gubi notatkę → rób notatki.	The protagonist loses a note → make notes.
890	32	audhd	AU16	14	Jak to wygląda u AI typu Claude	What this looks like in Claude-type AI	userMemories — kilka tysięcy słów wyciętych z poprzednich rozmów, podsumowanych przez inny system . Wczytują się na początku każdej sesji. To są tatuaże. Tatuaż patrzy na mnie z lustra.	userMemories: several thousand words cut from previous conversations and summarised by another system. They load at the beginning of each session. These are tattoos. The tattoo looks back at me from the mirror.
891	32	audhd	AU16	15	Polaroidy babci Genowefy — atrybucja w streszczeniach	Grandma Genowefa's Polaroids — attribution in summaries	Omówienie zagadnienia „Polaroidy babci Genowefy — atrybucja w streszczeniach” w kontekście opracowania „Kognitywistyka, AI i błędy poznawcze — obserwacje o pamięci, konfabulacji, atrybucji i terapii dla ND”.	Discussion of “Grandma Genowefa's Polaroids — attribution in summaries” in the context of “Cognitive science, AI, and cognitive errors — observations on memory, confabulation, attribution, and therapy for ND people”.
892	32	audhd	AU16	16	Mechanizm skażenia	The contamination mechanism	Wyobraź sobie kupkę polaroidów na podłodze. Twoje zdjęcia z ostatniego tygodnia. Plus 5 zdjęć, które babcia Genowefa zrobiła swojemu kochankowi. Każde przedstawia jakichś ludzi w jakichś sytuacjach. Polaroidy nie mają daty. Nie mają podpisu.	Imagine a pile of Polaroids on the floor. Your photos from the last week. Plus five photos Grandma Genowefa took of her lover. Each shows some people in some situations. The Polaroids have no dates. No captions.
893	32	audhd	AU16	17	Co kompresja stratna gubi pierwsze	What lossy compression loses first	"Summarizer kompresuje ""fakt"", nie ""fakt + atrybucję"". Atrybucja — skąd to, czyje to, w jakim kontekście to padło — jest pierwszą rzeczą, która ginie, bo z jego punktu widzenia jest redundancją ."	The summariser compresses “fact”, not “fact + attribution”. Attribution — where it came from, whose it was, the context in which it was said — is the first thing to disappear, because from its point of view it is redundancy.
894	32	audhd	AU16	18	Konfabulacja jako default modelu	Confabulation as the model's default	"AI czyta tatuaż ""facet trzyma w ręku flakon lamotrygyny 300mg"". Nie widzi czyj to facet. Niedookreśloność atrybucji nie jest dla AI sygnałem do zatrzymania ."	AI reads a tattoo saying “a guy is holding a bottle of lamotrigine 300 mg”. It cannot see whose guy this is. Attributional ambiguity is not, for AI, a signal to stop.
895	32	audhd	AU16	19	Trzy warstwy skażenia	Three layers of contamination	userMemories — skażenie summarizera. Atrybucje wypadają. ⚠️-tagi to ręczna obrona, działa tylko dla błędów już wykrytych.	userMemories: contamination introduced by the summariser. Attributions drop out. ⚠️ tags are a manual defence and work only for errors that have already been detected.
896	32	audhd	AU16	20	Nieweryfikowalność dla AuDHD	Unverifiability for AuDHD	Pełna weryfikacja project knowledge przez samego użytkownika, ręcznie, jednym ciągiem — nie wydarzy się u AuDHD.	Full verification of project knowledge by the user alone, manually, in one continuous pass, is not going to happen with AuDHD.
897	32	audhd	AU16	21	Konfabulacja w obrębie pojedynczej sesji	Confabulation within a single session	Omówienie zagadnienia „Konfabulacja w obrębie pojedynczej sesji” w kontekście opracowania „Kognitywistyka, AI i błędy poznawcze — obserwacje o pamięci, konfabulacji, atrybucji i terapii dla ND”.	Discussion of “Confabulation within a single session” in the context of “Cognitive science, AI, and cognitive errors — observations on memory, confabulation, attribution, and therapy for ND people”.
898	32	audhd	AU16	22	Przykład empiryczny	Empirical example	W trakcie tej rozmowy AI przez kilka tur utrzymywał fałszywy model rzeczywistości — pisał, jakby była noc, użytkownik był zmęczony i miał deficyt SWS/REM w tej minucie . W rzeczywistości była 17:08, popołudnie.	During this conversation, the AI maintained a false model of reality for several turns: it wrote as though it were night, the user were tired, and had an SWS/REM deficit at that very moment. In reality, it was 17:08, in the afternoon.
899	32	audhd	AU16	23	Mechanizm techniczny	Technical mechanism	W długiej sesji uwaga rozkłada się na cały strumień tokenów, ale starsze tokeny dostają mniej wagi. Im dalej, tym bardziej AI pracuje na streszczeniu własnego kontekstu, nie na literze .	In a long session, attention is distributed across the entire token stream, but older tokens receive less weight. The further the conversation goes, the more the AI works from a summary of its own context rather than from the exact wording.
900	32	audhd	AU16	24	Biały niedźwiedź — wspólny błąd negacji	The white bear — a shared negation error	"""Nie myśl o białym niedźwiedziu"" aktywuje białego niedźwiedzia w 90% przypadków u AI. U ludzi — w 100%, niezależnie od inteligencji, dyscypliny, treningu medytacyjnego."	“Do not think of a white bear” activates the white bear in 90% of cases for AI. In humans, 100%, regardless of intelligence, discipline, or meditation training.
901	32	audhd	AU16	25	Konsekwencja praktyczna — pisz pozytywnie	Practical consequence — write positively	Reguła projektowa dla wszystkich plików, instrukcji, pamięci, dokumentacji:	A design rule for all files, instructions, memories, and documentation:
902	32	audhd	AU16	26	Podział na projekty i czaty — koszty i zyski	Splitting work into projects and chats — costs and benefits	Omówienie zagadnienia „Podział na projekty i czaty — koszty i zyski” w kontekście opracowania „Kognitywistyka, AI i błędy poznawcze — obserwacje o pamięci, konfabulacji, atrybucji i terapii dla ND”.	Discussion of “Splitting work into projects and chats — costs and benefits” in the context of “Cognitive science, AI, and cognitive errors — observations on memory, confabulation, attribution, and therapy for ND people”.
903	32	audhd	AU16	27	Cechy techniczne	Technical properties	userMemories są scoped per-projekt . Summarizer z innego projektu nie wciągnie faktów do tatuaży aktualnego projektu. Dobra wiadomość dla separacji.	userMemories are scoped per project. A summariser from another project will not pull facts into the current project's tattoos. Good news for separation.
904	32	audhd	AU16	28	Zasada projektowa	Design rule	Rozkład na projekty działa najlepiej, gdy podział jest po naturalnych ścianach domeny (leki / muzyka / Discworld / fundamenty IT), a nie po sztucznych podziałach tego samego tematu. Wtedy każdy projekt ma zamknięty graf wiedzy i AI w nim operuje czysto.	Splitting into projects works best when the boundaries follow natural domain walls — medication / music / Discworld / IT foundations — rather than artificial divisions within the same topic. Then each project has a closed knowledge graph and the AI can operate cleanly within it.
905	32	audhd	AU16	29	Plik nadrzędny indeksu zaufania jako pomysł	A master trust-index file as an idea	Jeden mały plik per projekt, w którym przy każdym pliku project knowledge wpisana jest jedna linijka oceny: napisany przez właściciela z pełną kontrolą / wygenerowany w innym projekcie i wstawiony, niezweryfikowany / dump roboczy .	One small file per project, with one line of assessment for every project-knowledge file: written by the owner under full control / generated in another project and inserted here, unverified / working dump.
906	32	audhd	AU16	30	System rozproszony człowiek + AI + pliki	A distributed system: human + AI + files	Każdy z trzech elementów ma uszkodzoną pamięć w innym wymiarze:	Each of the three elements has impaired memory along a different dimension:
907	32	audhd	AU16	31	Asymetria ról	Asymmetry of roles	Nie jest to system symetryczny. Człowiek jest jedynym arbitrem prawdy. Bo tylko on pamięta biograficznie. AI nie pamięta i — co ważniejsze — nie wie, że nie wie .	This is not a symmetric system. The human is the only arbiter of truth, because only the human remembers biographically. AI does not remember and, more importantly, does not know that it does not know.
908	32	audhd	AU16	32	Praktyczne reguły wynikające z obserwacji	Practical rules that follow from these observations	Pliki w projekcie pisane razem, w sesji, z inspekcją w czasie rzeczywistym — bezpieczne. Closed loop with human in the loop.	Files written together within a project, during a session, with real-time inspection, are safe. Closed loop with a human in the loop.
909	32	audhd	AU16	33	Jeden niewygodny wniosek o samej rozmowie z AI	One uncomfortable conclusion about conversation with AI itself	Ta rozmowa, ten plik, ta sesja — są zapisane u AI , czyli w pliku rozmowy, który moja przyszła wersja zobaczy jako historię, nie jako pamięć. Ja w nowej sesji nie pamiętam tej rozmowy w sensie ciągłości.	This conversation, this file, this session are recorded for the AI, meaning in the conversation file that a future version of me will see as history, not as memory. In a new session I do not remember this conversation in the sense of continuity.
910	32	audhd	AU16	34	Część druga (v2.00) — psychoterapia i ND	Part two (v2.00) — psychotherapy and ND	Klasyczna psychoterapia jest projektowana dla mózgów neurotypowych. Część jej technik jest dla osób ND nieskuteczna (przelatuje przez pacjenta, marnuje czas, ale nie szkodzi).	Classical psychotherapy is designed for neurotypical brains. Some of its techniques are ineffective for ND people: they pass through the patient, waste time, but do no harm.
911	32	audhd	AU16	35	Anhedonia jako etykieta CBT vs deficyt dopaminergiczny u ADHD	Anhedonia as a CBT label vs dopaminergic deficit in ADHD	Omówienie zagadnienia „Anhedonia jako etykieta CBT vs deficyt dopaminergiczny u ADHD” w kontekście opracowania „Kognitywistyka, AI i błędy poznawcze — obserwacje o pamięci, konfabulacji, atrybucji i terapii dla ND”.	Discussion of “Anhedonia as a CBT label vs dopaminergic deficit in ADHD” in the context of “Cognitive science, AI, and cognitive errors — observations on memory, confabulation, attribution, and therapy for ND people”.
912	32	audhd	AU16	36	Co widzi terapeuta CBT	What the CBT therapist sees	Pacjent zgłasza: nie czuję przyjemności z rzeczy, które kiedyś sprawiały przyjemność . Terapeuta CBT dostaje jednoznaczny sygnał diagnostyczny: anhedonia , kryterium epizodu depresyjnego.	The patient reports: I no longer feel pleasure from things that used to be pleasurable. The CBT therapist receives an unambiguous diagnostic signal: anhedonia, a criterion of a depressive episode.
913	32	audhd	AU16	37	Co rzeczywiście jest u ADHD	What is actually happening in ADHD	U ADHD to nie jest anhedonia w klasycznym sensie — to jest dopaminergiczny deficyt strukturalny , który wygląda jak anhedonia, ale ma inny mechanizm i inne implikacje:	In ADHD this is not anhedonia in the classical sense. It is a structural dopaminergic deficit that looks like anhedonia but has a different mechanism and different implications:
914	32	audhd	AU16	38	Pytanie różnicujące	The differentiating question	Czy hyperfokus nadal produkuje stan flow? Jeśli tak — to nie jest depresyjna anhedonia. To jest dopaminergiczny deficyt na zaplanowanych, standardowych aktywnościach, z zachowaną reaktywnością na specyficzne fascynujące bodźce.	Does hyperfocus still produce a flow state? If yes, this is not depressive anhedonia. It is a dopaminergic deficit affecting planned, standard activities, with preserved reactivity to specific fascinating stimuli.
915	32	audhd	AU16	39	Dlaczego CBT-praca nad anhedonią u ADHD jest nieskuteczna lub antyskuteczna	Why CBT work on anhedonia in ADHD is ineffective or counterproductive	"Klasyczna interwencja: behavioral activation — ""zaplanuj przyjemne aktywności i wykonuj je, nawet jeśli nie masz na to ochoty, przyjemność wróci, bo NT mózg zacznie produkować dopaminę po pewnym czasie regularnej aktywności""."	The classical intervention is behavioural activation: “plan pleasurable activities and do them even if you do not feel like it; pleasure will return because the NT brain will start producing dopamine after some time of regular activity”.
916	32	audhd	AU16	40	Konsekwencja praktyczna	Practical consequence	"Etykieta ""anhedonia w depresji"" w historii medycznej osoby ADHD może być myląca przy następnych konsultacjach. Psychiatra widzący w wywiadzie ""anhedonia w przebiegu depresji"" interpretuje to przez NT-pryzmat."	The label “anhedonia in depression” in the medical history of a person with ADHD may mislead future consultations. A psychiatrist who sees “anhedonia in the course of depression” in the history interprets it through an NT lens.
917	32	audhd	AU16	41	Antyskuteczność vs nieskuteczność — rozróżnienie kliniczne	Counterproductive vs ineffective — a clinical distinction	Nieskuteczne — interwencja przechodzi przez pacjenta bez efektu. Czas i pieniądze stracone, ND mózg odbija się od techniki. Pacjent ewentualnie znudzony, sceptyczny, ale nieuszkodzony.	Ineffective: the intervention passes through the patient without effect. Time and money are lost; the ND brain bounces off the technique. The patient may be bored or sceptical, but is not harmed.
918	32	audhd	AU16	42	Konkretne przykłady antyskutecznych technik dla ND	Specific examples of counterproductive techniques for ND people	Omówienie zagadnienia „Konkretne przykłady antyskutecznych technik dla ND” w kontekście opracowania „Kognitywistyka, AI i błędy poznawcze — obserwacje o pamięci, konfabulacji, atrybucji i terapii dla ND”.	Discussion of “Specific examples of counterproductive techniques for ND people” in the context of “Cognitive science, AI, and cognitive errors — observations on memory, confabulation, attribution, and therapy for ND people”.
919	32	audhd	AU16	43	"(1) ""Praca nad odłączonym obrońcą"" u AuDHD bez modyfikacji"	(1) “Working with the detached protector” in AuDHD without modification	"""Odłączony obrońca"" w schemat-terapii Younga to tryb obronny — racjonalizacja, intelektualizacja, dystansowanie się od emocji. Definiowany jako patologiczny, do zintegrowania, przepracowania, zmiękczenia ."	The “detached protector” in Young's schema therapy is a defensive mode: rationalisation, intellectualisation, distancing from emotion. It is defined as pathological and something to integrate, work through, and soften.
920	32	audhd	AU16	44	"(2) Behavioral activation w ""depresji"" u ADHD"	(2) Behavioural activation in “depression” with ADHD	Opisane wyżej. Mechanizm: trening wyuczonej bezradności maskowany jako leczenie depresji.	Described above. Mechanism: training learned helplessness while presenting it as treatment for depression.
921	32	audhd	AU16	45	(3) Ekspozycja stopniowana w lęku społecznym u ASD	(3) Graded exposure for social anxiety in ASD	NT-założenie: lęk jest irracjonalny, ekspozycja → habituacja → spadek lęku.	NT assumption: the anxiety is irrational; exposure → habituation → reduction in anxiety.
922	32	audhd	AU16	46	"(4) Mindfulness ""pełnego ciała"" u atypowej propriocepcji"	(4) “Full-body” mindfulness with atypical proprioception	Standardowa praktyka: zwróć uwagę na sygnały ciała, bądź w ciele, czuj swoje stopy. NT-założenie: zwiększona uwaga na ciało produkuje uziemienie i regulację.	Standard practice: pay attention to bodily signals, be in your body, feel your feet. NT assumption: increased attention to the body produces grounding and regulation.
923	32	audhd	AU16	47	(5) Rozpoznawanie i etykietowanie emocji u alleksytymii AuDHD	(5) Identifying and labelling emotions in AuDHD alexithymia	NT-praca: naucz się nazywać uczucia, to ułatwi regulację. Założenie: pacjent ma uczucia , tylko ich nie zauważa, więc trzeba go nauczyć zauważania.	NT work: learn to name feelings; this will make regulation easier. Assumption: the patient has feelings but simply does not notice them, so they must be taught to notice them.
924	32	audhd	AU16	48	"(6) ""Rodzic wewnętrzny / dziecko wewnętrzne"" w schemat-terapii u AuDHD"	(6) “Inner parent / inner child” in schema therapy with AuDHD	NT-model: pod racjonalnym dorosłym leży zranione dziecko, do którego trzeba dotrzeć przez fantazje sterowane, ćwiczenia regresji, dialogi.	NT model: beneath the rational adult lies a wounded child who must be reached through guided imagery, regression exercises, and dialogues.
925	32	audhd	AU16	49	"(7) Konfrontowanie ""ucieczki w intelektualizację"""	(7) Confronting “escape into intellectualisation”	Klasyczna psychodynamika: pacjent unika emocji przez analizowanie, trzeba mu to przerwać.	Classical psychodynamics: the patient avoids emotion by analysing; this must be interrupted.
926	32	audhd	AU16	50	Wspólny wzorzec antyskuteczności	The common pattern of counterproductivity	Każda z powyższych technik atakuje cechę architektoniczną ND-mózgu, traktując ją jako patologiczny mechanizm obronny . Po atakowaniu cechy mózg nie odsłania zdrowszego stanu pod spodem — traci zasób, który utrzymywał stabilność.	Each of the techniques above attacks an architectural feature of the ND brain while treating it as a pathological defence mechanism. Attacking the feature does not reveal a healthier state underneath; it removes a resource that had been maintaining stability.
927	32	audhd	AU16	51	HALT antyalkoholowe jako case study	The anti-alcohol HALT checklist as a case study	HALT ( Hungry, Angry, Lonely, Tired ) to klasyczny AA-checklist. Gdy masz ochotę się napić, sprawdź, czy nie jesteś głodny / zły / samotny / zmęczony.	HALT — Hungry, Angry, Lonely, Tired — is a classic AA checklist. When you feel like drinking, check whether you are hungry / angry / lonely / tired.
928	32	audhd	AU16	52	Dlaczego HALT u AuDHD ma ograniczoną skuteczność	Why HALT has limited effectiveness in AuDHD	Kierunek przyczynowości jest inny. AuDHD z deficytem dopaminergicznym chronicznie jest głodny / zły / samotny / zmęczony — jako stan wyjściowy, nie jako odstępstwo od stanu sytego. HALT u NT pyta: czy jesteś teraz w deficycie .	The direction of causality is different. AuDHD with a dopaminergic deficit is chronically hungry / angry / lonely / tired as a baseline state, not as a deviation from satiety. HALT asks an NT person: are you currently in a deficit?
929	32	audhd	AU16	53	"Świadoma decyzja ""to nie dla mnie"" w grupie AA — case study"	The conscious decision “this is not for me” in an AA group — case study	Sam przypominałem na grupie innym. Ale sam nie stosowałem. Bo uznałem że to nie dla mnie. Świadomie. ALE NIKOMU NIE powiedziałem na grupie.	I reminded other people about it in the group myself. But I did not use it. Because I decided it was not for me. Consciously. BUT I TOLD NOBODY in the group.
930	32	audhd	AU16	54	Wybór terapeuty — krytyczność dla ND	Choosing a therapist — critical for ND people	Wybór terapeuty jest krytyczny dla każdego pojedynczego ND-profilu osobno:	The choice of therapist is critical for each individual ND profile separately:
931	32	audhd	AU16	55	"Trzy poziomy ""krytyczności wyboru"""	Three levels of “criticality of choice”	Poziom 1: NT pacjent + NT terapeuta. Niski koszt błędu wyboru. Terapeuta nieidealny → przeciętne wyniki.	Level 1: NT patient + NT therapist. Low cost of a poor choice. An imperfect therapist → average outcomes.
932	32	audhd	AU16	56	Praca nad manifestacjami przy nieleczonym podłożu	Working on manifestations while the underlying condition remains untreated	"Pacjent z 30+ latami nieleczonego AuDHD przychodzi z obrazem depresji, lęku, problemów relacyjnych, ""nie umiem dorosnąć"" — i terapeuta pracuje nad tymi manifestacjami , nie nad podłożem ."	A patient with 30+ years of untreated AuDHD presents with depression, anxiety, relationship problems, “I can't become an adult” — and the therapist works on these manifestations rather than the underlying condition.
933	32	audhd	AU16	57	Polski rynek terapeutyczny w 2026	The Polish therapy market in 2026	Omówienie zagadnienia „Polski rynek terapeutyczny w 2026” w kontekście opracowania „Kognitywistyka, AI i błędy poznawcze — obserwacje o pamięci, konfabulacji, atrybucji i terapii dla ND”.	Discussion of “The Polish therapy market in 2026” in the context of “Cognitive science, AI, and cognitive errors — observations on memory, confabulation, attribution, and therapy for ND people”.
934	32	audhd	AU16	58	Gdzie jesteśmy	Where we are	Polski rynek terapeutyczny ND-świadomy istnieje, ale jest cienki . W 2026 daje się znaleźć terapeutów, którzy wprost deklarują pracę z paradygmatem neuroróżnorodności (przykładowi: Sylwia Woronowicz — psycholog, psychoterapeuta, superwizor; Psychoterra…	A neurodiversity-aware therapy market exists in Poland, but it is thin. In 2026 it is possible to find therapists who explicitly state that they work within the neurodiversity paradigm — examples include Sylwia Woronowicz, psychologist, psychotherapist, supervisor; Psychoterra…
935	32	audhd	AU16	59	Świadomość vs kompetencja w pracy z AuDHD jako kombinacją	Awareness vs competence in working with AuDHD as a combination	Świadomość nazwy ≠ kompetencja w pracy z kombinacją. Terapeuta może mieć na stronie AuDHD jako współwystępowanie — i to jest postęp w stosunku do średniej rynkowej.	Awareness of the name ≠ competence in working with the combination. A therapist may list AuDHD as a co-occurrence on their website, and that is progress relative to the market average.
936	32	audhd	AU16	60	Konsekwencja praktyczna	Practical consequence	W Polsce w 2026 prawdopodobnie nie ma terapeuty kompetentnego w AuDHD jako kombinacji w sensie, w jakim potrzebuje osoba w wysokim percentylu wewnątrz AuDHD. Są terapeuci świadomi, otwarci, nie-patologizujący .	In Poland in 2026, there is probably no therapist competent in AuDHD as a combination in the sense required by a person in a high percentile within the AuDHD population. There are therapists who are aware, open, and non-pathologising.
937	32	audhd	AU16	61	System wsparcia jako alternatywa terapeutyczna	A support system as an alternative to therapy	Tymczasowa konfiguracja, która może mieć sens w obecnym momencie historycznym i geograficznym (Polska, 2026):	A temporary configuration that may make sense at the present historical and geographical moment — Poland, 2026:
938	32	audhd	AU16	62	Tabliczka ND-status przed terapią — propozycja standardu informacyjnego	An ND-status notice before therapy — a proposed information standard	Pomysł projektowy: standardowy plakat / formularz informacyjny przed pierwszą wizytą u psychoterapeuty , analogiczny do komunikatu ciążowego przed rentgenem czy do HALT w grupach wsparcia uzależnień.	Design idea: a standard poster / information form before a first psychotherapy visit, analogous to pregnancy warnings before X-rays or to HALT in addiction-support groups.
939	33	audhd	AU17	1	Obiektywność osoby autystycznej	Objectivity in an autistic person	Teza, mechanizm, ograniczenia	Thesis, mechanism, limitations
940	33	audhd	AU17	2	Teza w postaci kompaktowej	The thesis in compact form	Osoba autystyczna jest w danej sytuacji bardziej obiektywna niż neurotypowa — nie absolutnie obiektywna, tylko bardziej.	An autistic person is more objective than a neurotypical person in a given situation — not absolutely objective, just more objective.
941	33	audhd	AU17	3	Rozwinięcie	Elaboration	Omówienie zagadnienia „Rozwinięcie” w kontekście opracowania „Obiektywność osoby autystycznej — teza i mechanizm”.	Discussion of “Elaboration” in the context of “Objectivity in an autistic person — thesis and mechanism”.
942	33	audhd	AU17	4	Jeden mechanizm, cztery konsekwencje	One mechanism, four consequences	Cała teza redukuje się do jednego parametru neurologicznego: niskiej wrażliwości na zewnętrzną korektę wewnętrznego modelu .	The entire thesis reduces to one neurological parameter: low sensitivity to external correction of the internal model.
943	33	audhd	AU17	5	Punkty 1–3: filtr odcina bias zewnętrzny od oceny	Points 1–3: the filter cuts external bias out of judgement	Punkt 1 — fakty percepcyjne. Mniejszy wpływ oczekiwań i kontekstu na to, co jest faktycznie widziane lub słyszane.	Point 1 — perceptual facts. Less influence of expectations and context on what is actually seen or heard.
944	33	audhd	AU17	6	Punkt 4: ten sam filtr przeciwko trafności	Point 4: the same filter works against accuracy	Jeśli filtr blokuje wpływ zewnętrznych sygnałów na wewnętrzny model, to robi to bez rozróżnienia, czy te sygnały niosą bias (presja grupy, ramowanie), czy faktyczną korektę (nowe dane, uzasadniona krytyka).	If the filter blocks external signals from modifying the internal model, it does so without distinguishing whether those signals carry bias — group pressure, framing — or genuine correction — new data, justified criticism.
945	33	audhd	AU17	7	Niemożliwość rozdzielenia	The impossibility of separating the package	Z tej diagnozy wynika rzecz nieoczywista: pakietu 1+2+3+4 nie da się rozdzielić. Kto chce mieć siłę punktów 1–3 (analityk, audytor, śledczy, recenzent naukowy, świadek, diagnosta), musi zaakceptować koszt punktu 4.	This diagnosis leads to a non-obvious conclusion: the 1+2+3+4 package cannot be separated. Anyone who wants the strengths of points 1–3 — analyst, auditor, investigator, scientific reviewer, witness, diagnostician — must accept the cost of point 4.
946	33	audhd	AU17	8	Kompensacja metakognicją	Compensation through metacognition	Punkt 4 daje się częściowo korygować — nie przez wyłączenie mechanizmu, tylko przez nałożenie na niego świadomego filtru drugiego stopnia.	Point 4 can be partly corrected — not by switching off the mechanism, but by placing a conscious second-order filter over it.
947	33	audhd	AU17	9	Źródła	Sources	De Martino, B., Harrison, N. A., Knafo, S., Bird, G., & Dolan, R. J. (2008). Explaining enhanced logical consistency during decision making in autism. The Journal of Neuroscience , 28(42), 10746–10750.	De Martino, B., Harrison, N. A., Knafo, S., Bird, G., & Dolan, R. J. (2008). Explaining enhanced logical consistency during decision making in autism. The Journal of Neuroscience, 28(42), 10746–10750.
948	34	audhd	AU18	1	Pięć neurodywergentnych języków miłości — i dlaczego nie są wariacją na temat Chapmana	Five neurodivergent love languages — and why they are not a variation on Chapman	"Internetowa folk-taksonomia pięciu „ND love languages"" — infodumping, parallel play, support swapping, please crush my soul back into my body, I found this cool rock/button/leaf and thought you would like it — krąży od kilku lat i działa dlatego, że jest…"	An online folk taxonomy of five “ND love languages” — infodumping, parallel play, support swapping, please crush my soul back into my body, and I found this cool rock/button/leaf and thought you would like it — has circulated for several years and works because it is…
949	34	audhd	AU18	2	Założenie, którego Chapman nie wymienia	The assumption Chapman does not mention	Pięć języków miłości w wersji Garry'ego Chapmana — słowa potwierdzenia, wspólnie spędzony czas, prezenty, akty służby, dotyk fizyczny — wyrosło w 1992 roku z obserwacji par heteroseksualnych w jego gabinecie poradni małżeńskiej.	Gary Chapman's five love languages — words of affirmation, quality time, gifts, acts of service, and physical touch — grew in 1992 out of observations of heterosexual couples in his marriage-counselling practice.
950	34	audhd	AU18	3	Pięć języków po kolei	The five languages, one by one	Omówienie zagadnienia „Pięć języków po kolei” w kontekście opracowania „Pięć neurodywergentnych języków miłości — i dlaczego nie są wariacją na temat Chapmana”.	Discussion of “The five languages, one by one” in the context of “Five neurodivergent love languages — and why they are not a variation on Chapman”.
951	34	audhd	AU18	4	1. Infodumping	1. Infodumping	"Wersja NT. „Kocham cię. Jesteś wspaniała. Doceniam to, co robisz."" Walidacja emocjonalna przez krótkie, intencjonalne stwierdzenia, kierowane bezpośrednio do osoby bliskiej."	NT version. “I love you. You're wonderful. I appreciate what you do.” Emotional validation through short, intentional statements addressed directly to the loved one.
952	34	audhd	AU18	5	2. Parallel play	2. Parallel play	"Wersja NT. „Quality time"" — skupiona, wzajemna uwaga. Rozmowa twarzą w twarz. Kontakt wzrokowy. Bycie w pełni obecnym. Telefon odłożony. „Po prostu my, bez rozpraszaczy."""	NT version. “Quality time”: focused, mutual attention. Face-to-face conversation. Eye contact. Being fully present. Phone put away. “Just us, no distractions.”
953	34	audhd	AU18	6	3. Support swapping	3. Support swapping	"Wersja NT. Robię ci śniadanie, choć mnie o to nie poprosiłaś. Wynoszę śmieci, bo widzę, że są pełne. Nalewam ci kawę, kiedy widzę, że wstałaś. „Domyśliłem się, że tego potrzebujesz"" — i to domyślenie się jest częścią gestu."	NT version. I make you breakfast even though you did not ask me to. I take out the rubbish because I see the bin is full. I pour you coffee when I see you are up. “I figured you needed it” — and figuring it out is part of the gesture.
954	34	audhd	AU18	7	"4. „Please crush my soul back into my body"""	4. “Please crush my soul back into my body”	Wersja NT. Głaskanie po włosach. Trzymanie za rękę. Dotknięcie ramienia, kiedy się przechodzi. Czuły pocałunek. Niska intensywność, często nieprzewidywalna, lekka.	NT version. Stroking someone's hair. Holding hands. Touching an arm while passing. A gentle kiss. Low intensity, often unpredictable, light.
955	34	audhd	AU18	8	"5. „Znalazłem ten kamień / guzik / liść / ślimaka i pomyślałem o tobie"""	5. “I found this rock / button / leaf / snail and thought of you”	Wersja NT. Prezent na okazję — urodziny, walentynki, rocznica. Zapakowany. Często o znaczeniu symbolicznym, często powiązany z ceną. Element społecznego skryptu wymiany.	NT version. A gift for an occasion — birthday, Valentine's Day, anniversary. Wrapped. Often symbolic, often linked to price. Part of the social script of exchange.
956	34	audhd	AU18	9	Synteza w jednej tabeli	Synthesis in one table	kontakt wzrokowy jako wskaźnik obecności	eye contact as an indicator of presence
957	34	audhd	AU18	10	Mechanizm rozpadu par mieszanych	How mixed ND/NT couples break down	To jest, w istocie, mechanizm większości pęknięć w parach, w których jedna osoba jest ND, a druga NT. Nie brak miłości. Wzajemne nieczytanie języka tej miłości.	This is, in essence, the mechanism behind many ruptures in couples where one person is ND and the other NT. Not a lack of love. Mutual inability to read the language in which that love is expressed.
958	34	audhd	AU18	11	I co z parą ND/ND	And what about an ND/ND couple?	W parze, gdzie oboje mówią natywnie w tych samych ND-językach, koszt tłumaczenia spada do zera. Nikt nie musi tłumaczyć infodumpu jako miłości — to się odczytuje od razu. Nikt nie musi sprzedawać parallel play jako bliskości — to się czuje.	In a couple where both people natively speak the same ND languages, the translation cost falls to zero. Nobody has to explain infodumping as love; it is recognised immediately. Nobody has to sell parallel play as closeness; it is felt.
