"lyrics_id","lyrics_text"
"lyrics-000001","Children born to get high
Turn your heads to the sky
We're burnin' in the heat below
With a thorn in the side
And the ocean too high
And the avenue's so long
We'll be sufferin' here
In the blood, in the fear
If your Judas be man
I will kill you if I can
A solitary night bird is singing
Over thunder-crack you're hearing
I'm looking for the rain to fall
There's a wraith-like like shadow appearing
And though my eyes are veiled
I'm looking for the rain to fall
We'll be sufferin' here
In the blood, in the fear
If your Judas be man
I will kill you if I can
Children born to get high
Turn your heads to the sky
We're burnin' in the heat below
With a thorn in the side
And the ocean too high
And the avenue's so long
There's a wraith-like like shadow appearing
And though my eyes are veiled
I'm looking for the rain to fall
I'm looking for the rain to fall
I'm looking for the rain to fall
Army's down to defeat
All the dogs in the street are seeking shelter before a storm
I'm looking for the rain to fall
I'm looking for the rain to fall"
"lyrics-000002","Just tell me what you've got to say to me
I've been waiting for so long to hear the truth
It comes as no surprise at all you see
So cut the crap and tell me that we're through
Now, I know your heart, I know your mind
You don't even know you're being unkind
So much for all your highbrow Marxist ways
Just use me up and then you walk away
Boy, you can't play me that way

Well, I guess what you say is true
I could never be the right kind of girl for you

I could never be your woman
I could never be your woman
I could never be your woman
I could never be your woman

When I saw my best friend yesterday
She said she never liked you from the start
Well me, I wish that I could claim the same
But you always knew you held my heart
And you're such a charming, handsome man
Now I think I finally understand
Is it in your genes? I don't know
But I'll soon find out, that's for sure
Why did you play me this way?

Well, I guess what you say is true
I could never be the right kind of girl for you

I could never be your woman
I could never be your woman
I could never be your woman
Oh, I could never be your woman

Well, I guess what they say is true
I could never spend my life with a man like you

I could never be your woman
I could never be your woman
I could never be your woman
Oh, I could never be your woman"
"lyrics-000003","I left my father
I left my mom behind
I left my women here crying every night
At night they were coming for me
I was lucky I escaped
8 days on a clouded blue
8 days at the open sea
I sleep under trees
I sleep under the stars
Everyone i knew seems to be dead
Or behind bars
When i think of the old times
The master speaks for the ward
I played the bass in an hardcore band
Now it all seems so far
All through the barbed wire
Through the cold
Through the night and wind and the rain
I'm alone
Through the barbered wire
Through the cold
Through the pain and the wind and the rain
I still feel old
A place without fear
A single night to rest
A meal on the table
And a little warmth at best
My love was around me
The heart that doesn't hurt
But all i got is my mother scarf
And a hand full of dirt
All through the barbed wire
Trough the cold
through the night and wind and the rain
I'm alone
Through the barbed hire
Through the cold
Through the night and the wind and the rain
I still feel old
Through the barbered wire
Through the cold
Through the night and the wind and the rain
I still feel old"
"lyrics-000004","There's a dream a dream a dream that you can't forget
There is gold gold gold turning to shit
When your mother's weeping in silence
And your father's looking for guidance
There's a corner of the soul in which to descend

Cause everyone has a heart
And every heart has a separate shadow
Every shadow will crave to come clean

There's no need no need no need for humility
That's just the ego advertising differently
When your father's weeping in silence
And your mother's looking for guidance
It's the sun, the moon, the sun and the starfuckery"
"lyrics-000005","(Ooh)
(Ah)
(Ah-ah-ah-ah-ah)
(Ooh)
Truth

The truth is that I never shook my shadow
Every day, it's trying to trick me into doing battle
Calling out faker only get me rattled
Want to pull me back behind the fence with the cattle

Building your lenses
Digging your trenches
Put me on the front line
Leave me with a dumb mind with no defenses
But you're defenseless
If you can't stand to feel the pain then you are senseless

Since this (ooh) I've grown up some different kind of fighter
And when the darkness comes, let it inside you (ah-ah-ah)

And your darkness is shining
My darkness is shining (ah)
Have faith in myself
Truth

I've seen a million numbered doors on the horizon
Now, which is the future you're choosing before you go dyin'?
I'll tell you about a secret I've been undermining
Every little lie in this world comes from dividing
Say you're my lover, say you're my homie

Tilt my chin back, slit my throat, take a bath in my blood, get to know me
All out of my secrets
All my enemies are turning into my teachers
Because, lights blinding, no way dividing what's yours or mine (ooh)

When everything's shining (ah)
And your darkness is shining
My darkness is shining (ah-ah-ah)
Have faith in ourselves
Truth

Yeah
Yes, I'm only loving, only trying to only love
And yes, what I'm trying to do is only loving
Yes, I'm only loving, trying to only love
I swear to God, I'm only trying to be loving (yes, I'm only loving)

Yes, I'm only lonely loving
Yes, I'm only feeling, only loving, only loving (yes, I'm only loving)
You say it ain't loving, ain't loving (ah)
Ain't loving, my loving (yes, I'm only loving)

But I'm only loving, still only loving
Swear to god, I'm only loving
Trying to be loving, loving
Loving, loving, loving, loving (ah)

Yes, I'm only loving, yes, trying to only love
I swear to god, I'm trying but I'm only loving
You say it ain't loving, ain't loving, ain't loving
Ain't loving, ain't loving, my loving (ah)
But I'm only loving, loving, loving, loving the truth

(Ooh)
(Ooh)
(Ooh-ooh-ooh-ooh)
(Ooh-ooh-ooh-ooh)
Ooh-ooh
La-la-la-la-la
Ooh
Truth"
"lyrics-000006","Meet me by the tracks
Love me a good degenerate romance
With a side of class
Champagne and oysters in the underpass

Life is suffering
But less when we're skinny dipping
Want you close to me
But life is short so better make it three

Why resist temptation
I haven't found a good reason
Why resist temptation
With only one life to live
Why resist temptation

Summer by the lake
Carried away is never a mistake
My romantic friend
Romantic friend until the end

I'll bring my guitar
A cozy blanket and a big cigar
Follow the music stumbling in the dark
Better to live too much than not enough

Why resist temptation
I haven't found a good reason
Why resist temptation
With only one life to live
Why resist temptation
When I'm so happy to see ya
Why resist temptation

What's worth more than feeling
Right now can't think so clearly
What's worth more than feeling
What's better than being swept away
I swear I felt the hand of fate
What's worth more than feeling

Why resist temptation
I haven't found a good reason
Why resist temptation
With only one life to live
Why resist temptation
When I'm so happy to see you
Why resist temptation

What's worth more than feeling
Right now can't think so clearly
What's worth more than feeling"
"lyrics-000007","May it be an evening star
Shines down upon you
May it be when darkness falls
Your heart will be true
You walk a lonely road
Oh, how far you are from home

Mornië utúlië
Believe and you will find your way
Mornië alantië
A promise lives within you now

May it be the shadow's call
Will fly away
May it be your journey on
To light the day
When the night is overcome
You may rise to find the sun

Mornië utúlië
Believe and you will find your way
Mornië alantië
A promise lives within you now

A promise lives within you now"
"lyrics-000008","Let me sail, let me sail
Let the Orinoco flow
Let me reach, let me beach
On the shores of Tripoli

Let me sail, let me sail
Let me crash upon your shore
Let me reach, let me beach
Far beyond the Yellow Sea

Sail away, sail away, sail away
Sail away, sail away, sail away
Sail away, sail away, sail away
Sail away, sail away, sail away

From Bissau to Palau
In the shade of Avalon
From Fiji to Tiree
And the Isles of Ebony

From Peru to Cebu
Hear the power of Babylon
From Bali to Cali
Far beneath the Coral Sea

Turn it up, turn it up, turn it up, up, adieu
Ooh
Turn it up, turn it up, turn it up, up, adieu
Ooh
Turn it up, turn it up, turn it up, up, adieu

Sail away, sail away, sail away
Sail away, sail away, sail away
Sail away, sail away, sail away
Sail away, sail away, sail away

From the North to the South
Ebudæ onto Khartoum
From the deep sea of clouds
To the island of The Moon

Carry me on the waves
To the land I've never been
Carry me on the waves
To the lands I've never seen

We can sail, we can sail
With the Orinoco flow
We can sail, we can sail
(Sail away, sail away, sail away)

We can steer, we can near
With Rob Dickins at the wheel
We can sigh, say goodbye
Ross and his dependencies
We can sail, we can sail
(Sail away, sail away, sail away)

We can reach, we can beach
On the shores of Tripoli
We can sail, we can sail
(Sail away, sail away, sail away)

From Bali to Cali
Far beneath the Coral Sea
We can sail, we can sail
(Sail away, sail away, sail away)

From Bissau to Palau
In the shade of Avalon
We can sail, we can sail
(Sail away, sail away, sail away)

We can reach, we can beach
Far beyond the Yellow Sea
We can sail, we can sail
(Sail away, sail away, sail away)

From Peru to Cebu
Hear the power of Babylon
We can sail, we can sail
(Sail away, sail away, sail away)

We can sail, we can sail
Sail away, sail away, sail away
Sail away, sail away, sail away
Sail away, sail away, sail away
Sail away, sail away, sail away
Sail away, sail away, sail away"
"lyrics-000009","Time goes by so slowly
Time goes by so slowly
Time goes by so slowly
Time goes by so slowly
Time goes by so slowly
Time goes by so slowly

Every little thing that you say or do
I'm hung up
I'm hung up on you
Waitin' for your call
Baby, night and day
I'm fed up
I'm tired of waiting on you

Time goes by so slowly for those who wait
No time to hesitate
Those who run seem to have all the fun
I'm caught up
I don't know what to do
Time goes by so slowly
Time goes by so slowly
Time goes by so slowly
I don't know what to do

Every little thing that you say or do
I'm hung up
I'm hung up on you
Waiting for your call
Baby, night and day
I'm fed up
I'm tired of waiting on you

Every little thing that you say or do
I'm hung up
I'm hung up on you
Waiting for your call
Baby, night and day
I'm fed up
I'm tired of waiting on you

Ring, ring, ring goes the telephone
The lights are on but there's no one home
Tick, tick tock it's a quarter to two
And I'm done, I'm hanging up on you

I can't keep on waiting for you
I know that you're still hesitating
Don't cry for me
'Cause I'll find my way
You'll wake up one day
But it'll be too late

Every little thing that you say or do
I'm hung up
I'm hung up on you
Waiting for your call
Baby, night and day
I'm fed up
I'm tired of waiting on you

Every little thing that you say or do
I'm hung up
I'm hung up on you
Waiting for your call
Baby, night and day
I'm fed up
I'm tired of waiting on you

Every little thing
Every little thing
I'm hung up
I'm hung up on you
Waiting for your call
Waiting for your call
I'm fed up
I'm tired of waiting on you

Time goes by so slowly
Time goes by so slowly
Time goes by so slowly
Time goes by so slowly

So slowly
So slowly
So slowly
So slowly
So slowly
So slowly
So slowly
So slowly
So slowly
So slowly
So slowly
So slowly
So slowly
I don't know what to do

Every little thing that you say or do
I'm hung up
I'm hung up on you
Waiting for your call
Baby, night and day
I'm fed up
I'm tired of waiting on you

Every little thing that you say or do
I'm hung up
I'm hung up on you
Waiting for your call
Baby, night and day
I'm fed up
I'm tired of waiting on you

Every little thing
Every little thing
I'm hung up
I'm hung up on you
Waiting for your call
Waiting for your call
I'm fed up
I'm tired of waiting on you
"
"lyrics-000010","I'm gonna fight 'em all
A seven nation army couldn't hold me back
They're gonna rip it off
Taking their time right behind my back

And I'm talking to myself at night
Because I can't forget
Back and forth through my mind
Behind a cigarette
And the message coming from my eyes
Says leave it alone

Don't wanna hear about it
Every single one's got a story to tell
Everyone knows about it
From the Queen of England to the hounds of Hell

And if I catch you coming back my way
I'm gonna serve it to you
And that ain't what you want to hear
But that's what I'll do
And a feeling coming from my bones
Says ""Find a home!""

I'm going to Wichita
Far from this opera for evermore
I'm gonna work the straw
Make the sweat drip out of every pore
And I'm bleeding and I'm bleeding
And I'm bleeding right before the Lord
All the words are gonna bleed from me
And I will think no more
And the stains coming from my blood
Tell me go back home"
"lyrics-000011","The moon is hidding on my side
The night just falling on my ride
The car is drifting on the brink
My life could vanish in a blink
And I sing

The call of freedom don't come twice
I let the engine roll the dice
The need for speed comes out in spread
I feel like Bullitt in my head
And I sing"
"lyrics-000012","I will follow the sound of the owl
bless this house
bless my pillow
bless your pillow
desire
where you want to be
lovingly
you'll have to send a strong goddamn wind to get rid of me
you'll have to send a strong goddamn wind to get rid of me
every single piece
sandpaper and gum
leaning and propped
our arch undone
desire
where you want to be
lovingly
you'll have to send a strong goddamn wind to get rid of me
every single piece
my long way the wrong way"
"lyrics-000013","I'm writing the words to this song with a poison pen
I'm turning a straw into gold and then back again
When you used to be my friend
Before you turned your back on me in the end

I'm building a box made of wood from a tree that I grew
I'm sewing the lining in silk that I spun just for you
And I lay you to rest
I put flowers on your chest, on your chest

And it's happened again
Pull a fast one on me
And I've got to be dumb
If it's always in fun

I'm digging a hole with my hands six feet in the ground
I'm chiseling this epitaph for a stone that I found
Meet this friend indeed
May he rest in peace and get on with

I'm learning to live with the guilt of remembering
I'm willing to try to forgive and forget this thing
That's gone too long
You were right, I was wrong, so wrong

And it's happened again
Pull a fast one on me
And I've got to be dumb
If it's always in fun

But enough's enough
Hold my breath while I pass
While I pass you by

And it's happened again
Pull a fast one on me
You can undo what you've done
And it's always in fun

If it happens again
Pull a fast one on me
Then I've got to be dumb
And in more ways than one

And it's always in fun
And in more ways than one
And it's always in fun
And in more ways than one
And it's always in fun
And in more ways than one"
"lyrics-000014","Boy, you got it going on
Ever since you came along
On, and on, and on, and on

Boy, you got it going on

Ever since you came along
My head keeps spinning round, and round
My head keeps spinning round, and round, and round
My head keeps spinning round, and round, and round

Ever since you came along
My head keeps spinning round, and round, and round
Ever since you came along
Ever since you came along
Boy, you got it going on
You got it going on

Nothing's been the same
Ever since you came
I will never let you go again (again, again, again...)

Flowers in my kitchen sink
Boy, you got it going on
On, and on, and on, and on
Boy, you got it going on

Ever since you came along
My head keeps spinning round, and round, and round
Ever since you came along
Ever since you came along
Boy, you got it going on

You got it going on

You got it going on"
"lyrics-000015","One more night
One more night 'til the morning
One more night
One more night 'til the day
I'll be right
I'll be right in the morning
I'll be alright
I'll be right in the day

But I believe it
One more night 'til the morning
But I believe it
One more night 'til the morning

I'll be trying
I'll be trying in the morning
I'll be trying
I'll be trying in the day
No more lies
No more lies in the morning
No more lies
No more lies in the day

But I believe it
One more night 'til the morning
But I believe it
One more night 'til the morning

I'll be holding on
Holding in
I'll be holding on
And holding in
I'll be holding on
And holding in

One more night
One more night 'til the morning
One more night
One more night 'til the day

I'm on fire
I'm on fire for the morning
I'm on fire
I'm on fire for the day

But I believe it
One more night 'til the morning
But I believe it
One more night 'til the morning

One more night 'til the morning
One more night 'til the morning
One more night 'til the morning"
"lyrics-000016","Witaj, nieznajomy
Pytanie do ciebie mam
Czy zdążę jeszcze wrócić?
Drogi dawno już zasypał czas
Za oknem cisza najcichsza, jaką znam
Taka przed burzą, co zrywa dach

Witaj, nieznajomy
Nawet nie wiem jak na imię masz
Patrzę na ciebie i myślę
Czy to ja za kilka lat?
Za oknem szarość wchodzi w czerń
Ty wciąż nie mówisz do mnie nic
Na tym pustkowiu mieszka śmierć
Czy to tylko część mojego snu, powiedz mi

Ściany się burzą, szyby pękają naraz
Lecę w dół przez błędy wszystkich lat
Widzę wyraźnie pełne rozczarowań twarze
A w oczach ból i gniew uśpionych zdarzeń
Kłamałem więcej niż kiedykolwiek chciałbym przyznać
A w moich żyłach płynęła krew zimniejsza niż stal
Dlatego dzisiaj jestem całkiem sam
Mój nieznajomy, czy widzisz to co ja?
Jak to możliwe, że ktokolwiek ufał mi?
Pozornie szczery, lecz nigdy tak jak dziś
To samo miejsce, ten sam zmęczony strach
Wśród tłumu ludzi odbijam się od dna

Żegnaj, nieznajomy
Już nie chcę twoich rad"
"lyrics-000017","Siedzą sługi, palą szlugi
I sumienia nie mają
Tylu ludzi, dobrych ludzi za mordę trzymają
Hej! Bracia Rosjanie, coście zawinili?
Czy to szlugi, czy te sługi
Krzywdę wam zrobili?
Czy kto jeszcze pisze wiersze w ojczyźnie Puszkina?
Gdy za forsę skalnym torsem szarża się wypina?
I nie mówcie, żeście wcześniej
Na kolanach byli
Bo by trzeba spytać jeszcze
Coście tam robili
Rosjanie, Rosjanie, Rosjanie moi!
Odważny naród, lecz władzy się boi
Kiedyście pijani w samolot strzelali
Brukselczyki-sprzedawczyki
Obiad zamawiali
My Polacy od stu kacy już od tego w dali
I ci, co nad nami stali, swoje odszczekali
Obudźcie się Bracia i za nami zaśpiewajcie
Sprzedawczykom z litej stali
Duszy nie dawajcie!
Rosjanie, Rosjanie, Rosjanie moi!
Odważny naród, lecz władzy się boi
Czemuście pijani w samolot strzelali?
Sługi za szlugi
Świat gotowi spalić
Rosjanie, Rosjanie, Rosjanie moi!
Odważny naród, lecz władzy się boi
Czemuście pijani w samolot strzelali?
Sługi za szlugi
Świat gotowi spalić"
"lyrics-000018","Daleko tak daleko, daleko tak
Daleko tak daleko, daleko tak
Daleko tak daleko, daleko tak
Daleko tak daleko, daleko tak

Jesteś tak daleko ode mnie
Czasami jednak blisko tak
Mogę porozmawiać z tobą czasem
Czasem znajdujesz dla mnie czas
Chciałbym coś powiedzieć o Tobie
Tak często czuję Twoją siłę
Nic się nie dzieje przypadkowo
Chociaż tak często w to wątpiłem

Tak bardzo chciałbym zostać kumplem twym
Tak bardzo chciałbym
Tak bardzo chciałbym zostać kumplem twym
Tak bardzo chciałbym
Tak bardzo chciałbym zostać kumplem twym
Tak bardzo chciałbym
Tak bardzo chciałbym zostać kumplem twym

Daleko tak daleko, daleko tak
Daleko tak daleko, daleko tak
Daleko tak daleko, daleko tak
Daleko tak daleko, daleko tak

Jesteś tak daleko ode mnie
Czasami jednak blisko tak
Wyszedłem z domu, nie było nikogo
Zgubiłem sens, upadłem na twarz
Nocą ulice są złe samotność gnębi mocno tak
Poczułem wtedy, że jesteś
Czasem znajdujesz dla mnie czas

Tak bardzo chciałbym zostać kumplem twym
Tak bardzo chciałbym
Tak bardzo chciałbym zostać kumplem twym
Tak bardzo chciałbym
Tak bardzo chciałbym zostać kumplem twym
Tak bardzo chciałbym
Tak bardzo chciałbym zostać kumplem twym
Tak bardzo chciałbym zostać kumplem twym
Tak bardzo chciałbym
Tak bardzo chciałbym zostać kumplem twym
Tak bardzo chciałbym
Tak bardzo chciałbym zostać kumplem twym
Tak bardzo chciałbym
Tak bardzo chciałbym zostać kumplem twym"
"lyrics-000019","Odmierza czas nowa płyta
Już kolejny przebój nocy wciska się w mózg
Nerwowy rytm nagle chwytasz
I pod skórą jak automat wali ci puls

Popijasz łyk ciepłej coli
I z niesmakiem kręcisz głową że to nie to
A jednak żal wypaść z roli
Właśnie tutaj, właśnie teraz sobie na złość

Hi-Fi super star super hit
Discjockey szczerzy kły znad konsolety
Hi-Fi super star super hit
Na zwariowane sny świat ma apetyt
Hi-Fi super star super hit
Discjockey szczerzy kły znad konsolety
Hi-Fi super star super hit
Na zwariowane sny świat ma apetyt

Porywa cię gra pozorów
Histeryczna deformacja życie nad stan
Aż kapie pot z tranzystorów
Po raz szósty ten sam numer szmira i chłam

Zielony blask pod palcami
Tu za frajer można znaleźć piekło i raj
To nic że tuż za oknami
Senne oczy pusta kieszeń city by night

Hi-Fi super star super hit
Discjockey szczerzy kły znad konsolety
Hi-Fi super star super hit
Na zwariowane sny świat ma apetyt
Hi-Fi super star super hit
Discjockey szczerzy kły znad konsolety
Hi-Fi super star super hit
Na zwariowane sny świat ma apetyt

Hi-Fi super star super hit
Discjockey szczerzy kły znad konsolety
Hi-Fi super star super hit
Na zwariowane sny świat ma apetyt
Hi-Fi super star super hit
Discjockey szczerzy kły znad konsolety
Hi-Fi super star super hit
Na zwariowane sny świat ma apetyt

Hi-Fi super star super hit
Hi-Fi super star super hit

Hi-Fi super star super hit
Discjockey szczerzy kły znad konsolety
Hi-Fi super star super hit
Na zwariowane sny świat ma apetyt"
"lyrics-000020","Mieszkam w teczce tekturowej
Mole chodzą mi po głowie
Czyjeś gumowe rękawiczki otwierają do mnie drzwiczki
Ścierają kurz z moich ust
Czyściciele warg zajęczych odkurzają mnie z pajęczyn
Więc się pytam ich, kurwa, co jest?

Mieszkam w teczce tekturowej
Jak mnie otworzysz to się dowiesz jak
Topi się w wymiotach gorzkie słowo patriota
Więc wypuszczam z mej fajki buch
Nie otwieram tym baranom nawet po szóstej rano
I nie pytam się ich kurwa, co jest?

Kto zważy kolarzy
Nie rusza się z miejsca

Żyję w kraju, w którym wszyscy chcą mnie zrobić w chuja
Żyję w kraju, w którym wszyscy chcą mnie zrobić w chuja
Żyję w kraju, w którym wszyscy chcą mnie zrobić w chuja
Żyję w kraju, w którym wszyscy chcą mnie zrobić w chuja

Za moją kasę

Bywasz piekącym jadem trollów
Na internetowym forum
Vivat Polonia frustrata! Vivat Dąs Psychopata!
Jam nieudacznik grafoman i śmieć
Tylko tu możesz być bogiem - na wszystkich podnosisz nogę
Załatwiasz te sprawę jak pies

Kto z tego napięcia
Pierdolnie ze szczęścia?

Żyję w kraju, w którym wszyscy chcą mnie zrobić w chuja
Żyję w kraju, w którym wszyscy chcą mnie zrobić w chuja
Dlaczego żyję w kraju, w którym wszyscy chcą mnie zrobić w chuja
No bo żyję w kraju, w którym wszyscy chcą mnie zrobić w chuja

Za moją kasę

Tyś podsłuchowa pluskwa tajna
Kasztan wyciągnięty z łajna
Kiedy ja mówię wolność zaraz grozisz mi wojną
Kiedy drugą stronę drogi chcę przejść
Więc kiedy ja mówię wolność nie mów mi że nie wolno
Moja wolność to żaden twój grzech

Mam wycięte na czole
Od chwili poczęcia...

Żyję w kraju, w którym wszyscy chcą mnie zrobić w chuja
Żyję w kraju, w którym wszyscy chcą mnie zrobić w chuja
Żyję w kraju, w którym wszyscy chcą mnie zrobić w chuja
Żyję w kraju, w którym wszyscy chcą mnie zrobić w chuja

Żyję w kraju, w którym wszyscy chcą mnie zrobić w chuja
Żyję w kraju, w którym wszyscy chcą mnie zrobić w chuja
Dlaczego żyję w kraju, w którym wszyscy chcą mnie zrobić w chuja
No bo żyję w kraju, w którym wszyscy chcą mnie zrobić w chuja

Za moją kasę
Za moją kasę"
"lyrics-000021","Znajomy adres, te same schody
I nagłych przestrachów drzwi
A może to wszystko się iśni
Zwyczajne kwiaty na parapecie
Po kątach też zwykły kurz
A jeśli to przepadło już

Lęk, głuchy lęk na dnie skryty gdzieś

Wtedy dziwisz się, że tak kocham nieprzytomnie
Jakby zaraz świat miał się skończyć
Kiedy pytasz mnie: czemu rzucam się jak w ogień
Wprost w ramiona twe, myślę sobie

Nic nie może przecież wiecznie trwać
Co zesłał los trzeba będzie stracić
Nic nie może przecież wiecznie trwać
Za miłość też przyjdzie kiedyś nam zapłacić

I tylko cisza, i nasze ręce i myśl koląca jak cierń
A jeśli tak naprawdę jest
Wtedy dziwisz się, że tak kocham nieprzytomnie
Jak by zaraz świat miał się skończyć
Kiedy pytasz mnie: czemu rzucam się jak w ogień
Wprost w ramiona twe, myślę sobie
Nic nie może przecież wiecznie trwać
Co zesłał los trzeba będzie stracić
Nic nie może przecież wiecznie trwać
Za miłość też przyjdzie nam zapłacić
Nic nie może przecież wiecznie trwać
Co zesłał los trzeba będzie stracić
Nic nie może przecież wiecznie trwać
Za miłość też przyjdzie kiedyś nam zapłacić
Nic nie może przecież wiecznie trwać
Co zesłał los trzeba będzie stracić
Nic nie może przecież wiecznie trwać
Co zesłał los trzeba będzie stracić
Nic nie może przecierz wiecznie trwać
Co zesłał los trzeba będzie stracić
Nic nie może przecież wiecznie trwać
Co zesłał los trzeba będzie stracić
Nic nie może przecież wiecznie trwać"
"lyrics-000022","W moim ogrodzie, gdzie czas leniwy
Powolną strugą płynął wytrwale
W moim ogrodzie, gdzie jeszcze nigdy
Tak dawno słów przyjaznych parę

W moim ogrodzie, gdzie smutek gości
Gdzie gorzkie dni i gorzkie noce
W moim ogrodzie, gdzie samotności
Nikt nie rozjaśniał, gdzie nigdy dotyk

W moim ogrodzie, gdzie długa zima
Zmroziła wszystkie ciepłe uczucia
W moim ogrodzie, gdzie strumień źródła
Zastygł w bezruchu, a czas umykał

Aż pewnej nocy puściły lody
Ogrodu serce mocniej zabiło
Przyszłaś, nabrałaś źródlanej wody
I napoiłaś, a wszystko ożyło

Byłaś tak śliczna, niczym poranek
Niczym wiosenny kwiat jabłoni
I nie zapomnę nigdy tej chwili
Gdy dłoń dotknęła twojej dłoni

I nie zapomnę tych chwil radosnych
Kiedy nie mogąc wydobyć słowa
Z zapartym tchem patrzyłem Ci w oczy
Tak trwała nasza bez słów rozmowa

Ja twoje włosy dotykałem ukradkiem
Gdy zamyślona z pochyloną głową
Byłaś mi jak prześliczna nimfa
Co się przegląda nad tafli wodą

I choć tak blisko byłaś przy mnie
Choć twoje oczy śmiały się do mnie
Doprawdy niczego nie jestem pewien
Co czułaś wtedy, czy wart jestem wspomnień
Wspomnień"
"lyrics-000023","Uważaj na niego dziewczyny kolego, uważaj na niego
- Uważaj na niego
Jest z metra cięty prosto z Pani wyjęty
Uważaj właśnie dlatego

Jego oczy marzące, jego usta drwiące, jego aury pachnące
- Uważaj na niego
Jego kosmetyki, jego taty fabryki
Jego kraje gorące

Pokaż mi śniegi
Zjedź ze mną po białej łące
Nie bierzmy kolegi
Szepcą do ucha, jego usta drwiące

Po białej łące były rytmy gorące, było tango gorszące
A niech sobie gadają, a kelnerzy podają
Owoce morzem pachnące

Pokaż mi śniegi
Zjedź ze mną po białej łące
Nie bierzmy kolegi
Szepce do ucha, jego usta drwią

Ona chodzi gdzieś w gości, ona się złości, musi nadrabiać zaległości
Ciągle u koleżanki, nie ma czasu na randki
Zdaje egzamin dojrzałości

Pokaż mi śniegi
Zjedź ze mną po białej łące
Nie bierzmy kolegi
Szepce do ucha, jego usta drwią

Wiec uważaj na niego, dziewczyny kolego kiedy wpadniesz z nią na niego
Jest z metra cięty prosto z Pani wyjęty
Uważaj właśnie dlatego

Pokaż mi śniegi
Zjedź ze mną po białej łące
Nie bierzmy kolegi
Szepcą do ucha, jego usta drwiące

Pokaż mi śniegi
Zjedź ze mną po białej łące
Nie bierzmy kolegi
Szepce do ucha, jego usta drwią"
"lyrics-000024","Jest bardzo bardzo bardzo cicho
Słońce rozpala nagie ciała
Morze i niebo ostro lśni
Dobrze mi, ach, jak dobrze mi

Jem słodkie słodkie winogrona
Ty śpisz w moich w moich ramionach
Morze i niebo ostro lśni
Dobrze mi, ach, jak dobrze mi

Cykady na Cykladach
Cykady na Cykladach
W nocy gwiazdy spadają
A dyskoteka gra

Przez bardzo bardzo krótką chwilę
Dokoła widzę rój motyli
Stopy mam takie gorące
W gorących ustach słońce

Jem słodkie słodkie winogrona
Ty śpisz w moich w moich ramionach
Morze i niebo ostro lśni
Dobrze mi ach jak dobrze mi

Cykady na Cykladach
Cykady na Cykladach
W nocy gwiazdy spadają
A dyskoteka gra

Cykady na Cykladach
Cykady na Cykladach
W nocy gwiazdy spadają
A dyskoteka gra

Cykady na Cykladach
Cykady na Cykladach
W nocy gwiazdy spadają
A dyskoteka gra"
"lyrics-000025","Znowu ktoś mnie podgląda
Lekko skrobie do drzwi
Strasznym okiem cyklopa
Radzi, gromi i drwi!

Mój jest ten kawałek podłogi
Nie mówcie mi więc, co mam robić!
Mój jest ten kawałek podłogi
Nie mówcie mi więc, co mam robić!

Meble już połamałem
Nowy ład zrobić chcę
Tynk ze ścian już zdrapałem
Zamurować czas drzwi!

Mój jest ten kawałek podłogi
Nie mówcie mi więc, co mam robić!
Mój jest ten kawałek podłogi
Nie mówcie mi więc, co mam robić!

Mój jest ten kawałek podłogi
Nie mówcie mi więc, co mam robić!
Mój jest ten kawałek podłogi
Nie mówcie mi więc, co mam robić!

Wielkie dzieło skończyłem
But do wyjścia mnie pcha
Prężę się i napinam
Lecz mur stoi jak stał

Mój jest ten kawałek podłogi
Nie mówcie mi więc, co mam robić!
Mój jest ten kawałek podłogi
Nie mówcie mi więc, co mam robić!"
"lyrics-000026","Nad ogromną betonową wsią
Z wolna gaśnie słoneczna żarówka
Pod ogromną betonową wieś
Kocim krokiem podchodzi szarówka

Już z ogonków wycofały się
Frasobliwe kolejek Madonny
Do kapliczek powracają gdzie
Telewizor z prognozą pogody!

Szklana pogoda
Szyby niebieskie od telewizorów!
Szklana pogoda
Szklanka naciąga bez humoru!
Szklana pogoda!

Rygle, zamki zabezpieczą drzwi
Szklany judasz gości skontroluje
Noc nie straszna, kiedy kłódki trzy
Na złodzieja bracie narychtujesz!

Windy szumią śpiewankę do snu
Sąsiad pacierz klepie na kolanach
Może jeszcze raz się uda znów?
Przetrwać noc i doczołgać do rana!

Szklana pogoda
Szyby niebieskie od telewizorów!
Szklana pogoda
Szklanka naciąga bez humoru!
Szklana pogoda!

Szklana pogoda
Szyby niebieskie od telewizorów!
Szklana pogoda
Szklanka naciąga bez humoru!
Szklana pogoda!

Szklana pogoda
Szyby niebieskie od telewizorów!
Szklana pogoda
Szklanka naciąga bez humoru!
Szklana pogoda!"
"lyrics-000027","You've applied the pressure to have me crystalised
And you've got the faith, that I could bring paradise

I'll forgive and forget before I'm paralysed
Do I have to keep up the pace to keep you satisfied?
Ay, ay

Things have gotten closer to the sun, and I've done things in small doses
So don't think that I'm pushing you away when you're the one that I've kept closest

Ay, ay, ay
Ay, ay, ay
Ay, ay, ay
Ay, ay, ay

You don't move slow, I'm taking steps in my direction
The sound resounds, echo, does it lessen your affection? No

You say I'm foolish for pushing this aside
But burn down our home, I won't leave alive
Ay, ay, ay

Glaciers have melted to the sea, I wish the tide would take me over
I've been down on my knees, and you just keep on getting closer

Ay, ay, ay
Ay, ay, ay
Ay, ay, ay
Ay, ay, ay

Glaciers have melted to the sea (things have gotten closer to the sun)
I wish the tide would take me over (and I've done things in small doses)
I've been down onto my knees (so don't think that I'm pushing you away)
And you just keep on getting closer (when you're the one that I've kept closest)

Go slow, go slow, woah-oh
Go slow, go slow, woah-oh
Go slow"
"lyrics-000028","When the sun goes down, and the moon comes up
I turn into a teenage goo goo muck
Yeah, I cruise through the city and i roam the street
Looking for something that is nice to eat
You better duck
When I show up...
The goo goo muck.

I'm the night headhunter looking for some head
With a way out body underneath that head
Well I'll get you baby with a little luck
'Cuz i'm teenage tiger and a goo goo muck
You better duck
When I show up...
The goo goo muck

Yeah, the city is a jungle and I'm a beast
I'm a teenage tiger looking for a feast
I want the most but i'll take the least
'Cuz i'm a goo goo muck tiger and a teenage beast, yeah...
You'd better duck, you motherfuck!

...The goo goo muck."
"lyrics-000029","Babe,
Nothing feels the same
Now I got the taste
Of your sweetest remedy

Strange,
How I feel this way
Your stuck in my brain
Like an endless melody

Babe
Feels like I'm in love
Just can't get enough
I'm in need of remedy

Yeah
I've been in love before
But I'm standing at your door
Where nothing is like everything

Your melody melody melody
Is my remedy remedy remedy

Your melody melody melody melody
Is my remedy remedy remedy remedy

Well
I'm stumbling to the caves
On these Delta Waves
But you're a step ahead of me

Strange,
How I feel this way
You're still in my brain
Like an endless melody

Your melody melody melody melody
Is my remedy remedy remedy remedy

Your melody melody melody melody
Is my remedy remedy remedy remedy

Your melody melody melody melody
Is my remedy remedy remedy remedy

Your melody melody melody melody
Is my remedy remedy remedy remedy"
"lyrics-000030","We clawed, we chained our hearts in vain
We jumped, never asking why
We kissed, I fell under your spell
A love no one could deny

Don't you ever say I just walked away
I will always want you
I can't live a lie, running for my life
I will always want you

I came in like a wrecking ball
I never hit so hard in love
All I wanted was to break your walls
All you ever did was wreck me
Yeah, you, you wreck me

I put you high up in the sky
And now, you're not coming down
It slowly turned, you let me burn
And now, we're ashes on the ground

Don't you ever say I just walked away
I will always want you
I can't live a lie, running for my life
I will always want you

I came in like a wrecking ball
I never hit so hard in love
All I wanted was to break your walls
All you ever did was wreck me

I came in like a wrecking ball
Yeah, I just closed my eyes and swung
Left me crashing in a blazin' fall
All you ever did was wreck me
Yeah, you, you wreck me

I never meant to start a war
I just wanted you to let me in
And instead of using force
I guess I should've let you in
I never meant to start a war
I just wanted you to let me in
I guess I should've let you in

Don't you ever say I just walked away
I will always want you

I came in like a wrecking ball
I never hit so hard in love
All I wanted was to break your walls
All you ever did was wreck me

I came in like a wrecking ball
Yeah, I just closed my eyes and swung
Left me crashing in a blazin' fall
All you ever did was wreck me

Yeah, you, you wreck me
Yeah, you, you wreck me"
"lyrics-000031","Hit the beat
And take it to the verse, now
Yeah, yeah, yeah
Yeah, yeah, yeah
Yeah, yeah, yeah
Yeah, yeah, yeah

I love you
But I gotta stay true
My morals got me on my knees
I'm begging, please, stop playing games

I don't know what this is
'Cause you got me good
Just like you knew you would
I don't know what you do
But you do it well
I'm under your spell

You got me begging you for mercy (Yeah, yeah, yeah)
Why won't you release me? (Yeah, yeah, yeah)
You got me begging you for mercy (Yeah, yeah, yeah)
Why won't you release me? (Yeah, yeah, yeah)
I said release me (Yeah, yeah, yeah)

Now you think that I
Will be something on the side
But you got to understand
That I need a man
Who can take my hand, yes I do

I don't know what this is
'Cause you got me good
Just like you knew you would
I don't know what you do
But you do it well
I'm under your spell

You got me begging you for mercy (Yeah, yeah, yeah)
Why won't you release me? (Yeah, yeah, yeah)
You got me begging you for mercy (Yeah, yeah, yeah)
Why won't you release me? (Yeah, yeah, yeah)
I said you'd better release (Yeah, yeah, yeah)
Yeah, yeah, yeah

I'm begging you for mercy
You look at me and think we're the same kind
'Cause you don't know what I got and
Yes, why won't you release me?
I'm gonna get more than I'm asking for
But I just don't want to waste my time
I'm begging you for mercy
You know that I'll be the other girl
Just like there's nothing in this world
You got me begging
I know that I'm gonna get me some
I just don't know where to get it from
You got me begging
You got me begging

Mercy (Yeah, yeah, yeah)
Why won't you release me? (Yeah, yeah, yeah)
I'm begging you for mercy (Yeah, yeah, yeah)
Why won't you release me? (Yeah, yeah, yeah)

You got me begging you for mercy (Yeah, yeah, yeah)
I'm begging you for mercy (Yeah, yeah, yeah)
I'm begging you for mercy (Yeah, yeah, yeah)
I'm begging you for mercy (Yeah, yeah, yeah)
I'm begging you for mercy (Yeah, yeah, yeah)
Why won't you release me, yeah! yeah!
Break it down
Mercy, begging you for mercy
You got me begging
Down on my knees
You got me begging
Begging you for mercy
You got me begging
Eeeeh, eeeeh
Eeeh, oooh"
"lyrics-000032","This world can hurt you
It cuts you deep and leaves a scar
Things fall apart, but nothing breaks like a heart
And nothing breaks like a heart

I heard you on the phone last night
We live and die by pretty lies
You know it, oh, we both know it
These silver bullet cigarettes
This burning house, there's nothing left
It's smoking, we both know it
We got all night to fall in love
But just like that we fall apart
We're broken, we're broken

Mmh, well, nothing, nothing, nothing gon' save us now

Well, there's broken silence
By thunder crashing in the dark (crash in the dark)
And this broken record
Spin endless circles in the bar (spin 'round in the bar)
This world can hurt you
It cuts you deep and leaves a scar
Things fall apart, but nothing breaks like a heart
Mmh, and nothing breaks like a heart

We'll leave each other cold as ice
And high and dry, the desert wind
Is blowin', is blowin'
Remember what you said to me?
We were drunk in love in Tennessee
And I hold it, we both know it

Mmh, nothing, nothing, nothing gon' save us now
Nothing, nothing, nothing gon' save us now

Well, there's broken silence
By thunder crashing in the dark (crash in the dark)
And this broken record
Spin endless circles in the bar (spin 'round in the bar)
This world can hurt you
It cuts you deep and leaves a scar
Things fall apart, but nothing breaks like a heart
Mhmm, and nothing breaks like a heart
Nothing breaks like a heart
Mhmm, and nothing breaks like a heart

Well, nothing, nothing, nothing gon' save us now
Nothing, nothing, nothing gon' save us now

Well, there's broken silence
By thunder crashing in the dark (crash in the dark)
And this broken record
Spin endless circles in the bar (spin 'round in the bar)
This world can hurt you
It cuts you deep and leaves a scar
Things fall apart, but nothing breaks like a heart
Mhmm, but nothing breaks like a heart
But nothing breaks like a heart
Mhmm, but nothing breaks like a heart"
"lyrics-000033","Honestly, what would become of me
Don't like reality
It's way too clear to me
But really, life is dandy
We are what we don't see
We miss everything daydreaming

Flames to dust, lovers to friends
Why do all good things come to an end
Flames to dust, lovers to friends
Why do all good things come to an end
Come to an end, come to an
Why do all good things come to an end
Come to an end, come to an
Why do all good things come to an end

Travelling, I only stop at exits
Wondering if I'll stay
Young and restless
Living this way, I stress less
I want to pull away when the dream dies
The pain sets in and I don't cry
I only feel gravity and I wonder why

Flames to dust, lovers to friends
Why do all good things come to an end
Flames to dust, lovers to friends
Why do all good things come to an end
Come to an end, come to an
Why do all good things come to an end
Come to an end, come to an
Why do all good things come to an end

Well the dogs were whistling a new tune
Barking at the new moon
Hoping it would come soon so that they could
Dogs were whistling a new tune
Barking at the new moon
Hoping it would come soon so that they could
Die, die, die, die

Flames to dust, lovers to friends
Why do all good things come to an end
Flames to dust, lovers to friends
Why do all good things come to an end
Come to an end, come to an
Why do all good things come to an end
Come to an end, come to an
Why do all good things come to an end

Well the dogs were barking at the new moon
Whistling a new tune
Hoping it would come soon
And the sun was wondering if it should
Stay away for a day 'til the feeling went away
And the sky was falling
And the clouds were dropping and the rain
Forgot how to bring salvation
The dogs were barking at the new moon
Whistling a new tune
Hoping it would come soon so that they could die"
"lyrics-000034","I heard you on the phone last night
We live and die by pretty lies, you know it
We both know it
This silver bullet cigarettes
This burning house
There's nothing left
And it's smoking
We both know it
We got all night to fall in love
But just like that we'd fall apart
We're broken
We're broken

Ooh, but nothing, nothing, nothing gon' save us now

There's broken silence
By thunder crashing in the dark
This broken record
Spin endless circles in the bar
This world can't hurt you
It cuts you deep and leaves a scar
But days fall apart
And nothing breaks like a heart, mmmhh
Nothing breaks like a heart

We'll leave each other cold as ice and high and dry
The desert wind is blowing
Is blowing
Remember what you said to me
We're drunk in love in Tennessee
And I hold it, we both know it
Ooh, but nothing, nothing, nothing gon' save us now

No, nothing, nothing, nothing gon' save us now

There's broken silence
By thunder crashing in the dark
This broken record
Spin endless circles in the bar
This world can't hurt you
It cuts you deep and leaves a scar
But days fall apart, but nothing breaks like a heart, mmmhh
Nothing breaks like a heart
Nothing breaks like a heart, mmmhh
Nothing breaks like a heart

But, nothing, nothing, nothing gon' save us now
No, nothing, nothing, nothing gon' save us now
No, nothing, nothing, nothing gon' save us now
Oh, nothing, nothing, nothing gon' save us now

Oh, there's broken silence
By thunder crashing in the dark
Oh, this broken record
Spin endless circles in the bar
This world can't hurt you
It cuts you deep and leaves a scar
But days fall apart, but nothing breaks like a heart, mmmhh
Nothing breaks like a heart
Nothing breaks like a heart
Nothing breaks like a heart"
"lyrics-000035","I put a spell on you (I put a spell on, spell, spell)
Because you're mine (because you're mine)

You better stop the things you do

I tell you, I ain't lyin'
I ain't lyin'

You know I can't stand it
You're runnin' around
You know better, daddy
I cannot stand it 'cause you put me down, oh no

I put a spell on you

Because you're mine

All mine

You know I love you
I love you, I love you
I love you anyhow
And I don't care if you don't want me
I'm yours right now

I put a spell on you

Because you're mine

You know I can't stand it
You're runnin' around
You know better, daddy
I can't stand it 'cause you put me down, ooh

I put a spell on you

Because you're mine

Because you're mine

Because you're mine"
"lyrics-000036","Oh, he treats me with respect
He says he loves me all the time
He calls me 15 times a day
He likes to make sure that I'm fine

You know I've never met a man
Who's made me feel quite so secure
He's not like all them other boys
They're all so dumb and immature

There's just one thing that's getting in the way
When we go up to bed, you're just no good, it's such a shame
I look into your eyes, I want to get to know ya
And then you make this noise, and it's apparent it's all over

It's not fair and I think you're really mean
I think you're really mean, I think you're really mean
Oh, you're supposed to care
But you never make me scream
You never make me scream

Oh, it's not fair and it's really not okay
It's really not okay, it's really not okay
Oh, you're supposed to care
But all you do is take
Yeah, all you do is take

Oh, I lie here in the wet patch
In the middle of the bed
I'm feeling pretty damn hard-done by
I spent ages givin' —

Then I remember all the nice things
That you've ever said to me
Maybe I'm just overreacting
Maybe you're the one for me

There's just one thing that's getting in the way
When we go up to bed, you're just no good, it's such a shame
I look into your eyes, I want to get to know ya
And then you make this noise, and it's apparent it's all over

It's not fair and I think you're really mean
I think you're really mean, I think you're really mean
Oh, you're supposed to care
But you never make me scream
You never make me scream

Oh, it's not fair and it's really not okay
It's really not okay, it's really not okay
Oh, you're supposed to care
But all you do is take
Yeah, all you do is take

There's just one thing that's getting in the way
When we go up to bed, you're just no good, it's such a shame
I look into your eyes, I want to get to know ya
And then you make this noise, and it's apparent it's all over

It's not fair and I think you're really mean
I think you're really mean, I think you're really mean
Oh, you're supposed to care
But you never make me scream
You never make me scream

Oh, it's not fair and it's really not okay
It's really not okay, it's really not okay
Oh, you're supposed to care
But all you do is take
Yeah, all you do is take"
"lyrics-000037","They call me the Wild Rose
But my name was Elisa Day
Why they call me that I do not know
For my name was Elisa Day

From the first day I saw her
I knew she was the one
She stared at my eyes and smiled
For her lips were the colour of the roses
That grew down the river
All bloody and wild

When he knocked on my door and entered the room
My trembling subsided in his sure embrace
He would be my first man, and with a careful hand
He wiped at the tears that ran down my face

They call me the Wild Rose
But my name was Elisa Day
Why they call me that I do not know
For my name was Elisa Day

On the second day I brought her a flower
She was more beautiful than any woman I've seen
I said, ""Do you know where the wild roses grow
So sweet and scarlet and free?""

On the second day he came with a single red rose
He said: ""Give me your loss and your sorrow!""
I nodded my head
As I lay on the bed
""If I show you the roses will you follow?""

They call me the Wild Rose
But my name was Elisa Day
Why they call me that I do not know
For my name was Elisa Day

On the third day he took me to the river
He showed me the roses, and we kissed
And the last thing I heard was a muttered word
As he knelt above me with a rock in his fist

On the last day I took her where the wild roses grow
She lay on the bank, the wind light as a thief
As I kissed her goodbye, said ""All beauty must die""
And lent down and planted a rose between her teeth

They call me the Wild Rose
But my name was Elisa Day
Why they call me that I do not know
For my name was Elisa Day"
"lyrics-000038","You try to hold me down so I became a soldier
Built up all theses walls and now I'm climbing over
Those nasty bees are tempting me
Oh Lord! but I ain't going back

You take me for a fool (fool), that doesn't make me foolish
Told me I was wrong (wrong), passion made you ruthless
Manipulate, It's just too late
Oh lord! 'cause I ain't going back no more

Your fueling of the flames gonna show you what I'm made of

Breakin' every chain that you put on me
You thought I wouldn't change but I grew on you
'Cause I will never be what you wanted
This fire (this fire), this fire
Is keeping me alive
Making me believe I couldn't do without you
Make it hard to leave you think It's all about you
You know I'll never be what you wanted
This fire (this fire), this fire

I tried to get this weight off of my shoulders
Built up all my strength I'm finally taking over
Complicate, I don't appreciate
Oh lord! 'cause I ain't going back no more

Your fueling of the flames gonna show you what I'm made of

Breakin' every chain that you put on me
You thought I wouldn't change but I grew on you
'Cause I will never be what you wanted
This fire (this fire), this fire
Is keeping me alive

Making me believe I couldn't do without you
Make it hard to leave you think It's all about you
You know I'll never be what you wanted
This fire (this fire), this fire

Is keeping me alive
Keeping me alive
Keeping me alive
This fire (this fire), this fire (Is keeping me alive)

Breakin' me, shakin' me, shapin' me into what I never wanted, oh
Breakin' me, shakin' me makin' my beatin' heart a little stronger
Stronger, strong baby

Breakin' every chain that you put on me
You thought I wouldn't change but I grew on you
'Cause I will never be what you wanted
This fire (this fire), this fire
Is keeping me alive

Breakin' every chain that you put on me
You thought I wouldn't change but I grew on you
'Cause I would never be what you wanted
This fire (this fire), this fire
Is keeping me alive

Making me believe I couldn't do without you
Make it hard to leave you think It's all about you
You know I'll never be what you wanted
This fire (this fire), this fire

Is keeping me alive
Keeping me alive, keeping me alive
This fire (this fire), this fire
Is keeping me alive"
"lyrics-000039","I got on the phone and called the girls, said
""Meet me down at Curly Pearls, for a
Ney, nah neh nah""
(Ney, nah neh nah)

In my high-heeled shoes and fancy fads
I ran down the stairs hailed me a cab, going
Ney, nah neh nah
(Ney, nah neh nah)

Ney, nah neh nah
(Ney, nah neh nah)
Oh, nah, ney, nah neh nah
(Ney, nah neh nah)
Nah nah nah

When I pushed the door, I saw Eleanor
And Mary-Lou swinging on the floor, going
Ney, nah neh nah
(Ney, nah neh nah)

Sue came in, in a silk sarong
She waltzed across as they played that song
I mean
Ney, nah neh nah
(Ney, nah neh nah)

Ney, nah neh nah
(Ney, nah neh nah)
Oh, nah, ney, nah neh nah
(Ney, nah neh nah)
Nah nah nah

Annie was a little late
She had to get out of a date with a
Ney, nah neh nah
(Ney, nah neh nah)

Curly fixed another drink
As the piano man began to sing that song
Ney, nah neh nah
(Ney, nah neh nah)

Ney, nah neh nah
(Ney, nah neh nah)
Oh, nah, ney, nah neh nah
(Ney, nah neh nah)
Nah nah nah

It was already half past three
But the night was young and so were we, dancing
Ney, nah neh nah
(Ney, nah neh nah)

Oh Lord, did we have a ball
Still singing, walking down that hall, that
Ney, nah neh nah
(Ney, nah neh nah)

Ney, nah neh nah
(Ney, nah neh nah)
Oh, nah, ney, nah neh nah
(Ney, nah neh nah)
Nah nah nah"
"lyrics-000040","Jolene, Jolene, Jolene, Jolene
I'm begging of you please don't take my man
Jolene, Jolene, Jolene, Jolene
Please don't take him even though you can

Your beauty is beyond compare
With flaming locks of auburn hair
With ivory skin and eyes of emerald green
Your smile is like a breath of spring
Your voice is soft like summer rain
And I cannot compete with you, Jolene

He talks about you in his sleep
There's nothing I can do to keep
From crying when he calls your name, Jolene

Jolene, Jolene, Jolene, Jolene
I'm begging of you please don't take my man
Jolene, Jolene, Jolene, Jolene
Please don't take him even though you can

And I can easily understand
How you could easily take my man
But you don't know what he means to me, Jolene

You could have your choice of men
But I could never love again
He's the only one for me, Jolene

I had to have this talk with you
My happiness depends on you
And whatever you decide to do, Jolene

Jolene, Jolene, Jolene, Jolene
I'm begging of you please don't take my man
Jolene, Jolene, Jolene, Jolene
Please don't take him even though you can"
"lyrics-000041","Jolene, Jolene, Jolene, Jolene
Ooh, I'm begging of you please don't take my man
Jolene, Jolene, Jolene, Jolene
Oh, please don't take him even though you can

Your beauty is beyond compare
Flaming locks of auburn hair
With ivory skin and eyes of emerald green
Your smile is like a breath of spring
Your skin is soft like summer rain
And I can not compete with you, Jolene

Jolene, Jolene, Jolene, Jolene
Ooh, I'm begging of you please don't take my man
Jolene, Jolene, Jolene, Jolene
Oh, please don't take him even though you can

Now I can easily understand
How you could easily take my man
But you don't know what he means to me, Jolene
He talks about you in his sleep
There's nothing I can do to keep from crying
When he calls your name, Jolene

Jolene, Jolene, Jolene, Jolene
Ooh, I'm begging of you please don't take my man
Jolene, Jolene, Jolene, Jolene
Oh, please don't take him just because you can

Jolene (Jolene)
Jolene (Jolene)
Jolene (Jolene)

Thank you
Thank y'all so much
Thank you
Are y'all having a good time so far?
I hope this show is a representation of you never need to choose who you want to be
And you don't need to fit into any boundaries or into any boxes
You can be anything and everything that you've ever wanted to be all at the same time

Everything that contradicts itself can coexist in harmony and I believe that
And sometimes you may look ridiculous
Like you're wearing some sort of, I don't know, 3033 workout attire and a fucking cowboy hat
But you know what, that's how I feel today
I feel like I'd like to time travel into the future where we all have a little bit more understanding
But we never will, we'll never quite understand

It's all evolving right in front of all us
We're evolving in front of ourselves
Some days even I'm surprised by the shit that I do
But that's what makes each of us so individual
And so this song is called ""High"""
"lyrics-000042","Oh oh and I,
I put a wish in,
Made it my mission
To end the conflict.
But oh,
I put a wish in,
Hoping you'd listen.
Be my accomplice
But ohhh

Relax, its only dreaming facts,
Giving way to feelings.
No one ever stays long,
Its over when you wake up.
So I knew that it was
In the picture perfect world.
We can be more than before.
I said it was,
I made it stronger.

From the beginning,
My head was spinning,
The perfect star.
Oh a church,
A place to fit in,
A new religion,
I found your heart
But oh oh.

Relax, its only dreaming facts
Giving way to feelings.
No one ever stays long,
Its over when you wake up.
So I knew that it was
In the picture perfect world.
We can be more than before.
I said it was,
I made it stronger.
Don't get mad,
You did your best
And now it's
All in the past to stay.

So I knew that it was
In the picture perfect world.
We can be more than before.
I said it was,
I made it stronger

In the picture perfect world.
We can be more than before.
I said it was,
I made it stronger."
"lyrics-000043","Ooh-ooh, ooh-ooh
Ooh-ooh, ooh-ooh

No sleep
No sleep until I'm done with finding the answer
Won't stop
Won't stop before I find a cure for this cancer
Sometimes
I feel like going down and so disconnected
Somehow
I know that I am haunted to be wanted

I've been watchin'
I've been waitin'
In the shadows for my time
I've been searchin'
I've been livin'
For tomorrows all my life

Ooh-ooh, ooh-ooh
In the shadows
Ooh-ooh, ooh-ooh
In the shadows

They say
That I must learn to kill before I can feel safe
But I
I'd rather kill myself than turn into their slave
Sometimes
I feel that I should go and play with the thunder
Somehow
I just don't wanna stay and wait for a wonder

I've been watchin'
I've been waitin'
In the shadows for my time
I've been searchin'
I've been livin'
For tomorrows all my life

Lately I've been walkin',
Walkin' in circles, watchin', waitin' for somethin'
Feel me, touch me, heal me
Come, take me higher

I've been watchin'
I've been waitin'
In the shadows for my time
I've been searchin'
I've been livin'
For tomorrow all my life

I've been watchin'
I've been waitin'
I've been searchin'
I've been livin' for tomorrows

Ooh-ooh, ooh-ooh
In the shadows
Ooh-ooh, ooh-ooh
In the shadows

I've been waitin'"
"lyrics-000044","Sobota rano, spać nie możesz
Wstaniesz, kapcie włożysz
Potem się golisz tylko dla niej i do łóżka śniadanie
Przynosisz jej z porannym słonkiem
Po to, by małżonkę
Namówić na co nieco małe, ""No chyba zwariowałeś!""

Kobiety jak te kwiaty, kto żonaty ten wie
Powąchać tak, dotykać nie
Minęła pora godowa
Teraz tylko boli głowa
Kobiety jak te kwiaty, nie podniecaj się
Powąchać tak, dotykać nie
Gdy przyjdzie wiosna
Przyjmij ten cios na klatę

Ona ogląda się za tymi
No wiesz, lepiej ubranymi
Bo to prawdopodobnie geje
Tak, taką masz nadzieję
Wydasz ostatnie zaskórniaki
Bo chcesz nadrobić braki
A ona wzrusza ramionami
Więc przykro Ci czasami

Kobiety jak te kwiaty, kto żonaty ten wie
Powąchać tak, dotykać nie
Minęła pora godowa
Teraz tylko boli głowa
Kobiety jak te kwiaty, nie podniecaj się
Powąchać tak, dotykać nie
Gdy przyjdzie wiosna
Przyjmij ten cios na klatę
Jeszcze gorzej będzie latem

Syn przed maturą, kawał chłopa
Znów zabrał Ci laptopa
Że niby chodzi tu o szkołę
A nie o baby gołe
Raz go nakryłeś z taką małą
Jesus, co za ciało
Mówi, ""I tak się z nią ożenię""
Znów skacze Ci ciśnienie

Kobiety jak te kwiaty, kto żonaty ten wie
Powąchać tak, dotykać nie
Minęła pora godowa
Teraz tylko boli głowa
Kobiety jak te kwiaty, nie podniecaj się
Powąchać tak, dotykać nie
Gdy przyjdzie wiosna
Przyjmij ten cios na klatę

Kobiety jak te kwiaty, kto żonaty ten wie
Powąchać tak, dotykać nie
Minęła pora godowa
Teraz tylko boli głowa
Kobiety jak te kwiaty, nie podniecaj się
Powąchać tak, dotykać nie
Gdy przyjdzie wiosna
Przyjmij ten cios na klatę
Jeszcze gorzej będzie latem"
"lyrics-000045","Seasons turn and turn again, bitter winds begin to blow
See me catch a drifting cloud, fly away, and let the rabble go
Running fast, rage of wolves, a caring heart's a blessing or a curse
Gliding high above the crowds, their spitting rage no longer hurts

Flying up above the fields, above the woods and stars, far from here
Bright horizons, folding sky take me as you've taken away my fear
Say what you like, cutting jibes, those wicked taunts they're not getting through
Echoes of their distant rage fade and vanish into the blue

Summer winds will soon return, here to carry me away
I'll hang upon the sun-white clouds, I'm soaring now beyond the fray
I embrace open wounds, my scars to heal, my spirit beams
I'm flying now to the hills, overseas to meet my dreams

Summer winds will soon return, here to carry me away
I'll hang upon the sun-white clouds, I'm soaring now beyond the fray
I embrace open wounds, my scars to heal, my spirit beams
I'm flying now to the hills, overseas to meet my dreams

Looking down I see the view, pastures of the great wide world
I dream it now, my life anew, a fresh canvas to be unfurled
Foreign lands, friendly towns, is there a place to make me whole
Healing rays, hope of spring, faith, returning to my soul

Summer winds will soon return, here to carry me away
I'll hang upon the sun-white clouds, I'm soaring now beyond the fray
I embrace open wounds, my scars to heal, my spirit beams
I'm flying now to the hills, overseas to meet my dreams"
"lyrics-000046","Just tell me what you've got to say to me
I've been waiting for so long to hear the truth
It comes as no surprise, at all, you see
So cut the crap and tell me that we're through

Now I know your heart, I know your mind
You don't even know you're being unkind
So much for all your highbrow Marxist ways
Just use me up and then you walk away
Boy, you can't play me that way

Well, I guess what they say is true
I could never be the right kind of girl for you

I could never be your woman
I could never be your woman
I could never be your woman
I could never be your woman

When I saw my best friend, yesterday
She said she never liked you from the start
Well me, I wish that I could claim the same
But you always knew you held my heart

And you're such a charming, handsome man
Now I think I finally understand
Is it in your genes? I don't know
But I'll soon find out, that's for sure
Why did you play me this way?

Well, I guess what they say is true
I could never be the right kind of girl for you

I could never be your woman
I could never be your woman
I could never be your woman
I could never be your woman

Well, I guess what they say is true
I could never spend my life with a man like you

I could never be your woman
I could never be your woman
I could never be your woman
I could never be your woman"
"lyrics-000047","Nikt już dzisiaj nie wypędza
Kupców ze świątyni
W świątyni najlepszy jest biznes
Kogo obchodzi zbawienie
Od zbawienia lepsza zabawa
Od zbawienia lepsza zabawa
Najlepsze są te teksty
Które nie niosą treści
Najfajniejsze te melodie
Które nie tworzą pieśni
Najlepsze są te teksty
Które nie niosą treści
Najfajniejsze te melodie
Które nie tworzą pieśni
Na listach przebojów królują
Przyjemne utwory bez treści
Głosujcie na mnie kochani
Kupujcie moje odpusty
Od zbawienia lepsza zabawa
Od zbawienia lepsza zabawa
Najlepsze są te teksty
Które nie niosą treści
Najfajniejsze te melodie
Które nie tworzą pieśni
Najlepsze są te teksty
Które nie niosą treści
Najfajniejsze te melodie
Które nie tworzą pieśni
I ten kto ma dużo
Będzie mieć dużo więcej
A temu kto nic nie ma
Wszystko zabiorą
Tak powiada pismo
Tak powiada pismo
Najlepsze są te teksty
Które nie niosą treści
Najfajniejsze te melodie
Które nie tworzą pieśni
Pieśni bez treści
Pieśni bez treści"
"lyrics-000048","Golden brown, texture like sun
Lays me down, with my mind she runs
Throughout the night, no need to fight
Never a frown with golden brown

Every time, just like the last
On her ship tied to the mast
To distant lands, takes both my hands
Never a frown with golden brown

Golden brown, finer temptress
Through the ages, she's heading west
From far away, stays for a day
Never a frown with golden brown"
"lyrics-000049","I offered before what I'm offering again
I don't claim to know why
I should change a thing
I don't claim to be sober
I don't claim to be right
I don't claim to be anything
Except yours to consume tonight

And now the machinery won't let you go
Congratulations
And now the machinery won't let you go
Congratulations

Divide your silver to value and chunk
Divide your silver to the sober and the drunk
Divide your silver to the old and the new
Divide your silver to beauty and the truth

And now the machinery won't let you go
Congratulations
And now the machinery won't let you go
Congratulations

(Baby, baby)
(So baby, baby)

And now the machinery won't let you go
Congratulations
And now the machinery won't let you go
Congratulations"
"lyrics-000050","I never meant to be this way
Never thought that I could change
'Til you woke me with your touch

And now they see it in my eyes
You're the craving of my life
Want you more than words can say

You're in my head
In my head

You touch my skin, you keep me warm
Bring me closer to the sun
You're the reason, my desire

I feel serenity in all
Heavy waves of gentle love
Soothing whispers from the stars

Oh, in my dreams
In my dreams

Such a singleminded lust
To be there once is not enough
You change your point of view once stung

And this is where I want to be
No anxiety or fear
A quiet moment in your arms

If you could see just what I've seen
If you could see just what I've seen
If you could see just what I've seen
If you could see just what I've seen
Would you believe?"
"lyrics-000051","Babe, you got it wrong
This isn't me at all
You're heading on the road map
Ain't that so?

Be true to what you want
And to everything you swore
Be true to me until I ask you for more

Goddamn, I'll never see enough
Goddamn, I'll never see enough
Goddamn, enough of you

'Cause it's true if you believe
It's not if you're not sure
I'm sticking to the good lie
'Til I know more

The best illusions that we make
Got a warmth that we don't fake
I'm sticking to the good lie
That you can't shake

Goddamn, I'll never see enough
Goddamn, I'll never see enough
Goddamn, enough of you

You don't look up

Goddamn, I'll never see enough
Goddamn, I'll never see enough
Goddamn, enough of you"
"lyrics-000052","Some find it depressing
Some find it cold

I like the taste of you when you're gone
But I like the taste of your silence
I like the taste of you when you're gone
But I like the taste of your silence

Some find it depressing
Some find it cold

I like the taste of you when you're gone
But I like the taste of your silence
I like the taste of you when you're gone
But I like the taste of your silence

Silence
Silence
Silence
Silence"
"lyrics-000053","I know I took the path that you would never want for me
I know I let you down, didn't I?
So many sleepless nights where you were waiting up on me
Well, I'm just a slave unto the night

Now remember when I told you that's the last you'll see of me?
Remember when I broke you down to tears?
I know I took the path that you would never want for me
I gave you hell through all the years

So I, I bet my life, I bet my life
I bet my life on you
I, I bet my life, I bet my life
I bet my life on you

I've been around the world and never in my wildest dreams
Would I come running home to you
I've told a million lies but now I tell a single truth
There's you in everything I do

Now remember when I told you that's the last you'll see of me?
Remember when I broke you down to tears?
I know I took the path that you would never want for me
I gave you hell through all the years

So I, I bet my life, I bet my life
I bet my life on you
I, I bet my life, I bet my life
I bet my life on you

Don't tell me that I'm wrong
I've walked that road before
I left you on your own
And please believe them when they say
That it's left for yesterday
And the records that I've played
Please forgive me for all I've done

So I, I bet my life, I bet my life
I bet my life on you
I, I bet my life, I bet my life
I bet my life on you

Hey
I bet my...
I bet my...
I bet my...
I, I bet my life...
I bet my life...
I bet my..."
"lyrics-000054","I've never known a girl like you before
Now just like in a song from days of yore
Here you come knocking, knocking on my door
Well, I've never met a girl like you before

You give me just a taste so I want more
Now my hands are bleeding and my knees are raw
'Cause now you got me crawling, crawling on the floor
And I've never known a girl like you before

You made me acknowledge the devil in me
I hope to God I'm talking metaphorically
Hope that I'm talking alegorically
Know that I'm talking about the way I feel

And I've never known a girl like you before
Never, never, never, never
Never known a girl like you before

This old town's changed so much
Don't feel like I belong
Too many protest singers
Not enough protest songs
And now you've come along
Yes, you've come along
And I've never met a girl like you before

It's alright, yeah, it's alright, yeah, it's alright, yeah, it's alright, yeah
It's alright, yeah, it's alright, yeah, it's alright, yeah, it's alright, yeah
It's alright, yeah, it's alright, yeah, it's alright, yeah, it's alright, yeah
It's alright, yeah, it's alright, yeah, it's alright, yeah, it's alright, yeah
It's alright, yeah, it's alright, yeah, it's alright, yeah, it's alright, yeah
It's alright, yeah, it's alright, yeah, it's alright, yeah, it's alright, yeah
It's alright, yeah, it's alright, yeah, it's alright, yeah, it's alright, yeah"
"lyrics-000055","(Your dreams?)
(I remember my dreams)

You stepped into a dark ride
With cigarette smoke, feeling alright
The sky looked like black glitter
Tonight you'll be a winner

You said ""I do"" to the wrong side
Fucked me up and then you play nice
You've got to know, I burned your letter
Worse for the better

You made me fall
I'll make you crawl

You made your bed, now lie in it (oh, oh)
We're done, we're dead, stop hidin' it (oh, oh)
One step, two step, three step, four
My heart in the trunk, but your body's on the floor
Horns on my head, you lost your bet
'Cause you are the devil, you know, you know, you know (oh, oh)
You know, you know, you know
The devil, you know, you know, you know (oh, oh)
You know, you know, you know

Coming out of a real thriller
Never thought you was a killer
Thunder brings white light
Kovacs' gonna be alright

We used to be easy
But now you are my enemy
Did you enjoy the wolf bite?
Now we say goodbye

You made me fall
I'll make you crawl

You made your bed, now lie in it (oh, oh)
We're done, we're dead, stop hidin' it (oh, oh)
One step, two step, three step, four
My heart in the trunk, but your body's on the floor
Horns on my head, you lost your bet
'Cause you are the devil, you know, you know, you know (oh, oh)
You know, you know, you know
The devil, you know, you know, you know (oh, oh)
You know, you know, you know

You killed us
You killed us
I wrote your name and drew a cross
(You killed us) Blew out the flame to see who I was

You made your bed, now lie in it (oh, oh)
We're done, we're dead, stop hidin' it (oh, oh)
One step, two step, three step, four
My heart in the trunk, but your body's on the floor
Horns on my head, you lost your bet
'Cause you are the devil, you know, you know, you know (oh, oh)
You know, you know, you know
The devil, you know, you know, you know (oh, oh)
You know, you know, you know

The devil, you know, you know, you know (oh, oh)
You know, you know, you know (you killed us)
You know, you know, you know (oh, oh)
You know, you know, you know (you killed us)"
"lyrics-000056","Toż to zwykły lęk
Rudą warstwą wżera się
Korodujesz dzień za dniem
Uniwersum jest
Stąd do zawsze ciągnie się
Na Twój obraz, podobieństwo Twe

Jesteś cenny tak jak ja
Jesteś piękna tak jak ja
Jestem dzielna tak jak wy
Niebezpiecznie wręcz

Pozwól ciszy tej
W małżowinie rozlać się
Pod powieki ciemność wpuść
Odrzuć, przestań ssać
Zsiadłym mlekiem ciężką pierś
Pępowiny powróz przegryźć już

Jesteś cenny tak jak ja
Jesteś piękna tak jak ja
Jestem dzielna tak jak wy
Niebezpiecznie wręcz

Jesteś cenny tak jak ja
Jesteś piękna tak jak ja
Jestem dzielna tak jak wy
Niebezpiecznie wręcz

Niebezpiecznie wręcz"
"lyrics-000057","Dobranoc, to będzie bardzo dobra noc
Dobranoc, to będzie bardzo dobra noc
Dobranoc, to będzie bardzo dobra noc
To będzie bardzo dobra
To będzie bardzo dobra noc

Skończ, skończ się wreszcie dniu
Skończ, skończ się wreszcie dniu
Ni kroku dalej
Skończ się tu
Przez takie, przez takie dni, jak ten tu
Przez takie, przez takie dni, jak ten tu
Chodzę blue
Chcę nocą się spić
Chcę zasnąć, poczuć nic
Niech dzień nie będzie kazać się wykazać

Dobranoc, to będzie bardzo dobra noc
Dobranoc, to będzie bardzo dobra noc

Skończ, skończ się wreszcie dniu
Skończ, skończ się wreszcie dniu
Ni kroku dalej
Skończ się tu
Przez takie, przez takie dni, jak ten tu
Przez takie, przez takie dni, jak ten tu
Chodzę blue

Dzień nie zawsze we mnie wierzy
Tym mnie zważy, tamtym zmierzy
Noc jest lepsza, noc się do mnie nie przypieprza
Adie
Z dnia się wynoszę, noc o azyl proszę
Skończ, skończ się wreszcie dniu
Skończ, skończ się wreszcie dniu
Ni kroku dalej
Skończ się tu
Przez takie, przez takie dni, jak ten tu
Przez takie, przez takie dni, jak ten tu
Chodzę blue

Noc nie każe pytań mnożyć
Nie ocenia, daje pożyć
Nie chcę cię już tu, dniu tu
Nie chcę cię już tu, dniu blue
Dobranoc, to będzie bardzo dobra noc
Dobranoc"
"lyrics-000058","Na początku zrozum,
że umierasz
Kolejna godzina
strzela jak bat
Pojmij, że młodość
jest tu i teraz
W tej jednej sekundzie
mija 5 lat

Żyj!
Jakby właśnie kończył się świat
Gdy dokonasz tego,
powiedz mi jak?
Powiedz mi jak?
Powiedz mi jak?

Nie ulegaj
cyfrowej iluzji
Algorytmy
to opium dla mas
Zamiast postów,
miej wspomnienia
Zamiast lajków,
wybierz las

Tańcz!
Jakby właśnie kończył się świat
Gdy dokonasz tego,
powiedz mi jak?

Podróżuj.
Najlepiej z kimś, kogo kochasz
Kochaj!
kogoś, kto jest tego wart
Psa pogłaszcz.
Serce pokaż
Przed lustrem
bez wstydu stań

Śpiewaj!
Jakby właśnie kończył się świat
Gdy dokonasz tego,
powiedz mi jak?
Powiedz mi jak?
Powiedz mi jak?

Masz prawo nie wiedzieć
czego chcesz
Niepewność
jest codziennością
Rzuć monetą.
Być czy mieć?
Być...
nieśmiertelnością"
"lyrics-000059","Gdzieś w hotelowym korytarzu krótka chwila,
Splecione ręce gdzieś na plaży, oczu błysk,
Wysłany w biegu krótki list,
Stokrotka śniegu, dobra myśl:
To wciąż za mało, moje serce, żeby żyć.
Uciekaj skoro świt,
Bo potem będzie wstyd
I nie wybaczy nikt
Chłodu ust
Twych.
Deszczowe wtorki, które przyjdą po niedzielach,
Kropelka żalu, której winien jesteś ty.
Nieprawda, że tak miało być,
że warto w byle pustkę iść:
To wciąż za mało, moje serce, żeby żyć.
Uciekaj skoro świt,
Bo potem będzie wstyd
I nie wybaczy nikt
Chłodu ust
Twych.
Odloty nagłe i wstydliwe, niezabawne,
Nic niewiedzący, a zdradzony pies, czy miś,
żałośnie chuda kwiatów kiść
I nowa złuda, nowa nić:
To wciąż za mało, moje serce, żeby żyć.
Uciekaj skoro świt,
Bo potem będzie wstyd
I nie wybaczy nikt
Chłodu ust,
Braku słów.
Uciekaj skoro świt,
Bo potem będzie wstyd
I nie wybaczy nikt
Chłodu ust
Twych."
"lyrics-000060","Na calych jeziorach ty,
O wszystkich dnia porach ty.
W marchewce i w naci ty,
Od Mazur do Francji ty.
Na co dzien,
Od swieta ty.
I w lesnych zwierzetach ty.
I w ziolach, i w grzybach
Nadzieja, ze to chyba ty.
We wrózbach i w kartach ty.
Na serio i w zartach ty.
W sezonie i potem,
Przed ptaków odlotem,
Na wielka tesknote ty,
Zawsze ty.

A w kacie kto stoi? Ja.
Kto sie niepokoi? Ja.
W kuchennym lufciku ja.
W paskudnym wierszyku ja.
A rozum kto traci? Ja.
Kto lza sie blawaci? Ja.
I kto czeka z pieczenia mazurska jesienia? Ja.
Zielono od marzen mych.
Na kladce i w barze, my.
Do pary, nie w parze,
Bezsenni zeglarze.
Na calych jeziorach my,
Jednak my."
"lyrics-000061","Śpij, śpij, śpij, kochanie
śpij, śpij, mon cherie,
zaśnij, bo opowiem mamie,
co się tobie w nocy śni.

Koty garbią się na dachach,
słychać, jak azalie rosną,
żuk przed śmiercią nogą macha,
Bóg mu walca gra do snu.

Matka z córką piją dżin,
biją dzwony din, din, din,
świt, świt, świt się zaczyna,
kokaina, kokaina,
cyt cyt cyt u komina
kokaina, kokaina.

Śpij, śpij, śpij, kochanie
śpij, śpij, mon cherie,
zaśnij, bo opowiem mamie,
co się tobie w nocy śni.

Sowa pisze na kolanie,
wierszyk pełen melancholii,
parkiem idą smutne panie,
serce boli, dręczy spleen.

Pani z panią piją dżin,
biją dzwony din, din, din,
świt, świt, świt jak u Bergmana,
kokaina, kot się skrada
cyt, cyt, cyt ukochana,
jaka pani dzisiaj blada."
"lyrics-000062","Lales znowu spaliła blanta!
Moje drogie dzieci...
Lalalala
Jebnięty, kurwa
Nikt się nie dowie, no chyba, że ci powiem!
Poplątasz się w mej sieci dno... Pląsa... Jebanego gnoja! Sporek Siema.

Przypał pędzi. Coś się wędzi. Blant się kręci i jakoś leci.
Moje drogie dzieci, na tym bicie nic nie poleci.
Sekunda za sekundą i minuta za minutą, i blant za blantem.
Zajebistym rymem. I kozackim samplem.
To zioło jest wantem, spalimy je zatem.
Moje życie żartem, poprzez nie idę fartem,
ściemę przepuszczając kantem. Na co dzień w ryju z blantem.
Joiek dawka mery. Nie pizgamy hery.
Nie ze mną te bajery. Wypij trochę szery,
Bo nie jesteś ze mną szczery. Spalimy dżej-tixa,
Będzie wixa jak z Matrixa, bo nasze drzewko lepsze
Od widoków Fenixa i przejażdżki na ramie BMXa.

Wiksa (wiksa) na bani, na umyśle dziury.
Wyłaniam się wieczorem zza zielonej chmury.
I unoszę się do góry. Ale to ja czy opary?
Jest taki Meksyk w głowie, że już sam nie wiem, stary. x2

Co siedzi w mojej głowie nikt się nie dowie,
No chyba, że ci powiem, ale nie wierz mi na sto.
Bo wplątasz się w mej sieci dno,
A stamtąd już nie wrócisz.
Więc lepiej się ucisz! Spal sobie lufę
I śmiej się jak masz lute. Te wersy przerzute,
Przez usta me wyplute. Taki lansik, blansik...
Przy mym boku zawsze blancik.
Kumasz czaczę, synu? I chuj, nie mam rymu.
Do ciebie skurwysynu. A jak nie masz co robić,
Kochaniutki, to wylej Mery wszystkie swoje smutki,
Bo żywot twój krótki. I nie pij już tej wódki,
Bo od wódki rozum krótki. Lepiej spal se joya.
Dobra wiksa twoja. Pal, pal, nie żałuj,
Baśka przecież moja. W niej zawsze ostoja.
Zniszczy każdego jebanego gnoja.

Wiksa na bani, na umyśle dziury.
Wyłaniam się wieczorem zza zielonej chmury.
I unoszę się do góry. Ale to ja czy opary?
Jest taki Meksyk w głowie, że już sam nie wiem, stary. x2

Zbieram życia recenzje, w tym bagnie grzęznę
Po same kolana. Odpalona kana.
Zawsze od rana jest ta wiksa sama,
Bo spalimy sobie wąsa i nikt się już nie dąsa.
Radość tobą wstrząsa, myśl po głowie ci się pląsa.
Uśmiech pojawia się na twojej twarzy
. Inne życie ci się marzy,
Może coś miłego dzisiaj się zdarzy.
Może wylądujesz na Krecie na plaży albo zbierzesz trochę gaży,
Taki klimat ci się w głowie jarzy.
Coś do żarcia ci się smaży, a tu koniec dnia.
Zmierzamy do bramy. Jeszcze poczekamy.
Śmiać się zaczynamy, ajj.
Na tym kończę mojej codzienności raj.
Teraz ty coś od siebie, gościu, daj.

Wiksa (wiksa) na bani, na umyśle dziury.
Wyłaniam się wieczorem zza zielonej chmury.
I unoszę się do góry. Ale to ja czy opary?
Jest taki Meksyk w głowie, że już sam nie wiem, stary. x2"
"lyrics-000063","Ze świata czterech stron
Z jarzębinowych dróg
Gdzie las spalony
Wiatr zmęczony
Noc i front
Gdzie nie zebrany plon
Gdzie poczerniały głóg
Wstaje dzień

Słońce przytuli nas
Do swych rąk
I spójrz: ziemia ciężka od krwi
Znowu urodzi nam zboża łan
Złoty kurz

Przyjmą kobiety nas
Pod swój dach
I spójrz: będą śmiać się przez łzy
Znowu do tańca ktoś zagra nam
Może już

Za dzień, za dwa
Za noc, za trzy
Choć nie dziś

Chleby upieką się w piecach nam
I spójrz: tam gdzie tylko był dym
Kwiatem zabliźni się wojny ślad
Barwą róż

Dzieci urodzą się nowe nam
I spójrz: będą śmiać się, że my
Znów wspominamy ten podły czas
Porę burz

Za dzień, za dwa
Za noc, za trzy
Choć nie dziś

La la la la la la la la la
La la la la la la la la
La la la la la la la la la la la
La la la la la la la la la
La la la la la la la la
La la la la la la la la la la la

Za dzień, za dwa
Za noc, za trzy
Choć nie dziś"
"lyrics-000064","Uroda, uroda, uroda,
już po urodzie,
przygoda, przygoda, przygoda,
już po przygodzie...
Idą sierpnie i wrześnie,
a my jeszcze i jeszcze,
po co nam to,
na co nam to,
po co nam to,
na co nam to.
Tak mi z tobą nudno,
tak mi z tobą źle,
pójdziesz, no to trudno,
nie chcesz, no to nie.

Te kwiaty, te kwiaty, te kwiaty,
cóż po tych kwiatach,
przed laty, przed laty, przed laty
już po tych latach.
Idą noce i świty,
a my słowa i mity,
po co nam to
na co nam to,
po co nam to,
na co nam to.
Taki z tobą kłopot,
taki z tobą chłód,
ni chcesz mówić, no to nie mów

próżny trud.

Te słońca, te słońca, te słońca,
już po tych słońcach,
pieniądze, pieniądze, pieniądze,
już po pieniądzach,
idą zimna i zimy,
a my jeszcze milczymy,
po co nam to,
na co nam to,
po co nam to,
na co nam to.
Tak nam jest daleko
do tych pierwszych dni,
idź już i nie zwlekaj,
przecież to nie my,
to nie my, to nie my
utoniemy, to nie my,
utoniemy, to nie my,
utoniemy, to nie my..."
"lyrics-000065","Człowieku, stań i powiedz sobie
Jak mam coś z życiem zrobić
Zrobię
Jak nie zrobię swoją drogą
Co mi zrobią
Wichry wieją
Charaktery się chwieją
I tak tu wszyscy żyją najlepiej jak umieją

Wichry wieją
Charaktery się chwieją
I tak tu wszyscy żyją najlepiej jak umieją
Wichry wieją
Charaktery się chwieją
I tak tu wszyscy żyją najlepiej jak umieją
Tu wszyscy żyją najlepiej jak umieją
Bóg - ten człowiek wie
Jak dobry jestem w tym co robię źle
Robię źle, że hej
Ale zawsze można zrobić źlej
Te sucze syny
Moje brudne czyny
Nie z mojej winy
A z winy górnej kończyny
Człowieku, stań i powiedz sobie
Jak mam coś z życiem zrobić
Zrobię
Jak nie zrobię swoją drogą
Co mi zrobią
Wichry wieją
Charaktery się chwieją
I tak tu wszyscy żyją najlepiej jak umieją
Dźwigam wolność
Wolność kopciucha
Poznałem wolność
Na długość łańcucha
Czekam na cud
Co zrobi? Jebut
I tak mnie trzaśnie
Że brać istnienie przestanę na poważnie
W tym skomplikowanym bycie
Zbyt surowym dla siebie bycie
Najgłupszym z możliwych
Pomysłem na życie
Człowieku, stań i powiedz sobie
Jak mam coś z życiem zrobić
Zrobię
Jak nie zrobię swoją drogą
Co mi zrobią
Wichry wieją
Charaktery się chwieją
I tak tu wszyscy żyją najlepiej jak umieją
Dźwigam wolność
Tu wszyscy żyją najlepiej jak umieją
Tu wszyscy żyją najlepiej jak umieją"
"lyrics-000066","I've waited hours for this
I've made myself so sick
I wish I'd stayed asleep today
I never thought this day would end
I never thought tonight could ever be
This close to me

Just try to see in the dark
Just try to make it work
To feel the fear before you're here
I make the shapes come much too close
I pull my eyes out, hold my breath and wait
Until I shake

But if I had your faith
Then I could make it safe and clean
Oh, if only I was sure
That my head on the door was a dream

I've waited hours for this
I've made myself so sick
I wish I'd stayed asleep today
I never thought this day would end
I never thought tonight could ever be
This close to me

But if I had your face
Then I could make it safe and clean
Oh, if only I was sure
That my head on the door was a dream"
"lyrics-000067","One step closer and feeling fine
Getting better one day at a time
I'm moving forward it's all in my mind
I'm heading talk with a new stay to mine
So I hold back tears
Move in the right direction
Face my fears
Move in the right direction
I'm doing fine
One step closer every day at the time
I won't lose my mind, lose my mind, ah ah
Motivation a powerful strength
Hesitation was my first instinct
I got an ocean than weakness was
Total devotion it's okay
Because I will hold back tears
So I can move in the right direction
I have faced my fears
Now I can move in the right direction
I'm doing fine
One step closer every day at the time
I won't lose my mind, lose my mind, ah ah
Keeping my head of, looking forward
Reminiscent with gagging away
Never say never starting over
It's not perfect but it's getting closer
I hold back tears
So I can move in the right direction
I have faced my fears
Now I can move in the right direction
I'm doing fine
One step closer every day at the time
I won't lose my mind, lose my mind, ah ah"
"lyrics-000068","Oh Lordy, trouble so hard
Oh Lordy, trouble so hard
Don't nobody know my troubles but God
Don't nobody know my troubles but God
Oh Lordy, trouble so hard
Oh Lordy, trouble so hard
Don't nobody know my troubles but God
Don't nobody know my troubles but God
Oh Lordy, trouble so hard
Oh Lordy, trouble so hard
Don't nobody know my troubles but God
Don't nobody know my troubles but God
Went down the hill
Other day
Soul got happy
And stayed all day
Went down the hill
Other day
Soul got happy
And stayed all day
Oh Lordy, trouble so hard
Oh Lordy, trouble so hard
Don't nobody know my troubles but God
Don't nobody know my troubles but God
Oh Lordy, trouble so hard
Oh Lordy, trouble so hard
Don't nobody know my troubles but God
Don't nobody know my troubles but God
Went in the room
Didn't stay long
Looked on the bed
And brother was dead
Went in the room
Didn't stay long
Looked on the bed
And brother was dead

Oh Lordy, trouble so hard
Oh Lordy, trouble so hard
Don't nobody know my troubles but God
Don't nobody know my troubles but God
Oh Lordy, trouble so hard
Oh Lordy, trouble so hard
Don't nobody know my troubles but God
Don't nobody know my troubles but God
Oh Lordy, trouble so hard
Oh Lordy, trouble so hard
Don't nobody know my troubles but God
Don't nobody know my troubles but God
Oh Lordy, trouble so hard
Oh Lordy, trouble so hard
Don't nobody know my troubles but God
Don't nobody know my troubles but God
Oh Lordy, trouble so hard
Oh Lordy, trouble so hard
Don't nobody know my troubles but God
Don't nobody know my troubles but God
"
"lyrics-000069","Here I go out to sea again
The sunshine fills my hair
And dreams hang in the air
Gulls in the sky and in my blue eyes
You know it feels unfair
There's magic everywhere

Look at me standing
Here on my own again
Up straight in the sunshine
No need to run and hide
It's a wonderful wonderful life
No need to laugh or cry
It's a wonderful wonderful life

The sun's in your eyes
The heat is in your hair
They seem to hate you because you're there
And I need a friend
Oh I need a friend to make me happy
Not stand here on my own

Look at me standing
Here on my own again
Up straight in the sunshine
No need to run and hide
It's a wonderful wonderful life
No need to laugh or cry
It's a wonderful wonderful life

I need a friend
Oh I need a friend
To make me happy
Not so alone

Look at me here
Here on my own again
Up straight in the sunshine
No need to run and hide
It's a wonderful wonderful life
No need to laugh or cry
It's a wonderful wonderful life
It's a wonderful life
It's a wonderful life
It's a wonderful life"
"lyrics-000070","O sol vive sem amor
Eu não vivo sem te ver
Quem chega na maré cheia
É cantiga de bem querer

The sun lives without a dream
And I only dream of you
If when the ocean is rising
You rise and my dream is true
If when the ocean is rising
You rise and my dream is true

The sun lives without a dream
And I only dream of you
If when the ocean is rising
You rise and my dream is true
If when the ocean is rising
You rise and my dream is true

I'll know it by the smell
And remember by the taste
The moon so bright and full
And it shines on your smiling face

The full moon so beautiful
But no match for your smiling face

The sun lives without a dream
And I only live for you
If when the ocean is rising
You rise and my dream is true
If its height is rising high
And you rise then my dream is true

The sun lives without a dream
And I only dream of you
If when the ocean is rising
You rise and my dream is true

If when the ocean is rising
You rise and my dream is true
I'll know it by the smell
And remember by the taste

The moon so bright and full
And it shines on your smiling face
The moon so bright and full
But no match to your smiling face"
"lyrics-000071","No to wchodzę w tę ciszę
Która wynika z Twoich myśli
O statecznym kataklizmie
O końcu wszystkiego

Paraliżuję na chwilę
Sieci połączeń elektrycznych
Alarm Doliny Krzemowej
Trzykropek, trzykropek, hashtag, oddech

To tylko kilka westchnień
Deszcz meteorów unicestwia ziemię
Za chwilę niczego nie będzie
To tylko kilka westchnień
Deszcz meteorów unicestwia ziemię
Za chwilę niczego nie będzie, oh

No to wchodzę w tę ciszę
Która wynika z Twoich bioder
Teraz możecie krzyczeć
Nagłówki szmatławych portali

Możecie skakać na głowę
Notowania agencji PR-owych
Sygnał tracił ciągłość
Trzykropek, wykrzyknik, hashtag, koniec

To tylko kilka westchnień
Deszcz meteorów unicestwia ziemię
Za chwilę niczego nie będzie
To tylko kilka westchnień
Deszcz meteorów unicestwia ziemię
Za chwilę niczego nie będzie, oh

To tylko kilka westchnień
Deszcz meteorów unicestwia ziemię
Za chwilę niczego nie będzie
To tylko kilka westchnień
Deszcz meteorów unicestwia ziemię
Za chwilę niczego nie będzie, oh"
"lyrics-000072","You lost your heart to a sand man
You dreamed you'd be running hand in hand
Oh, Milena
Oh, Milena

He was so bright, he burned his soul
Paid the price, took the toll
Oh, Milena

And don't you wake the sleeping pharaohs
They sleep so hard, they sleep so hard
Now don't you wake the sleeping pharaohs
They sleep so hard

Stranger to those with an easy life
Those who were born with an inmate soul
Oh, Milena
Oh, Milena

Those who were chained to discipline
Those who were trained to be a wife
Oh, Milena
Oh, Milena

Too wise to die, too weak to stay
For all I know he is gone
He is gone
Oh, Milena

He was so bright, he burned your glee
And now you call him with this voice
Oh Milena, strong like the sea

And don't you wake the sleeping pharaohs
They sleep so hard, they sleep so hard
Now don't you wake the sleeping pharaohs
They sleep so hard"
"lyrics-000073","They wanted me here
Just to show you my face
But when it comes to the crunch
I just hide in disgrace

You're calling me mad
But I know you're the same
'Cause you got to be seen to be playing the game
Yes we got to be seen to be playing, the game

It ain't gonna hurt now
If you open up your eyes
You're making it worse now
Everytime you criticise
I'm under your curse now
But I call it compromise
I thought that you were wise
But you were otherwise

A specimen like you
I would love to obtain
I asked a tedious guy if he'll tell me your name
I'd love to impress you
With a back somersault

I wanna take out your love
But it's locked in a vault
I wanna take up your love
But it's locked in a vault

It ain't gonna hurt now
If you open up your eyes
You're making it worse now
Everytime you criticise
I'm under your curse now
But I call it compromise
I thought that you were wise
But you were otherwise

When I open my mouth
I'm so brutally honest
And I can't expect that kind of love from you

When you open your mouth
Your teeth are beautifully polished
And I can't extract the pain you're going through
No I can't explain
The pain you're going through

It ain't gonna hurt now
If you open up your eyes
You're making it worse now
Everytime you womanise
I'm under your curse now
But I call it compromise
I'm under your curse

It ain't gonna hurt now
If you open up your eyes
You're making it worse now
Everytime you criticise
I'm under your curse now
But I call it compromise
I thought that you were wise
But you were otherwise"
"lyrics-000074","I've been walking for too long towards the sun
that I no longer know where I came from
my heart is tired and I just can't go on no more baby

I've got my fears, got my blood, I've got my pride
I've got all those tasteless things that I can't deny
I wonder if you'll ever open up your door

You got to show me if you love me
can it be so hard to show your love?
You got to show me if you love me
can it be so hard to show your love?
Show your love

Come taste my dreams, be my words, come spoil my heart,
take a big bite of what you don't dare to ask
Come walk my trust now baby but don't you run too fast

You got to show me if you love me
can it be so hard to show your love?
You got to show me if you love me
can it be so hard to show your love?
Show your love

Come and spoil my heart, spoil my heart, show me love
Come and spoil my heart, spoil my heart, show me love

You got to show me if you love me
can it be so hard to show your love?
You got to show me if you love me
come show your love
Oh baby yeah
Show your love"
"lyrics-000075","Insert your needles elsewhere
I'm broken as it is
Cannot stand or take the fall
Consider it as a bliss
Bewildered by your ego
Such savage since you smiled
When I can see your pins in me
Iron gifts come pouring down

Pouring down

Mon amour?

Mon amour
Chéri mon amour
Soaked in your breath now
We reek as mammals do
Reality emerges
And presents itself upon you
Like a petty piggy laughter
So empty and estranged

Of each other, from one and another
And iron gift just keep pouring down

Pouring down
It's voodoo mon amour

It's voodoo mon amour
It's voodoo
It's voodoo
Mon chéri mon amour
It's voodoo mon amour
It's voodoo mon amour
It's voodoo
It's voodoo
Mon chéri mon amour
It's voodoo mon amour
It's voodoo mon amour
It's voodoo
It's voodoo
Mon chéri mon amour"
"lyrics-000076","Seem kind, one bride
Fuel from the inside
Fire in the works
You will feel my fireworks
Read my mind
It's, oh, so quiet now
Tell me if you're gonna-
Tell me if you're gonna hide

I will keep you warm
Invite you to my home
Oxygen ablaze
And then the heat will crack the stone
Breathe so red for me
Love at third degree
Black as my heart
Get a fresh start
Won't you be just mine?

Kerosene, it could be gasoline
I'm not picky when I flame my fiends
Feel the heat, burning, oh, so sweet
Eeny, meeny, miny, moe
Who will it be?
I never let go, hating you so
Flames that take you higher
Come and keep me company
Burn, burn, burn, burn
Would you be the love of mine?

Same mind, oh, let it take time
Love of the strange kind
A fever on the rise
Someone I will gladly sacrifice
I sense the fear
Like love is in the air
Ropes are way too tight
Come on baby, light my fire

I will keep you warm
Invite you to my home
Oxygen ablaze
And then the heat will crack the stone
Breathe so red for me
Love at third degree
Black as my heart
Get a fresh start
Won't you be just mine?

Kerosene, it could be gasoline
I'm not picky when I flame my fiends
Feel the heat, burning, oh, so sweet
Eeny, meeny, miny, moe
Who will it be?
I never let go, hating you so
Flames that take you higher
Come and keep me company
Burn, burn, burn, burn
Would you be the love of mine?"
"lyrics-000077","Nello specchio viso d'angelo
Capelli d'angelo, prigione d'angelo
Nello specchio scena di violenza
Tremo senza il suo abbraccio

Nello specchio filo spinato di velluto
Vesta i suoi tremi desideri
Un silenzio prezioso per le masse
Accecarli, la speranza trasforma ceneri
Fate passare, respiri con facilità
Mostrano i suoi pensieri sulla pace
"
"lyrics-000078","Mea Culpa, Ecce Signum, Corpus Vile, Coram Deo
Pactum Serva, Scala Caeli, Gloria Patri, Pax Et Bonum
Sine Cura, Vade Mecum, Casus Belli, Lusus Naturae

Dies Illa, Velut Luna
Dona Es Virtum
Dies Illa, Velut Luna
Dona Es Virtum

Mea Culpa, Ecce Signum, Corpus Vile, Coram Deo
Pactum Serva, Scala Caeli, Gloria Patri, Pax Et Bonum
Sine Cura, Vade Mecum, Casus Belli, Lusus Naturae

Dies Illa, Velut Luna
Dona Es Virtum
Dies Illa, Velut Luna
Dona Es Virtum"
"lyrics-000079","Just let them talk
If they want to
Talk don't bother me
I'm gonna keep on 'til the whole wild world knows
That I really love you
I really love you so

And let them whisper
For they know no

What's between you and I
I'm gonna keep on
I'm gonna keep on loving you
'Til the day that I die

They tried to break up our romance
They didn't stand a chance
We have the kind of love that's so strong
We'll be together from now on

They say that gossip comes from the devil's workshop
And only true love can make it stop
I'm gonna keep on
I'm gonna keep on loving you
Until the day that I die

Oh, they're envious of everything that we do
But I wanna say it's wonderful
When you love someone
And that someone
And that someone really loves you

Yeah, that someone
Yeah, that someone really loves you

Yeah, that someone
And that someone really loves you, you

And that someone
Yeah, that someone really loves you"
"lyrics-000080","I'm gonna fight 'em all
A seven nation army couldn't hold me back
They're gonna rip it off
Taking their time right behind my back
And I'm talking to myself at night
Because I can't forget
Back and forth through my mind
Behind a cigarette

And the message coming from my eyes
Says, ""Leave it alone""

Don't wanna hear about it
Every single one's got a story to tell
Everyone knows about it
From the Queen of England to the Hounds of Hell
And if I catch it coming back my way
I'm gonna serve it to you
And that ain't what you want to hear
But that's what I'll do

And the feeling coming from my bones
Says, ""Find a home""

I'm going to Wichita
Far from this opera forevermore
I'm gonna work the straw
Make the sweat drip out of every pore
And I'm bleeding, and I'm bleeding, and I'm bleeding
Right before the Lord
All the words are gonna bleed from me
And I will think no more

And the stains coming from my blood
Tell me, ""Go back home""
"
"lyrics-000081","W głowie mi się przepaliły
Wszystkie bezpieczniki
Szlag trafił święty spokój
Roztrzaskał liczniki
Cała jestem bałaganem i Twoim wojennym stanem
Nie nie nie
Nie jestem spokojna
W mojej głowie wojna
Maria Awaria inwentaryzacja
Przerwa w dostawie spacja
Sama jestem sobie winna
Jestem inna niż powinnam
Poza normę wystrzelona i wykolejona
Maria Awaria inwentaryzacja
Przerwa w dostawie pauza spacja
Niezależna stacja
Ja ocean niespokojny
W mojej głowie gwiezdne wojny
Poza normę się wystrzelam
I raz po raz wykolejam

Maria Awaria
Maria Awaria"
"lyrics-000082","Kai Kairos
(Ecclesiastes 3, 1-8)

Toìs pàsi ho chrònos
Kaì kairòs
To pantì pràgmati hypò ton uranòn
Kai kairòs
Kai kairòs

Tou tekeìn, tou apothaneìn
Tou phyteùsai, tou ektìlai to pefyteumènon.
Kai kairòs, kai kairòs
Tou apokteìnai, tou iàsasthai,
Tou kathelìn, tou oikodomeìn,
Tou klaùsai, tou gelàsai,
Tou kòpsasthai, tou orhèsasthai.
Kai kairòs
Kai kairòs

Tou baleìn lìthous, tou synagageìn lìthous,
Tou zetèsai, tou apolèsai,
Tou phylàxai, tou ekbaleìn,

Kai kairòs
Kai kairòs
Tou rèxai, tou pàpsai,
Tou sigàn, tou laleìn,
Tou philèsai, tou misèsai.
Kairòs polèmou, kairòs eirènes...

Kai kairòs, kai kairòs..."
"lyrics-000083","Picture perfect images on the outside
But you have seen me late at night and know it isn't bright
'Cause I drink too much, want my mind stuck
I'm avoiding getting too in touch with deep stuff

Heard a song of mine today on the radio
Should be proud of what they say
'Stead I feel astray
You are the perfect melody
I'm the wrong chord that ruins the harmony

I'm a horrible person deep down you know I'm bad
I'm a horrible person although it may seem sad
I seem to do fine you know you love my fire
We're the example that disasters can stay alive
I'm a horrible person and sometimes it makes you glad

Picture perfect failure on the inside
Dare to take a chance just know I might bite
Sometimes we hurt others we work
Let's walk this line between coffee and herbal tea

Saw a plastic smile on the TV screen
Saying opposites make a great team
You and your cosmic convictions
Me the cold one who says the wrong pun

I'm a horrible person deep down you know I'm bad
I'm a horrible person although it may seem sad
I seem to do fine you know you love my fire
We're the example that disasters can stay alive
I'm a horrible person and sometimes it makes you glad

Remember when we promised to be always there no matter what
You said that storms just wouldn't phase us, wouldn't change us
So promise me it's the same that we won't turn words to bullets no
When I say go away I mean I need you bad

I'm a horrible person deep down you know I'm bad
Yes, I'm a horrible person and sometimes it makes you mad

I'm a horrible person, horrible person
Yes, I'm a horrible person, horrible person
I seem to do fine you know you love my fire
We're the example that disasters can stay alive
I'm a horrible person and sometimes it makes you glad"
"lyrics-000084","Pod kopułą w mojej głowie
Śmiercionośna jest maszyna
Co skanuje wszystko wkoło
Choć czasami się zacina
Zwoje ma poprzepalane
Od nadmiaru informacji
Myśli moje samoistnie
Dążą do ejakulacji"
"lyrics-000085","Prophet six zero zero nine one
This is the flight number of our galactic sun
Prophet six zero zero nine one
Before we start you should know that you're not the only one
Who can hurt me

S H one zero one five one
This is the serial number of our orbital gun
S H one zero one five one
You better be sure before you leave me for another one

You can hurt me
I can hurt you
You can hurt me

You can hurt me
I can hurt you
But you better be sure before you leave me for another one
I can hurt you
You can hurt me
But you better be sure before you leave me for another one..."
"lyrics-000086","Wracam z długiej podróży
Z ulubionych kilku lat
Dym zasłania widok mi
Od wielu dni

Jak długo można czekać
Nie zabliźnia mi się czas
Nieskończenie dłuży się
Drogi cel

Zostawię cię tu
Na końcu szarówki
Poddaję się
Choć widzę kres

W moich snach, na zakręcie
Płaczą ludzie deszczem
Nie wiem jak, niepojęte
Ich twarze stają się

Szare dni, szarym szeptem
Lecą mi przez ręce
To co mam, w szarym mieście
Echem staje się, ije-ije

Nic nie jest dobre jak kiedyś
Witrynom z oczu patrzy źle
Dzieci w kałużach topią gniew
Z domu łez

Oczy zmęczone powietrzem
Za powiekami chowam się
Matki więdną, życia im
Jakby mniej

Zostawiasz mnie tu
Na końcu szarówki
Poddajesz się
Choć drogi cel

W moich snach, na zakręcie
Płaczą ludzie deszczem
Nie wiem jak, niepojęte
Ich twarze stają się

Szare dni, szarym szeptem
Lecą mi przez ręce
To co mam, w szarym mieście
Echem staje się, ije-ije

Unosi się wiatr
Sunie wolno, toczy strach
Gdy pukam do drzwi
Dziś już nie otwiera nikt

Unosi nas wiatr, unosi nas mgła
Beznamiętnie gra na czas
Unosi się wiatr, unoszę się ja
Pędzę z prądem, z biegiem lat

Zanosi się na to, skończy się świat
Płaczą dzieci, płaczę ja
Unosi nas czas, unosi nas czas"
"lyrics-000087","I was told about a second chance
Now I know that's not a rule in a game called romance
I was fooling around
Foolin' around

We lie and we cheat
Desire indeed
I knew where this would lead us to when I...
Was fooling around
I was fooling around
Foolin' around

No more
No more sweet music
Just straight, tell me straight
If you got to do what you got to do
No more
No more sweet music
Just straight, tell me straight

We know there is no happy end
But still I'm tempted every time
We're fooling around
Foolin' around
We are fooling around
Foolin' around

Now we know there is no second chance
In this lost game of romance
Too much fooling around
Foolin' around
Too much fooling around
Foolin' around

No more
No more sweet music
Just straight, tell me straight
If you got to do what you got to do
No more
No more sweet music
Just straight, tell me straight

If you got to do what you got to do
Know there is no second chance
If you got to do what you got to do
Not in this game called romance
If you got to do what you got to do
There won't be a happy end
If you got to do what you got to do
Know that there wasn't and won't be a chance

No more
No more sweet music
Just straight, tell me straight
If you got to do what you got to do
No more
No more sweet music
Just straight, tell me straight"
"lyrics-000088","I'm drowning deep in your blood veins
Rest me in your hidden place
Scars forming holy holes
Step into your consciousness
Will I be surprised, I guess
Wild combination

I'll set your heart on fire
I'll call you my desire
Just let me make my mark on you
If you only love the way I do

I'm building house in your warm flesh
Guide me to your nearest hatch
I want to stay for good
Gently melting into one
Can't stop what I have begun
I will possess you

I'll set your heart on fire
I'll call you my desire
Just let me make my mark on you
If you only love the way I do

I'll set your heart on fire
I'll call you my desire
Just let me make my mark on you
If you only love like I do"
"lyrics-000089","I stand on a hill
With my eyes closed
Listening to my pounding heartbeat

I hear little things
In my blood flow
Like a quiet
Melody

I feel all of me -
Wants to resonate
In a new
Euphony

This is everything
This is everything

Past the deep troubled water
And the fears of the dark
There's a hill in the sunlight
For you to find harmony

Past the deep troubled water
And the fears of the dark
There's a hill in the sunlight
For you

I run up the hill
And lie on the grass
Listening to my pounding
heartbeat

I hear little things
In my blood flow
Like a quiet
Melody

I feel all of me -
Wants to resonate
In a new
Euphony"
"lyrics-000090","See the leaves how slow they tumble down
Covering the green and yellow lawn
As proof of what has been and what will come
Enjoying hazy lights of early dawn

It ain't good enough, good enough
Good enough to try and not succeed, succeed

Anger never dies
It's part of life
It's part of you
The end will cease the fire
And make us accept
We tend to lose

See the tears how slow they tumble down
Covering believe in empty vows
As proof of what has been and what will be
Alcohol puts us both to sleep

It ain't good enough, good enough
Good enough to try and not succeed, succeed

Anger never dies
It's part of life
It's part of you
The end will cease the fire
And make us accept
We tend to lose

Anger never dies
It's part of life
It's part of you
The end will cease the fire
And make us accept
We tend to lose

Anger never dies
It's part of live
It's part of you
The end will cease the fire
And make us accept
We tend to lose
We tend to lose"
"lyrics-000091","I co sobie mam powiedzieć?
Jest 93 rok
Nie mam dla siebie żadnych słów
Palę mokre Monte Carlo pod kolejny mijany blok

Słowa się skończyły dwie godziny temu
Się były, rozpadły i zbierać ich ni jak
Wsuwam płucom nikotynę zamiast tlenu
Przez 23 lata będę ten wieczór omijał

Idę przez osiedle jak przez tren
Ostatni dzień sierpnia roztapia się
W windzie pachnie mokrym psem
Patrzę w lustro, w którym nie odbijam się
Jest mnie za mało na lustra

Idę przez osiedle jak przez tren
Ostatni dzień sierpnia roztapia się
A w windzie pachnie mokrym psem
La la la la, jest mnie za mało na lustra

Na pewno były jeansy i koszulka w paski
Tam gdzie dzisiaj Świątynia Opatrzości
Pola przedburzowo przechodziły w chaszcze
Ciepłe piwo z puszek, warszawskie poboczności

Za prawde, za straszną prawde, powiadam wam
Da się od słów chudnąć
Jest taka dieta, co idzie w znikanie
Nie ma chłopaka, jakby magik podniósł czarne płótno

No a potem się już idzie prawie bez ciała i prawie bez celu
Ktoś coś woła ze szkolnego boiska, ale słowa nie działają
Rozpieprzenie się systemu
Z jakiegoś okna leci fu-gee-la-la
Widać, że płynie ostatni letni balet
Zniknięty wieczór, zniknięte słowa, zniknięty facet

Idę przez osiedle jak przez tren
Ostatni dzień sierpnia roztapia się
W windzie pachnie mokrym psem
Patrzę w lustro, w którym nie odbijam się
Jest mnie za mało na lustra

Idę przez osiedle jak przez tren
Ostatni dzień sierpnia roztapia się
A w windzie pachnie mokrym psem
La la la la, jest mnie za mało na lustra

Pamiętam koraliki
Z jakiegoś powodu wszyscy je nosili
Pamiętam niebo jak się nie zawala
Burza jeszcze czeka

Nie wyczuwa chwili
Myli się dzieciak, który ma się za faceta
Znika na to zawsze
Którego wyśmiać i dziś się nie da

Myli się i teraz Fugessi byli ze 3 lata później
Tamten idzie po asfalcie wyekwipowany w próżnię
A tamta trzyma na udach dłonie
Paski na koszulkach jak kontrolny obraz
Koniec programu
Klatki, podwórka, pelargonie w oknach

Idę przez osiedle jak przez tren
Ostatni dzień sierpnia roztapia się
W windzie pachnie mokrym psem
Patrzę w lustro w którym nie odbijam się
Jest mnie za mało na lustra

Idę przez osiedle jak przez tren
Ostatni dzień sierpnia roztapia się
A w windzie pachnie mokrym psem
La la la la..."
"lyrics-000092","Coraz częściej widzę, że lubisz pod prąd
Fakt to ważne, dokąd płyniesz, a nie skąd
Lecz czy wskażesz przód i wskażesz tył
Gdy wszyscy na raz obrócą się?
Dojrzyj w końcu, dojrzyj w końcu

Dobieramy się i dzielimy na cztery
Tylko ja i Ty i nasze komputery
Kolorowe zdjęcia, pięć na pięć
Świat barwniejszy niż naprawdę jest
Dojrzyj w końcu, dojrzyj w końcu

Dwukropek i gwiazdkę na noc szepnie Ci
W zamian dasz mu za to znak mniejszości trzy
Ławki w parku, tym z dziecięcych lat
Wieczorami jakieś pustsze są
Dojrzyj w końcu, dojrzej w końcu

Z pikselami przegrywam co wieczór i
Tamten świat mi Cię zjada i wcale to nie przeszkadza Ci
W ciąg jedynek i zer zamieniamy się
Tyle tego widziałaś, a wciąż nie widzisz tego że
Ja schnę"
"lyrics-000093","Nie jadałem dotąd takich dań
Które Ty serwujesz mi
Brałem byle co, byle mieć
Kilodżule by się bić
Kilodżule by się o coś lać
Gest nikczemny, słowo klucz
Teraz czekam aż ukroisz nać
Dodasz cukru, narwiesz bzu

Z imbirem
Imbirem
Imbirem
Imbirem

Smakuje mi
Choć nie przywykłem
Nie przywykłem
Kanciaste mam
Smakowe kubki
Za płytkie

Staram się i nie chcę
Cię urazić
To bzdury
Przecież

Nie chcę byś poznała
Moją byłą
Dietę znów

Nie jadałem dotąd takich dań
Które Ty serwujesz mi
Brałem byle co, byle mieć
Kilodżule by się bić
Kilodżule by się o coś lać
Gest nikczemny, słowo klucz
Teraz ze mną pragniesz słodko spać
Każdy Twój sen chłonę, prócz
Imbirowych przyszłości
O smaku kabli
O smaku gniewu
Jak umknęła nam ta
Mała różnica
Przeciwny biegun
I jak umknęło nam, że
Kogoś innego
Ci już potrzeba

Kto pachnie
Imbirem
Imbirem
Imbirem
Imbirem
Imbirem
Imbirem
Imbirem
Imbirem

Kto pachnie
Imbirem"
"lyrics-000094","Stała pod ścianą sącząc kakao
Kapela cięła walca na sześć
Spytałem skromnie: ""czy pójdziesz do mnie?""
Kiwnęła głową zgadzając się

Trzeba zawsze żyć biegnącą chwilą
Na co komu dziś wczorajszy dzień

Topiłem smutki w butelce wódki
Obok Japończyk do lustra pił
Pytam żółtego: ""powiedz dlaczego
Też jesteś smutny?"" On na to mi

Na co komu dziś wczorajsza miłość
Na co komu dziś wczorajszy sen
Po co dalej pić to samo piwo
Kiedy czujesz, że uleciał gaz

Chciałem być sobą za wielką wodą
Na czekoladę poczułem chęć
Była namiętna, bardzo nieletnia
I dobrze znała refrenu sens

Na co komu dziś wczorajsza miłość
Na co komu dziś wczorajszy sen
Po co dalej pić to samo piwo
Kiedy czujesz, że uleciał gaz

Spotkałem narzeczoną
Taką ze szkolnych lat
Próbowaliśmy mocno
By taniec naszych ciał
Rozgrzała jakaś iskra

Na co komu dziś wczorajsza miłość
Na co komu dziś wczorajszy sen
Po co dalej pić to samo piwo
Kiedy czujesz, że uleciał gaz

Na co komu dziś
Na co komu dziś"
"lyrics-000095","Start to stutter
When I think I care too much
You know I mumble
While I try to get in touch
Spill my tonic
Everytime I get too much
I just panic
And I start to get in touch, oh

Why why why why
Am I way too straight?
Am I always late? You know
Why why why why
Did I end up on
This disastrous state, you know

Uptight
Real love makes me feel too
Uptight
Whenever I'm with you I'm
Uptight
You love make me feel so
Uptight
I'm just scared for you
There are crazy things that
I will surely regret
When I'm uptight next to you
And the closer you get
Yes, the more I'm upset
Getting uptight next to you

Start to sweat
When I think I care too much
Smelling bad
While I try to get in touch
Running fast
From the fact I care too much
Getting up
When I start to get in touch, oh

Why why why why
Am I way too straight?
Am I always late? You know
Why why why why
Did I end up on
This disastrous state, you know

Uptight
Real love makes me feel too
Uptight
Whenever I'm with you I'm
Uptight
You love make me feel so
Uptight
I'm just scared for you
There are crazy things that
I will surely regret
When I'm uptight next to you
And the closer you get
Yes, the more I'm upset
Getting uptight next to you

Count every damn minute
Count every damn day
Baby can't we admit it
The pressure gets hard, I'm going down
Count every damn minute
Count every damn day
Baby can't we admit it
The pressure gets hard, I'm going down

Uptight
Real love makes me feel too
Uptight
Whenever I'm with you I'm
Uptight
You love make me feel so
Uptight
I'm just scared for you
There are crazy things that
I will surely regret
When I'm uptight next to you
And the closer you get
Yes, the more I'm upset
Getting uptight next to you"
"lyrics-000096","Tak, zawsze genialny
Idealny muszę być
I muszę chcieć super luz i już
Setki bzdur i już, to nie ja

I nawet kiedy będę sam
Nie zmienię się, to nie mój świat
Przede mną droga którą znam
Którą ja wybrałem sam

Wiesz, lubię wieczory
Lubię się schować na jakiś czas
I jakoś tak, nienaturalnie
Trochę przesadnie, pobyć sam
Wejść na drzewo i patrzeć w niebo
Tak zwyczajnie, tylko że
Tutaj też wiem kolejny raz
Nie mam szans

I nawet kiedy będę sam
Nie zmienię się, to nie mój świat
Przede mną droga którą znam
Którą ja wybrałem sam

Noc, a nocą gdy nie śpię
Wychodzę choć nie chcę spojrzeć na
Chemiczny świat, pachnący szarością
Z papieru miłością, gdzie ty i ja
I jeszcze ktoś, nie wiem kto
Chciałby tak przez kilka lat
Zbyt zachłannie i trochę przesadnie
Pobyć chwilę sam, chyba go znam

I nawet kiedy będę sam
Nie zmienię się, to nie mój świat
Przede mną droga którą znam
Którą ja wybrałem sam

I nawet kiedy będę sam
Nie zmienię się, to nie mój świat
Przede mną droga którą znam
Którą ja wybrałem sam"
"lyrics-000097","I niby nic takiego, w mieście pusta droga
Nocne loty, wódka w bramie, w końcu nikt nie woła
Łajzy, półbogowie, żaden sobie już nie ufa
Ma na myśli budę i spuszcza je z łańcucha

I niby nic takiego, jedna noc
I niby nic wielkiego, jedna noc
I niby nic ważnego, jedna noc
Niby nic, a jednak
Niby nic, a jednak

Miasto śpi, ulic styk, jedna z klisz, świata strych

Niby nic, jeden dzień
Niby nic, a jednak
A jednak...

To niby nic takiego, dzień jak w negatywie
Gęsia skórka, mięki łuk twój, ja spod łba łypie
Gdy Cię gryzę w szyję, Ty udajesz że nie boli
Zasypiamy kiedy, budzą się żurawie, domy

I niby nic takiego, jeden dzień
I niby nic wielkiego, jeden dzień
I niby nic ważnego, jeden dzień
Niby nic, a jednak
Niby nic, a jednak

Niby nic, jedna noc
Niby nic takiego
Niby nic, jeden dzień
Niby nic, a jednak
A jednak

I niby nic takiego, niby nic
I niby nic wielkiego, niby nic
I niby nic ważnego, niby nic
Niby nic, a jednak
Niby nic, a jednak"
"lyrics-000098","Może masz w głowie myśli bardziej szalone niż ja
Może masz skrzydła, których by Tobie pozazdrościł ptak
Może masz serce całe ze szlachetnego szkła
Może masz kogoś, a może własnie kogoś Ci brak
Nie płacz, nie płacz, o nie

Może masz oczy, w których nie gościł dotąd strach
Może masz w sobie niechęć do wojny i brudnych spraw
Może masz litość, a może uczuć już w Tobie brak
Może masz wszystko, lecz nie masz tego co mam ja

Nie ma nikt takiej nadziei jak ja
Nie ma nikt takiej wiary w ludzi cały ten świat
Nie ma nikt tylu zmarnowanych lat
Nie ma nikt, bo któż to wszystko mieć by chciał?

Tylko ja
Tylko ja

Nie ma nikt takiej nadziei jak ja
Nie ma nikt takiej wiary w ludzi cały ten świat
Nie ma nikt tylu zmarnowanych lat
Nie ma nikt, bo któż to wszystko mieć by chciał?
Nie ma nikt takiej nadziei jak ja
Nie ma nikt takiej wiary w ludzi cały ten świat
Nie ma nikt tylu zmarnowanych lat
Nie ma nikt, bo któż to wszystko mieć by chciał?

Tylko ja
Tylko ja"
"lyrics-000099","Na moim parapecie mieszkał czarny ptak
I skarżył się co wieczór, jaki zły jest świat
Choć widział wszystko z góry co dzień marzył, że
Pewnego dnia polecę z nim a świat zawali się

Nie boję się ciemności ani wielkich miast
Ale lęk wysokości mam we krwi od lat
On lekko się uśmiechał gdy mnie zjadał strach
Bo każdy zdrowy ptak lecieć próbuje pod wiatr

Gdy rozpościera skrzydła, ja zazdroszczę mu
Jak Ikar mrużę oczy patrząc w stronę chmur
Bo wiem, że tam miejsce dla mnie jest
Pewnego dnia oderwę się i lecieć będę też

Krok nas dzieli od tych chwil
Śmiać będziemy się jak nikt
Krok nas dzieli od tych chwil
Śmiać będziemy się jak nikt (let him go...)

Na moim parapecie mieszkał czarny ptak
I skarżył się co wieczór jaki zły jest świat
Chodź widział wszystko z góry co dzień marzył, że
Pewnego dnia polecę z nim, a świat zawali się

Gdy odleciał już na zawsze, wziąłem resztki piór
I patrzyłem jak powoli lecą w stronę chmur
Poczułem mocny wiatr i wybiłem się co tchu
Od tego czasu nie potrafię zejść na ziemię już"
"lyrics-000100","I'm too light and you're too soon
I'm too light and you're too soon
let me in the other room
I'm too light and you're too soon

Never trust the palest girl
(all the houses are taken)
Palest girls, with palest hearts
(all apartments not for sale)
Nothing in return
(all the heads are rented out)
(please rent me out of being hopeless)
They will bake them all for you
(city has not been kind to me)
They will bake their palest hearts
(I've only been working)
Just to watch them burn
(prices rise when sun rises)
(and sun rises when I'm not looking)

So grow up now
(my heart just grow up now)
Oh! Just grow up now!
(all this time, oh!)

I'm too light and you're too soon
I'm too light and you're too soon
let me in the other room
I'm too light and you're too soon

This could take away the pain
(all the houses are taken)
Twenty spoons to fall asleep
(all apartments not for sale)
We will be brand new
(all the heads are rented out/)
(please rent me out of being hopeless)
And it could take us 20 years
(city has not been kind to me)
But if we only fall asleep
(I've only been working)
All our dreams come true
(prices rise when sun rises)
(and sun rises when I'm not looking)

So hold me down!
(hold me down)
Oh! Just down down down!
(just down down down)
(for it's too late)

I'm too light and you're too soon
I'm too light and you're too soon
let me in the other room
I'm too light and you're too soon

(You know I would rather...)"
"lyrics-000101","I... like the things that you hate
And you... hate the things that I like
But it hurts
Honestys your church
But sometimes
It's better to lie

I... am the vinegar and salt
And you... are the oil that dissolves
My frustration
Honestys limitation

But sometimes
It's better to lie
But sometimes
It's better to lie...

I am the vinegar and salt
And you are the oil that dissolves my frustrations
Limitations
But sometimes...
I don't dare to ask why"
"lyrics-000102","Going for a walk
You wish to be alone for a while
Leaving at once
What they've said behind

Acting like you care
So you won't make them sad
Acting like you care
So you won't make them sad
So you scream out loud
In silence all those nasty words
So you scream out loud
In silence all those nasty words

Acting like you care
So you won't make them sad
Acting like you care
So you won't make them sad
So you scream out loud
In silence all those nasty words
So you scream out loud
In silence all those nasty words

You return home
Like nothing went wrong
You return home
Like nothing happened before

I've got nothing to say
I'll walk away
I've got nothing to say
I'll walk away
I've got nothing to say
I'll walk away
I've got nothing to say
I'll walk away
I've got nothing to say
I'll walk away
I've got nothing to say
I'll walk away
I've got nothing to say
I'll walk away
I've got nothing to say
I'll walk away"
"lyrics-000103","Chciałbym być twoim telefonem
Przy którym teraz śpisz
Głaszczesz go i pieścisz
Ustami gładzisz ekran i...

Chciałbym bliżej być
Ciebie bliżej być
Wokół krążyć jak
Satelity
Chciałbym bliżej być
Ciebie bliżej być
Jak ekskluzywne
Kosmetyki
I nie przestanę
Choć na sekundę
Kręcę się wokół
Jakbym dronem był
Chciałbym być bliżej
Tuż przed oczami
Chciałbym, gdy tańczysz
Coraz bliżej być
Chciałbym bliżej być
Ciebie bliżej być
Wokół krążyć jak
Satelity
Chciałbym bliżej być
Ciebie bliżej być
Jak ekskluzywne
Kosmetyki

Chciałbym być twoim telefonem
Bez którego nie możesz wyjść
Mieć zasięg całą dobę

Chciałbym bliżej być
Ciebie bliżej być
Wokół krążyć jak
Satelity
Chciałbym bliżej być
Ciebie bliżej być
Jak ekskluzywne
Kosmetyki
I nie przestanę
Choć na sekundę
Skaczę przy tobie
Jakbym w ogień szedł
Chciałbym być bliżej
Tuż przed ustami
Jak jakiś botoks
Ajfony i seks
Chciałbym bliżej być
Ciebie bliżej być
Wokół krążyć jak
Satelity
Chciałbym bliżej być
Ciebie bliżej być
Jak ekskluzywne
Kosmetyki

Chciałbym być teraz małym dronem
Pokonać setki kilometrów, by
Zawisnąć nad twym domem
I obserwować twoje drzwi
Mógłbym lecieć tuż nad ziemią
Zaglądać w twoje okna i...
Patrzeć, jak tańczysz z telefonem
Którym tak chciałbym teraz być

Chciałbym bliżej teraz być
Jak ekskluzywne kosmetyki
Chciałbym teraz bliżej być
Krążyć jak satelity"
"lyrics-000104","A kiedy przyjdzie także po mnie
Zegarmistrz światła purpurowy
By mi zabełtać błękit w głowie
To będę jasny i gotowy

Spłyną przeze mnie dni na przestrzał
Zgasną podłogi i powietrza
Na wszystko jeszcze raz popatrzę
I pójdę nie wiem gdzie - na zawsze.

A kiedy przyjdzie także po mnie
Zegarmistrz światła purpurowy
By mi zabełtać błękit w głowie
To będę jasny i gotowy

Spłyną przeze mnie dni na przestrzał
Zgasną podłogi i powietrza
Na wszystko jeszcze raz popatrzę
I pójdę nie wiem gdzie - na zawsze.

A kiedy przyjdzie po mnie
Zegarmistrz światła purpurowy
By mi zabełtać błękit w głowie
To będę jasny i gotowy

Spłyną przeze mnie dni na przestrzał
Zgasną podłogi i powietrza
Na wszystko jeszcze raz popatrzę
I pójdę nie wiem gdzie - na zawsze

A kiedy przyjdzie także po mnie
Zegarmistrz światła purpurowy
By mi zabełtać błękit w głowie
To będę jasny i gotowy

Spłyną przeze mnie dni na przestrzał
Zgasną podłogi i powietrza
Na wszystko jeszcze raz popatrzę
I pójdę nie wiem gdzie - na zawsze"
"lyrics-000105","Zbudowali fabryki
Opracowali maszyny
Produkują wódkę
Tak, dużo, dużo wódki

Bo im tylko o to chodzi, abyś sam sobie szkodził
Abyś sam nie mógł myśleć
Abyś sam nie mógł chodzić

Ustawili kominy
Zbudowali drabiny
To już wszystko pracuje
Pracuje i truje

Bo im tylko o to chodzi, abyś sam sobie szkodził
Abyś sam nie mógł myśleć
Abyś sam nie mógł chodzić

Jeszcze dymią kominy
Produkują spaliny
Produkują wódkę
Tak, dużo, dużo, dużo, dużo, dużo, dużo, dużo wódki

Bo im tylko o to chodzi, abyś sam sobie szkodził
Abyś sam nie mógł myśleć
Abyś sam nie mógł chodzić

Zbudowali fabryki
Opracowali maszyny
Produkują wódkę
Tak, dużo, dużo, dużo, dużo, dużo, dużo wódki

Bo im tylko o to chodzi, abyś sam sobie szkodził
Abyś sam nie mógł myśleć
Abyś sam nie mógł chodzić

Ustawili kominy
Zbudowali drabiny
To już wszystko pracuje
Pracuje i truje

Bo im tylko o to chodzi, abyś sam sobie szkodził
Abyś sam nie mógł myśleć
Abyś sam nie mógł chodzić

Jeszcze dymią kominy
Produkują spaliny
Produkują wódkę
Tak, dużo, dużo, dużo, dużo, dużo, dużo, dużo wódki

Bo im tylko o to chodzi, abyś sam sobie szkodził
Abyś sam nie mógł myśleć
Abyś sam nie mógł chodzić"
"lyrics-000106","Ledwo mnie znasz
Tyle już masz
Planów, jakbyś wieki mnie znał
Siedzimy tu godziny pół
Zahaczyłeś prawie o ślub
Wybacz chłopcze, gdy się tak uśmiecham
Wybacz proszę, lecz nie na to czekam...

Wszystko, czego dziś chcę (czego dziś chcę)
Pamiętaj o tym, polecieć chcę (polecieć chcę)
Tam i z powrotem, z ramion twych wprost do nieba, do nieba

Wszystko, czego dziś chcę (czego dziś chcę)
Pamiętaj o tym, dolecieć raz (dolecieć chcę)
Tam i z powrotem, więcej mi nic nie trzeba, nie trzeba

Zapalasz się, słyszę Twój szep
Trochę starań i świat jest nasz
Powiedzmy tak, za osiem lat
Adres w bloku i mały Fiat
Nie łam głowy, jak Ty to uzbierasz
Wszystko hurtem możesz dać mi teraz

Wszystko, czego dziś chcę (czego dziś chcę)
Pamiętaj o tym, polecieć chcę (polecieć chcę)
Tam i z powrotem, z ramion twych wprost do nieba, do nieba

Wszystko, czego dziś chcę (czego dziś chcę)
Pamiętaj o tym, dolecieć raz (dolecieć chcę)
Tam i z powrotem, więcej mi nic nie trzeba, nie trzeba

Wszystko, czego dziś chcę (czego dziś chcę)
Pamiętaj o tym, polecieć chcę (polecieć chcę)
Tam i z powrotem, z ramion twych wprost do nieba, do nieba

Wszystko, czego dziś chcę (czego dziś chcę)
Pamiętaj o tym, dolecieć raz (dolecieć chcę)
Tam i z powrotem, więcej mi nic nie trzeba
Więcej mi nic nie trzeba, nie trzeba"
"lyrics-000107","I fell in love with the city
At first sight, it looked pretty
We used to share the same love for grey
Through the blanket of clouds, it wasn't easy
To be sure that the sun will come back

I used to walk on the autumn leaves
Now they're only burnin' my feet

Wake me up in July
Lick the snow from my eyes
Underneath the blue sky
All I need is my bike
Wake me up in July
Lick the snow from my eyes
We will catch the shooting stars
On the blackboard night sky

Need to curse to talk about you
Need you less than I felt I would
What have you done to make the light go away?
I can cheat on you with every city
But they only make love just the same

I used to walk on the autumn leaves
Now they're only burnin' my feet

Wake me up in July
Lick the snow from my eyes
We will catch the shooting stars
On the blackboard night sky

Wake me up in July
Lick the snow from my eyes
Underneath the blue sky
All I need is my bike
Wake me up in July
Lick the snow from my eyes
We can catch the shooting stars
On the blackboard night sky
Can you wake me up in July?
Lick the snow from my eyes
Underneath the blue sky
All I need is my bike

Can you wake me up in July?"
"lyrics-000108","W naszym betonowym lesie
Tam gdzie asfaltowe kałuże
Niekończący krawężnik pnie się
Tam gdzie widzisz brukową burze

Skaczę po płytkach odlewanych
Nie dotykam ich spojeń
Nie chce urazić matki ziemi
I wywoływać wojen

Dym spowił nasz betonowy las
W świetle sygnalizacji się gubimy
Mijamy cienie kłaniają się w pas
A teraz na czerwonym stoimy

Dym spowił nasz betonowy las
W świetle sygnalizacji się gubimy
Mijamy cienie kłaniają się w pas
A teraz na czerwonym stoimy (stoimy, stoimy, stoimy, stoimy, stoimy, stoimy, stoimy, stoimy, stoimy)

Wszystkie ścieżki wyrzeźbione
Znam na pamięć jak rozkład
Szyny donikąd prowadzone
Wybieram ten tramwajowy skład

Z okna tylko smutnych twarze
I dłonie wesołych dostrzegam
Uściski jak mostu przęsła
W smutnych aura wklęsła

Zęby kasownika nie ruszone
Wszyscy siedzą i słuchają
Jeden drugiemu mówi jak powinno być
Spójrz jak ciężko lekko żyć
Spójrz jak ciężko lekko żyć

Dym spowił nasz betonowy las
W świetle sygnalizacji się gubimy
Mijamy cienie kłaniają się w pas
A teraz na czerwonym stoimy

Dym spowił nasz betonowy las
W świetle sygnalizacji się gubimy
Mijamy cienie kłaniają się w pas
A teraz na czerwonym stoimy"
"lyrics-000109","Popatrz jak wszystko szybko się zmienia
Coś jest, a później tego nie ma
Człowiek jest tylko sumą oddechów
Wiec nie mów mi, że jest jakiś sposób
Chciałbym coś wiedzieć teraz na pewno
To moja udręka, to jej sedno
Wiem tylko, że wszystko się zmienia, coś jest a później tego nie ma
To nie ściema, każda historia ma swój dylemat
Ma swój początek i koniec jak poemat
Nowy temat, kreci i nęci, a później umiera
Nic nie trwa wiecznie, niebezpiecznie
Jest wierzyć w to, że coś trwa wiecznie
Dobre momenty, jak fotografie
Zbieram w swej głowie jak w starej szafie

I tak płynie czas, nie dogania nas
W każdym z nas, czas, zatrzymuje się nie raz
Otoczeni sprzętem, upaleni skrętem, nagrywamy tę piosenkę
Łączymy style, mieszamy gatunki, jak na imprezie trunki, robimy miksa
Zlewamy w jedną całość, dub, reggae, hip-hop, warszawski folk, forma czysta
Rymów wielka rzeka jak Wisła, płynie dzisiaj na Tarchominie
Wiesz kto rymuje? Niedługo będziesz znał dobrze moje imię
Jestem jak powódź po ostrej zimie, jak śnieg w pędzącej lawinie
Jak nowy film w starym kinie, voo-dang sound system nigdy nie zginie

Otwieram wino ze swoją dziewczyną
Chciałbym żeby ten czas nie przeminął
Otwieram wino ze swoją dziewczyną
Chciałbym żeby ten czas nie przeminął
Nigdy nie przeminął, nigdy nie przeminął

Otwieram wino ze swoją dziewczyną
Chciałbym żeby ten czas nie przeminął
Otwieram wino ze swoją dziewczyną
Chciałbym żeby ten czas nie przeminął
Nigdy nie przeminął, nigdy nie przeminął

Chciałbym zatrzymać czas, kiedy patrzę na nią
Zatrzymać świat, który chce nam chwile kraść
Zawsze tanio sprzedać coś
Patrzę na nią teraz bo
Mam szczęście, mam coś, czego teraz chcą, wszyscy
Nie chcę być samotny, wiesz, pieprze ich styl
Pieprzę najlepsze listy
Nie chcę być tam nawet
Nie chcę wyjść na krawędź jak oni
Też chcę mieć coś, coś extra, ale nie chcę gonić, wiesz!
Mam swoją niunię i otwieram wino z nią
Robię co umiem, mam co lubię, mam miłość z nią
I wiesz, nawet jeśli jutro wszystko zniknie
Okey, spoko, może szybko przyjdzie
Chciałbym naciskać ""play"" i ""stop"" jak w boom-boxach
Jak coś się dobrze klei to chcę tu zostać, wiem!
Wierzę wciąż, więc jestem ryzykantem, ale
Wiem, że ten świat nie jest kiddyland'em, ej

Nie ufam tym co mówią: ""Czas to pieniądz""
Najpierw coś cenią, później twarz swą zmienią
Znam ich, tracą chwile, myślą że są twardzi
Czas przeminie, znów wrócimy na tarczy
Znów, myślimy jak tamci, znów czas przeminął
Dziś jestem starszy, mam coś w garści, Ty znasz epilog
Boże, chciałbym zatrzymać czas tyle razy w życiu
Nie wiesz czego chcę teraz? Bez kitu!

Otwieram wino ze swoją dziewczyną
Chciałbym żeby ten czas nie przeminął
Otwieram wino ze swoją dziewczyną
Chciałbym żeby ten czas nie przeminął
Nigdy nie przeminął, nigdy nie przeminął

Otwieram wino ze swoją dziewczyną
Chciałbym żeby ten czas nie przeminął
Otwieram wino ze swoją dziewczyną
Chciałbym żeby ten czas nie przeminął
Nigdy nie przeminął, nigdy nie przeminął

Nigdy nie przeminął, nigdy nie przeminął
Nigdy nie przeminął, nigdy nie przeminął"
"lyrics-000110","Since you've been gone
You' would think I feel lonely
Cry all night
Lose my mind
I'm all alone and it feels like a blessing
Well does that disappoint you

I put out all the stops
To feel sad to miss all we had
But I'm sorry I ain't heartbroken
I put out al the stops
To regret all the fights we had
But really I ain't heartbroken

Hey I feel great
I feel strong does it really seem so wrong
Not to long
For you and the way you've been trying
To control me
Well you know what
Those days are over

I put out all the stops
To feel sad to miss all we had
But I'm sorry I ain't heartbroken
I put out al the stops
To regret all the fights we had
But really I ain't heartbroken
I ain't heartbroken
I ain't heartbroken

I ain't heartbroken

Sometimes you should stop to feel sad
To this lonely night

But I'm sorry I ain't heartbroken
I put out al the stops
To regret all the fights we had
But really I ain't heartbroken

Sometimes you should stop"
"lyrics-000111","Telefony, telefony, gdzie dzwonić mam
I jaki numer mam wykręcić
Do kogo z was
Telefony, telefony
Tele tele telefony
Telefony, telefony
Do kogo z was

Telefony w mojej głowie
Bez przerwy trrrrrr...
Nikt nie dzwoni, nikt nie dzwoni
To tylko ja!
Tylko ja!

Telefony w mojej głowie
Telefony w mojej głowie
Telefony w mojej głowie
To tylko ja!

Tam gdzie dzwonię nie poznają
Mego głosu, głosu, głosu, głosu, głosu
Złe numery, złe numery
Złe adresy-dresy-dresy-dresy-dresy
Ten telefon w mojej głowie
Tylko brzęczy, brzęczy, brzęczy, brzęczy, brzęczy
Brzęczy, brzęczy, brzęczy, brzęczy, brzęczy

Kto zadzwoni, kto wykręci w końcu numer mój
Kto zadzwoni, kto zadzwoni tutaj do mnie
Telefony w mojej głowie wciąż
Telefony w mojej głowie wciąż
Telefony w mojej głowie wciąż
Telefony
To tylko ja...
Tylko ja
To to to tylko ja
To to to tylko ja
To to to tylko ja"
"lyrics-000112","Niewygodna prawda ta
Że to jednak trochę trwa
Zanim wszystko się ułoży
Jest pod górę
Kiedy wszystko jest nie tak
Kiedy halny wieje wiatr
Dumnie jak u wielkich dam
Głowa w górę
Przepłakane morze łez
Ale teraz dobrze jest
Raz na zachód, raz na wschód
Absolutnie, absolutnie
Będę z tobą aż po grób
Absolutnie, absolutnie
Doprowadzasz mnie do łez
Absolutnie, absolutnie
Ale tak mi dobrze jest
Mija dwa tysiące lat
A historia nadal trwa
I zatacza swoje kręgi na podwórzach
W moim domu także jest
Tej historii spory kęs
Co wyrywa teraz się i serce w górę
Przepłakane morze łez
Ale teraz dobrze jest
Raz na zachód, raz na wschód
Absolutnie, absolutnie
Będę z tobą aż po grób
Absolutnie, absolutnie
Doprowadzasz mnie do łez
Absolutnie, absolutnie
Ale tak mi dobrze jest
I jeśli kolejny raz jest pod górę
Nie mów pas
Nie poddawaj nigdy się
Bo na końcu czeka cię
Raz na zachód, raz na wschód
Absolutnie, absolutnie
Będę z tobą aż po grób
Absolutnie, absolutnie
Doprowadzasz mnie do łez
Absolutnie, absolutnie
Ale tak mi dobrze jest"
"lyrics-000113","Biegł zanosząc się łkaniem
Uszy bolały go z zimna
Biegł boso w piżamie
Zając ścigany przez wilka
Jesteśmy dziećmi, dziećmi co chcą na ręce
Jesteśmy dzielni wciąż prowadzi nas sen

Dzieci malarzy cokolwiek się zdarzy
Umiemy chleb bez masła jeść
Dzieci malarzy są poza obrazem
Szare pejzaże dzień za dniem
Dzień za dniem

Wiem, że nie ufasz już sobie
Zupełnie inny chcesz być
Serce dryguje twym krokiem
Do domu, który znikł
Jesteśmy dziećmi, co chcą na ręce
Jesteśmy dzielni wciąż prowadzi nas sen

Dzieci malarzy cokolwiek się zdarzy
Umiemy chleb bez masła jeść
Dzieci malarzy są poza obrazem
Szare pejzaże dzień za dniem
Dzień za dniem

Mamo, mamo
Nic się nie stało
Tato, tato
Tęskniłam za wami latami...
Mamo, mamo
Nic się nie stało
Tato, tato
Tęskniłam za wami latami...

Dzieci malarzy cokolwiek się zdarzy
Umiemy chleb bez masła jeść
Dzieci malarzy są poza obrazem
Szare pejzaże dzień za dniem
Dzieci malarzy cokolwiek się zdarzy
Umiemy chleb bez masła jeść
Dzieci malarzy są poza obrazem
Szare pejzaże dzień za dniem"
"lyrics-000114","Kolejny piątek wieczorem
Ponownie, w pobliżu soboty
Próbuję stanąć na nogi
Prywatna grawitacja
Jak sznurkiem przywiązana
Przyciąga i oddala mnie
Wyciągam do niej ręce
Chcę bliżej i więcej
Wciąż za daleko, by mieć

On na pewno gdzieś jest
On już moim śladem idzie
Kocham go już dziś

Ulatuje myśl, melodia
Liście z drzew na ziemi śpią

Uratuję dziś melodię
Wezmę jedną z nich ze sobą spać

Przyglądam sama sobie
Smaruję usta miodem
Włosy upinam w kok
Mówili w domu
On nie wiatr na pogodę
Dziś spokój dogania mnie

On na pewno gdzieś jest
On już moim śladem idzie
Kocham go już dziś

Ulatuje myśl, melodia
Liście z drzew na ziemi śpią

Uratuję dziś melodię
Wezmę jedną z nich ze sobą spać

Ulatuje myśl, melodia
Uratuje mnie

Ulatuje myśl, melodia
Uratuje mnie

Ulatuje myśl, melodia
Uratuje mnie

Ulatuje myśl, melodia
Uratuje mnie

Ulatuje myśl, melodia
Liście z drzew na ziemi śpią

Uratuję dziś melodię
Wezmę jedną z nich ze sobą spać"
"lyrics-000115","Dobre stopnie za chamstwo masz, to jest to
W nowym zwarciu za faulem faul, nim gruchnie gong
Mówią: szmal określa byt, trzymaj tak
Twarde łokcie pomogą ci i giętki kark

Czy to już znasz, kochanie
Czy nie wiesz, jak to jest
Czy wierzysz im bez granic
Czy zechcesz wierzyć mnie

Słodkiego, miłego życia
Bez chłodu, głodu i bicia
Słodkiego, miłego życia
Jest tyle gór do zdobycia

Kto przegrany, nie liczy się, odpada z gry
Całuj klamkę, pohamuj wstręt, pohamuj sny
A nagrodę dostaniesz za piękny kurs
Rada głuchych nagrodzi cię bez zbędnych słów

Czy to już znasz, kochanie
Czy nie wiesz, jak to jest
Czy wierzysz im bez granic
Czy zechcesz wierzyć mnie

Słodkiego, miłego życia
Bez chłodu, głodu i bicia
Słodkiego, miłego życia
Jest tyle gór do zdobycia

Słodkiego, miłego życia
Bez chłodu, głodu i bicia
Słodkiego, miłego życia
Jest tyle gór do zdobycia

Słodkiego, miłego życia
Bez chłodu, głodu i bicia
Słodkiego, miłego życia
Jest tyle gór do zdobycia"
"lyrics-000116","Czasami wolę być zupełnie sam
Niezdarnie tańczyć na granicy zła
I nawet stoczyć się na samo dno
Czasami wolę to, niż czułość waszych obcych rąk

Posiadam wiarę w niemożliwą moc
Potrafię, jeśli chcę, rozświetlić mrok
Mogę poruszyć was na kilka chwil
Tylko zrozumcie kiedy zechcę znowu z sobą być

Na pewno czułeś kiedyś wielki strach
Że oto mija twój najlepszy czas
Bezradność zniosła Cię na drugi plan
Czekanie sprawia, że gorzknieje cała słodycz w nas

Ogromny zgrzyt znieczula nas na szept
Tak trudno znaleźć drogę w ciepły sen
Słowa zlewają się w fałszywy ton
Gdy nadwrażliwość jest jak bilet w jedną stronę stąd

Okłamali mnie z nadzieją, że
Uwierzyłem i przestanę chcieć
Muszę leczyć się na ból i strach
Gdzie jest człowiek, który z siebie sam pokaże mi jak
Kto pokaże mi jak?
Kto pokaże mi jak?
No kto pokaże mi jak?

Czasami wolę być zupełnie sam
Niezdarnie tańczyć na granicy zła
I nawet stoczyć się na samo dno
Czasami wolę to, niż czułość waszych obcych rąk

Posiadam wiarę w niemożliwą moc
Potrafię, jeśli chcę, rozświetlić mrok
Mogę poruszyć was na kilka chwil
Tylko zrozumcie kiedy zechcę znowu z sobą być
Znowu z sobą być
Znowu z sobą być
Znowu z sobą być

Na pewno czułeś kiedyś wielki strach
Że oto mija twój najlepszy czas
Bezradność zniosła Cię na drugi plan
Czekanie sprawia, że gorzknieje cała słodycz w nas

Ogromny zgrzyt znieczula nas na szept
Tak trudno znaleźć drogę w ciepły sen
Słowa zlewają się w fałszywy ton
Gdy nadwrażliwość jest jak bilet w jedną stronę stąd
W jedną stronę stąd
W jedną stronę stąd
W jedną stronę stąd

Niczego nie będzie żal
Niczego nie będzie żal
Niczego nie będzie żal
Niczego nie, nie, nie, nie, nie

Niczego nie będzie żal
Nie

Okłamali mnie z nadzieją, że
Uwierzyłem i przestanę chcieć
Muszę leczyć się na ból i strach
Gdzie jest człowiek który...

Niczego nie będzie żal
Niczego nie będzie żal
Niczego nie będzie żal
Niczego nie, nie, nie, nie, nie

Niczego nie będzie żal

Niczego nie będzie żal
Niczego nie będzie żal
Niczego nie będzie żal
Niczego

Niczego nie będzie żal"
"lyrics-000117","Your eyes reflect the time
Everything what's good in me
Your heart in the shape of mine
You're the mirror of my kind

Oh look how time flies around our heads
You said let's get burned to see how it hurts
Your eyes reflect the time
Everything what's good in me
Your heart in the shape of mine
You're the mirror of my kind"
"lyrics-000118","Morning sunshine
You are always smiling when I open my...
My eyes do shine
Radiate like a nuclear dense cloud

You're like a real strong cup of tea
Giving me more than energy
Caffeine is just a small advance
For all the triggers that make me...

Na, na-na, na-na, nana-nana, boy, you make me dance
Na, na-na, na-na, nana-nana, you put me in a trance

Good night, sleep tight
Feels as if I could swim across the ocean
My film star, playing the lead in my nightly stop motion

Ginseng is weak compared to you
I'm wandering 'round without a clue
By enforcing my sweet fantasy
My pheromones are making me

Na, na-na, na-na, nana-nana, boy, you make me dance
Na, na-na, na-na, nana-nana, you put me in a trance

Long time ago I fell for you
But we had so much more to do
It took a while to synchronize
But now we're locked, it makes me...

Na, na-na, na-na, nana-nana, boy, you make me dance
Na, na-na, na-na, nana-nana, you put me in a trance

Like the Amalfi
Coast, you are wildly curling beautiful
Hypnotising
Water makes me fond of the un-useful

Long time ago I fell for you
But we had so much more to do
It took a while to synchronize
But now we're locked, it makes me...

Na, na-na, na-na, nana-nana, boy, you make me dance
Na, na-na, na-na, nana-nana, you put me in a trance
Na, na-na, na-na, nana-nana, boy, you make me dance
Na, na-na, na-na, nana-nana, you put me in a trance

Morning sunshine
You are always smiling when I open my..."
"lyrics-000119","Chcę przyjechać do Ciebie
Pospacerować w deszczu
Nie potrzebujemy parasola
Jedynie swego samolotu

Nie gotujemy, nie naprawiamy
Miejsca swojego nie mamy
Nie sprzątamy, nie witamy
Skrzydeł potrzebujemy

Chcę przyjechać do Ciebie
Pospacerować w deszczu
Nie potrzebujemy parasola
Jedynie swego samolotu

Nie gotujemy, nie naprawiamy
Miejsca swojego nie mamy
Nie sprzątamy, nie witamy
Skrzydeł potrzebujemy

Nie chodzimy, nie latamy
Miejsca swojego nie mamy
Nie pływamy, nie biegamy
Swoich ciał też nie mamy"
"lyrics-000120","Baby, don't you know
It really hurts to see you suffer so
He calls you baby, but can't you see
You're only living in a fantasy

Badaboum
Badaboum
Badaboum
Badaboum

No, you misunderstood
When I said he was good
I simply meant he does me like you never could
When I'm under his thumb and he's making me
Baby, there's a way you feel as best I go

Badaboum
Badaboum
Badaboum
Badaboum

Baby, don't you know
It really hurts to see you suffer so
He calls you baby, but can't you see
You're only living in a fantasy

No, you misunderstood
When I said he was good
I simply meant he does me like you never could
When I'm under his thumb and he's making me
Baby, there's a way you feel as best I go"
"lyrics-000121","Obudzimy się wtuleni
W południe lata
Na końcu świata
Na wielkiej łące
Ciepłej i drżącej

Wszystko będzie takie nowe
I takie pierwsze
Krew taka gęsta
Tobie tak wdzięczna
Z tobą bezpieczna
Nad nami

Dmuchawce, latawce, wiatr
Daleko z betonu świat
Jak porażeni
Bosko zmęczeni
Posłuchaj
Muzyka na smykach gra
Do ciebie po niebie szłam
Tobą oddycham
Płonę i znikam
Chodź ze mną

Dmuchawce, latawce, wiatr
Daleko z betonu świat
Jak porażeni
Bosko zmęczeni
Posłuchaj
Muzyka na smykach gra
Do ciebie po niebie szłam
Tobą oddycham
Płonę i znikam
Chodź ze mną

Dmuchawce, latawce, wiatr
Daleko z betonu świat
Jak porażeni
Bosko zmęczeni
Posłuchaj
Muzyka na smykach gra
Do ciebie po niebie szłam
Tobą oddycham
Płonę i znikam
Chodź ze mną"
"lyrics-000122","Takie dziś oczy mam niebieskie
Jakby po walcu lub po chmurze
Taką mam w duszy kruchą łezkę
Jak kropla, która rzeźbi różę

Nie widać na mych smutnych włosach
Śladów twej dłoni niecierpliwej
Nie słychać żalu w śpiewie kosa
I dobry Pan Bóg się nie dziwi

Ach, nie mnie jednej
Ach, nie mnie jednej
To się zdarzyło, co się zdarzyło?
Ach, czemuż tylko w rozmowie sennej
Nie pamiętałam słowa, ""Miłość""

Ach, nie mnie jednej
Ach, nie mnie jednej
To się zdarzyło, co się zdarzyło?
Ach, czemuż tylko w rozmowie sennej
Nie pamiętałam słowa ""miłość""

Takie dziś oczy mam niebieskie
Jakby po walcu lub po chmurze
Taką mam w duszy kruchą łezkę
Jak kropla, która rzeźbi róże

Spoglądam w nieba abecadło
Wstyd zostawiłam na posłaniu
Czemuż nie przeszły mi przez gardło
Te proste słowa o kochaniu?

Ach, nie mnie jednej
Ach, nie mnie jednej
To się zdarzyło, co się zdarzyło?
Ach, czemuż tylko w rozmowie sennej
Nie pamiętałam słowa, ""Miłość""

Ach, nie mnie jednej
Ach, nie mnie jednej
To się zdarzyło, co się zdarzyło?
Ach, czemuż tylko w rozmowie sennej
Nie pamiętałam słowa, ""Miłość""

Nie wprowadzajcie się z rzeczami
Między wieczorem a wieczorem
Jeśli te proste słowa o kochaniu
Nie przyjdą na myśl w samą porę
W samą porę
W samą porę

Ach, nie mnie jednej
Ach, nie mnie jednej
To się zdarzyło, co się zdarzyło?
Ach, czemuż tylko w rozmowie sennej
Nie pamiętałam słowa, ""Miłość""

Słowa ""Miłość..."""
"lyrics-000123","It's so divine
To dive and drown
In milk and honey streams
Paralysed
By frantic eyes
Mirrors and the sea

My tender bones
Gently broken by a dose
Of paradise
With lethal skies
With lethal skies
Lethal skies
With lethal skies

It's so surreal
Predictable
Sedating every fool
Sweet and cruel
Reflections in
An unrevealing pool

My tender bones
Gently broken by a dose
Of paradise
With lethal skies
With lethal skies
Lethal skies
With lethal skies

With lethal skies
With lethal skies
With lethal skies
With lethal skies

With lethal skies
Lethal skies
With lethal skies
With lethal skies
Lethal skies
Lethal skies"
"lyrics-000124","I nawet kiedy będę sam
Nie zmienię się, to nie mój świat
Przede mną droga, którą znam
Którą ja wybrałem sam

Tak, zawsze genialny
Idealny muszę być i muszę chcieć
Super luz i już setki bzdur i już, to nie ja

I nawet kiedy będę sam
Nie zmienię się, to nie mój świat
Przede mną droga, którą znam
Którą ja wybrałem sam

Wiesz, lubię wieczory
Lubię się schować na jakiś czas i jakoś tak
Nienaturalnie, trochę przesadnie, pobyć sam
Wejść na drzewo i patrzeć w niebo
Tak zwyczajnie, tylko że tutaj też
Wiem kolejny raz, nie mam szans być kim chcę

I nawet kiedy będę sam
Nie zmienię się, to nie mój świat
Przede mną droga, którą znam
Którą ja wybrałem sam

Noc, a nocą gdy nie śpię, wychodzę, choć nie chcę
Spojrzeć na chemiczny świat
Pachnący szarością, z papieru miłością
Gdzie Ty i ja, i jeszcze ktoś, nie wiem kto
Chciałby tak przez kilka lat zbyt zachłannie i trochę przesadnie
Pobyć chwilę sam, chyba go znam

I nawet kiedy będę sam
Nie zmienię się, to nie mój świat
Przede mną droga, którą znam
Którą ja wybrałem sam
I nawet kiedy będę sam
Nie zmienię się, to nie mój świat
Przede mną droga, którą znam
Którą ja wybrałem sam"
"lyrics-000125","W końcu powiem ci co myślę
Tak prosto w twarz
Kiedy cię widzę
To się wstydzę
Że ciągle nosi ciebie świat

I wiedz, że
Że teraz znam
Znam każdą odpowiedź
No powiedz coś
Na wszystko
Na wszystko
Mam odpowiedź ostrą
I nie uciekniesz teraz mi
Zakrywasz twarz przed ciosem
I robisz milion głupich min
Poczekaj, poczekaj no
Już ja cię urządzę
Powtarzasz to
To wszystko co robię
Już mam cię dość
Tych oczu pustych
Poczekaj zaraz zbiję lustro - tak, tak

Tak, tak - tam w lustrze
To niestety ja
Tak, tak - ten sam
Tak, tak - tam w lustrze
To niestety ja
Tak, tak - ten sam

Dopiero teraz
Gdy nie słyszy nikt
Bądź spokojny - w domu jesteś sam
Do wanny wlałeś ciepłą wodę i
Ogłaszasz w lustrze
Że chcesz zmienić świat

Ja wiem, że trochę się starasz
Lecz powiedz mi
Ile przed lustrem
Spędziłeś dni?

Tak, tak - tam w lustrze
To niestety ja
Tak, tak - ten sam
Tak, tak - tam w lustrze
To niestety ja
Tak, tak - ten sam...

Już nawet ja
Ja ci nie wierzę
Uspokój się
Schowaj ten język
No dobrze - wiem
Że się starałeś
Uspokój się
Wczoraj nie spałeś

Tak, tak - tam w lustrze
To niestety ja
Tak, tak - ten sam
Tak, tak - tam w lustrze
To niestety ja
Tak, tak - ten sam...

Tak, tak, tak, tak, tak, tak
Tak, tak, tak, tak, tak, tak
Tak, tak..."
"lyrics-000126","Wzięłam do ręki dziś moja rękę
Myślałam ze to za tobą tęsknie
Ale się okazało ze jednak nie
Tak bardzo brakowało mi mnie

Nazywam się niebo
Mam wszytko co trzeba
To ja jestem Księżyc i Słońce
Choć usta masz miękkie
I ciało gorące
Zasypiasz a ja dalej biegnę
Choć usta masz miękkie
I ciało gorące
Zasypiasz a ja dalej biegnę

Myślami z wilkami
I miedzy niewiastami
Ulica rzeką płynę
Do ciebie i od ciebie
Jak długo jeszcze – nie wiem
Na zawsze będziesz przy mnie

Nazywam się niebo
Mam wszytko co trzeba
To ja jestem Księżyc i Słońce
Choć usta masz miękkie
I ciało gorące
Zasypiasz a ja dalej biegnę
Choć usta masz miękkie
I ciało gorące
Zasypiasz a ja dalej biegnę

To serce które dziś trzymasz w dłoni
Nie mieści się we mnie
Musisz je chronić
Jak można tak postradać myśli i ubrania
Jak można, jak można, jak?

Nazywam się niebo
Mam wszytko co trzeba
To ja jestem Księżyc i Słońce
Choć usta masz miękkie
I ciało gorące
Zasypiasz a ja dalej biegnę
Choć usta masz miękkie
I ciało gorące
Zasypiasz a ja dalej biegnę

Nazywam się niebo
Mam wszytko co trzeba
To ja jestem Księżyc i Słońce
Choć usta masz miękkie
I ciało gorące
Zasypiasz a ja dalej biegnę
Choć usta masz miękkie
I ciało gorące
Zasypiasz a ja dalej biegnę
Zasypiasz a ja dalej biegnę

To ja jestem Księżyc i Słońce
To ja jestem Księżyc i Słońce!"
"lyrics-000127","Do mnie mów, bo ja chcę twoje słowa jeść
Do mnie mów, bo tak najsłodsza staję się
I brzoskwiniowy mus z twych ust mnie wypełnia
I jak Księżyc znów gorąca pełnia

Mów niegrzecznie i opuszkiem dotknij tu
Niebezpiecznie chciej pod wodę wciągnąć mnie
Nie bój się, głód nas dziś przyciągnie
Czytaj mnie jak menu swobodnie

Dotknij
Uszczyp
Ugryź
Pośliń
Mus z twoich ust
Ja sauté

Szeptem
Krzykiem
Pieść dotykiem
Mus z twoich ust
Ja sauté

Obok mnie dziś jest tu z nami pani E
Niewidoczna, lecz to za jej sprawą chcesz
Wypełniać mnie po brzeg pucharu
Lepki jest mus twych słów paru

Paru słów, co mnie na szpilkach kładą w mig
Niebezpiecznych zdań z karty erotycznych dań
I znowu ten głód nas dziś przyciągnie
Zamów mnie jak z menu swobodnie

Dotknij
Uszczyp
Ugryź
Pośliń
Mus z twoich ust
Ja sauté

Szeptem
Krzykiem
Pieść językiem
Mus z twoich ust
Ja sauté"
"lyrics-000128","Strach przed lataniem i głód doświadczeń
Wstyd przed mówieniem sobie ""nie wiem""
Ogromna siła wyobrażeń
To nie przypadek, że jesteśmy razem

Już teraz wiem
Wszystko trwa dopóki sam tego chcesz
Wszystko trwa, sam dobrze wiesz
Że upadamy wtedy, gdy nasze życie przestaje być
Codziennym zdumieniem

Kolejna strona: mieć czy być?
Czy Erich Fromm wiedział jak żyć?
W rzeczywistości ciągłej sprzedaży
Gdzie ""być"" przestaje cokolwiek znaczyć

Już teraz wiem
Wszystko trwa dopóki sam tego chcesz
Wszystko trwa, sam dobrze wiesz
Że upadamy wtedy, gdy nasze życie przestaje być
Codziennym zdumieniem
Już teraz wiem
Wszystko trwa dopóki sam tego chcesz
Wszystko trwa, sam dobrze wiesz
Że upadamy wtedy gdy nasze życie przestaje być
Codziennym zdumieniem

Już teraz wiem

Już teraz wiem"
"lyrics-000129","Feel the vibe, feel the terror, feel the pain
It's driving me insane
I can't fake, for God's sakes
Why am I driving in the wrong lane?

Trouble is my middle name
But in the end I'm not too bad
Can someone tell me if it's wrong to be so mad about you?
Mad about you
Mad

Are you the fishy wine that will give me a headache in the morning
Or just a dark blue landmine that will explode without a decent warning?

Give me all your true hate, and I'll translate it in our bed
Into never-seen passion, never-seen passion
That's why I am so mad about you
Mad about you
Mad

Trouble is your middle name
But in the end you're not too bad
Can someone tell me if it's wrong to be so mad about you?

Mad about you
Mad about you
Mad about you
Mad

Give me all your true hate
And I'll translate it in your bed
Into never-seen passion

That is why I am so mad about you
Mad about you
Mad about you
Mad about you
Mad about you
Mad about you
Mad about you"
"lyrics-000130","Patrzę jak miesza się
To czego nie ma i to co jest
A potem kiedy mówię wprost
Milczysz i odwracasz wzrok
Tysiąc wypitych razem kaw
Głupi myślałem że cię znam
W rzucaniu kamieniami słów
Znowu przegrywam trzy do dwóch
Chociaż jak syreny
Budzą mnie o tobie sny
Jedno wiem na pewno
Nie chciałbym bez Ciebie
Niedogaszony pożar się tli
Patrzę i unoszę brwi
Za karę cisza karą krzyk
Chciałem raz wygrać pozwól mi
Każesz cofnąć się o metr
I nie wiem jak powiedzieć nie
Więc gryzę wargę burzę krew
Trzaskasz drzwiami a ja klnę
Chociaż jak syreny
Budzą mnie o tobie sny
Jedno wiem na pewno
Nie chciałbym bez Ciebie żyć"
"lyrics-000131","Did you ever think of me
As your best friend
Did I ever think of you
I'm not complaining
I never tried to feel
I never tried to feel this vibration
I never tried to reach
I never tried to reach your eden
Did I ever think of you
As my enemy
Did you ever think of me
I'm complaining
I never tried to feel
I never tried to feel this vibration
I never tried to reach
I never tried to reach your eden"
"lyrics-000132","Od tego trzeba zacząć rzecz
Lecę bo zgubiłem się
Niewiele pamiętam, tarariruriraj

Czuję w sobie chuć i wiatr
Dobrze jest bawimy się
Myślom nie ma końca
Śnieg, zawierucha w nas

Lecę, bo chcę
Lecę, bo życie jest złe
Czy są pieniądze czy nie
Lecę, bo wolność to zew
Lecę, bo wciąż kocham ciebie
Kocham cię

Bohema ostro bawi się
Płyną noce przemijają dnie
Niewiele pamiętam
Upadam byle gdzie

Boisz się, więc będzie tak
Słabe życie, słaba śmierć
Wszystko w twoich rękach
Obudź się

Lecę, bo chcę
Lecę, bo życie jest złe
Czy są pieniądze czy nie
Lecę, bo wolność to zew
Lecę, bo wciąż kocham ciebie
Kocham cię

Lecę, bo chcę
Lecę, bo życie jest złe
Czy są pieniądze, czy nie
Lecę, bo wolność to zew
Lecę, bo wciąż kocham ciebie
Kocham cię

Lecę, bo chcę
Lecę, bo życie jest złe
Czy są pieniądze czy nie
Lecę, bo wolność to zew
Lecę, bo wciąż kocham ciebie
Kocham cię

Kocham cię
Kocham cię
Lecę, bo chcę
Lecę, bo chcę"
"lyrics-000133","Gdzie oni są?
Ci wszyscy moi przyjaciele-ele-ele-ele-ele-ele
Zabrakło ich
Choć zawsze było ich niewielu-elu-elu-elu-elu-elu

Schowali się
Po różnych mrocznych instytucjach-ucjach-ucjach-ucjach-ucjach-ucjach
Pożarła ich
Galopująca prostytucja-ucja-ucja-ucja-ucja-ucja

Gdzie są moi przyjaciele
Bojownicy z tamtych lat
Zawsze było ich niewielu
Teraz jestem sam

Co to za pan
W tych kulturalnych okularach
Jak się stara ładnie siedzieć i wysławiać
Ach co za ton co za ukłon
Co za miara w każdym zdaniu
I jakie mądre przekonania-ania-ania-ania-ania-ania

Gdzie są moi przyjaciele
Bojownicy z tamtych lat
Zawsze było ich niewielu
Teraz jestem sam

Oto są oto wszyscy są
Przyjaciele moi z wielu stron
Co za pochód, co za piękny krok
Maszerują ramie w ramie wprost
I w bamboszach, w garniturach
Z pidżamami pod pachami
Z posadami, podatkami i z białymi chorągwiami

Idą tłumy ich, tłumy ich
Tłumy ich, tłumy ich
Tłumy ich, tłumy ich
Tłumy ich, tłumy ich

Gdzie oni są

Gdzie oni są

Zabrakło ich

Zabrakło ich

Gdzie oni są
Zabrakło ich
Gdzie oni są
Zabrakło ich
Gdzie oni są
Zabrakło ich
Gdzie oni są
Zabrakło ich

Gdzie oni są
Zabrakło ich
Gdzie oni są
Zabrakło ich

Gdzie oni są
Zabrakło ich
Gdzie oni są
Zabrakło ich

Gdzie oni są"
"lyrics-000134","Dotleniasz mnie jak gęsty las
Jak las, któremu w pełni ufam
Jak jasny kryształ z głębi ziemi
Jak wir majestatycznej rzeki

Odprowadź mnie
Ty mówisz, że...
Tobie nie po drodze
Odprowadź mnie
Ty mówisz nie
Którędy do drzwi?

Ten las przerzedził huragan
Notujemy spadek cienia, a właściwie jego brak
Wyparowała woda z nas
Nie ma tego złego, tak, uczono tak

Odprowadź mnie
Ty mówisz, że...
Tobie nie po drodze
Odprowadź mnie
Ty mówisz nie

Którędy do drzwi?

Biegnijmy do drzwi!

Wywarzymy drzwi
Którędy do drzwi?"
"lyrics-000135","Jak wygląda mój raj, jak wygląda mój raj
Z którego nie uciekam
Gdzie dzień uprzejmym jest, gdzie dzień uprzejmym jest
Choć o to sama nie dbam

Jak wygląda mój raj, jak wygląda mój raj
Za którym chce się tęsknić
Gdzie noc uprzejmą jest, gdzie noc uprzejmą jest
Nikt nie chce tam mnie zranić

W bezruchu czas wolniej płynie mi
Czuję, że mniej znów jestem tu
W bezruchu czas wolniej płynie mi
Czuję, że mniej znów jestem tu

Piękne miejsce i stan, piękne miejsce i stan
Tak lubię marzyć o nim
Choć dawno nie byłam tam, choć dawno nie byłam tam
Myślę ""wrócę niebawem""

Piękne miejsce i stan, piękne miejsce i stan
Tak lubię marzyć o nim
Choć dawno nie byłam tam, choć dawno nie byłam tam
Myślę ""wrócę niebawem""

Jak wygląda mój raj?
Jak wygląda mój raj?

Piękne miejsce i stan
Piękne miejsce i stan
Piękne miejsce i stan

W bezruchu czas wolniej płynie mi
Czuję, że mniej znów jestem tu
W bezruchu czas wolniej płynie mi
Czuję, że mniej znów jestem tu"
"lyrics-000136","I'm in a car crash, curled
There's a fire in my precious soul
No single tear
Beyond control

As the night so long
Got no guru that would take me home
My lonely heart
From end to start

Horses
Metal catch on fire
Horses
Riders of the night
And faced
Look in the dark
Look in the dark
Look in the dark

In the void I go
Nothing here
Here comes the night
My midnight ride

Horses
Metal catch on fire
Horses
Riders of the night
And faces
Look in the dark
Look in the dark
Look in the dark
Horses
Metal catch on fire
Horses
Riders of the night
And faces
Look in the dark
Look in the dark
Look in the dark"
"lyrics-000137","BEKSA!

Mam dosyć wspomnień,
że ktoś mnie goni,
że brak mi tchu

BEKSA!

Wciąż słyszę
I zasłaniam się, zasłaniam się.
Zawinięty w środek z cieniem wokół powiek,
Strach rozpycha zaciśnięte dłonie

BEKSA!

Podobno gdy umierasz,
Lecisz sobie, lecisz

BEKSA!

Już, już, już
Nie wytrzymuję tempa,
Wszystko, kurwa, skręca

BEKSA!

Straszna chała w głowie,
Więdną nasze lilie, więdną gdy odchodzisz

Tak mam
Nie rozmawiam z nikim, z nikim się nie dzielę
Tak mam
Zachowaj resztę, wynoś się ze mnie
Tak mam
Nie rozmawiam z nikim, z nikim się nie dzielę
Tak mam
Zachowaj resztę, wynoś się, wynoś

BEKSA!

Mam dosyć wspomnień,
Z trudem ogarniam własny dom
Mógłbyś zapamiętać mnie innego, mnie innego

Już, już, już
Na twarz nakładam brokat,
Mylą mi się słowa

BEKSA!

Czego chciałaś mamo,
Tego już nie zmienisz,
Wszystko się już stało

Tak mam
Nie rozmawiam z nikim, z nikim się nie dzielę,
Tak mam
Zachowaj resztę, wynoś się ze mnie
Tak mam
Nie rozmawiam z nikim, z nikim się nie dzielę,
Tak mam
Zachowaj resztę, wynoś się, wynoś"
"lyrics-000138","Kochana ma
To dłużej nie może już trwać
Zabije Was
A prochy niech zabierze wiatr
To jedno już tylko, jedno już tylko co mam, o-o-o...

A każdej nocy, kiedy nie ma Cie
Ja wyje jak ten pies
Co zrobić mam, tak przecież jest
I nawet nie ma dokąd pójść
Ulice takie brudne, złe
A na nich tylko Ty

Ostatni raz
W oczy mi spójrz, nie bądź zła
To już czas
Odejdzie niech smutek i strach
To jedno już tylko, jedno już tylko co mam, o-o-o...

A każdej nocy, kiedy nie ma Cie
Ja wyje jak ten pies
Co zrobić mam, tak przecież jest
I nawet nie ma dokąd pójść
Ulice takie brudne, złe
A na nich tylko Ty

Pamiętasz nocy, kiedy nie mogliśmy spać?
Byłaś mi jak siostra, byłem Ci jak brat
Zabije Was, niech jego prochy weźmie wiatr
To jedno tylko... (A-au)

Pamiętasz nocy, kiedy nie mogliśmy spać?
Byłaś mi jak siostra, byłem Ci jak brat
Zabije Was, niech jego prochy weźmie wiatr
To jedno tylko... (A-au)"
"lyrics-000139","O drogę nie pytam
Nie pytam nikogo
Bo ja drogę lubię długą, długą
Bo ja wolę ufać własnym nogą

Wracam do siebie
Zabieram cię
Ale długo idę, długo
Kusi mnie diabeł w chłopincej skórze
Chce mnię podrzucić, ale w odwrotną stronę

O drogę nie pytam
Nie pytam nikogo
Bo ja drogę lubię długą, długą
Bo ja wolę ufać własnym nogą

Tak kręce się w kółko
Wracam i zawracam się
Mam klucze schowane gdzieś po lewej stronie
Ale boję się, że zobaczę się od wewnątrz
I wystrasze sie, i zatrzasne sie, boję się

O drogę nie pytam
Nie pytam nikogo
Bo ja drogę lubię długą, długą
Bo ja wolę ufać własnym nogą

Ale boję się, że zobaczę się od wewnątrz
I wystrasze się, zatrzasne się, boję się

O drogę nie pytam
Nie pytam nikogo
Bo ja drogę lubię długą, długą
Bo ja wolę ufać własnym nogą"
"lyrics-000140","I'm painting roses
Heavy rain
Colours run
You call my name
I can't hear you
Way up high
Twinkle twinkle
Stars don't cry
I will be heard
I will be seen
When I am queen
And what I've heard

And what I've seen
Will all make sense
When I am queen
Mirror mirror
On my wall
Tell me how
And when to call
The looking glass
That shows no pain
In Wonderland
We're all the same"
"lyrics-000141","Nie chce zasypiać już
Nie chce zasypiać już
Męczą ją nocne podróże

Nie chce zasypiać już
Nie chce zasypiać już
Wyrzuci łóżko i pościel

Miała znów sen
Łamiesz jej kości
Wyrywasz włosy
Uderzasz głową
Ona kocha być z Tobą
Kocha być z Tobą
Kocha być z Tobą

Miała znów sen
Łamiesz jej kości
Wyrywasz włosy
Uderzasz głową
Ona kocha być z Tobą
Kocha być z Tobą
Kocha być z Tobą
A ona kocha być z Tobą
Kocha być z Tobą
Kocha być z Tobą

Nie chce odwiedzać już
Nie chce odwiedzać już
Fikcyjnych miejsc i postaci

Nie chce zasypiać już
Nie chce zasypiać już
Męczą ją nocne podróże

Miała znów sen
Łamiesz jej kości
Wyrywasz włosy
Uderzasz głową
Ona kocha być z Tobą
Kocha być z Tobą
Kocha być z Tobą

Miała znów sen
Łamiesz jej kości
Wyrywasz włosy
Uderzasz głową
Ona kocha być z Tobą
Kocha być z Tobą
Kocha być z Tobą

A ona miała znów sen
Łamiesz jej kości
Wyrywasz włosy
Uderzasz głową
Ona kocha być z Tobą
Kocha być z Tobą
Kocha być z Tobą

Miałam znów sen
Łamiesz mi kości
Wyrywasz włosy
Uderzasz głową
A ja kocham być z Tobą
Kocham być z Tobą
Kocham być z Tobą

A ja kocham być z Tobą
Kocham być z Tobą
Kocham być z Tobą

A ja kocham być z Tobą
Kocham być z Tobą
Kocham być z Tobą"
"lyrics-000142","Bez Ciebie wszystko mi jedno
I czuję jakby mnie było pół
Uparta chmura nade mną
A chmura nade mną
Pozbawia mnie tchu

Przy Tobie znika całe zło
Przez otwarte okna
Przy Tobie oddycham
Zapominam się na chwilę

Ciebie więcej chcę
Musi mi to przejść
I minąć mi miłość
I inne słowa
Nie potrzebuję słów
Mówiłem Ci to już

Dopłyną donikąd
To tylko słowa
Ciebie więcej chcę
Musi mi to przejść
I minąć miłość
Mijamy sobie

Czemu zatrzymać się nie da
Tego momentu, gdy jesteś tuż?
Przy Tobie znów chcę wszystkiego
I jeszcze to wszystko
Mógłbym móc

Przy Tobie znika całe zło
Przez otwarte okna
Przy Tobie oddycham
Zapominam się na chwilę

Ciebie więcej chcę
Musi mi to przejść
I minąć mi miłość
I inne słowa
Nie potrzebuję słów
Mówiłem Ci to już

Dopłyną donikąd
To tylko słowa
Ciebie więcej chcę
Musi mi to przejść
I minąć miłość
Mijamy sobie

Ciebie więcej chcę
Musi mi to przejść
I minąć mi miłość
Mijamy sobie"
"lyrics-000143","Rozmowa z tobą jak brodzenie w śniegu
Niewydeptane ścieżki gubią mnie
Tak łatwo utknąć w zaspie aż po szyję
Na śliskich słowach wywracamy się

Dobijam się, dobijam się
I sprawdzam czy otwarte
I krzyczę znów, za dużo słów
Za dużo słów na marne

Sprawdziłam wszystkie obce alfabety
By rozszyfrować język, który znam
Ty ciągle mówisz do mnie krzyżówkami
A migi zasłoniła gęsta mgła

Chwilami, gdy próbuję znaleźć rym
Bałwany pienią się przy ustach
Melodii brak, tańczymy krzywo jak
Spoceni zapaśnicy w USA

Dobijam się, obijam się
I sprawdzam czy otwarte
I krzyczę znów za dużo słów
Za dużo słów na marne

Dobijam się, obijam się
I sprawdzam czy otwarte
I krzyczę znów za dużo słów
Za dużo słów na marne

Chwilami, gdy próbuję znaleźć rym
Melodii brak, tańczymy krzywo jak
Spoceni zapaśnicy w USA

Chwilami, gdy próbuję znaleźć rym
Melodii brak, tańczymy krzywo jak

Dobijam się, obijam się
I sprawdzam czy otwarte
I krzyczę znów za dużo słów
Za dużo słów na marne

Dobijam się, dobijam się
I sprawdzam czy otwarte
I krzyczę znów za dużo słów
Za dużo słów na marne"
"lyrics-000144","Zdejmij z siebie płaszcz
Ładnie, proszę Cię
Chce zobaczyć całą gamę złości w kości
I chcę poczuć z Tobą tlen

Zjedzmy malin garść
Można się w nich kłaść
Chcę rozebrać Ciebie z twych nieprzyjemności
Każdą cząstkę Ciebie brać

Blask pali nas
Kurczy, kurczy się czas
Złość zaciera ślad
Zdejmij z siebie płaszcz

W dreszczach topię się
Lawa pod skórą podsyca ogień
Nie chce wyjść z Ciebie, wyjść
Brak już oddechu, spadamy sobie
Na policzkach pot
Oczy jak łuna kolorem świecą
Nie chcesz wyjść, ze mnie wyjść
Nim ślepia ponuro w cieniu zbledną

Zdejmij z siebie płaszcz
Ten ostatni raz
Piromańskim śmiechem chcę rozpalić ogień
I roztopić przy tym czas

Blask pali nas
Kurczy, kurczy się czas
Złość zaciera ślad
Zdejmij z siebie płaszcz

W dreszczach topię się
Lawa pod skórą podsyca ogień
Nie chce wyjść z Ciebie, wyjść
Brak już oddechu, spadamy sobie
Na policzkach pot
Oczy jak łuna kolorem świecą
Nie chcesz wyjść, ze mnie wyjść
Nim ślepia ponuro w cieniu zbledną

W dreszczach topię się
Lawa pod skórą podsyca ogień
Nie chce wyjść z Ciebie, wyjść
Brak już oddechu, spadamy w ogień
Zatracamy się
Usta gdzieś błądzą i bałaganią
Nie chcesz wyjść ze mnie wyjść
Nim oczy ponuro w cieniu zgasną"
"lyrics-000145","Poranne zorze, poranne zorze
Gdy idę w Sopocie nad morzem
Po plaży brudno-piaskowej
Bałtyk śmierdzi ropą naftową
Poranne chodniki
Gdy idę, nie rozmawiam z nikim
Jak jest w niedzielę nad ranem
Po sobotnich balach chodniki zarzygane

Polska
Mieszkam w Polsce
Mieszkam w Polsce
Mieszkam tu, tu, tu, tu

Koncerty popołudniowe
Pełne bezmózgów w służbie porządkowej
Patrzą wokoło, bo swędzą ich ręce
Kochają bić coraz więcej i więcej
Znowu wieczorne przygody
Gdy wchodzę na kamienne schody
Zaczepia mnie pijanych meneli wielu
Jutro spotkają się w kościele

Polska
Mieszkam w Polsce
Mieszkam w Polsce
Mieszkam tu, tu, tu, tu

Nocne sklepy z mlekiem
I patrzę, co się dzieje pod sklepem
Tłum przystawia komuś do twarzy pięści
Żądają dla niego kary śmierci
Znowu poranne pociągi
Ja stoję i patrzę na mundurowe dziwolągi
Czy byłeś kiedyś w Kutnie na dworcu w nocy?
Jest tak brudno i brzydko, że pękają oczy

Polska
Mieszkam w Polsce
Mieszkam w Polsce
Mieszkam tu, tu, tu, tu

Nocne sklepy z mlekiem
I patrzę, co się dzieje pod sklepem
Tłum przystawia komuś do twarzy pięści
Żądają dla niego kary śmierci
Znowu poranne pociągi
Ja stoję i patrzę na mundurowe dziwolągi
Czy byłeś kiedyś u nas na dworcu w nocy?
Jest tak brudno i brzydko, że pękają oczy, oczy, oczy

Polska
Mieszkam w Polsce
Mieszkam w Polsce
Mieszkam tu, tu, tu, tu
Tu, tu, tu, tu, tu, tu, tu, tu..."
"lyrics-000146","Don't take me to dinner
Just take me back home
Don't take me to Venice
Just take me back home
Don't take me for granted
I'm not that kind of girl

Don't buy me red roses
Don't be such a poser
Don't try to seduce me, too
You'd like me ecstatic
I know I'll regret it
If I don't tell it straight to you

I'm not romantic
I'm not romantic
Don't be dramatic
'Cause I'm not romantic

Don't ask me to tango
Just take me back home
Don't be a fandango
Just take me back home
Don't take me for granted
I'm not that kind of girl

Don't buy me red roses
Don't be such a poser
Don't try to seduce me, too
You'd like me ecstatic
I know I'll regret it
If I don't tell it straight to you

I'm not romantic
I'm not romantic
Don't be dramatic
'Cause I'm not romantic

Don't buy me red roses
Don't be such a poser
Don't try to seduce me, too
You'd like me ecstatic
I know I'll regret it
If I don't tell it straight to you

I'm not romantic
I'm not romantic
Don't be dramatic
'Cause I'm not romantic

I'm not romantic"
"lyrics-000147","Mój dom murem podzielony
Podzielone murem schody
Po lewej stronie łazienka
Po prawej stronie kuchenka
Mój dom murem podzielony
Podzielone murem schody
Po lewej stronie łazienka
Po prawej...

Moje ciało murem podzielone
Dziesięć palców na lewą stronę
Drugie dziesięć na prawą stronę
Głowy równa część na każdą stronę
Moje ciało murem podzielone
Dziesięć palców na lewą stronę
Drugie dziesięć na prawą stronę
Głowy...

Moja ulica murem podzielona
Świeci neonami prawa strona
Lewa strona cała wygaszona
Zza zasłony obserwuję obie strony
Moja ulica murem podzielona
Świeci neonami prawa strona
Lewa strona cała wygaszona
Zza zasłony obserwuję obie strony
Moja ulica murem podzielona
Świeci neonami prawa strona
Lewa strona cała wygaszona
Zza zasłony obserwuję obie strony

Lewa strona nigdy się nie budzi
Prawa strona nigdy nie zasypia
Lewa strona nigdy się nie budzi
Prawa strona nigdy nie zasypia
Lewa strona nigdy się nie budzi
Prawa strona nigdy nie zasypia
Lewa strona nigdy się nie budzi
Prawa strona nigdy nie zasypia

Lewa strona nigdy się nie budzi
Prawa strona nigdy nie zasypia
Lewa strona nigdy się nie budzi
Prawa strona nigdy nie zasypia
Lewa strona nigdy się nie budzi
Prawa strona nigdy nie zasypia
Lewa strona nigdy się nie budzi
Prawa strona nigdy nie zasypia"
"lyrics-000148","Faded old paper on the walls
Open door window rattle
Crackle burst from the record player
Pillow soft body settled
Now the death wives come quietly in
Through the walls pink eyes glowing
Laser lights zapping from their fingers
Kindness deep like the ocean

Death is the new Sex
Everybody's talking about it
Death is the new Sex
Coming soon to fuck us all
Laser lights zapping from her fingers
Open door windows rattle

If I had 20,000 cups and the tea bags to match them
20,000 death wives to tell me stories
I could live another life time
And the death wives come marching in
Through the walls pink eyes glowing
Laser lights zapping from their fingers
Kindness deep like the ocean

Death is the new Sex
Everybody's talking about it
Death is the new Sex
Coming soon to fuck us all
Laser lights zapping from her fingers
Open door windows rattle

Death is the new Sex
Everybody's talking about it
Death is the new Sex
Coming soon to take us all
Laser lights zapping from her fingers
Open door windows rattle

Quietly now
Turn the TV on
Flip the switch

Death is the new Sex
Everybody's talking about it
Death is the new Sex
Coming soon to take us all
Laser lights zapping from her fingers
Open door windows rattle
Open door windows rattle
Open door windows rattle"
"lyrics-000149","From morning to night, I stayed out of sight
Didn't recognize I'd become
No more than alive, I'd barely survive
In a word overrun

Won't hear a sound (he's curled into the corner)
From my mouth (but still the screen is flickering)
I've spent too long (with an endless stream of garbage)
On the inside out (curse the place)

My skin is cold (in a sea of random images)
To the human touch (the self-destructing animal)
This bleeding heart's (waiting for the waves)
Not beating much (to break)

I murmured a vow of silence and now
I don't even hear when I think aloud
Extinguished by light, I turn on the night
Wear its darkness with an empty smile

I'm creeping back to life
My nervous system all awry
I'm wearing the inside out

Look at him now
He's paler somehow
But he's coming round

He's starting to choke
It's been so long since he spoke
Well, he can have the words right from my mouth

And with these words, I can see
Clear through the clouds that covered me
Just give it time then speak my name
Now we can hear ourselves again

I'm holding out (he's standing on the threshold)
For the day (caught in fiery anger)
When all the clouds (and hurled into the furnace)
Have blown away (he'll curse the place)

I'm with you now (he's torn in all directions)
Can speak your name (and still the screen is flickering)
Now we can hear (waiting for the flames)
Ourselves again (to break)"
"lyrics-000150","You were always tryna fill the void, my brother
A habit so old, tryna find that something new
Never stare in the arms of a lover
Seeking darkness wherever light may shine through
Along came a morning of another
Blindsided by your sweet surprise
Odetta, don't you know
That you saved this young man's soul?
And he can watch you getting wise
And you can watch him growing old
You're always searching for destruction
Now you bare the scars of a path in which you chose
It takes a brave and a stronger kind of woman
To follow where such a broken man can go
Along came a morning of another
Blindsided by your sweet surprise
Odetta, don't you know
That you saved this young man's soul?
And he can watch you getting wise
And you can watch him growing old
You got to hold him close
Odetta, don't you ever let him go
Might be a long, wide road
Although we may need you then we need you now more than ever
Odetta, don't you know
That you saved this young man's soul?
And he can watch you getting wise
And you can watch him growing old
Odetta"
"lyrics-000151","Poranek wybucha w tle
I robi się stromo
Walczymy, jest pierwsza krew
Wygrywam, wiadomo

Pytasz czy mam dość
Kiedy patrzę w bok
Ciągle lubię was
Choć byliście fajniejsi

Staje się kundlem
By nie trwać sekundę

Poświęci Cię myśl
Jak pochodnia
Że dni to konfetti dla ognia

Do tej pory to był żart
Wiem, że się o to wściekniesz
Teraz tylko jeden pstryk
I zaraz będzie pięknie

Popatrz jak pęka czas
Kruszą się piętra
Plagiaty dzieciństwa to
Wakacje i święta

Nie dotrzymać słów
Nie przeprosić znów
Bardzo bym chciał, lecz
Jest już za późno
Każą mi zmądrzeć
Ja wiem, że nie zdążę

Poświęci Cię myśl
Jak pochodnia
Że dni to konfetti dla ognia

Do tej pory to był żart
Wiem, że się o to wściekniesz
Teraz tylko jeden pstryk
I zaraz będzie pięknie

Dziś na plaży pada śnieg
Przyszły rok się kończy
A Ty wyobraź sobie, że
Mogłeś być kimś gorszym"
"lyrics-000152","Where were you when I was burned and broken?
While the days slipped by from my window watching
And where were you when I was hurt and I was helpless?
'Cause the things you say and the things you do surround me
While you were hanging yourself on someone else's words
Dying to believe in what you heard
I was staring straight into the shining sun

Lost in thought and lost in time
While the seeds of life and the seeds of change were planted
Outside, the rain fell dark and slow
While I pondered on this dangerous but irresistible pastime
I took a heavenly ride through our silence
I knew the moment had arrived
For killing the past and coming back to life

I took a heavenly ride through our silence
I knew the waiting had begun
And headed straight into the shining sun"
"lyrics-000153","You raised the lights when it was frightening
You calmed the storm when it was rising
You found me there where I was hiding
All I have is here and now
If the ground beneath our feet has disappeared
I'll be here beside you, always be right near you
Remember me, won't you?
I know we've all got our problems
And it's a blessing that we made it here so far
If you lay here in these arms tonight I promise
I promise to take you, take you as you are
When I was reaching out in the dark
When the streets below just looked so far
When I forgot everything that I was
All I needed was your love
If the earth beneath our feet is old and caves in
For a second we will fight
When it's late in the evening, don't let me go, dear
I know we've all got our problems
And it's a blessing that we made it here so far
And if you lay here in these arms tonight I promise
I promise to take you, take you as you are
Take you as you are, as you are
Take you as you are, as you are
Take you as you are, as you are, ooh (as you are)
As you are
I know we've all got our problems
And it's a blessing that we made it here so far
And if you lay here in these arms tonight I promise (I promise)
I promise to take you, take you as you are
I know we've all got our problems
And it's a blessing that we made it here so far
If you lay here in these arms tonight I promise
I promise to take you, take you as you are (oh, Lord)"
"lyrics-000154","Tak bardzo chciałabym historią być
W powietrzu hen unosić, nie bać się
Bez żadnych zbędnych chwil, nie czując nic
Bez kalendarzy, znaków, szumu, zdrad

Za każdym razem gonię dalej
Nie zabieram nic
Za każdym razem

Krótkie są momenty, krótkie dni
Krótkie szare noce, długi wstyd
Krótkie są momenty
Krótkie momenty
Krótkie mam momenty

Krótko dziś zostanę, mały zryw
Krótkie moje myśli, za krótkie sny
Krótkie są momenty
Krótkie momenty
Krótkie są momenty

Trzy metry ponad ziemią płynie dzień
Nie mierzy czasu, nie odlicza ran
Ja w hibernacji przekoczuję czas
Poczekam tu na Ciebie kilka lat

I znowu dalej, idę dalej
I nie zabieram nic
Za każdym razem

Krótkie są momenty, krótkie dni
Krótkie szare noce, długi wstyd
Krótkie są momenty
Krótkie momenty
Krótkie mam momenty

Krótko dziś zostanę, mały zryw
Krótkie moje myśli, za krótkie sny
Krótkie są momenty
Krótkie momenty
Krótkie są momenty

Tak wiele twarzy niesiesz mi, wiele map
Nie umiem zliczyć Cię na palcach
Jak przy spadaniu, we śnie brak mi szans
Wolałabym przespać cały świat, cały świat, cały świat!

Krótkie są momenty, krótkie dni
Krótkie szare noce, długie łzy
Krótkie są momenty
Krótkie momenty
Krótkie te momenty

Krótko dziś zostanę, mały zryw
Krótkie moje myśli, a potem wstyd
Krótkie mam momenty
Krótkie momenty
Krótkie są momenty

Krótkie momenty
Krótkie momenty, oh
Krótkie momenty
Krótkie momenty, oh"
"lyrics-000155","Ook hier is het druk
En de mensen zijn praatgraag, Ik Pas me aan en ik
Rijd de rotonde bijna rond
En ik hoop dat ik hoop heb
Wil dat ik door wil
Soms kijk ik om naar de Noordzee en dan duik ik kopje onder
Zo het zand uit m'n haar onder water daar waar ik mezelf niet hoor
Ook hier is het hoog, de balkons hangen scheef
En ik kijk steeds naar een raam aan
De overkant en ik zie het mezelf zien
Nu doe ik mijn werk in een leeg café
Ik heb hier ruimte en ruis van de radio
Anders hoor ik mezelf gaan
Ik leg alles uit
En ik zing de wereld toe, maar
Sluit niets af
Soms kijk ik om naar de Noordzee en dan duik ik kopje onder
Zo het zand uit m'n haar onder water daar waar ik mezelf niet hoor
Ook hier is het hoog, de balkons hangen scheef
En ik kijk steeds naar een raam aan
De overkant en ik zie het mezelf zien
Nu doe ik mijn werk in een leeg café
Ik heb hier ruimte en ruis van de radio
Anders hoor ik mezelf gaan
Ook hier is lawaai
En de mensen zijn praatgraag
Ik rijd duizelig rond tussen stadsgeluidsgolven
Tot we langzaamaan boven komen drijven
En ik zie dat we traag maar vanzelf boven water komen"
"lyrics-000156","I'd follow you, not to ever return
It's a change in mood, maybe there's something to learn, but
You wanna love and wanna do it well
'Cause if there's none of it, what on earth is there to tell? But

Oh, but the chance is
Oh, but the chance is

Strong, I've been learning it wrong
I've been searching your tongue
Bitter way and beyond
I swear I knew all along
I've been over the thought
It must be I forgot

If it's the fifth time that I say the same
Then forgive me for it, yeah, let me take all the blame, but
If there's a chance to touch your heart again
I'll repeat myself till I Iose count of this thing, hear me say

Oh, I have heard what they say about you
I don't need an explanation of what will be true
'Cause I wanna love and wanna do it well
'Cause if there's none of it, what on earth is there to sell? But

Oh, but the chance is
Oh, but the chance is

Strong, I've been learning it wrong
I've been searching your tongue
Bitter way and beyond
I swear I knew all along
I've been over the thought
It must be I forgot

It must be I forgot
So, it must be I forgot

Oh, but the chance is
The chance, the chance is

Strong, I've been learning it wrong
I've been searching your tongue
Bitter way and beyond
I swear I knew all along
I've been over the thought
It must be I forgot"
"lyrics-000157","My guess is I'm afraid to
My guess is that it aches you
My guess is that it takes to
All the time we're lovin'
All the time we're lovin'

How many times
Can I feel the rain falling down?
Can you turn me inside and out?
Can you leave and wave me goodbye?
How many times
Colors turn into black and white?
Tears fall on your cheek when you smile?
I can see the fear in your eyes?

I saw you dancing
I used to take you higher
Dancing on the streets
I used to take you higher
I saw you dancing
I used to take you higher
Dancing on the streets
Dancing on the streets

You don't know
You've got to feel the lovin'
You don't know
You've got to feel the love

How many times
Did visions of the past make you frown?
Did you think that we could be fine?
I hoped you would stay for a while?

You don't know how it feels to see you change
How it feels to
You don't know how it feels to see you fade
How it feels to you

My guess is I'm afraid to
My guess is that it aches you
My guess is that it takes to
All the time we're lovin'
All the time we're lovin'

I saw you dancing
I used to take you higher
Dancing on the streets
I used to take you higher
I saw you dancing
I used to take you higher
Dancing on the streets
Dancing on the streets
(I used to take you higher)
I saw you dancing
Dancing on the streets
I saw you dancing
Dancing on the streets
Dancing on the streets
(I used to take you higher)
You don't know
You've got to feel the lovin'
You don't know
You've got to feel the love"
"lyrics-000158","Beyond the horizon of the place we lived when we were young
In a world of magnets and miracles
Our thoughts strayed constantly and without boundary
The ringing of the division bell had begun

Along the Long Road and on down the causeway
Do they still meet there by the Cut?
There was a ragged band that followed in our footsteps
Running before time took our dreams away
Leaving the myriad small creatures trying to tie us to the ground
To a life consumed by slow decay

The grass was greener
The light was brighter
With friends surrounded
The nights of wonder

Looking beyond the embers of bridges glowing behind us
To a glimpse of how green it was on the other side
Steps taken forwards, but sleepwalking back again
Dragged by the force of some inner tide
At a higher altitude with flag unfurled
We reached the dizzy heights of that dreamed of world

Encumbered forever by desire and ambition
There's a hunger still unsatisfied
Our weary eyes still stray to the horizon
Though down this road we've been so many times

The grass was greener
The light was brighter
The taste was sweeter
The nights of wonder

With friends surrounded
The dawn mist glowing
The water flowing
The endless river
Forever and ever"
"lyrics-000159","Dotleniasz mnie jak gęsty las
Jak las, któremu w pełni ufam
Jak jasny kryształ z głębi ziemi
Jak wir majestatycznej rzeki

Odprowadź mnie
Ty mówisz, że
Tobie nie po drodze
Odprowadź mnie
Ty mówisz ""nie""
Którędy do drzwi?

Ten las przerzedził huragan
Notujemy spadek cienia, a właściwie jego brak
Wyparowała woda z nas
Nie ma tego złego, tak, uczono tak

Odprowadź mnie
Ty mówisz, że
Tobie nie po drodze
Odprowadź mnie
Ty mówisz ""nie""
Którędy do drzwi?

Biegnijmy do drzwi

Wyważymy drzwi

Którędy do drzwi?

Dotleniasz mnie jak gęsty las
Jak las, któremu w pełni ufam
Jak jasny kryształ z głębi ziemi
Jak wir majestatycznej rzeki"
"lyrics-000160","We're bound like this
Running circles and we're walking near rivers
It's hard to change a love like this
The writings on the wall, so strong it hurts

I've been holding back my love
For reasons I can not define
I'm still the man you want
It's just hard to tell you so

We're going through changes, changes, changes, yeah
With hard times I'm sure are ahead
You gotta have faith in, faith in, faith in me (faith in me)
'Til I can be the man I said I'd be
'Til I can be the man
'Til I can be the man

We're bound by this
And I don't have to say a word to you
I guess that's how freedom feels
Knowing that its just us in a crowded room

But I've been holding back our love
For reasons I can not define
I'm still that man you want
It's just hard to tell you sometimes

We're going through changes, changes, changes, yeah (changes)
With hard times I'm sure are ahead
(We'll make it through I'm sure of it)
You gotta have faith in, faith in, faith in me (faith in me)
'Til I can be the man I said I'd be
'Til I can be the man
'Til I can be the man
'Til I can be the man
'Til I can be the man

We're going through changes, changes, changes, yeah (changes)
With hard times I'm sure are ahead
(We'll make it through I'm sure of it)
You gotta have faith in, faith in, faith in me (faith in me)
'Til I can be the man I said I'd be
'Til I can be the man"
"lyrics-000161","I saw you down the neighborhood
And I understood
Spiritual hand that I can't shake
It's getting more than I can take
And in this restless disfigured place
We've only got each other

I just wanna go
Blur the line, and leave our afflictions behind
The sky is coming down
I know it's strange
(But heaven's a mindset away)

Yeah, everybody's going crazy
Can't get through to you lately
We're so hopelessly faded
Is anyone else feeling lonely?
It just can't be me only
Losing our cool so slowly
It would feel so good to steal some time
It would feel so good to make you mine

You ever thought we're not ourselves?
'Cause I know it well
I'm ready now to have a change of skin
The day doesn't set
The world just spins, and in this wounded sinister place
We've only got each other

The sky is crushing down
I know it's strange
(When heaven's a mindset away)

Yeah, everybody's going crazy
Can't get through to you lately
We're so hopelessly faded
Is anyone else feeling lonely?
It just can't be me only
Losing our cool so slowly
It would feel so good to steal some time
It would feel so good to make you mine

Yeah, everybody's going crazy
Can't get through to you lately
We're so hopelessly faded
Is anyone else feeling lonely?
It just can't be me only
Losing our cool so slowly
It would feel so good to steal some time
It would feel so good to make you mine"
"lyrics-000162","Every time I walk on by
Stroll along your street
Can't believe there's not a thing in the world
A thing left to repeat

And I was walking on your floor
Begging to get more
Can't believe there's not a thing in the world
A thing left to ask for

So leave my broken bones
I'll take a load off your skin
Throw me all your stones
We need a sinner, I'm in

Every time I walk on by
Stroll along your street
Can't believe there's not a thing in the world
A thing left to repeat

So leave my broken bones
I'll take the load off your skin
Throw me all your stones
You need a sinner, I'm in, yeah

So leave my broken bones
I'll take a load off your skin
Throw me all your stones
We need a sinner, I'm in

Don't you know
Don't you know what to say?
Every time you think about it
Talk around it again

Don't you know
Don't you know where to stay?
Every time you think about it
Talk around it again

Don't you know
Don't you know what to say?
Every time you think about it
Talk around it again

Don't you know
Don't you know where to stay?
Every time you think about it
Talk around it again"
"lyrics-000163","Pod górkę mam
Ale na to się pisałam, tak czy siak
Do biegu, start
Sama drogę tę wybrałam, chciałam tak

Czy na moje łzy ja znajdę jeszcze czas?
Czy na łzy ja znajdę czas?

Szampan wylewa się, toast mogę wznieść
A ten gość mówi coś - o co mu chodzi?
Ktoś tu disuje mnie, niech gada co chce
A ten gość mówi coś - spoko nie szkodzi

Zamykam oczy, byłeś uroczy
Będę udawać, że już nie boli
Szampan wylewa się, toast mogę wznieść
A ten gość mówi coś - o co mu chodzi?

O co mu chodzi?

I znów ten typ
On szepcze pronto pronto, musisz iść
A brak mi sił
Ten szampan coś za łatwo wchodził mi

Czy na pożegnanie znajdę jeszcze czas?
Spojrzę się ostatni raz

Szampan wylewa się, toast mogę wznieść
A ten gość mówi coś - o co mu chodzi?
Ktoś tu disuje mnie, niech gada co chce
A ten gość mówi coś - spoko nie szkodzi

Zamykam oczy, byłeś uroczy
Będę udawać, że już nie boli
Szampan wylewa się, toast mogę wznieść
A ten gość mówi coś - o co mu chodzi?

O co mu chodzi?

Szampan wylewa się, toast mogę wznieść
A ten gość mówi coś - o co mu chodzi?
Ktoś tu disuje mnie, niech gada co chce
A ten gość mówi coś - spoko nie szkodzi

Zamykam oczy, byłeś uroczy
Będę udawać, że już nie boli
Szampan wylewa się, toast mogę wznieść
A ten gość mówi coś - o co mu chodzi?

O co mu chodzi?"
"lyrics-000164","Do you relate?
Am I just wasting time?
Can you not relate?
I'm just so versatile

And it all comes down like a barrel of bricks
I'm an okay guy in a bar full of pricks
We've got our whole damn lives to discover the new
Everything's better when there's nothing to do

I got all the best moves, you know
I just don't wanna see the show
It don't get much worse, it don't get much better (it don't get much worse)
This TV won't watch itself (it won't watch itself)
I love the snow, I love the rain
Here comes the sun, it's all the same

Get me a car, get me a limousine
And take me out to the music scene
On second thoughts, I saw this thing on the news
Kids getting killed for the shoes that they choose
Sometimes life's meant to pass you by
We're all so small, look at the size of the sky

I got all the best moves, you know
I just don't wanna go to the show
It don't get much worse, it don't get much better (it don't get much worse)
This TV won't watch itself (it won't watch itself)
I love the snow, I love the rain
Here comes the sun, it's all the same

When I'm in bits, I'm a better man
Play me the hits, I don't need a tan
I can't be on the other side of the world
My TV dies, it's a bitch to uphold
I'm happy here in the grip of my shakes
Even Doctor Jones is afraid of the snakes

I got all the best moves, you know
I'm so busy laying low
It don't get much worse, it don't get much better (it don't get much worse)
This TV won't watch itself (it won't watch itself)
I love the snow, I love the rain
Here comes the sun, it's all the same

It don't get much worse, it don't get much better (it don't get much worse)
This TV won't watch itself (it won't watch itself)
I love the snow, I love the rain
Here comes the sun, it's all the same"
"lyrics-000165","Dzisiaj jestem tylko wspomnieniem
Echem dziecięcych lat
Kiedyś byłam twoim marzeniem
Do mnie należał świat
Świat twoich zabaw, myśli i słów
Pierwszych radości i pięknych snów

Dzisiaj, gdy przymkniesz oczy
Na szarym pamięci tle
Pośród wyblakłych przeźroczy
Zobaczysz właśnie mnie
Jestem twoją bajką, jestem twoją bajką
Jestem bajką twego snu

Jestem twoją Smutną Księżniczką
Do mnie biegłeś przez las
Szeptałeś wyznam Ci wszystko
Zatrzymaj bajkowy czas
Czas naszych zabaw, myśli i słów
Pierwszych radości i pięknych snów

Dzisiaj, gdy przymkniesz oczy
Na szarym pamięci tle
Pośród wyblakłych przeźroczy
Zobaczysz właśnie mnie
Jestem twoją bajką, jestem twoją bajką
Jestem bajką twego snu

Kiedy pożegnasz już bajkę
Bajkę z dziecięcych lat
Zamkniesz za sobą furtkę
Zaczarowany świat
Świat twoich zabaw, myśli i słów
Pierwszych radości i pięknych snów

Dzisiaj, gdy przymkniesz oczy
Na szarym pamięci tle
Pośród wyblakłych przeźroczy
Zobaczysz właśnie mnie
Jestem twoją bajką, jestem twoją bajką
Jestem bajką twego snu"
"lyrics-000166","Czasem czuję jakbym był na szczycie
Kiedy słowa składam w rym
I jakoś ułożyłem życie
Odkąd nie ma Ciebie w nim
Los miał dla mnie wielki gest
Lub w chmurach siedzi Bóg
Bo doprawdy dużo lepiej jest
Niż spodziewać bym się mógł

Odkąd w moim życiu nie ma Cię
To nawet jest mi lżej
I nie najgorzej wiedzie się
Więc wszystko jest okej
Bo dawno przeszło mi, kochanie
Wrzucam więc na luz
By śmiało stwierdzić, że rozstanie
Wyszło mi na plus

I już Cię nie potrzebuję
Choć wspominam Ciebie czule
Przyszłość bez Ciebie planuję
W każdym szczególe
Gdy przypadkiem spotykam Cię
I wraca tamten stan
I wtedy już wiadomo gdzie
Misterny poszedł plan

Kiedy nagle to wróciło
Bo to nagle lubi wracać
Chociaż nie wiem
Czy nadal chcę w tym tkwić
Potem szybka kalkulacja
To nie będzie się opłacać
To za duże ryzyko
Aby z Tobą być

Czy coś Cię jeszcze w kimś zaskoczy?
Tęsknisz, czy też nie?
Czy kiedy patrzysz w czyjeś oczy
Poszukujesz mnie?
Choć znać chcę odpowiedzi Twoje
Na każde z pytań tych
To przyznam, że się trochę boję
Zadać któreś z nich

A gdy do kogoś coś poczuję
Wciąż się mierzę z tym
Że wszystko z Tobą porównuję
Chociaż nie chciałbym
I rozum wie że to niefajne
By wspominać Cię
Lecz serce nie jest racjonalne
No i mówi, że

Może zechcesz znów spróbować
Bo nie było takiej biedy
I niczego nie żałować
Będzie lepiej niż wtedy
Lecz nie ma co planów snuć
Bo pewnie powiesz nie
Więc dalej będę w brodę pluć
Że straciłem Cię

Kiedy nagle to wróciło
Bo to nagle lubi wracać
Chociaż nie wiem czy nadal
Chcę w tym tkwić
Potem szybka kalkulacja
Czy to będzie się opłacać
To za duże ryzyko
Aby z Tobą być

A więc odejdź jak najdalej
I zapomnij to, co piękne
Bo już nie chce znać Cię wcale
Skoro tak Ci obojętne
W brzuchu wiercą mnie motyle
Skurczybyki dają w kość
Z serdeczności powiem tyle
Że mam Cię serdecznie dość

Niewybrednie lub banalnie
Ujmę to innymi słowy
Zarządzono oficjalnie
Wyprowadzasz się z mej głowy
I choć w zastaw oddam duszę
Aby w końcu żyć bez troski
To niestety, ale muszę wyciągnąć
Jedynie słuszne wnioski

Że to nagle nie wróciło
To od dawna do mnie wraca
Chociaż wiem, że nie chcę
Już w tym tkwić
Potem szybka kalkulacja
To by mogło się opłacać
Tylko co zrobić
Aby znowu z Tobą być"
"lyrics-000167","Proszę cię
Nie rozmawiajmy teraz
Bo jak się pokłócimy
Nie będzie czego zbierać
Ej ej ej
Zostań na swoim terytorium
Lepiej niż w prosektorium
Z trupem naszej miłości

Nadziei daj mi wielokropek
Nie chcę wiedzieć co będzie potem
Nie chcę wiedzieć co będzie jutro
Jedno pewne, na końcu futro

Mogło być wspaniale
Mogło być wspaniale
Lecz to co przed ale
Się nie liczy wcale

Proszę cię, nie rozmawiajmy teraz
Jestem jak monitoring na sejfie jubilera
Chodźmy, handlowa dziś niedziela
Możesz mi zrobić dobrze, nie rozmawiajmy teraz

Mogło być wspaniale, mogło, mogło być wspaniale"
"lyrics-000168","Słowa, które chciałbym Ci powiedzieć
Duszę w sobie od zeszłego lata
Nigdy pewnie tego Ci nie powiem
Że czułem coś po wielu, wielu latach

Choć nie chciałem wdarły się motyle
Jednak w ciszy będą sobie latać
W ciszy gdzieś głęboko się ukryję
By nie burzyć spokojnego świata

Kosmiczne energie, kosmosy
Wysyłam do Ciebie marzenie
Na Twoją planetę, daleko
Już leci do Ciebie meteor

Bezwładnie spadamy
A imię Twoje planetą

Chciałbym kiedyś gdzieś wyjechać z Tobą
Moim morzem nocą długą płynąć
Nigdy pewnie tego Ci nie powiem
Łatwiej mi to gdzieś głęboko skrywać

Marznąć razem nigdy nam nie było
To w marzeniach tylko z Tobą latam
W nieśmiałości, samotności tęskno
Odpływają najpiękniejsze lata

Kosmiczne energie, losmosy
Wysyłam do Ciebie marzenie
Na Twoją planetę, daleko
Już leci do Ciebie meteor

Bezwładnie spadamy
A imię Twoje planetą

Chciałbym być z Tobą szczęśliwy
Ale z kimś innym będziesz
W nocy zamykam oczy
Wysyłam

Kosmiczne energie, kosmosy
Wysyłam do Ciebie marzenie
Na Twoją planetę, daleko
Już leci do Ciebie meteor

Bezwładnie spadamy
A imię Twoje planetą"
"lyrics-000169","I fall asleep so fast
And dream of normal life
And it goes by, and I'm alright
Reduce myself inside my skin
Think: this is it and that's alright
It's all alright

Then a word from the outside gets inside of me
And then I see that I was bigger all along
I let myself fall asleep again

Now I'm up and standing
I see so much more
Than when I was laying down there
Down there on the floor
I see now what I could be living for

How can I fall asleep this fast
It's almost as if I want to dream of living small
Out of fear - or just wanting to be comfortable
Comfortable and fall

See it all while laying on the floor
No muscle flexed - the eye closed off
With nothing to get up for

See it all while laying on the floor
No muscle flexed - the eye closed off
With nothing to get up for

See it all while laying on the floor
No muscle flexed - the eye closed off
With nothing to get up for

See it all while laying on the floor

Now I'm up and standing
I am so afraid that I'll doze off again

With no word to wake me up again"
"lyrics-000170","When I remove myself
From the picture
When I reduce myself
I see you the same
And I couldn't find my way
Out of this feeling

I generate light
Generate heat
Generate breathing
I forget myself
Forget my life
Remember believing
I never get used to your tongue

When I police myself
I never make contact
When you betray yourself
You're only revealed
And when I see your face
I never see reason
How can you move so well
Spinning inside yourself
And not understand me now?

Generate light
Generate feeling
Generate light
Generate heat
Generate feeling
So many words under my tongue
So many half silences

Generate light
Generate heat
Generate feeling
Generate light
Generate heat
Generate feeling
So many words under my tongue
So many half silences

(Generate light
Generate heat...)"
"lyrics-000171","I tied myself with wire
To let the horses run free
Playing with the fire until the fire played with me
Yeah

And the stone was semi-precious
We were barely conscious
Two souls too smart to be in the realm of certainty
Even on our wedding day

We set ourselves on fire
Oh God, do not deny her
And it's not if I believe in love
But if love believes in me
Come on and believe in me

At the moment of surrender
I folded to my knees
I did not notice the passers-by
And they did not notice me

I have been in every black hole
At the altar of the dark star
And my body's now a begging bowl
And it's begging to get back
Begging to get back to my heart
To the rhythm of my soul
To the rhythm of my unconsciousness
To the rhythm that yearns
To be released from control

And I was punching in the numbers
At the ATM machine
I could see in the reflection
A face staring back at me

At the moment of surrender
Of vision over visibility
I did not notice the passers-by
And they did not notice me

I was speeding on the subway
Through the stations of the cross
Every eye looking every other way
Counting down till the pain would stop

At the moment of surrender
I folded to my knees
I did not notice the passers-by
And they did not notice me"
"lyrics-000172","What you doing sitting there alone
Ashamed is insane
One thing only that she needs from you is your pain
You forgot her fake name
The way it ended up
You felt used when she came
You couldn't get it up
And love is such a scam
gotta give it up
Give it up
And love is such a scam
gotta give it up
Give it up

()
And she is freezing in the frame
It's depraved
Need fake loving just to stay awake
Such a slave
You forgot her fake name
The way it ended up
You felt used when she came
You couldn't get it up
And love is such a scam
gotta give it up
Give it up
And love is such a scam
gotta give it up
Give it up
And love is such a scam
gotta give it up
Give it up
And love is such a scam
gotta give it up
Give it up"
"lyrics-000173","A vine grows in the jungle like a line flows on a page
A simplified correction caught and caged
A flower whispers on your breath,
It likes your cosmic style
A satellite embraced lives just a while

We, us the pharaohs, live for our own ideals
Stained glass and tarot cards
Could tell us how you feel

Down by over up round here,
Through stiffs and sailors
I'll be home in a year

A tree grows t'wards the sunlight
As my heart grows to the east
Forgotten loves and emails beg belief
Five million silhouettes on call
Yet resting in a bay
They wish for thirteen lovers each fine day

We, us the pharaohs, live for our own ideals
Stained glass and tarot cards
Can tell us how you feel

Down by over up round here,
Through stiffs and sailors
I'll be home in a year

A place to call your own
Through a window

Down by over up round here,
Through stiffs and sailors
I'll be home in a year"
"lyrics-000174","Czemu ciągle nie mogę dosięgnąć
Skoro mówiliście, że powinno być lekko?
Wasze ślady niech już lepiej wybledną
Zrobię własne i dotrą bardzo daleko

Znów przynoszę nie najlepsze wieści
Po co mi tytuł, jeśli brakuje treści?
To przykre, jak łatwo Wam przyszło mnie przekreślić
Gdy tak dużo jeszcze mogłoby we mnie się zmieścić

Spakujcie to wszystko i zostawcie nam spokój tu
Nie da się nic pozmieniać, gdy robicie to samo znowu
Zabierzcie to wszystko i zostawcie nas samych
Powtarzacie ""bądźcie sobą"", bo nie chcemy być Wami

Jak mam stać się kimś, kogo polubię
Skoro sama nie wiem, czego brakuje?
Gdy na mnie patrzycie, powoli się psuję
Bo muszę przepraszać nawet za to, co czuję

Jak przyjemnie Wasze życie się toczy
Kiedy ciężko coś objąć wzrokiem, Wy zamykacie oczy
Nawet gdyby tak wszystko bliżej siebie ułożyć
To i tak zapomnieliście już, że też byliście młodzi

Spakujcie to wszystko i zostawcie nam spokój tu
Nie da się nic pozmieniać, gdy robicie to samo znowu
Zabierzcie to wszystko i zostawcie nas samych
Powtarzacie ""bądźcie sobą"", bo nie chcemy być Wami

Spakujcie to wszystko i zostawcie nam spokój tu
Nie da się nic pozmieniać, gdy robicie to samo znowu
Zabierzcie to wszystko i zostawcie nas samych
Powtarzacie ""bądźcie sobą"", bo nie chcemy być Wami"
"lyrics-000175","Gotta move on
Picking up pieces from the past
And postcards you wrote
I keep my demons satisfied, petrified, all gone bad
Gotta move on
Sometimes I wake up afraid of shotting stars
Are we okay?
I keep my demons on my own, I'm at home calculating, constantly wrong
Gotta move on
Gotta move on, Come on
Gotta move on
I find it's harder not to love you
It's easy to, I can do it in my sleep
I miss you like I would never see you again
I miss you
It's easy to, I can do it in my sleep
I do it in my sleep
Gotta move on"
"lyrics-000176","You gave me hope amidst my sorrow
May it be tomorrow
That I can love again
And in return for what I've borrowed
Be with you tomorrow
And until the end

You gave me hope amidst my sorrow
May it be tomorrow
That I can love again
And in return for what I've borrowed
Be with you tomorrow
And until the end
I know the road we're on is narrow
Along comes tomorrow
We're gonna see the sun
And with the wings of the first sparrow
New light of tomorrow
We're gonna be as one
We're gonna be as one
We're gonna be as one
We're gonna be as one
We're gonna be as one"
"lyrics-000177","There's a buzzard of gulls
They're drumming in the wind
Only lovers alive
Running in the dark
And I rolled away
Said we never wanted much
Just a rollercoast'
Our love has never known the way
Sugar for the pill
You know it's just the way things are
Cannot buy the sun
This jealousy will break the whole
Cut across the sky
And move a little closer now
Lying in a bed of greed
You know I had the strangest dream
And I rolled away
Said we never wanted much
Just a rollercoast'
Our love has never known the way
Sugar for the pill
You know it's just the way things are
Cannot buy the sun
This jealousy will break the whole
And I rolled away
Said we never wanted much
Just a rollercoast'
Our love has never known the way
Sugar for the pill
You know it's just the way things are
Cannot buy the sun
This jealousy will break the whole"
"lyrics-000178","Queen of the underground, where you bound?
What's the soundbite like?
Queen of the underground, where have you been?
I didn't get under your skin

King of the alternative scene, you fall in?
Did your heyday ricochet
Princess heir of the indie sphere, do you still care?
I didn't get under your skin

Queen of the underground, where you bound?
What's the soundbite like
Queen of the underground, Miss Babylon, Amazon, take me in
I didn't get under your skin

Girl of the underworld, where did you go?
I heard you went with the undertow
Didn't get under your skin..."
"lyrics-000179","I wanted back the way I wanted
You chose me to do the piece of small
I give all that I can to see you back again
Give her all the done
You hit the run
All you want to do is

I wanted back the way it was
Give you something, something you dead for the girl
You sell me on the thing
Now I gave up the break
You tell me you into it
You discover land
All you want to do is

I'll be the fields
All you want to turn your head
I'll be the fields unwanted your hand
I'll be the fields unwanted your hand
I'll be the fields
I'll be the fields"
"lyrics-000180","i dream i can't sleep
think i should leave
you can keep the fillings
in my teeth
there's no one to blame
cause this ain't a game
the disease and the cure
are one and the same
if i'm alive or i'm bored
if i'm dead or ignored
you'll be on my mind

i hope you'll agree
we didn't get wasted for free
cause if you believe
it's harder to see
the whole's the best part
of siamese hearts
forever in debt
forever disarmed
we'll bloom till we're young
till i'm on your mind
cause

you look like summer
wouldn't dare
to survive you
and i can't stand any colour
i can black out
that's what we're used to

since i'm nowhere
i've never felt more out of place
i'll burn my tongue
till i forget your taste
and the future might bring
the most beautiful past
when tomorrow's sunk
into my world of glass
nearly hoped
nearly home"
"lyrics-000181","I know whole it's all coming my (our) way
It's all coming my (our) way
I know I will not go astray
I will not go astray
I wanna search the whole way
I search the whole way
I know whole it's all coming my (our) way
It's all coming my (our) way
I know I won't be no lesser man
Won't be no lesser man
I had my lesson
I had my lesson
I take my lesson"
"lyrics-000182","I was wrong,
You were right,
I taught you all I knew,
And you taught me to fight.
You wanted more.
I couldn't care less .
But you never want to talk about the emptiness.
Now every time,
You think you've found yourself.
But it turns out to be,
Someone else.
Nobody likes to talk about the emptiness.
Nobody likes to talk about the emptiness.
You're out of fears with the redshift light.
Lose your word to the redshift light.
We don't need the silent,
We turn the static to a quiet end.
You're out of fears with the redshift light.
Lose your word to the redshift light.
We don't need the silent,
We turn the static to a quiet end.

Well, you could say I'm cold,
'Cause you're on fire.
While the best of us go up in a funeral pyre.
If you're burnin' up,
Or you're burnin' down,..."
"lyrics-000183","I know you had to lie to me
I know you had to cheat
To pose all hot and high
Behind the veils of shear deceit
Our perfect porn aristocrat
So elegant and cheap
I'm old but I'm still into that
A thousand kisses deep

The ponies run, the girls are young
The odds are there to beat
You win a while and then it's done
Your little winning streak
And summoned now to deal
With your invincible defeat
You live your life as if it's real
A thousand kisses deep

I'm turning tricks, I'm getting fixed
I'm back on Boogie Street
You lose your grip, and then you slip
Into the Masterpiece
And maybe I had miles to drive
And promises to keep
You ditch it all to stay alive
A thousand kisses deep

And sometimes when the night is slow
The wretched and the meek
We gather up our hearts and go
A thousand kisses deep

Confined to sex, we pressed against
The limits of the sea
I saw there were no oceans left
For scavengers like me
I made it to the forward deck
I blessed our remnant fleet
And then consented to be wrecked
A thousand kisses deep

I'm turning tricks, I'm getting fixed
I'm back on Boogie Street
I guess they won't exchange the gifts
That you were meant to keep
And quiet is the thought of you
The file on you complete
Except what we forgot to do
A thousand kisses deep

And sometimes when the night is slow
The wretched and the meek
We gather up our hearts and go
A thousand kisses deep

The ponies run, the girls are young
The odds are there to beat
You win a while and then it's done
Your little winning streak
And summoned now to deal
With your invincible defeat
You live your life as if it's real
A thousand kisses deep

I loved you when you opened
Like a lilly to the heat
You see I'm just another snowman
Standing in the rain and sleet
Who loved you with his frozen love
His second hand physique
With all he is and all he was
A thousand kisses deep"
"lyrics-000184","Got to keep an eye on people
Calling from behind
Trying to convince you
Of doing things
Trying to change your mind

I may have some doubts
But I hold this shovel tight
Digging in the frozen ground

I feel like my life is happening
Somewhere else in some other time
I feel like my life is happening
Somewhere else in some other time

Stress upon by brow
I can't stop my brain
Life unfolds before me
Like a runway train

I may have some doubts
But I hold this shovel tight
Digging in the frozen ground

I feel like my life is happening
Somewhere else in some other time
I feel like my life is happening
Somewhere else in some other time

I feel like my life is happening
Somewhere else in some other time
I feel like my life is happening
Somewhere else in some other time

Que es un fantasma
Sino un momento que se repite
Una y otra vez
Que es un fantasma
Sino un momento que se repite
Una y otra vez"
"lyrics-000185","She had just for fun
She gave a gun
Than all began
OooOOvv
She would be sorry
Sorry.
It was just a song
That was sung along
She gave a tone
OooOOv
She would be happy
Happy.
Hell where your gone
Who would be happy
Happy.
Travel where you soul
Who would be sorry
Sorry.
It was just for fun
She gave a gun
Than all began
OooOOv
She would be sorry
Sorry.
It was just a song
That was sung along
She gave a tone
She would be happy
Happy.
Hell where you gone
Who would be happy
Happy.
Travel where your soul
He would be sorry
Sorry."
"lyrics-000186","I'm looking for you
I'm looking for you
Don't know where to go
Don't know what to do

I walk along the street
Between a million people
That I don't see
Maybe they think
That I am mad

I fell in love
I'm in love with you
Da da da da da da da da da da

I made this song
Cause I love you
I made this song just for you
I made this song deep in my heart
I was thinking of you

Because time runs so fast
And it never comes back
And that's all
I can keep with me
That sweet love that you gave me to

I'm looking for you
I'm looking for you
Don't know where to go
Don't know what to do

I walk along the street
Between a million people
That I don't see
Maybe they think
That I am mad

I fell in love
I'm in love with you
Da da da da da da da da da da

I made this song
Cause I love you
I made this song just for you
I made this song deep in my heart
I was thinking of you

Because time runs so fast
And it never comes back
And that's all
I can keep with me
That sweet love that you gave me to"
"lyrics-000187","See the break of dawn
The night will soon be gone
But I got to go
First laid eyes upon you
When I saw you standing there
All alone and forsaken
Out in the darkness
Your hair as dark as the river
Winding its way to the sea
Your eyes so deep
As the ocean
See the break of dawn
The night will soon be gone
But I leave you in the morning
In the morning
Tears they come crawling
Down your pretty cheek
When the night is over
I will be long gone
I hear your voice calling
Wherever I may be
Soft as the branches
Of the willow tree
All across the mountain
And thru valley too
Yes I've been traveling
To get to you
See the break of dawn
The night will soon be gone
But I leave you in the morning
In the morning
Tears they come crawling
Down your pretty cheek
When the night is over
I will be long gone"
"lyrics-000188","High or low, stop or go
Heaven up and Hell below
War on terror, face the mirror
Will they ever see the mirror
Science fiction, space vacation
Faith or fear's a new creation
Faith or fear's a new creation

Disillusion, no confusion
Clear your head of mind pollution
Levitation, meditation
Faith or fear's a new creation

Guns are killing and TV's thrillin'
The mind is weak an' flesh is willin'
You buy'em work again, sell your brother
Why do we enslave each other
Armageddon is where we're headin'
If the walk the path we're treadin' on
Faith or fear's a new creation

You are my love an' I'll always be
By your side when-ev-er you need me
I'll be strong, give my best for you
Cause lovin' is what I'm born to do

You are my love an' I'll always be
By your side when-ev-er you need me
I'll be strong, give my best for you
Cause lovin' is what we're born to do

Let this sitteling of mine
Flower sows freedom
Carries our world
In a universe
Of folding we untie
Throughout space

Babylonia says come on give us up
Yes an' I lie when the moon is shinin' brights
The world can't find your peace of mind
Livin' in a man-made space of time
Nine to five, Creation is a lie
Takin' a walk within a Sunday
On city streets and city light
Never voted things to be no vote
Cause life shows weight for wise
Chair follows and thus
I use the ever-growing
Cause ever-growing is the way one must
You will see
Infinite possibilities, born within
Infinite possibilities, born within

You are my love an' I'll always be
By your side when-ev-er you need me
I'll be strong, give my best for you
Cause lovin' is what I'm born to do

You are my love an' I'll always be
By your side when-ev-er you need me
I'll be strong, give my best for you
Cause lovin' is what we're born to do

By your side when-ev-er you need me
Give my best for you,
Cause lovin' is what we're born to do"
"lyrics-000189","I'll write a book about you, or some fictional character like you
Music to your ears, and deep like a million years
Like a scene in a movie you'll never forget
A song that will stick, which you haven't heard yet

I'll write a book about you, or some fictional character like you
And I'll know you, better than I know myself
And the things you say will be touching me from far away
Quietly and slow, like the poets blur their words of love

(Words of...)
(Love...)

I'll write a book about you, or some fictional character like you
Short and sweet, and covered with chocolate treats
And the end is pure class
Poetry disguised as chemistry and math
I'll write a book about you

I'll write a book about you, or some fictional character like you
I'll write a book about you (or some fictional character like you)
I'll write a book about you (or some fictional character like you)
When it's over, it's over
When it's over, it's over

Poems must end to start over again"
"lyrics-000190","How the hell'd we wind up like this?
Why weren't we able
To see the signs that we missed
And try an' turn the tables?
I wish you'd unclench your fists
And unpack your suitcase
Lately there's been too much of this
But don't think it's too late
Nothin's wrong
Just as long as you know that someday I will
Someday, somehow
Gonna make it alright but not right now
I know you're wondering when
(You're the only one who knows that)
Someday, somehow
Gonna make it alright but not right now
I know you're wondering when
Well I'd hoped that since we're here anyway

We could end up saying
Things we've always needed to say
So we could end up stringing
Now the story's played out like this
Just like a paperback novel
Let's rewrite an ending that fits
Instead of a Hollywood horror
Nothin's wrong
Just as long as you know that someday I will
Someday, somehow
Gonna make it alright but not right now
I know you're wondering when
(You're the only one who knows that)
Someday, somehow
Gonna make it alright but not right now
I know you're wondering when
(You're the only one who knows that)
How the hell'd we wind up like this?
Why weren't we able
To see the signs that we missed
And try an' turn the tables?
Now the story's played out like this
Just like a paperback novel
Let's rewrite an ending that fits
Instead of a Hollywood horror
Nothin's wrong
Just as long as you know that someday I will
Someday, somehow
Gonna make it alright but not right now
I know you're wondering when
(You're the only one who knows that)
Someday, somehow
Gonna make it alright but not right now
I know you're wondering when
(You're the only one who knows that)
I know you're wondering when
(You're the only one who knows that)
I know you're wondering when"
"lyrics-000191","She'll take you back, don't make believe
You wanna think it through
I've loved before, I'll love again
I know that yours was true

Wake up slowly, there are blue skies
Cutting white lines in black matter
I see them shining through your drunken eyes
Carving silver is strange weather

I'll meet a man, we'll make a home
And travel to the deep
Of further lines with hidden dreams
The broken hearted keep

Wake up slowly, there are blue skies
Cutting white lines in black matter
I see them shining through your drunken eyes
Carving silver is strange weather

She'll take you back, don't make believe
You wanna think it through
I've loved before, I'll love again
I know that yours was true

Wake up slowly, there are blue skies
Cutting white lines in black matter
I see them shining through your drunken eyes
They only want me in strange weather

In a small room, on a naked floor
With the blinded heart of black matter
I could hear you through the front door
Carving silver is strange weather

She'll take you back, don't make believe
You wanna think it through
I've loved before, I'll love again
I know that yours was true"
"lyrics-000192","The unfolding of the year
And now our season is here
All the balances are clear
Now that our time is here
In our perfect present tense
Through our wide rose tinted lens
When the words have all been spent
Will we still have learnt it?

Through your window see the place
Like a fond and sweet embrace
For a moment face to face
In the sweetest embrace

Ooh ooh ooh ooh ooh ooh ooh
Ooh ooh ooh ooh ooh ooh ooh
Ooh ooh ooh ooh ooh ooh ooh
Ooh ooh ooh ooh ooh ooh ooh

The unfolding of the year
And now our season is here
All the balances are clear
Now that our time is here
Now that our time is here"
"lyrics-000193","I changed the locks on my front door
So you can't see me anymore
And you can't come inside my house
And you can't lie down on my couch
I changed the locks on my front door

I changed the number on my phone
So you can't call me at home
And you can't say those things to me
That make me fall down on my feet
I changed the number on my phone

I changed the kind of clothes I wear
So you can't see me anywhere
And you can't spot me in a crowd
And you can't call my name out loud
I changed the kind of clothes I wear

I changed the kind of car I drive
So you can't see me when I go by
And you can't chase me up the street
And you can't knock me off of my feet
I changed the kind of car I drive

I changed the tracks underneath the train
So you can't come here again
And you can't trace my path
And you can't hear my laugh
I changed the tracks underneath the train

I changed the lock on my front door
I changed the number on my phone
I changed the kind of clothes I wear
I changed the kind of car I drive
I changed the tracks underneath the train
I changed the name of this town
I changed the name of this town
I changed the name of this town
I changed the name of this town
I changed the name of this town
I changed the name of this town"
"lyrics-000194","All of this time I've been trying to resolve the pain
That we've been constantly exposed as an often strength
Maybe you'll find there's a start and a stopping place
I follow my heart always and felt the pain

It's been so hard the task to resolve
Investigating ourselves
Becoming what we don't want to be
Suffering all by ourselves

Will you realize what has happened here
Will you repair all the falling tears
As long as I'm holding
I'm facing the strength in my heart

Nobody knows the pain that you're in
No one will try to understand
Nobody knows the life that you've lived
Nobody cared no one was there
(Nobody knows in life what you've lived)

Why won't you help me
Why won't you tell me
It's been hurting
It's all just been hard from here

Will you realize what has happened here
Will you repair all the fallen tears
As long as I'm hoping
Will recover it all rediscover

Nobody knows the pain that you're in
No one will try to understand
Nobody knows the life that you've lived
Nobody cared no one was there
(Nobody knows in life what you've lived)

Nobody knows the pain
It's all just been hard from here

Nobody knows the pain
Nobody knows the way
Nobody knows the pain
Nobody cared no one was there"
"lyrics-000195","Strawberry flavour
Misbehaviour
Slow motion
Emotion
I'm an elevator
Operator
Take me to the up on time
Lips move
Silence
Emotional
Science
Lover
Undercover
Take me to the up on time
You're handsome
Take
Take me to the up on time
I'm an elevator
Operator
Take me to the up on time"
"lyrics-000196","It looks like

Scarecrow, Tinman, Dorothy
Lion is afraid of me
Lion is afraid of me
Lion is afraid of me

La-la-la-la-la-la-la
La-la-la-la-la-la-la
La-la-la-la-la-la-la
La-la-la-la-la-la-la

Escape from reality
Where I go you follow me
Where I go you follow me
Where I go you follow me

La-la-la-la-la-la-la
La-la-la-la-la-la-la
La-la-la-la-la-la-la
La-la-la-la-la-la-la

It looks like it's spinning 'round
It looks like it's comin' 'round

Lions, and tigers, and bears, and beetles, and badgers, and leopards
And monkeys and donkeys, squirrels, snakes, pigs, goats
Rabbits, hogs, cats and dogs, yaks, bats, fox, bison
Beetles, beasts, frogs and wolf

Tornado swallowing my house
Get higher
It looks like it's spinning 'round
It looks like it's spinning 'round

I'm lost, I'm lost in a shiny new world
Follow, follow, follow the yellow brick road
Walking ahead in a brand new style
Flower shower, flowers raining on me

Ah-ah-ah
Ah-ah-ah"
"lyrics-000197","My love has got no money
He's got his strong beliefs
My love has got no power
He's got his strong beliefs
My love has got no fame
He's got his strong beliefs
My love has got no money
He's got his strong beliefs
Want more and more
People just want more and more
Freedom and love
What he's looking for
Want more and more
People just want more and more
Freedom and love
What he's looking for
Freed from desire
Mind and senses purified
Freed from desire
Mind and senses purified
Freed from desire
Mind and senses purified
Freed from desire
Na-na-na-na-na-na-na, na-na-na, na-na-na
Na-na-na-na-na-na-na, na-na-na, na-na-na
Na-na-na-na-na-na-na, na-na-na, na-na-na
Na-na-na-na-na-na-na, na-na-na, na-na

My love has got no money
He's got his strong beliefs
My love has got no power
He's got his strong beliefs
My love has got no fame
He's got his strong beliefs
My love has got no money
He's got his strong beliefs
Want more and more
People just want more and more
Freedom and love
What he's looking for
Want more and more
People just want more and more
Freedom and love
What he's looking for
Freed from desire
Mind and senses purified
Freed from desire
Mind and senses purified
Freed from desire
Mind and senses purified
Freed from desire
Na-na-na-na-na-na-na, na-na-na, na-na-na
Na-na-na-na-na-na-na, na-na-na, na-na
Na-na-na-na-na-na-na, na-na-na, na-na-na
Na-na-na-na-na-na-na, na-na-na, na-na

Na-na-na-na-na-na-na, na-na-na, na-na-na
Na-na-na-na-na-na-na, na-na-na, na-na-na
Na-na-na-na-na-na-na, na-na-na, na-na-na
Na-na-na-na-na-na-na, na-na-na, na-na
Na-na-na-na-na-na-na, na-na-na, na-na-na
Na-na-na-na-na-na-na, na-na-na, na-na
Na-na-na-na-na-na-na, na-na-na, na-na-na
Na-na-na-na-na-na-na, na-na-na, na-na!
"
"lyrics-000198","It's a cruel, cruel world to face on your own
A heavy cross to carry along
The lights are on but everyone's gone
And it's cruel

It's a funny way to make ends meet
When the lights are out on every street
It feels alright but never complete
Without joy

I checked you, if it's already been done
Undo it
It takes two, it's up to me and you
To prove it

On the rainy nights even the coldest days
You're moments ago but seconds away
The principle of nature, it's true but
It's a cruel world

We can play it safe or play it cool
Follow the leader or make up all the rules
Whatever you want, the choice is yours
So choose

I checked you if it's already been done
Undo it
It takes two and it's up to me and you
To prove it

I trust you, it's already been done
Undo it
It takes two, it's up to me and you
To prove it

I checked you, if it's already been done
Undo it
It takes two and it's up to me and you
To prove it

I trust you"
"lyrics-000199","There's no way absolutly no way that you can play your games on the truth
If you play all faking fooling games at the end of the day you will loose
And all your life all the time all you try is to run from your old lies
And all your life all the time all you try is to play tricks to your own mind

And there's no way absolutly no way that you can turn your back on love
It burns in your heart circulates in your blood so if not for love what are you gonna live for?

(Refrain:)

And i say oh, there's no way
There's no way there's no way
Well i say oh, there's no way there's no way there's no way

And there's no way absolutly no way that you can exist without God
Say what you may or lie all your way
the highest power man confessing all of us (?)

And all your life all the time all you try is to find what you're missing
And than you find that you're just been to blind
or you couldn't win over your pride or you just been too busy

And there's no way absolutly no way that you can life your life without joy
It makes the bird sing
makes the flowers bloom and spring
It's the force that keeps this world turning

And all your life all the time all you try is to be so god damn serious
And than one day maybe you wake up and say that you wasted so many moments that were so damn precious

Well oh;
(Refrain)"
"lyrics-000200","Boję się, że przeoczę moment kiedy zacząć żyć
Po sześciu latach Twoja matka znowu zacznie pić
Że już do końca będzie mi się chciało wyć
Że przy Tobie będę zawsze tylko pół krwi
Zasypiać już do końca świata będę całkiem sama
Że nie usłyszę jak ktoś mówi do mnie mama
Nie będę dostatecznie fajna, mądra, dobra, ładna
Że to se ne vrati
Że nasze plany gówno prawda

Od kiedy mam serce liczyłam na więcej
Od kiedy pamiętam mam marzenia ściętej
Od kiedy krzyczałam to kazali szeptem
Się boję choć nie chcę

Że umrę za szybko, zakończę to wszystko
Że brak pewności siebie wygra z mą ambicją
To tylko żyćko, spierdolę przyszłość
Miało być pięknie, znowu nic nie wyszło
Utopię się w tobie, wyplujesz mnie w kącie
Nie będę wiedzieć czy to koniec, czy początek
Zrazisz się do mnie, zagramy w wojnę
Ja nie przeproszę i wezmę długi rozbieg

Od kiedy mam serce liczyłam na więcej
Od kiedy pamiętam mam marzenia ściętej
Od kiedy krzyczałam to kazali szeptem
Się boję choć nie chcę

Od kiedy mam serce liczyłam na więcej
Od kiedy pamiętam mam marzenia ściętej
Od kiedy krzyczałam to kazali szeptem
Się boję choć nie chcę

Boję się, że przeoczę moment kiedy zacząć żyć
Boję się, że przeoczę moment

Od kiedy mam serce liczyłam na więcej
Od kiedy pamiętam mam marzenia ściętej
Od kiedy krzyczałam to kazali szeptem
Się boję choć nie chcę"
"lyrics-000201","Hvis bare jeg ku' være en bølge på havet
hvis bare jeg ku' være en bænk i en park

Hvis bare jeg ku' være dobbelt så begavet
hvis bare jeg ku' være og bare være til

Og feste, løbe, grine, græde uden stop
æde, drikke, ryge, rejse jorden rundt

Hvis bare jeg ku' være et svar på dit spørgsmål
hvis bare jeg ku' være et skilt på din vej

Hvis bare jeg ku' være en rejse uden formål
hvis bare jeg ku' være og bare være til

Og feste, løbe, grine, græde uden stop
æde, drikke, ryge, rejse jorden rundt"
"lyrics-000202","I've never seen a diamond in the flesh
I cut my teeth on wedding rings in the movies
And I'm not proud of my address
In a torn up town, no postcode envy
But every song's like
Gold teeth, Grey Goose, trippin' in the bathroom
Bloodstains, ball gowns, trashin' the hotel room
We don't care
We're driving Cadillacs in our dreams
But everybody's like
Cristal, Maybach, diamonds on your timepiece
Jet planes, islands, tigers on a gold leash
We don't care
We aren't caught up in your love affair
And we'll never be royals (royals)
It don't run in our blood
That kind of luxe just ain't for us
We crave a different kind of buzz
Let me be your ruler (ruler)
You can call me queen bee
And baby, I'll rule (I'll rule, I'll rule, I'll rule)
Let me live that fantasy
My friends and I, we've cracked the code
We count our dollars on the train to the party
And everyone who knows us knows
That we're fine with this, we didn't come from money
But every song's like
Gold teeth, Grey Goose, trippin' in the bathroom
Bloodstains, ball gowns, trashin' the hotel room
We don't care
We're driving Cadillacs in our dreams
But everybody's like
Cristal, Maybach, diamonds on your timepiece
Jet planes, islands, tigers on a gold leash
We don't care
We aren't caught up in your love affair
And we'll never be royals (royals)
It don't run in our blood
That kind of luxe just ain't for us
We crave a different kind of buzz
Let me be your ruler (ruler)
You can call me queen bee
And baby, I'll rule (I'll rule, I'll rule, I'll rule)
Let me live that fantasy
Oh
Oh (oh, oh)
We're bigger than we ever dreamed
And I'm in love with being queen
Oh
Oh (oh, oh)
Life is great without a care
We aren't caught up in your love affair
And we'll never be royals (royals)
It don't run in our blood
That kind of luxe just ain't for us
We crave a different kind of buzz
Let me be your ruler (ruler)
You can call me queen bee
And baby, I'll rule (I'll rule, I'll rule, I'll rule)
Let me live that fantasy"
"lyrics-000203","Death has come around my mind so often in a sleep
We're dreaming 'bout a winter you won't see
And despite the lies that tie a man, you held your head so high
You're often on my, always on my mind
You're on my–

And we wait

The thought keeps buzzin' round my head since knowing you were gone
Wondered how I'd failed to see it coming on
And in my dreams I often think of you, I wonder where you've been
See, I don't remember all too much since then

And we wait, we wait
Oh, we wait for you to rest
And we wait, we wait (Ah)

Some may call it fate, but I just bow my head and run
It was nothing but a hand upon a gun
Now in my dreams I come and sit with you and I ask you how you've been
'Cause I don't remember much as I did then

And we wait, we wait
Oh, we wait for you to rest
And we wait, we wait (Ah)"
"lyrics-000204","Finished with my woman
'Cause she couldn't help me with my mind
People think I'm insane
Because I am frowning all the time (come on out)

All day long I think of things
But nothing seems to satisfy
Think I'll lose my mind
If I don't find something to pacify

Can you help me?
Occupy my brain
Oh, yeah (let me see your hands)

I need someone to show me
The things in life that I can't find
I can't see the things that make true happiness
I must be blind

Alright, let me hear you, come on
Alright, show it then, come on
Louder, come on
You ain't fucking loud enough, come on
Come on
Now I've heard

Louder, come on, put your fucking balls into it

Alright

Make a joke and I will sigh
And you will laugh and I will cry
Happiness I cannot feel
And love to me is so unreal

And so as you hear these words
Telling you now of my state
I tell you to enjoy life
I wish I could, but it's too late

Thank you, good night
You are the fuckin' coolest, man
I love you all
We love you, good night, God bless you"
"lyrics-000205","I was scared of dentists and the dark
I was scared of pretty girls and starting conversations
Oh, all my friends are turning green
You're the magician's assistant in their dream

Ah-ooh-ooh-ooh, ah-ahh-ah-ah
And they come unstuck

Lady, running down to the riptide
Taken away to the dark side
I wanna be your left-hand man
I love you when you're singing that song
And I got a lump in my throat
'Cause you're gonna sing the words wrong

There's this movie that I think you'll like
This guy decides to quit his job and heads to New York City
This cowboy's running from himself
And she's been living on the highest shelf

Ah-ooh-ooh-ooh, ah-ahh-oh
And they come unstuck

Lady, running down to the riptide
Taken away to the dark side
I wanna be your left-hand man
I love you when you're singing that song
And I got a lump in my throat
'Cause you're gonna sing the words wrong

I just wanna, I just wanna know
If you're gonna, if you're gonna stay
I just gotta, I just gotta know
I can't have it, I can't have it any other way

I swear she's destined for the screen
Closest thing to Michelle Pfeiffer that you've ever seen, oh

Lady, running down to the riptide
Taken away to the dark side
I wanna be your left-hand man
I love you when you're singing that song
And I got a lump in my throat
'Cause you're gonna sing the words wrong

Oh lady, running down to the riptide
Taken away to the dark side
I wanna be your left-hand man
I love you when you're singing that song
And I got a lump in my throat
'Cause you're gonna sing the words wrong

Oh lady, running down to the riptide
Taken away to the dark side
I wanna be your left-hand man
I love you when you're singing that song
And I got a lump in my throat
'Cause you're gonna sing the words wrong

Yeah, I got a lump in my throat
'Cause you're gonna sing the words wrong"
"lyrics-000206","Some people get a cheap laugh breaking up the speed limit
Scaring the pedestrians for a minute
Crossing up progress driving on the grass
Leaving just enough room to pass
Sunday driver never took a test
Oh, yeah, once upon a time in the West

Yes and it's no use saying that you don't know nothing
It's still gonna get you if you don't do something
Sitting on a fence that's a dangerous course
Ah, you could even catch a bullet from the peace-keeping force
Even the hero gets a bullet in the chest
Oh, yeah, once upon a time in the West

Mother Mary your children are slaughtered
Some of you mothers ought to lock up your daughters
Who's protecting the innocenti?
Now heap big trouble in the land of plenty
Tell me how we're gonna do what's best
You guess, once upon a time in the West

Oh yeah, once upon a time in the West
Oh yeah, once upon a time in the West
Oh yeah, once upon a time in the West

Once upon a time in the West
Once upon a time in the West
Once upon a time in the West
(Once upon a time in the West)
Once upon a time in the West
(Once upon a time in the West)
(Once upon a time in the West)"
"lyrics-000207","I wish I found some better sounds no one's ever heard
I wish I had a better voice that sang some better words
I wish I found some chords in an order that is new
I wish I didn't have to rhyme every time I sang
I was told when I get older, all my fears would shrink
But now I'm insecure and I care what people think
My name's Blurryface and I care what you think
My name's Blurryface and I care what you think
Wish we could turn back time
To the good ol' days
When our momma sang us to sleep
But now we're stressed out
Wish we could turn back time
To the good ol' days
When our momma sang us to sleep
But now we're stressed out
We're stressed out
Sometimes a certain smell will take me back to when I was young
How come I'm never able to identify where it's coming from?
I'd make a candle out of it, if I ever found it
Try to sell it, never sell out of it, I'd probably only sell one
It'd be to my brother 'cause we have the same nose
Same clothes, homegrown
A stone's throw from a creek we used to roam
But it would remind us of when nothing really mattered
Out of student loans and treehouse homes
We all would take the latter
My name's Blurryface and I care what you think
My name's Blurryface and I care what you think
Wish we could turn back time
To the good ol' days
When our momma sang us to sleep
But now we're stressed out
Wish we could turn back time
To the good ol' days
When our momma sang us to sleep
But now we're stressed out
We used to play pretend, give each other different names
We would build a rocket ship and then we'd fly it far away
Used to dream of outer space, but now they're laughing at our face
Saying, ""Wake up, you need to make money""
Yeah
We used to play pretend, give each other different names
We would build a rocket ship and then we'd fly it far away
Used to dream of outer space, but now they're laughing at our face
Saying, ""Wake up, you need to make money""
Yeah
Wish we could turn back time
To the good ol' days
When our momma sang us to sleep
But now we're stressed out
Wish we could turn back time
To the good ol' days
When our momma sang us to sleep
But now we're stressed out
We used to play pretend, used to play pretend, money
We used to play pretend, wake up, you need the money
Used to play pretend, used to play pretend, money
We used to play pretend, wake up, you need the money
Used to play pretend, give each other different names
We would build a rocket ship and then we'd fly it far away
Used to dream of outer space, but now they're laughing at our face
Saying, ""Wake up, you need to make money""
Yeah

"
"lyrics-000208","We don't need no education
We don't need no thought control
No dark sarcasm in the classroom
Teacher, leave them kids alone

Hey, teacher, leave them kids alone
All in all, it's just another brick in the wall
All in all, you're just another brick in the wall

We don't need no education
We don't need no thought control
No dark sarcasm in the classroom
Teachers, leave them kids alone

Hey, teacher, leave us kids alone
All in all, you're just another brick in the wall
All in all, you're just another brick in the wall

(Wrong, do it again)
(Wrong, do it again)
If you don't eat yer meat, you can't have any pudding
How can you have any pudding if you don't eat yer meat?
You! Yes, you behind the bike stands
Stand still, laddy!"
"lyrics-000209","Wolf mother where you been?
You look so worn, so thin
You're a taker, Devil's maker
Let me hear you sing
Heyya heyya

Wolf father at the door
You don't smile anymore
You're a drifter, shapeshifter
Now let me see you run
Heyya heyya

Holy light, oh guard the night
Oh keep the spirits strong
Watch her grow, child of woe oh
Keep holding on

When I ran through the deep dark forest long after this begun
When the sun would set, the trees were dead and the rivers were none
And I hoped for a trace to lead me back home from this place
But there was no sound, there was only me, and my disgrace

Hey hey hey, hey hey
Hey hey hey, hey hey
Hey hey hey, hey hey
Hey hey hey, hey ya

Wolf mother, where you been?
You look so worn, so thin
You're a taker, Devil's maker
Let me hear you sing
Heyya heyya

Wolf father at the door
You don't smile anymore
You're a drifter, shapeshifter
Now let me see you run
Heyya heyya

Wayward winds, the voice that sings of a forgotten land
See it fall, child of woe, oh lend a mending hand

When I ran through the deep dark forest long after this begun
When the sun would set, the trees were dead and the rivers were none
And I hoped for a trace to lead me back home from this place
But there was no sound, there was only me, and my disgrace

Hey hey hey, hey hey
Hey hey hey, hey hey
Hey hey hey, hey hey
Hey hey hey, hey ya"
"lyrics-000210","Thrill is gone
The thrill is gone away
The thrill is gone, baby
The thrill is gone away
You know you done me wrong, baby
And you'll be sorry someday

The thrill is gone
It's gone away from me
The thrill is gone, baby
The thrill is gone away from me
Although I'll still live on
But so lonely I'll be

The thrill is gone
It's gone away for good
Oh, the thrill is gone, baby
It's gone away for good
Someday, I know I'll be over it all, baby
Just like I know a man should

You know I'm free, free now, baby
I'm free from your spell
I'm free, free, free now
I'm free from your spell
And now that it's all over
All I can do is wish you well"
"lyrics-000211","On the first part of the journey
I was looking at all the life
There were plants and birds and rocks and things
There was sand and hills and rings
The first thing I met was a fly with a buzz
And the sky with no clouds
The heat was hot and the ground was dry
But the air was full of sound

I've been through the desert on a horse with no name
It felt good to be out of the rain
In the desert you can remember your name
'Cause there ain't no one for to give you no pain
La, la, la lala la la la, la, la
La, la, la lala la la la, la, la

After two days in the desert sun
My skin began to turn red
After three days in the desert fun
I was looking at a river bed
And the story it told of a river that flowed
Made me sad to think it was dead

You see
I've been through the desert on a horse with no name
It felt good to be out of the rain
In the desert you can remember your name
Because there ain't no one for to give you no pain
La, la, la lala la la la, la, la
La, la, la lala la la la, la, la

And after nine days I let the horse run free
'Cause the desert had turned to sea
There were plants and birds and rocks and things
There was sand and hills and rings
The ocean is a desert with its life underground
And a perfect disguise above
Under the cities lies a heart made of ground
But the humans will give no love

You see
I've been through the desert on a horse with no name
It felt good to be out of the rain
In the desert you can remember your name
'Cause there ain't no one for to give you no pain

La, la, la lala la la la, la, la
La, la, la lala la la la, la, la
La, la, la lala la la la, la, la
La, la, la lala la la la, la, la"
"lyrics-000212","I don't take coffee I take tea my dear
I like my toast done on one side
And you can hear it in my accent when I talk
I'm an Englishman in New York

See me walking down Fifth Avenue
A walking cane here at my side
I take it everywhere I walk
I'm an Englishman in New York

I'm an alien, I'm a legal alien
I'm an Englishman in New York
I'm an alien, I'm a legal alien
I'm an Englishman in New York

If ""manners maketh man,"" as someone said
Then he's the hero of the day
It takes a man to suffer ignorance and smile
Be yourself no matter what they say

Oh, I'm an alien, I'm a legal alien
I'm an Englishman in New York
Oh, I'm an alien, I'm a legal alien
I'm an Englishman in New York

Modesty, propriety can lead to notoriety
You could end up as the only one
Gentleness, sobriety are rare in this society
At night a candle's brighter than the sun

Takes more than combat gear to make a man
Takes more than a license for a gun
Confront your enemies, avoid them when you can
A gentleman will walk but never run

If ""manners maketh man,"" as someone said
Then he's the hero of the day
It takes a man to suffer ignorance and smile
Be yourself no matter what they say
Be yourself no matter what they say
Be yourself no matter what they say

Be yourself no matter what they say (Oh, I'm an alien, I'm a legal alien)
Be yourself no matter what they say (I'm an Englishman in New York)
Be yourself no matter what they say (Oh, I'm an alien, I'm a legal alien)
Be yourself no matter what they say (I'm an Englishman in New York)
Be yourself no matter what they say (Oh, I'm an alien, I'm a legal alien)
Be yourself no matter what they say (I'm an Englishman in New York)
Be yourself no matter what they say (Oh, I'm an alien, I'm a legal alien)
Be yourself no matter what they say (I'm an Englishman in New York)
Be yourself no matter what they say"
"lyrics-000213","Well, maybe I'm a crook for stealing your heart away
Yeah, maybe I'm a crook for not caring for it
Yeah, maybe I'm a bad, bad, bad, bad person
Well, baby, I know
And these fingertips
Will never run through your skin
And those bright blue eyes
Can only meet mine across a room
Filled with people that are less important than you
All 'cause you love, love, love
When you know I can't love
You love, love, love
When you know I can't love
You love, love, love
When you know I can't love you
So I think it's best we both forget before we dwell on it
The way you held me so tight
All through the night
'Til it was near morning
'Cause you love, love, love
When you know I can't love
You love, love, love
When you know I can't love
You love, love, love
When you know I can't love you
All 'cause you love, love, love
When you know I can't love
You love, love, love
When you know I can't love
You love, love, love
When you know I can't love you"
"lyrics-000214","Let's go!

Steve walks warily down the street
With the brim pulled way down low
Ain't no sound but the sound of his feet
Machine guns ready to go

Are you ready? Hey
Are you ready for this?
Are you hanging on the edge of your seat?
Out of the doorway the bullets rip
To the sound of the beat, yeah

Another one bites the dust
Another one bites the dust
And another one gone, and another one gone
Another one bites the dust (yeah)
Hey, I'm gonna get you too
Another one bites the dust

How do you think I'm going to get along
Without you, when you're gone?
You took me for everything that I had
And kicked me out on my own

Are you happy, are you satisfied?
How long can you stand the heat?
Out of the doorway the bullets rip
To the sound of the beat, look out

Another one bites the dust
Another one bites the dust
And another one gone, and another one gone
Another one bites the dust
Hey, I'm gonna get you too
Another one bites the dust

Hey!

Oh, take it
Bite the dust
Bite the dust, hey

Hey
Another one bites the dust
Another one bites the dust, ow!
Another one bites the dust, hey, hey
Another one bites the dust, hey
Ooh, shout!

There are plenty of ways that you can hurt a man
And bring him to the ground
You can beat him, you can cheat him, you can treat him bad
And leave him when he's down, yeah

But I'm ready, yes I'm ready for you
I'm standing on my own two feet
Out of the doorway the bullets rip
Repeating to the sound of the beat, oh yeah

Another one bites the dust
Another one bites the dust
And another one gone, and another one gone
Another one bites the dust, yeah
Hey, I'm gonna get you too
Another one bites the dust

Shoot out
Ay-yeah
Alright"
"lyrics-000215","Billy-Ray was a preacher's son
And when his daddy would visit he'd come along
When they gathered round and started talkin'
That's when Billy would take me walkin'
A-through the backyard we'd go walkin'
Then he'd look into my eyes
Lord knows to my surprise

The only one who could ever reach me
Was the son of a preacher man.
The only boy who could ever teach me
Was the son of a preacher man.
Yes he was, he was
Ooh, yes he was.

Being good isn't always easy
No matter how hard I try.
When he started sweet-talkin' to me
He'd come and tell me everything is all right
He'd kiss and tell me everything is all right.
Can I get away again tonight?

The only one who could ever reach me
Was the son of a preacher man.
The only boy who could ever teach me
Was the son of a preacher man.
Yes he was, he was
(Ooh) Lord knows he was
(Yes he was.)

How well I remember
The look that was in his eyes.
Stealin' kisses from me on the sly
Takin' time to make time
Tellin' me that he's all mine
Learnin' from each other's knowing

Lookin' to see how much we're growin'
And the only one who could ever reach me
Was the son of a preacher man.
The only boy who could ever teach me
Was the son of a preacher man.
Yes he was, he was

Ooh, yes he was.
The only one who could ever reach me
He was the sweet-talking son of a preacher man.
The only one who could ever teach me
I guess it was the son of a preacher man.
The only one who could ever move me
Sweet talking son of the preacher man
The only one who could ever move me
Was the son of the preacher man"
"lyrics-000216","Golden brown texture like sun
Lays me down with my mind she runs
Throughout the night
No need to fight
Never a frown with golden brown

Every time, just like the last
On her ship tied to the mast
To distant lands
Takes both my hands
Never a frown with golden brown

Golden brown finer temptress
Through the ages she's heading west
From far away
Stays for a day
Never a frown with golden brown

Nah, nah, nah, nah
Nah, nah, nah, nah

Never a (never a frown) frown
With golden brown (with golden brown)
Never a (never a frown) frown
With golden brown (with golden brown)
Never a (never a frown) frown
With golden brown (with golden brown)
Never a (never a frown) frown
With golden brown (with golden brown)
Never a (never a frown) frown
With golden brown (with golden brown)
"
"lyrics-000217","I wish I was a fisherman
Tumblin' on the seas
Far away from dry land
And its bitter memories

Casting out my sweet line
With abandonment and love
No ceiling bearin' down on me
Save the starry sky above

With light in my head
You in my arms

I wish I was the brakeman
On a hurtlin' fevered train
Crashing headlong into the heartland
Like a cannon in the rain

With the beating of the sleepers
And the burnin' of the coal
Counting the towns flashing by
In a night that's full of soul

With light in my head
You in my arms

For I know I will be loosened
From bonds that hold me fast
That the chains all hung around me
Will fall away at last

And on that fine and fateful day
I will take thee in my hand
I will ride on the train
I will be the fisherman

With light in my head
You in my arms

Light in my head
You in my arms
Light in my head
You

Light in my head
You in my arms
Light in my head"
"lyrics-000218","Lonely shadows following me
Lonely ghosts come calling
Lonely voices talking to me
Now I'm gone, now I'm gone, now I'm gone
And my mother told me son let it be
Sold my soul to the calling
Sold my soul to a sweet melody
Now I'm gone, now I'm gone, now I'm gone

Oh give me that fire
Oh give me that fire
Oh give me that fire
Burn, burn, burn

Oh, a thousand faces staring at me
Thousand times I've fallen
Thousand voices dead at my feet
Now I'm gone, now I'm gone, now I'm gone
And my mother told me son let it be
Sold my soul to the calling
Sold my soul to a sweet melody
Now I'm gone, now I'm gone, now I'm gone

Oh give me that fire
Oh give me that fire
Oh give me that fire
Burn, burn, burn

Ghosts and devils come calling
Calling my name out, lost in the fire
Sweet virgin your blood is calling
Calling my name out, lost in the fire

Oh give me that fire
Oh give me that fire
Oh give me that fire
Burn, burn, burn
Oh give me that fire
Oh give me that fire
Oh give me that fire
Burn, burn, burn"
"lyrics-000219","Ain't no sunshine when she's gone
It's not warm when she's away
Ain't no sunshine when she's gone
And she's always gone too long
Anytime she's goes away

Wonder this time where she's gone
Wonder if she's gone to stay
Ain't no sunshine when she's gone
And this house just ain't no home
Anytime she goes away

And I know, I know, I know, I know
I know, I know, I know, I know, I know
I know, I know, I know, I know, I know
I know, I know, I know, I know, I know
I know, I know, I know, I know, I know
I know, I know
Hey I oughta leave young thing alone
But ain't no sunshine when she's gone, woh woh

Ain't no sunshine when she's gone
Only darkness every day
Ain't no sunshine when she's gone
And this house just ain't no home
Anytime she goes away

Anytime she goes away
Anytime she goes away
Anytime she goes away"
"lyrics-000220","You get a shiver in the dark, it's raining in the park, but meantime
South of the river, you stop and you hold everything
A band is blowing Dixie, double-four time
You feel alright when you hear that music ring

Well, now you step inside, but you don't see too many faces
Coming in out of the rain to hear the jazz go down

Competition in other places
Ah, but the horns, they blowing that sound

Way on down south
Way on down south, London town

You check out Guitar George, he knows all the chords
Mind, he's strictly rhythm, he doesn't want to make it cry or sing
Yes and an old guitar is all he can afford
When he gets up under the lights to play his thing

And Harry doesn't mind if he doesn't make the scene
He's got a daytime job, he's doing alright

He can play the honky-tonk like anything
Saving it up for Friday night

With the Sultans
With the Sultans of Swing

And a crowd of young boys, they're fooling around in the corner

Drunk and dressed in their best brown baggies and their platform soles
They don't give a damn about any trumpet-playing band
It ain't what they call rock and roll

And the Sultans
Yeah, the Sultans, they played creole
Creole

And then the man, he steps right up to the microphone

And says at last, just as the time bell rings

""Goodnight, now it's time to go home""
Then he makes it fast with one more thing

""We are the Sultans
We are the Sultans of Swing"""
"lyrics-000221","Zostań, jak nikt mnie znasz
Przecież dobrze wiesz
Boję się być sam

Zostań, do rana raz
Może zwykły dzień
Nic nie zmieni w nas

Zostań, choć nie stać mnie
Na to wszystko
Co mi możesz dać

Zostań, kiedyś przyjdzie czas
Na pytania
I to co teraz wciąż jeszcze przerasta nas

Zostań, nie szukaj już
Gdzieś daleko
Tego co masz tu

Zostań, bez zbędnych słów
Tak jak teraz
Cierpliwie obok bądź po prostu dzień po dniu

Zostań
Zostań

Zostań, nie powiem Ci
Że to miłość
Choć jesteś wszystkim czego w życiu trzeba mi"
"lyrics-000222","Sail!

This is how I show my love
I made it in my mind because
Blame it on my ADD, baby

This is how an angel dies
Blame it on my own sick pride
Blame it on my ADD, baby

Sail!
Sail!
Sail!
Sail!
Sail!

Maybe I should cry for help
Maybe I should kill myself (myself, myself...)
Blame it on my ADD, baby

Maybe I'm a different breed
Maybe I'm not listening
So blame it on my ADD, baby

Sail!
Sail!
Sail!
Sail!
Sail!

La, la, la, la, la
La, la, la, la, la, oh

La, la, la, la, la
La, la, la, la, la, oh
La, la, la, la, la
La, la, la, la, la
Sail!
Sail!
Sail!
Sail!
Sail!

Sail with me into the dark (sail!)
Sail with me into the dark (sail!)
Sail with me into the dark (sail!)
Sail with me, sail with me (sail!)
"
"lyrics-000223","Your six blade knife
Do anything for you
Anything you want it to
One blade breaking my heart
One blade tearing me apart
Your six blade knife
Do anything for you

You can take away my mind like you take away the top of a tin
When you come up from behind and lay it down cold on my skin
Took a stone from my soul when I was lame
Just so you could make me tame, yes
You take away my mind like you take away the top of a tin

I'd like to be free of it, babe
I don't want it no more
I'd like to be free of it now
I don't want it no more

Everybody got a knife it can be just what you want it to be
A needle, a wife or something that you just can't see

Your six blade knife, keep you strong
Yes and it'll do me wrong
Your six blade knife
Do anything for you
Do anything
Anything"
"lyrics-000224","Everywhere is freaks and hairies
Dykes and fairies, tell me where is sanity
Tax the rich, feed the poor
'Til there are no rich no more

I'd love to change the world
But I don't know what to do
So I'll leave it up to you

Population keeps on breeding
Nation bleeding, still more feeding economy
Life is funny, skies are sunny
Bees make honey, who needs money, No none for me

I'd love to change the world
But I don't know what to do
So I'll leave it up to you

Oh yeah!

World pollution, there's no solution
Institution, electrocution
Just black and white, rich or poor
Senators stop the war

I'd love to change the world
But I don't know what to do
So I'll leave it up to you"
"lyrics-000225","Bo chodzi o to by od siebie
Nie upaść za daleko
Jak te dwa łyse kamienie nad rzeką
Chodzi o to
By pierwsze chciało słuchać
Co mu to drugie
Powiedzieć chce do ucha
Że po mej głowie?
Czasem się ich boje
Chodzą słowa nie do powiedzenia
Nie-do-powiedzenia (nie-do-powiedzenia)
Chodzą słowa nie do powiedzenia
Nie-do-powiedzenia

Dzień dobry
Kocham cię
Już posmarowałem tobą chleb
Dzień dobry
Kocham cię
Nie chce cię z oczu stracić więc

Jeszcze więcej dzień dobry
Kocham cię
Podzielimy dziś ten ogień na dwoje
Dzień dobry
Kocham cię
To zapyziałe miasto niech o tym wie

Tu chodzi o to by od siebie
Nie upaść za daleko
Kiedy długo drugie
Nie widzi pierwszego
Bo gdy siedzi człek samemu
Z czarnymi myślami
Człowiek rzuca słuchawkami
Rzuca słuchawkami

Bo chodzi o to by od siebie
Nie upaść za daleko
Nawet jeśli czasem między nami wykipi mleko
Choćbyś nawet i wieczorem zasypiała zdołowana
Chciałbym ci zaśpiewać z rana
Móc ci zaśpiewać z rana
Kochana...

Dzień dobry
Kocham cię
Już posmarowałem tobą chleb
Dzień dobry
Kocham cię
Nie chce cię z oczu stracić więc

Jeszcze więcej dzień dobry
Kocham cię
Podzielimy dziś ten ogień na dwoje
Dzień dobry
Kocham cię
To zapyziałe miasto niech o tym wie
Dzień dobry
Kocham cię
Już posmarowałem tobą chleb
Dzień dobry
Kocham cię
Nie chce cię z oczu stracić więc

Jeszcze więcej Jeszcze więcej Jeszcze więcej
Dzień dobry
Kocham cię
Podzielimy dziś ten ogień na dwoje
Para-twoje
Para-moje
Onomatopeiczne
Paranormalne
Paranoje
D-dwoje

Para-moje
Para-twoje
Onomatopeiczne
Paranormalne
Paranoje
D-dwoje"
"lyrics-000226","I am lost in our rainbow, now our rainbow has gone
Overcast by your shadow, as our worlds move on
But in this shirt, I can be you, to be near you for a while
In your shirt, I con be you, to be near you for a while

There's a crane knocking down all those things that we were
I awake in the night to hear the engines purr
There's a pain, it does ripple through my frame, makes me lame
There's a thorn in my side, it's the shame, it's the pride...

Of you and me, ever changing, moving on now, moving fast
And his touch, must be wanted, must become, through your ask
But I need Jake to tell you that I love you, it never rests
And I've bled everyday now for a year, for a year

I did send you a note on the wind for to read...
...our names there together must have fallen like a seed...
...to the depths of the soil buried deep in the ground
On the wind I could hear you call my name, I held the sounds

I am lost

I am lost in our rainbow, now our rainbow has gone
I am lost in our rainbow, now our rainbow has gone

I am lost"
"lyrics-000227","I am lost in a rainbow
Now our rainbow is gone
Overcast by your shadow
As our worlds move on

In this shirt I can be you
To be near you for a while
In this shirt I can be you
To be near you for a while

There's a crane knocking down
All these things that we were
I awake in the night
To hear the engines pout

There's a pain, it does ripple
Through my frame, makes me lame
There's a thorn in my side
It's the shame, it's the prize

Of you and me, ever changin'
Moving on now, moving fast
And this touch must be wanting
Must become through your ask

But I mean dare to tell you
That I love you - it never ends
And I bled everyday now
For a year, for a year

I did send you a note
On the wind for to read
Our names there together
Must've fallen like the sea

To the depths of the soil
Buried deep in the ground
On the wind I can hear you
Call my name, held the sound

I am lost
I am lost in a rainbow
Now our rainbow is gone
I am lost in a rainbow
Now our rainbow is gone

I am lost, I am lost
I am lost, I am lost
I am lost, I am lost"
"lyrics-000228","It's unfortunate that when we feel a storm
We can roll ourselves over 'cause we're uncomfortable
Oh well, the devil makes us sin
But we like it when we're spinning in his grip

Love is like a sin, my love
For the ones that feel it the most
Look at her with her eyes like a flame
She will love you like a fly will never love you again
Oh, hmm

It's unfortunate that when we feel a storm
We can roll ourselves over when we're uncomfortable
Oh well, the devil makes us sin
But we like it when we're spinning in his grip
Oh, hmm

Love is like a sin, my love
For the one that feels it the most
Look at her with a smile like a flame
She will love you like a fly will never love you again"
"lyrics-000229","How long could you wait for someone you love?
Just looking for the tunnels of light coming down from above
I was waiting by the phone
The moment you called, the moment you caved
Just tell me all your secrets and lies, your barricades

When it gets dark, streaking the youth
Hold me back from falling
Through tunnels of light emitted from you
I was waiting by the phone
The moment you called, the moment you caved
Where would I be without your secrets and lies, your barricades

Don't run away, don't run away, don't run away, don't run away
Just barricade now
Don't run away, don't run away, don't run away, don't run away
Just barricade now

A memory of you plucked from the pool
Just tell me have I met you before
Did we play the fool
Serenade me while I sleep
Ripple the walls, keep us out of sight
My memory's playing tricks and games
The madness you loved, the tunnels of light

Don't run away, don't run away, don't run away, don't run away
Just barricade now
Don't run away, don't run away, don't run away, don't run away
Just barricade now
Don't run away, don't run away, don't run away, don't run away
Just barricade now
Don't run away, don't run away, don't run away, don't run away
Just barricade now

Don't run away now
Just barricade now
Don't run away, don't run away, don't run away, don't run away
Just barricade now, don't run away now, don't run away now
Don't run away, don't run away, don't run away, don't run away
Just barricade now
Don't run away, don't run away, don't run away, don't run away
Just barricade now, don't run away now, don't run away now
Don't run away, don't run away, don't run away, don't run away
Just barricade now

How long could you wait for someone you love?
Just looking for the tunnels of light coming down from above"
"lyrics-000230","Just a castaway, an island lost at sea, oh
Another lonely day, with no one here but me, oh
More loneliness than any man could bear
Rescue me before I fall into despair, oh

I'll send an S.O.S to the world
I'll send an S.O.S to the world
I hope that someone gets my
I hope that someone gets my
I hope that someone gets my
Message in a bottle, yeah

Message in a bottle, yeah

A year has passed since I wrote my note
I should have known this right from the start
Only hope can keep me together
Love can mend your life
Or love can break your heart

I'll send an S.O.S to the world
I'll send an S.O.S to the world
I hope that someone gets my
I hope that someone gets my
I hope that someone gets my
Message in a bottle, yeah

Message in a bottle, yeah
Oh, message in a bottle, yeah
Message in a bottle, yeah

Walked out this morning, I don't believe what I saw
Hundred billion bottles washed up on the shore
Seems I'm not alone at being alone
Hundred billion castaways, looking for a home

I'll send an S.O.S to the world
I'll send an S.O.S to the world
I hope that someone gets my
I hope that someone gets my

I hope that someone gets my
Message in a bottle, yeah
Message in a bottle, yeah
Message in a bottle, oh
Message in a bottle, yeah

Sending out an S.O.S
Sending out an S.O.S
Sending out an S.O.S
I'm sending out an S.O.S
Sending out an S.O.S
Sending out an S.O.S
Sending out an S.O.S
Sending out an S.O.S
I'm sending out an S.O.S

I'm sending out an S.O.S
I'm sending out an S.O.S
I'm sending out an S.O.S
I'm sending out an S.O.S
I'm sending out an S.O.S
I'm sending out an S.O.S
I'm sending out an S.O.S

I'm sending out an S.O.S
I'm sending out an S.O.S
I'm sending out an S.O.S
I'm sending out an S.O.S
I'm sending out an S.O.S
I'm sending out an S.O.S
I'm sending out an S.O.S
I'm sending out an S.O.S
I'm sending out an S.O.S"
"lyrics-000231","Holly came from Miami, F.L.A.
Hitch-hiked her way across the U.S.A.
Plucked her eyebrows on the way
Shaved her legs and then he was a she

She says, ""Hey, babe
Take a walk on the wild side""
Said, ""Hey, honey
Take a walk on the wild side""

Candy came from out on the Island
In the back room she was everybody's darling
But she never lost her head
Even when she was giving head

She says, ""Hey, babe
Take a walk on the wild side""
Said, ""Hey, babe
Take a walk on the wild side""

And the colored girls go
""Doo do doo do doo do do doo...""

Little Joe never once gave it away
Everybody had to pay and pay
A hustle here and a hustle there
New York City's the place

Where they said, ""Hey, babe
Take a walk on the wild side""
I said, ""Hey, Joe
Take a walk on the wild side""

Sugar Plum Fairy came and hit the streets
Looking for soul food and a place to eat
Went to the Apollo
You should've seen them go, go, go

They said, ""Hey, sugar
Take a walk on the wild side""
I said, ""Hey, babe
Take a walk on the wild side"", alright
Huh

Jackie is just speeding away
Thought she was James Dean for a day
Then I guess she had to crash
Valium would have helped that bash

She said, ""Hey, babe
Take a walk on the wild side""
I said, ""Hey, honey
Take a walk on the wild side""

And the colored girls say
""Doo do doo do doo do do doo..."""
"lyrics-000232","Junkies down in Brooklyn are going crazy
They're laughing just like hungry dogs in the street
Policemen are hiding behind the skirts of little girls
Their eyes have turned the color of frozen meat

No, no, no, no, no, no, no, no-no, no, no, no
Joan Crawford has risen from the grave
Joan Crawford has risen from the grave

Catholic school girls have thrown away their mascara
They chain themselves to the axles of big Mac trucks
The sky is filled with herds of shivering angels
The fat lady laughs, ""Gentlemen, start your trucks""

Oh, no, no, no, no, no, no, no-no, no, no, no
Joan Crawford has risen from the grave
Joan Crawford has risen from the grave

(Christina)
(Mother's home)
(Christina)
(Come to mother)
(Christina)

No, no, no, no, no, no, no, no-no, no, no, no
Joan Crawford has risen from the grave
Joan Crawford has risen from the grave
Joan Crawford has risen from the grave
Joan Crawford has risen from the grave
Joan Crawford has risen from the grave
Joan Crawford has risen from the grave
Joan Crawford has risen from the grave
Joan Crawford has risen"
"lyrics-000233","Move yourself
You always live your life
Never thinking of the future

Prove yourself
You are the move you make
Take your chances, win or lose

See yourself
You are the steps you take
You and you and that's the only way

Shake, shake yourself
You're every move you make
So the story goes

Owner of a lonely heart
Owner of a lonely heart
(It's much better than a) owner of a broken heart
Owner of a lonely heart

Say you don't want to chance it
You've been hurt so before
Watch it now, the eagle in the sky
How he dancin', one and only

You lose yourself, no, not for pity's sake
There's no real reason to be lonely
Be yourself, give your free will a chance
You've got to want to succeed

Owner of a lonely heart
Owner of a lonely heart
(So much better than a) owner of a broken heart
Owner of a lonely heart

Owner of a lonely heart
After my own indecision
They confused me so (owner of a lonely heart)
My love said never question your will at all
In the end you've got to go
Look before you leap (owner of a lonely heart)
And don't you hesitate it at all, no-no

Owner of a lonely heart
Owner of a lonely heart
(So much better than a) owner of a broken heart
Owner of a lonely heart

Owner of a lonely heart
Owner of a lonely heart
(So much better than a) owner of a broken heart
Owner of a lonely heart

Owner of a lonely heart
Sooner or later each conclusion
Will decide the lonely heart (owner of a lonely heart)
It will excite, it will delight
It will give a better start (owner of a lonely heart)

Don't deceive your free will at all
Don't deceive your free will at all (owner of a lonely heart)
Don't deceive your free will at all
Just receive it
Just receive it (owner of a lonely heart)"
"lyrics-000234","I don't mind just what you say
I never heard you, baby
Never heard you anyway
I don't care what you do
Just so long as it ain't me and you
Sly, sly, oh, like a demon's eye

Everything's good, I said everything's fine
You don't know, don't know it's the end of your time
How does it feel to be turned away?
I've known it, baby, almost every day
Sly, sly, oh, like a demon's eye

I don't need you anymore
I don't want you, baby, hanging 'round my door
You slip and slide 'round my brain
You think you're so clever, yeah
But you know you're insane
Sly, sly, like a demon's eye

I d-d-don't mind just what you say
I never heard you
I never heard you anyway, no, I didn't
Everything's good, everything's fine
You don't know it's the end of your time

Sly, sly, like the demon's eye
Like the demon's eye
Oh, oh, oh, yeah
You're so sly, baby, yeah, yeah
Ooh, ooh, oh, oh, oh, yeah
You make me feel upside down, oh
Like the demon's eyes"
"lyrics-000235","Riders on the storm
Riders on the storm
Into this house we're born
Into this world we're thrown
Like a dog without a bone
An actor out alone
Riders on the storm

There's a killer on the road
His brain is squirmin' like a toad
Take a long holiday
Let your children play
If you give this man a ride
Sweet memory will die
Killer on the road, yeah

Girl, you gotta love your man
Girl, you gotta love your man
Take him by the hand
Make him understand
The world on you depends
Our life will never end
Gotta love your man, yeah

Riders on the storm
Riders on the storm
Into this house we're born
Into this world we're thrown
Like a dog without a bone
An actor out alone
Riders on the storm

Riders on the storm
Riders on the storm
Riders on the storm
Riders on the storm"
"lyrics-000236","Hot sun beating down
Burning my feet just walking around
Hot sun making me sweat
'Gators getting close, hasn't got me yet

I can't dance, I can't talk
Only thing about me is the way I walk
I can't dance, I can't sing
I'm just standing here selling everything

Blue jeans sit on the beach
Her dog's talking to me, but she's out of reach
Ooh, she's got a body under that shirt
But all she wants to do is rub my face in the dirt

'Cause I can't dance, I can't talk
Only thing about me is the way I walk
I can't dance, I can't sing
I'm just standing here selling

Oh, and checking everything is in place
You never know who's lookin' on

Young punk spilling beer on my shoes
Fat guy's talking to me, trying to steal my blues
Thick smoke, see her smiling through
I never thought so much could happen just shooting pool

But I can't dance, I can't talk
The only thing about me is the way that I walk
I can't dance, I can't sing
I'm just standing here selling

Oh, and checking everything is in place
You never know who's lookin' on
A perfect body with a perfect face, mmhm

No, I can't dance, I can't talk
The only thing about me is the way I walk
No, I can't dance, I can't sing
I'm just standing here selling everything

But I can walk
No, I can't dance
No, no, no, I can't dance
No, I said I can't sing
But I can walk"
"lyrics-000237","I can't get no satisfaction
I can't get no satisfaction
'Cause I try, and I try, and I try, and I try
I can't get no, I can't get no

When I'm drivin' in my car
And that man comes on the radio
He's tellin' me more and more
About some useless information
Supposed to fire my imagination

I can't get no, oh, no, no, no
Hey, hey, hey, that's what I say

I can't get no satisfaction
I can't get no satisfaction
'Cause I try and I try and I try and I try
I can't get no, I can't get no

When I'm watchin' my T. V.
And that man comes on to tell me
How white my shirts can be
But he can't be a man 'cause he doesn't smoke
The same cigarettes as me

I can't get no, oh, no, no, no
Hey, hey, hey, that's what I say

I can't get no satisfaction
I can't get no girl reaction
'Cause I try, and I try, and I try, and I try
I can't get no, I can't get no

When I'm ridin' round the world
And I'm doin' this and I'm signing that
And I'm tryin' to make some girl
Who tells me baby better come back later next week
'Cause you see I'm on losing streak

I can't get no, oh, no, no, no
Hey, hey, hey, that's what I say
I can't get no, I can't get no

I can't get no satisfaction
No satisfaction, no satisfaction, no satisfaction
I can't get no"
"lyrics-000238","Oto historia z kantem
Co podwójne ma dno
Gdyby napisał ją Dante
To nie tak by to szło

Grzesiek Kubiak, czyli Kuba rządził naszą podstawówką
Po lekcjach na boisku ganiał za mną z cegłówką
W Pile było jak w Chile każdy miał czerwone ryło
Mniej lub bardziej to pamiętasz? Spytaj jak to było

W czasach gdy nad Piłą jeszcze latały samoloty
Wojewoda Śliwiński kazał pomalować płoty
Potem wszystkie płoty w Pile miały kolor zieleni
Rogaczem na wieżowcu Piła witała jeleni

Statek Piła Tango
Czarna bandera
To tylko Piła Tango
Tańczysz to teraz

Płynie statek Piła Tango
Czarna Bandera
Ukłoń się świrom
Żyj, nie umieraj

Gruby jak armata Szczepan błąkał się po kuli ziemskiej
Trafił do Ameryki prosto z Legii Cudzoziemskiej
Baca w Londynie z Buchami się sąsiedzi
Lżej się tam halucynuje, nikt go tam nie śledzi

Karawan z Holandii. On przyjechał wreszcie
Są już Kula, Czarny Dusioł - słychać strzały na mieście
Znam jednak takie miejsca gdzie jest lepiej chodzić z nożem
Całe Górne i Podlasie? Wszyscy są za Kolejorzem

Płynie statek Piła Tango
Czarna bandera
To tylko Piła Tango
Tańczysz to teraz

Płynie statek Piła Tango
Czarna Bandera
Ukłoń się świrom
Żyj, nie umieraj

Andrzej Kozak, Mandaryn? Znana postać medialna
Tyci przy nim jest kosmos, gaśnie gwiazda polarna
Jest tu Siwy, który w rękach niebezpieczne ma narzędzie
A kiedy Siwy tańczy - znaczy mordobicie będzie

U Budzików pod tytułem chleją nawet z gór szkieły
Zbigu śpi przy stoliku, ma nieczynny przełyk
Lecz spokojnie panowie? Według mej najlepszej wiedzy
Najszersze gardła tu to mają z INRI koledzy
(Polej, polej!)

Statek Piła Tango
Czarna bandera
To tylko Piła Tango
Tańczysz to teraz

Płynie statek Piła Tango
Czarna Bandera
Ukłoń się świrom
Żyj, nie umieraj

Nad rzeką latem ferajna na grilla się zasadza
Auta z Niemiec? Sam wiem kto je tu sprowadza
Żaden spleen i cud, na ulicach nie śpią złotówki
W Pile Święta jest Rodzina i święte są żarówki

Nic nie szkodzi, że z wieczora miasto dławi się w fetorach
Ważne że jest żużel i kiełbasy senatora
Fajne z Liceum na Pola idą w świat dziewczyny
Po pokładzie jeździ Jojo bicyklem z Ukrainy

Statek Piła Tango
Czarna bandera
To tylko Piła Tango
Tańczysz to teraz

Płynie statek Piła Tango
Czarna Bandera
Ukłoń się świrom
Żyj, nie umieraj

Oto historia z kantem co podwójne ma dno
Gdyby napisał ją Dante
To nie tak by to szło
(By szło, by szło...)"
"lyrics-000239","
You know that it would be untrue
You know that I would be a liar
If I was to say to you
Girl, we couldn't get much higher
Come on baby, light my fire
Come on baby, light my fire
Try to set the night on fire
The time to hesitate is through
No time to wallow in the mire
Try now, we can only lose
And our love become a funeral pyre
Come on baby, light my fire
Come on baby, light my fire
Try to set the night on fire, yeah

The time to hesitate is through
No time to wallow in the mire
Try now, we can only lose
And our love become a funeral pyre
Come on baby, light my fire
Come on baby, light my fire
Try to set the night on fire, yeah
You know that it would be untrue
You know that I would be a liar
If I was to say to you
Girl, we couldn't get much higher
Come on baby, light my fire
Come on baby, light my fire
Try to set the night on fire
Try to set the night on fire
Try to set the night on fire
Try to set the night on fire
"
"lyrics-000240","Jedzie pociąg, złe wagony
Do więzienia wiozą mnie
Świat ma tylko cztery strony
A w tym świecie nie ma mnie.

Gdy swe oczy otworzyłem
Wielki żal ogarnął mnie
Po policzkach łzy spłynęły
Zrozumiałem wtedy, że...

Czarny chleb i czarna kawa
Opętani samotnością
Myślą swą szukają szczęścia
(Które zwie się wolnością)

Czarny, czarny chleb i czarna kawa
Opętani samotnością
Myślą swą szukają szczęścia
(Które zwie się wolnością!)

Młodsza siostra zapytała
""Mamo, gdzie braciszek mój?""
(Brat twój w ciemnej celi siedzi)
Odsiaduje wyrok swój

Czarny, czarny chleb i czarna kawa
Opętani samotnością
Myślą swą szukają szczęścia
(Które zwie się wolnością!)

Czarny, czarny chleb i czarna kawa
Opętani samotnością
Myślą swą szukają szczęścia
(Które zwie się wolnością!)

Wtem do celi klawisz wpada
I zaczyna więźnia bić
Młody więzień na twarz pada
Serce mu przestaje bić.

I nadejdzie chwila błoga
Śmierć zabierze oddech mój
Moje ciało stąd wyniosą
A pod celą będą znów...

Inny czarny chleb i czarna kawa
Opętani samotnością
Myślą swą szukają szczęścia
(Które zwie się wolnością!)

Czarny chleb i czarna kawa
Opętani samotnością
Myślą swą szukają szczęścia
(Które zwie się wolnością!)

Czarny, czarny chleb i czarna kawa
Opętani samotnością
Myślą swą szukają szczęścia
(Które zwie się wolnością!)"
"lyrics-000241","
Getting crazy on the waltzers
But it's the life that I choose
Hey, sing about the six blade, sing about the switchback
And a torture tattoo
And I've been riding on a ghost train
Where the cars, they scream and slam
And I don't know where I'll be tonight
But I'd always tell you where I am
In a screaming ring of faces
I seen her standing in the light
She had a ticket for the races
Yeah, just like me, she was a victim of the night
I put my hand upon the lever
Said let it rock and let it roll
I had the one-arm bandit fever
There was an arrow through my heart and my soul
And the big wheel keep on turnin'
Neon burnin' up above
And I'm just high on the world
Come on and take a low ride with me girl
On the tunnel of love
Yeah, love
It's just a danger
When you're riding at your own risk
She said, ""You are the perfect stranger""
She said, ""Baby, let's keep it like this""
It's just a cakewalk, twisting baby, yeah, step right up and say
""Hey mister, give me two, give me two now
'Cause any two can play""
And the big wheel keep on turning
Neon burnin' up above
And I'm just high on the world
Come on and take a low ride with me, girl
On the tunnel of love
Oh love, love
Well it's been money for muscle on a another whirligig
Money for muscle and another girl I dig
Another hustle just to
Just to make it big and rock away, rock away
Oh rock away, rock away
And girl, it looks so pretty to me
Like it always did
Oh, like the Spanish city to me
When we were kids
Yeah, girl it looks so pretty to me
Just like it always did
Oh, like the Spanish city to me
When we were kids

Woh la!

Check it out

She took off her silver locket
She said, ""Remember me by this""
She put her hand in my pocket
I got a keepsake and a kiss
And in the roar of dust and diesel
I stood and watched her walk away
I could have caught up with her easy enough
But something must have made me stay
And the big wheel keep on turning
Neon burnin' up above
And I'm just high on this world
Come on and take a low ride with me, girl
On the tunnel of love
Yea love, love
On the tunnel of love
Woah love, love
Yeah, now I'm searchin' through these carousels and the carnival arcades
Searching everywhere from steeplechase to palisades
In any shooting gallery where promises are made
To rock away, rock away
Rock away, rock away
From Cullercoats to Whitley bay
And to rock away
And, girl it looks so pretty to me
Like it always did
Like the Spanish city to me
When we were kids
Girl, it looks so pretty to me
Like it always did
Like the Spanish city to me
When we were kids
"
"lyrics-000242","Purple haze all in my brain
Lately, things just don't seem the same
Actin' funny but I don't know why
'Scuse me while I kiss the sky

Purple haze all around
Don't know if I'm comin' up or down
Am I happy or in misery?
Whatever it is, that girl put a spell on me

Help me (help me)
Help me
Oh, no, no, no

Uhh, ahh
Uhh, ahh
Uhh, ahh
Uhh, ahh
Yeah

Purple haze all in my eyes
Don't know if it's day or night
You got me blowin', blow my mind
Is it tomorrow, or just the end of time?

No, help me
Ah, yeah, purple haze
Oh, no, oh
Oh, help me
Tell me, girl, tell me (help me)
I can't go on like this
You're makin' me blow my mind (help me)

No, no (help me)
No, no (help me)"
"lyrics-000243","I see a red door
And I want it painted black
No colors anymore
I want them to turn black

I see the girls walk by
Dressed in their summer clothes
I have to turn my head
Until my darkness goes

I see a line of cars
And they're all painted black
With flowers and my love
Both never to come back

I've seen people turn their heads
And quickly look away
Like a newborn baby
It just happens everyday

I look inside myself
And see my heart is black
I see my red door
I must have it painted black

Maybe then, I'll fade away
And not have to face the facts
It's not easy facing up
When your whole world is black

No more will my green sea
Go turn a deeper blue
I could not foresee this thing
Happening to you

If I look hard enough
Into the setting sun
My love will laugh with me
Before the morning comes

I see a red door
And I want it painted black
No colors anymore
I want them to turn black

I see the girls walk by
Dressed in their summer clothes
I have to turn my head
Until my darkness goes

I wanna see it painted
Painted black
Black as night
Black as coal
I wanna see the sun
Blotted out from the sky
I wanna see it painted, painted, painted
Painted black, yeah"
"lyrics-000244","See if you can spot this one

What will you do when you get lonely?
No one waiting by your side
You've been running hiding much too long
You know it's just your foolish pride

Layla
Got me on my knees
Layla
Begging darling please
Layla
Darling won't you ease my worried mind?

Tried to give you consolation
When your old man had let you down
Like a fool I fell in love with you
You turned my whole world upside down, Layla

Got me on my knees
Layla
Begging darling please
Layla
Darling won't you ease my worried mind?

Make the best of the situation
'Fore I finally go insane
Please don't say we'll never find a way
Tell me all my love's in vain

Layla
Got me on my knees
Layla
I'm begging darling please
Layla
Darling won't you ease my worried mind?

(Yeah-yeah-yeah-yeah)

Layla
Got me on my knees
Layla
Begging darling please
Layla
Darling won't you ease my worried mind?

(Yeah-yeah-yeah-yeah)

Layla
Got me on my knees
Layla
Begging darling please
Layla
Darling won't you ease my worried mind?

Layla
Got me on my knees
Layla
Begging darling please
Layla
Darling won't you ease my worried mind?
Thank you"
"lyrics-000245","When the truth is found
To be lies
And all the joy
Within you dies

Don't you want somebody to love?
Don't you need somebody to love?
Wouldn't you love somebody to love?
You better find somebody to love, love

When the garden flowers
Baby are dead, yes and
Your mind, your mind
Is so full of red

Don't you want somebody to love?
Don't you need somebody to love?
Wouldn't you love somebody to love?
You better find somebody to love

Your eyes, I say your eyes may look like his
Yeah, but in your head, baby
I'm afraid you don't know where it is

Don't you want somebody to love?
Don't you need somebody to love?
Wouldn't you love somebody to love?
You better find somebody to love

Tears are running down
They're all running down your breast
And your friends, baby
They treat you like a guest

Don't you want somebody to love?
Don't you need somebody to love?
Wouldn't you love somebody to love?
You better find somebody to love"
"lyrics-000246","Jedna flaszka, druga flaszka i też trzecia, kurde bele, leci
Dom stoi zupełnie pusty nocą kurzą się dookoła rupiecie
Wracamy chwiejnym krokiem po okrążeniu nad ranem
Po schodach na piechotę raczej rady nie damy

Wyjechali na wakacje wszyscy nasi podopieczni
Gdy nie ma dzieci w domu, to jesteśmy niegrzeczni
Wyjechali na wakacje wszyscy nasi podopieczni
Gdy nie ma w domu dzieci, to jesteśmy niegrzeczni

Trasa bardzo dobrze znana od jednego baru do baru
Poznaje się tych albo owych i mamy troszeczkę kataru
Jeśli wiesz o czym ja mówię, natomiast zupełnym rankiem
Wychylam patrząc tępo ostatnią bez gazu szklankę, he

Wyjechali na wakacje wszyscy nasi podopieczni
Gdy nie ma w domu dzieci, to jesteśmy niegrzeczni
Wyjechali na wakacje wszyscy nasi podopieczni
Gdy nie ma w domu dzieci, to jesteśmy niegrzeczni

Jeszcze kilka dni i nocy i wszystko wróci do normy
Będziemy zorganizowani i poważni, uczesani i przezorni
Jednak jeszcze dzisiaj i jutro, pojutrze i popojutrze
Pozwól nocy kochana, życiu nosa utrzeć

Wyjechali na wakacje wszyscy nasi podopieczni
Gdy nie ma w domu dzieci, to jesteśmy niegrzeczni
Wyjechali na wakacje wszyscy nasi podopieczni
Gdy nie ma w domu dzieci, to jesteśmy niegrzeczni

Tak, wyjechali na wakacje wszyscy nasi podopieczni
Gdy nie ma w domu dzieci, to jesteśmy niegrzeczni
Wyjechali na wakacje wszyscy nasi podopieczni
Gdy nie ma w domu dzieci, to jesteśmy niegrzeczni"
"lyrics-000247","Raz i dwa, raz i dwa (dziewczynka Wojenka na imię ma)
Trzy i cztery, trzy i cztery (dziwne ona ma maniery)
Pięć i sześć, pięć i sześć (wcale lodów nie chce jeść)
Siedem, osiem, siedem, osiem (wciąż o kości tylko prosi)
Dziewięć, dziesięć, dziewięć, dziesięć (kto z was kości jej przyniesie)
Może ja? (może ty)
Licz od nowa (raz, dwa, trzy)
Gdyby do nas przyszła
Skłamałbym że wyszłaś
Że na świat nie przyszłaś
Kłamałbym jak popadnie
Choć kłamać córeńko nieładnie
Oj nieładnie, nieładnie, oj nieładnie
Gdy dorosła głównie marszczy brew
Wtedy woja jest i (psika krew)
Wojna to sport, a sport to zdrowie
Skoki do gardła i rzuty ołowiem
Zawsze jest powód do użycia noża (płock żąda dostępu do morza)
Żołnierz na wojnie gnije w okopie
Żona pisze: brzuch duży i mały kopie
Myśli żołnierz (w dupie z wami)
I waszymi wojnami
Myśli żołnierz (w dupie z wami)
I waszymi wojnami
Myśli żołnierz (w dupie z wami)
I waszymi wojnami
Gdyby do nas przyszła
Skłamałbym że wyszłaś
Że na świat nie przyszłaś
Kłamałbym jak popadnie
Choć kłamać córeńko nieładnie
Oj nieładnie, nieładnie, oj nieładnie
Gdyby do nas przyszła
Żeby ją (zaraza ścisła)
Żeby ją (zabrała Wisła)
Jak mnie słyszysz? (ja Wisła, ja Wisła)
Ja Wisła, ja Wisła
Ja Wisła, ja Wisła
Ja Wisła, ja Wisła"
"lyrics-000248","W tym domu mówię ci,
Pod numerem siódmym
Mieszka taki rezydent,
Nawet całkiem schludny

W dzień nie wychodzi
Niemal wcale z ukrycia
Za to po nocach
Jest kurwa królem życia

Bowiem wszystkie śmietniki
Są jego kolego
Zawsze w każdym z nich
Znajdzie coś ciekawego

Wraca nad ranem
Objuczony zdobyczami
Przecież wiecie sami
Jak to bywa z nagrodami

Kto zrobił Kto zrobił
Kto zrobił to?
Kto namalował to
Romantyczne tło?

Naprzeciw niego,
Mówię ci drogi kolego
Zamieszkują dwie lesbijki
Pochodzenia meksykańskiego

Kiedyś gdy wypiłem z nimi
Butelkę tequili
Chciałem by mi pokazały,
By się razem pobawiły

I zgodziły się w końcu,
Lecz pod jednym warunkiem
Że nie ruszę się z fotela
Nawet krok w ich kierunku

Obietnica gdy niedotrzymana
Zwykle bywa ukarana
Unieszkodliwiony przez nie
Przeleżałem tam do rana

Kto zrobił Kto zrobił
Kto zrobił to?
Kto namalował to
Romantyczne tło?

Ha Ha Madryt
Ha Madryt nagania

A na samym dole
Emerytowana artystka
Taka z tych artystek,
Którym w życiu nic nie wyszło

Niszczy na schodach wszystko
Co się jej nawinie
I wzywa policję
Mówiąc, że to ja czynię
Policja mnie spisuje
I tak jest co niedziela
I w kółko i w kółko,
Tak cały tydzień zapierdziela
To są tego miasta
Te uroki wręcz niezwykłe
To są takie historie
Do których przywykłem
Kto zrobił Kto zrobił
Kto zrobił to?
Kto namalował to
Romantyczne tło?"
"lyrics-000249","It's a kind of magic
It's a kind of magic
A kind of magic (No way)
One dream, one soul
One prize, one goal
One golden glance of what should be
It's a kind of magic
One shaft of light that shows the way
No mortal man can win this day
It's a kind of magic
The bell that rings inside your mind
Is challenging the doors of time
It's a kind of magic
The waiting seems eternity
The day will dawn of sanity (Ooh ooh ooh ooh)
Is this a kind of magic?
It's a kind of magic
There can be only one
This rage that lasts a thousand years
Will soon be done
This flame that burns inside of me
I'm hearing secret harmonies
It's a kind of magic
The bell that rings inside your mind
Is challenging the doors of time

It's a kind of magic

It's a kind of magic

This rage that lasts a thousand years
Will soon be, will soon be, will soon be done
This is (this is) a kind (a kind) of magic (yeah)
There can be only one (one, one, one)
This rage that lasts a thousand years
Will soon be done (done)

Magic (it's a kind of magic)
It's a kind of magic
Magic magic magic (magic)

(Magic) Aa ha ha haa, it's magic (Magic)

It's a kind of magic
"
"lyrics-000250","Money
Get away
You get a good job with more pay and you're okay
Money
It's a gas
Grab that cash with both hands and make a stash

New car, caviar, four star, daydream
Think I'll buy me a football team

Money
Get back
I'm alright, Jack, keep your hands off of my stack
Money
It's a hit
Don't give me that do goody good bullshit

I'm in the high-fidelity first-class traveling set
And I think I need a Lear jet

Money
It's a crime
Share it fairly, but don't take a slice of my pie
Money
So they say
Is the root of all evil today

But if you ask for a rise
It's no surprise that they're giving none away
Away, away, away
Away, away, away

I was in the right
Yes, absolutely in the right
I certainly was in the right
Yeah, I was definitely in the right, that geezer was cruisin' for a bruisin'
Yeah!
Why does anyone do anything?
I don't know, I was really drunk at the time
Just telling him it was in, he could get it in number two
He was asking why it wasn't coming up on freight eleven
And after, I was yelling and screaming and telling him why
It wasn't coming up on freight eleven"
"lyrics-000251","



First things first
I'ma say all the words inside my head
I'm fired up and tired of the way that things have been, oh-ooh
The way that things have been, oh-ooh
Second thing second
Don't you tell me what you think that I could be
I'm the one at the sail, I'm the master of my sea, oh-ooh
The master of my sea, oh-ooh
I was broken from a young age
Taking my sulking to the masses
Writing my poems for the few
That look at me, took to me, shook to me, feeling me
Singing from heartache from the pain
Taking my message from the veins
Speaking my lesson from the brain
Seeing the beauty through the...
Pain!
You made me a, you made me a believer, believer
Pain!
You break me down and build me up, believer, believer
Pain!
Oh, let the bullets fly, oh, let them rain
My life, my love, my drive, it came from...
Pain!
You made me a, you made me a believer, believer
Third things third
Send a prayer to the ones up above
All the hate that you've heard has turned your spirit to a dove, oh-ooh
Your spirit up above, oh-ooh
I was choking in the crowd
Living my brain up in the cloud
Falling like ashes to the ground
Hoping my feelings, they would drown
But they never did, ever lived
Ebbing and flowing, inhibited, limited
Till it broke open and it rained down
It rained down, like...
Pain!
You made me a, you made me a believer, believer
Pain!
You break me down, you build me up, believer, believer
Pain, oh, let the bullets fly, oh, let them rain
My life, my love, my drive, it came from
Pain!
You made me a, you made me a believer, believer
Last things last, by the grace of the fire and the flames
You're the face of the future, the blood in my veins, oh-ooh
The blood in my veins, oh-ooh
But they never did, ever lived, ebbin' and flowin'
Inhibited, limited 'til it broke open and rained down
It rained down like
Pain!
You made me a, you made me a believer, believer
Pain!
You break me down, you build me up, believer, believer
Pain, oh, let the bullets fly, oh, let them rain
My life, my love, my drive, it came from
Pain!
You made me a, you made me a believer, believer

"
"lyrics-000252","Tak jak Bolek i Lolek
Tytus, Romek i Atomek
Dzieci z Bullerbyn
Tomek na tropach yeti

Bywam małostkowy, cyniczny i bezduszny
Osądzam bez litości, bez serca i miłości

Chciałbym być zawsze niewinny i prawdziwy
Chciałbym być zawsze pełen wiary i nadziei

Tak jak Bolek i Lolek
Tytus, Romek i Atomek
Dzieci z Bullerbyn
Tomek na tropach yeti
Tak jak król Maciuś pierwszy
Asterix i Obelix
Jak załoga G
MacGyver i Pipi

Miewam nieczyste intencje
Łamię własne zasady
Jestem niekonsekwentny
Drażliwy i nieznośny
Nie potrafię słuchać
A sam bez przerwy gadam
Jak bym istniał tylko ja
A światem rządził szatan

Chciałbym być zawsze niewinny i prawdziwy
Chciałbym być zawsze pełen wiary i nadziei

Tak jak Bolek i Lolek
Tytus, Romek i Atomek
Dzieci z Bullerbyn
Tomek na tropach yeti
Tak jak król Maciuś pierwszy
Asterix i Obelix
Jak załoga G
MacGyver i Pipi

Tak jak Bolek i Lolek
Tytus, Romek i Atomek
Dzieci z Bullerbyn
Tomek na tropach yeti
Tak jak król Maciuś pierwszy
Asterix i Obelix
Jak załoga G
MacGyver i Pipi

Tak jak Bolek i Lolek
Tytus, Romek i Atomek
Dzieci z Bullerbyn
Tomek na tropach yeti
Tak jak król Maciuś pierwszy
Asterix i Obelix
Jak załoga G
MacGyver i Pipi

Tak jak Bolek i Lolek
Tytus, Romek i Atomek
Dzieci z Bullerbyn
Tomek na tropach yeti
Tak jak król Maciuś pierwszy
Asterix i Obelix
Jak załoga G
MacGyver i Pipi"
"lyrics-000253","If I'm a joker in a full tonight
If I'm a shadow at the bar
No one will listen anyway so I'll complain and whine outloud.

Oh, hold me closer, hold me tight someone
I wanna dance and hit the ground
Pour me that spirit till I start a fight and lose a thousand rounds.

I want to mess around
I want to lose it all at once
If I could make the worst mistakes the devil ever made.

I want to mess around
I want to lose it all at once
If I could make my life a hell I'd feel alive somehow
It only takes a night, it only takes a night.

I'm in a comfortable disgrace at night
In fact, a pain of great delight
Isn't it funny how the win contend with people of your kind
I'm devasted just like everyone, but everyone enjoys me much

I want to mess around
I want to lose it all at once
If I could make the worst mistakes the devil ever made.

I want to mess around
I want to lose it all at once
If I could make my life a hell I'd feel alive somehow.
It only takes a night
It only takes a night
It only takes one night
Didn't make everything right?"
"lyrics-000254","Can you walk on the water if I, you and I?
Because your blood's running cold outside the familiar true to life
Can you walk on the water if I, you and I?
Or keep your eyes on the road and live in the familiar without you and I
It glows with gates of gold to true life

For our love is a ghost that the others can't see
It's a danger
Every shade of us you fade down to keep
Them in the dark on who we are
(Oh what you do to me)
This love is gonna be the death of me
It's a danger
Cause our love is a ghost that the others can't see

We took a walk to the summit at night, you and I
To burn a hole in the old grip of the familiar true to life
And the dark was opening wide, do or die
Under a mask of vermillion ruling eyes

And our love is a ghost that the others can't see
It's a danger
Every shade of us you fade down to keep
Them in the dark on who we are
(Oh what you do to me)
Gonna be the death of me
It's a danger
Cause our love is a ghost that the others can't see"
"lyrics-000255","(Samochody naszych chłopców są w kolorach pastelowych)
(Samochody naszych chłopców są w...)

Samochody naszych chłopców są w kolorach pastelowych
A sukienki naszych dziewczyn są w kolorach
W kolorach pastelowych
W kolorach pastelowych

Telefony tuż przy łóżkach
Wciąż słuchają namiętności
A neony w moim mieście zmuszają
Zmuszają do miłości
Zmuszają do miłości

Przez siedzenia naszych wozów
Przewijają się dziewczyny
Rozpinając nam kabury niszczą piękne
Piękne swe fryzury
Piękne swe fryzury

Choć butelki są zielone a studenci kolorowi
To sukienki naszych dziewczyn są po prostu
Po prostu pastelowe
Po prostu pastelowe

Samochody naszych chłopców są w kolorach pastelowych
A sukienki naszych dziewczyn są w kolorach
W kolorach pastelowych
W kolorach pastelowych"
"lyrics-000256","If I held my breath on you
I would have died a thousand times
And if chewing was to show you how much I cared
I'd probably be wearing dentures by now

Said if I held my breath on you
I would have died a thousand times
And if chewing was to show you how much I cared
I'd probably be wearing dentures by now

Our promises broken
Nemesis is our token

You turn around
March on to your new home, home
Wherever you're goin' darling
Please don't you ever forget

To treat others the way you want to be treated
Remember your days are fully numbered

Just march on
March on
March on

If you held your breath on me
You would've died a million times
And if chewing was to show me how much you cared
You'd probably have swallowed your tongue by now

All I'm trying to say darling
Is that you know very well that I left her for you
I guess you're doing the same old, same thing to me now

Now these days
Hennessey dries my veins
As our genesis smiles back at me
Now heresey might be your new fate, faith
Whatever you've chosen to believe in darling
Don't you ever forget

To treat others the way you want to be treated
Remember your days are fully numbered

Treat others the way you want to be treated
Remember your days are fully numbered

Can't say anything for you no more
Nemesis is on the case, darling
Next time treat others the way you want to be treated
Otherwise
You'll get your punishment
And life ain't a bitch

Nemesis is
Nemesis is
Nemesis is
Nemesis is, is the mother of karma

(Remember) karma
(Remember) karma
(Remember) karma
Remember, remember, remember

So long you run"
"lyrics-000257","Hop back to my heart
The only place I feel alone
I need the foreign soil

Sun rising under my feet
These kids are out here
They are my family

Now I'm gonna tell my momma
That I'm a traveller
I'm gonna follow the sun

Now I'm gonna tell my momma
That I'm a traveller
I'm gonna follow the sun

Now I'm gonna tell my momma
That I'm a traveller
I'm gonna follow the sun

Don't stop, you got to move
Keep moving on, moving on
I'm never gonna stop

Now I'm gonna tell my momma
That I'm a traveller
I'm gonna follow the sun
I'm gonna follow the sun
I'm gonna follow the sun

Don't stop, you got to move
Keep moving on, moving on
I'm never gonna stop

Now I'm gonna tell my momma
That I'm a traveller
I'm gonna follow the sun
Folllow the sun

oh, oh, oh
oh, oh, oh
oh, oh, oh

Now I'm gonna tell my momma
That I'm a traveller
I'm gonna follow the sun

Now I'm gonna tell my momma
That I'm a traveller
I'm gonna follow the sun

Don't stop, you got to move
Keep moving on, keep moving on
I'm never gonna stop

Now I'm gonna tell my momma
That I'm a traveller
I'm gonna follow the sun
I'm gonna follow the sun
I'm gonna follow the sun
I'm gonna follow the sun
I'm gonna follow the sun

oh, oh, oh
oh, oh, oh
oh, oh, oh
oh, oh, oh
oh, oh, oh
oh, oh, oh

Folllow the sun"
"lyrics-000258","I guess you had to be there...
(laughter)
(crying)
Guess you had to be there"
"lyrics-000259","Blood-filled jewel of life
Take my soul, take my sacrifice

Diamond veins running through me
You are the diamonds in my veins
Baby, you caught me

Blood-filled jewel of life
Take my soul, take my sacrifice

Diamond veins running through me
You are the diamonds in my veins
Baby, you caught me

Will I have to explain
Or can I get away with it again?
Diamond veins running through me
You are the diamonds in my veins
Baby, you caught me"
"lyrics-000260","The moon is hiding on my side
The night just falling on my ride
The car is drifting on the brink
My life could vanish in a blink
And I sing

The call of freedom don't come twice
I let the engine roll the dice
The need for speed comes out in spread
I feel like Bullitt in my head
And I sing"
"lyrics-000261","Oh you damn you how could you go and
Twist it sick
But I'm on the floor
Come rescue me

Tears ain't locked but, oh, how they flow
Reason's pleading
Tell me no more
Get it to me

I should've gave a leash to your soul
But now I've lost control
In there, you wander aimlessly
For you, that freedom's your goal
But I'm telling you
Your freedom is the end of me
(Your freedom is the end of me)
Your freedom is the end of me
(Your freedom is the end of me)

Ducking, dodging, stalking your prey
Such a kidder, just another day
No sympathy

No sleep, can't eat, I'm skin and bones
I feel the jones, please come home
It's getting late

Can't eat enough, I just swallow them whole
And at the scene of every crime you leave
I'm an accessory
For you, I see that freedom's your goal
But I'm telling you
Your freedom is the end of me
(Your freedom is the end of me)
Your freedom is the end of me
(Your freedom is the end of me)

I see you refused right by the stove
Conquests, exploits, I'm still alone
Warm cup of tea

And so I rise to claim what is mine
You'll get the drop every time
This kind of evil has a recipe
For you, I see that freedom's your goal
But I'm telling you
Your freedom is the end of me
(Your freedom is the end of me)
Your freedom is the end of me
(Your freedom is the end of me)
Your freedom is the end of me
(Your freedom is the end of me)
Your freedom is the end of me
(Your freedom is the end of me)"
"lyrics-000262","Now it's not what it seems
I just can't start to say
It was these evil days
Of pain and fear
Something was broke
My skin hard like an oak
My mind hard like an oak

I got a history of violence
It's not written on my face
You wouldn't know it
It's buried in my leather case
I got a memory of violence
It's not written on my skin
You couldn't see it
It's a ripple in my grin
Like the people of my kin

And now it's not what it seems
I just can't start to say
It was these evil days
Of pain and fear
Something was broke
My mind hard like an oak
My skin hard like an oak

I got a history of silence
The bruises and the sins
Don't wash away

It's not written in my name
Like a freckle on my skin

Something that I've never shown
Memories from a broken home
The engine with no train
Shame like a funny game
The witness of the sin
The scratches on my skin
The moment I begin
To runaway James Dean
The shutter on the screen
The curtain on the scene
The arrow in the breast
The weight inside the chest
An erasble race
With no traceable trace
Satchel full of lies
The devil in the eye

It's not written on my grave
It's not written on my grave
It's not written on my grave
You wouldn't know it
I'm buried safe and well behaved

I got a history of evil
I got a history of evil
I got a history of evil"
"lyrics-000263","I've been wanting to go down this road with you a long time now
And I've been hoping that you'll find
A way to swallow your pride, and let go of the time, now.

Let's go underground, where we can't be found,
And forget the world around us
Darling, can't you see?
There's just you and me
So take off your cool, then your blues, then your shoes.

Let's go underground, where we can't be found
And forget all the bad things that surround us
Can't you see? There's nobody else here
So take off your cool, then your blues, then your shoes.

So now we're drifting
Towards each other
And an ocean of emotion is thundering in my blood
So uplifting when you shower me,
With your warmth and your thoughts and all the love you got.

And it's not too far from my shore to your shore,
Not too far from my door to your door,
Not too far from my heart to your heart,
Darling, you know.
That this place, is safe.
Darling, let go, let's go.

Let's go underground, where we can't be found,
And forget the world around us
Darling, can't you see?
There's just you and me
So take off your cool, then your blues, then your shoes."
"lyrics-000264","Dream of a land my soul is from
I hear a hand stroke on a drum
Shades of delight, go, go, you
Rich as the night, afro, afro blue

Alien boy, beautiful girl
Dancing for joy, delicate word
Shades of delight, go, go, you
Rich as the night, afro, afro blue

Two young lovers by the fire
Without having greys
The jealous one is never wake
To some secluded place
Shades of delight, go, go, you
Rich as the night, afro blue

Alien boy, beautiful girl
Dancing for joy, delicate word
Shades of delight, go, go, you
Rich as the night, afro, afro blue

Whispering tree, echo the sights
Passionate leaves, tender at lights
Shades of delight, go, go, you
Rich as the night, afro, afro blue

In my slumbering fantasy
Assumes reality
Until it's not a dream
To you and me
Shades of delight, go, go, you
Rich as the night, afro, afro blue"
"lyrics-000265","Thinking about you
Constantly thinking about you
Thinking about you
I've been thinking too much about you
See the sunset with no sleep at all
Constantly thinking about you
And I can't get through this at all
Thinking about you [2x]
I've been thinking too much about you
I've been staring at the floor
I've listened to all the tunes I love
But makes me feel quite blue
Thinking too much about you
See the sunset with no sleep at all
Constantly thinking about you
And I can't get through this at all
I've been thinking too much about you
I've been staring at the floor
I've listened to all the tunes I love

But makes me feel quite blue
I've been thinking too much about you
Staring at the floor
I've listened to all the tunes that I love
But makes me feel quite blue
I've been thinking too much about you
See the sunset with no sleep at all
And I'm constantly thinking about you
And I can't get through this at all
There are people standing by
There are people queuing up from behind
There are people standing by
Constantly thinking about you
And I can't get through this at all
Constantly thinking about you"
"lyrics-000266","Blood felt, jewel of life
Take my soul, take my sacrifice
Blood felt, jewel of life
Take my soul, take my sacrifice

Blood felt, jewel of life
Blood felt, jewel of life
Take my pains running through me
You are the diamonds in my veins
Baby, you got me

We don't have, have to explain
Forget now, get away with it again
Take my pains running through me
You are the diamonds in my veins
Baby, you got me"
"lyrics-000267","I tried to read between the lines
Come break it into lies
Now you haven't sold your soul for a while
Now you haven't sold your soul for a while

Nothing has changed for the better
Guess you got time to see
Nothing has changed for the better
But I think it's alright with me

Tried to read between the lines
But I'm running out of time
Now you haven't sold your soul for a while
Now you haven't sold your soul for a while

Ooh, I think you can tell
Ooh, you're not doing well
Ooh, I think you can tell
Ooh, you're not doing well

Nothing has changed for the better
Ooh, I think you can tell
Think I got time for the battle
Ooh, you're not doing well

Nothing has changed for the better
Ooh, I think you can tell
Nothing has changed for the better
Ooh, you're not doing well

Nothing has changed for the better
(I know that you never gonna change for the better)
Guess you got time to see
(I know that you never gonna change for the better)

Nothing has changed for the better
(I know that you never gonna change for the better)
But I think it's alright with me
(I know that you never gonna change for the better)

Now you lost so many times
Gonna break it into lies
Now you haven't sold your soul for a while
Now you haven't sold your soul for a while

Ooh, you think you can tell
Ooh, you're not doing well
Ooh, you think you can tell
Ooh, you're not doing well

Nothing has changed for the better
'Cause you got time for the battle
(I know that you never gonna change for the better)
Nothing ever changed for the better
(I know that you never gonna change for the better)
(Ooh, you think you can tell)
Nothing ever changed for the better
(Ooh, you're not doing well)
Nothing ever changed for the better"
"lyrics-000268","Make some room for the afterlife
Golden gates, a happy wife
Nothing compares to the sound of our violence
Great destroyer, you plant the seed
Live in guilt and the loser's grief, but
Nothing compares to the sound of their violence, no
No, nothing compares to the sound of their violence

Somewhere, we're laughing in far away places instead
You'll say what you will when you know we're just hanging by a thread (Oh)
Take your time, take your time, don't lose your head

And all you pretty ones, you're sitting still
The getting's easy so have your fill, well
Nothing compares to the sound of your violence
Ain't it funny how the years go by?
Nothing changing long as we're alive, but
Nothing compares to the sound of our violence, no
Nothing compares to the sound of-

Somewhere, we're laughing in far away places instead
You'll say what you will when you know we're just hanging by a thread"
"lyrics-000269","Ich hab' keine Angst
Ich weiß mich zu wehren
Ich laß mir mein Ich
nicht so leicht versehren

Ich hab' keine Angst
mir nicht treu zu bleiben
Nur das, was ich will
werd' ich unterschreiben

Ich hab' keine Angst
Mich kriegt niemand klein
Stellt sich ein Problem
stell' ich mich drauf ein

Ich hab' keine Angst
Ich hab' keine Angst
Das sag ich so lang
so lang, bis ich's glaube

Ich hab' keine Angst
keine Angst vor Krisen
Hab' ich nicht grad dann
immer Mut bewiesen

Ich hab' keine Angst
Mich kann nichts erschrecken
Man muß nur den Feind
früh genug entdecken

Ich hab' keine Angst
nein, sie lähmt mich nicht
Ich seh' der Gefahr
offen in's Gesicht

Ich hab' keine Angst
nein, sie lähmt mich nicht
Ich seh' der Gefahr
offen in's Gesicht

Ich hab' keine Angst
Ich hab' keine Angst
Ich kann neuerdings
nur nicht mehr gut schlafen

Ich hab' keine Angst
etwas zu versäumen
Doch ich kann schon lang'
lange nicht mehr träumen"
"lyrics-000270","Taking over this town, they should worry
But these problems aside I think I taught you well
That we won't run, and we won't run, and we won't run
And in the winter night sky ships are sailing
Looking down on these bright blue city lights
And they won't wait, and they won't wait, and they won't wait
We're here to stay, we're here to stay, we're here to stay

Howling ghosts they reappear
In mountains that are stacked with fear
But you're a king and I'm a lionheart
A lionheart

His crown lit up the way as we moved slowly
Past the wondering eyes of the ones that were left behind
Though far away, though far away, though far away
We're still the same, we're still the same, we're still the same
Howling ghosts they reappear
In mountains that are stacked with fear
But you're a king and I'm a lionheart

And in the sea that's painted black
Creatures lurk below the deck
But you're a king and I'm a lionheart
And as the world comes to an end
I'll be here to hold your hand
Cause you're my king and I'm your lionheart

Lionheart
Lionheart
A lionheart
Lionheart
A lionheart
Lionheart
A lionheart
Lionheart
Howling ghosts they reappear
In mountains that are stacked with fear
But you're a king and I'm a lionheart

And in the sea that's painted black
Creatures lurk below the deck
But you're a king and I'm a lionheart
A lionheart
A lionheart
A lionheart
A lionheart
A lionheart
A lionheart
A lionheart
A lionheart
"
"lyrics-000271","Heard you wanna make a difference
Heard you wanna make a difference
No more wanna keep your distance
No more wanna keep your distance

Try to be in the system, try to be in the system
If you wanna make a difference
If you wanna make a difference
Only love can find a difference
Only love can find a difference

Heard you wanna make a difference
Heard you wanna make a difference
So you cut off the resistance
So you cut off the resistance

But we're living through the systems
But we're living through the systems
But you're number one for instance
But you're number one for instance
But truly, stop the distance
But truly, stop the distance

Heard you wanna make a difference
Heard you wanna make a difference
Only love can find a difference
Only love can find a difference

Heard you wanna make a difference
Heard you wanna make a difference
Only love can find a difference
Only love can find a difference

Only love can find a difference
Only love can find a difference"
"lyrics-000272","You might think your time is never ending
But a single life is what you're getting
And you should get it right
Is what I'm saying
But go ahead and try

Just a single life
You know there won't be a second time

Slow down, take it slow before you gotta go
Beware, if you blow it, you know you gotta go
Slow down, take it slow before you gotta go
You know you gotta go
Slow down, take it slow before you gotta go
You know you gotta go

Time and again you're trying to stall
But the ending is inevitable
Time and again you're trying to stall
But the ending is inevitable

Slow down, take it slow before you gotta go
Beware, if you blow it, you know you gotta go
Slow down, take it slow before you gotta go
You know you gotta go
Slow down, take it slow, you know you gotta go
You know you gotta go

Just a single life
You know there won't be a second time
Just a single life
You know there won't be a second time

(Slow down, take it slow before you gotta go)
You know there won't be a second time (beware, if you blow it, you know you gotta go)
Just a single life (slow down, take it slow before you gotta go)
You know there won't be a second time (you know you gotta go)
You know you gotta go"
"lyrics-000273","Our falling hearts will lie
In bed that I will make
Out of stone, out of clay
Out of the hearts that I will break
My breath will find a way
Pale light and delicate
To help you through the day
The beginning of the wake

My strength will know no end
No heart it cannot mend
No skin it cannot feel
No arms it cannot steal
You're not me, I'm not you
Tell me should I fear you
We'll walk along some more
You and I will make the shore

My strength will know no end
No heart it cannot mend
No skin it cannot feel
No arms it cannot steal
You're not me, I'm not you
Tell me should I fear you
We'll walk along some more
You and I will make the shore

My strength will know no end
No heart it cannot mend
No skin it cannot feel
No arms it cannot steal
You're not me, I'm not you
Tell me should I fear you
We'll walk along some more
You and I will make the shore

We'll walk along some more
You and I will make the shore"
"lyrics-000274","You've been acting strange
Play, play as getting it down
And that's the way
You make me feel all the time

I had this dream last night
Being driving round in my car
The handbrake pulled out, I
I've been driving round all night
The handbrake oh! It didn't feel right, I

You've been acting strange
Just having some garage time
Try to figure out what goes on
Under this part of mine
Now I've been chasing holes
And the pipes don't fit
And the fluid runs out over the chrome
And into my key

I had a dream last night
The bricks have gone now is running out of control

I had a dream last night
The bricks gone we didn't feel right

You've been acting strange
Just looking for that classic right
I know (not something too weak)
I shouldn't complain (part get wild)

But if this goes on (meet and take some load, take off that chrome, get new muffler)
It's going to drive me stony same (give it that loan no, no, don't burn up this throne)

I had a dream last night
Been driving round in my car
The handbrake pulled out, I
I had a dream last night
There was just me in the car (ah, ah, ah, ah) and the road (I)
I drove"
"lyrics-000275","Feeling my way through the darkness
Guided by a beating heart
I can't tell where the journey will end
But I know where to start
They tell me I'm too young to understand
They say I'm caught up in a dream
Well life will pass me by if I don't open up my eyes
Well, that's fine by me
So wake me up when it's all over
When I'm wiser and I'm older
All this time, I was finding myself, and I
Didn't know I was lost
So wake me up when it's all over
When I'm wiser and I'm older
All this time, I was finding myself, and I
Didn't know I was lost

I tried carrying the weight of the world
But I only have two hands
Hope I get the chance to travel the world
But I don't have any plans
Wish that I could stay forever this young
Not afraid to close my eyes
Life's a game made for everyone
And love is the prize
So wake me up when it's all over
When I'm wiser and I'm older
All this time, I was finding myself, and I
Didn't know I was lost
So wake me up when it's all over
When I'm wiser and I'm older
All this time, I was finding myself, and I
Didn't know I was lost
I didn't know I was lost
I didn't know I was lost
I didn't know I was lost
I didn't know, I didn't know, I didn't know
"
"lyrics-000276","A teraz!
Moi drodzy, kolejny wspaniały artysta
Tegoroczny dyrektor Męskie Granie Orkiestra 2023
We własnej osobie!
Bartek!
Królik!

Young leader leader
Drop it on a remake'tion obap
Say obap obap
Drop it on a remake'tion

Young leader leader
Drop it on a remake'tion obap
Say obap obap
Drop it on a remake'tion

Hear me when i say!

Young leader leader
Drop it on a remake'tion obap
Say obap obap
Drop it on a remake'tion

Young leader leader
Drop it on a remake'tion obap
Say obap obap
Drop it on a remake'tion

Hear me when i say!

I give it to you, that woman say
I give it to you, that woman say

I give it, I give it to you, that woman say
I give it to you, that woman say

I give it, I give it to you, that woman say
I give it to you, that woman say

I give it, I give it to you, that woman say
I give it to you, that woman say

W górę!

I give it to you, say, that woman, that woman say
I give it to you, that woman say

I give it to you, that woman, that woman say
I give it to you, that woman say

I give it to you, say, that woman, that woman say
I give it to you, that woman say

I give it to you, that woman, that woman say
I give it to you, that woman say

Wszystkie ręce w górę!

I give it to you, that woman say
I give it to you, that woman say

I give it, I give it to you, that woman say
I give it to you, that woman say

I give it, I give it to you, that woman say
I give it to you, that woman say

I give it, I give it to you, that woman say
I give it to you, that woman say

I give it to you, say, that woman, that woman say
I give it to you, that woman say

I give it to you, that woman, that woman say
I give it to you, that woman say

I give it to you, say, that woman, that woman say
I give it to you, that woman say

I give it to you, that woman, that woman say
I give it to you, that woman say

Wszyscy w górę!

Zróbcie hałas dla Bartka Królika!

I wszyscy!

I give it to you, say, that woman, that woman say
I give it to you, that woman say

I give it to you, that woman, that woman say
I give it to you, that woman say

I give it to you, say, that woman, that woman say
I give it to you, that woman say

I give it to you, that woman, that woman say
I give it to you, that woman say

I give it to you"
"lyrics-000277","I give it to you baby the woman say
I give it to you baby
I give it to you - said the woman, the woman say
I give it to you - said the woman, the woman say"
"lyrics-000278","Piję
łapczywie deszcze z twoich ust

Gniotę
palcami czule żywy muł

Pachniesz
akacji kwiatem białym bzem

Znikniesz
nim zdążę pewnie chwycić cię

Gryzę
błyszczącej trawy suchy kłos

Słucham
rechotu stawów, szumu łąk

Biorę
zielony agrest, wiśni czerń

Znikniesz
nim zdążę pewnie chwycić Cię

Piję
łapczywie deszcze z twoich ust

Gniotę
palcami czule żywy muł

Pachniesz
akacji kwiatem białym bzem

Znikniesz
nim zdążę pewnie chwycić cię

Liczę
noce, zachłannie tulę dni

Płynie
w historię rzeka mojej krwi

Pachniesz
akacji kwiatem białym bzem

Znikniesz
nim zdążę pewnie chwycić cię

Piję
łapczywie deszcze z twoich ust

Gniotę
palcami czule żywy muł

Pachniesz
akacji kwiatem białym bzem

Znikniesz
nim zdążę pewnie chwycić cię"
"lyrics-000279","There's a foul combination
Just like fever a celebration
I'll hate it if i'm losing
I will love you if i'm choosing all right

You're the smoke babe, the confusion
You're my favourite new illusion
Keep your secrets, keep your danger
Love me baby like a stranger tonight

My credentials you can change it
My whole mindset rearrange it
Only so much to believe in
It's about time that you're leaving
With me
That you're leaving
With me"
"lyrics-000280","Now as he sits
In the back of the grey caravan
Tomorrow he'll probably be
Jumping Parisian metro barriers
With a bottle in his hands
Sparkling, sparkling water mixed with peaches and rum
""Honestly I don't drink
But if I did this would be my favourite punch""
He said
Walk out the door with her
He could see everyone dressed in black
A class that seem too far, too fetched
She said look at you, look at you, the game is over
Your cup is full, your cup is full
Stop praying for more exposure
It is obvious that you are trying
Dubious, stop or you die here
You're pretending but no one is buying
London, London, London is calling you
What are you waiting for?
What you searching for?
London, London, London is all in you
Why are you denying the truth?
""I might, I might, I might be boring you"" he said
Although it's not clear as the morning dew
Though my preferred ways are not happening
I won't underestimate who I am capable of becoming
History will be made today
Is written boldly on his face
So clear you could hardly miss it
You could hardly miss it
For transcending the barriers
Of yesterday was and is the dream
On a road where Cleopatra comes and goes
Like fishes caught in ponds
Then thrown back for fun
She said, ""Look at you, look at you, just pick a fleet""
Your cup is full, your cup is full
What have you not yet achieved?
It is obvious that you are trying
Dubious, stop or you die here
You're pretending but no one is buying
London, London, London is calling you
What are you waiting for?
What you searching for?
London, London, London is all in you
Why are you denying the truth?
""I might, I might, I might be boring you"" he said
Although it's not clear as the morning dew
Though my preferred ways are not happening
I won't underestimate
Who I am capable of becoming"
"lyrics-000281","Here is my lover; Although I never met her
I long for her arms and I whish she was here
A voice is my prayer she says I'm not alone
Up say from all heart and free from all for you
We're holding a blessing we'll holding a monument
Holding and kissing feels like a million
We're holding a blessing we'll holding a monument
Holding and kissing feels like a million
Here is my brother from a different father and a different mother
But my brother all the same
We're here on a journey unlike any other
When we're together life calls his...
We're holding a blessing we'll holding a monument
Holding and kissing feels like a million
We're holding a blessing we'll holding a monument
Holding and kissing feels like a million
Your name sounds southern but you like the north
I'm trying to be gentle but I wait too much forest
You wish you had silver
And you wish you had gold
And you wish had someone to have into hold
We're holding a blessing we'll holding a monument
Holding and kissing feels like a million
We're holding a blessing we'll holding a monument
Holding and kissing feels like a million"
"lyrics-000282","Don't you know I'm no good for you?
I've learned to lose, you can't afford to
Tore my shirt to stop you bleeding
But nothin' ever stops you leaving

Quiet when I'm coming home
And I'm on my own
I could lie, say I like it like that, like it like that
I could lie, say I like it like that, like it like that

Don't you know too much already?
I'll only hurt you if you let me
Call me friend, but keep me closer
(Call me back)
And I'll call you when the party's over

Quiet when I'm coming home
And I'm on my own
And I could lie, say I like it like that, like it like that
Yeah, I could lie, say I like it like that, like it like that

But nothin' is better sometimes
Once we've both said our goodbyes
Let's just let it go
Let me let you go

Quiet when I'm coming home
And I'm on my own
I could lie, say I like it like that, like it like that
I could lie, say I like it like that, like it like that"
"lyrics-000283","Oh the wind whistles down
The cold dark street tonight
And the people they were
Dancing to the music vibe
And the boys chase the girls
With the curls in their hair
While the shy tormented youth sit way over there
And the songs they get louder
Each one better than before

And you're singing the songs
Thinking this is the life
And you wake up in the morning
And your head feels twice the size
Where you gonna go? Where you gonna go?
Where you gonna sleep tonight?

And you're singing the songs
Thinking this is the life
And you wake up in the morning
And your head feels twice the size
Where you gonna go? Where you gonna go?
Where you gonna sleep tonight?
Where you gonna sleep tonight?

So you're heading down the road
In your taxi for four
And you're waiting outside Jimmy's front door
But nobody's in and nobody's home 'til four
So you're sitting there with nothing to do
Talking about Robert Riger and his motley crew
And where you're gonna go and
Where you're gonna sleep tonight?

And you're singing the songs
Thinking this is the life
And you wake up in the morning
And your head feels twice the size
Where you gonna go? Where you gonna go?
Where you gonna sleep tonight?

And you're singing the songs
Thinking this is the life
And you wake up in the morning and
Your head feels twice the size
Where you gonna go? Where you gonna go?
Where you gonna sleep tonight?
Where you gonna sleep tonight?

And you're singing the songs
Thinking this is the life
And you wake up in the morning
And your head feels twice the size
Where you gonna go? Where you gonna go?
Where you gonna sleep tonight?
And you're singing the songs
Thinking this is the life
And you wake up in the morning
And your head feels twice the size
Where you gonna go? Where you gonna go?
Where you gonna sleep tonight?

And you're singing the songs
Thinking this is the life
And you wake up in the morning
And your head feels twice the size
Where you gonna go? Where you gonna go?
Where you gonna sleep tonight?
And you're singing the songs
Thinking this is the life
And you wake up in the morning
And your head feels twice the size
Where you gonna go? Where you gonna go?
Where you gonna sleep tonight?
Where you gonna sleep tonight?"
"lyrics-000284","(Ho!)
(Hey!)
(Ho!)
(Hey!)

(Ho!) I've been tryin' to do it right
(Hey!) I've been livin' a lonely life
(Ho!) I've been sleepin' here instead
(Hey!) I've been sleepin' in my bed
(Ho!) Sleepin' in my bed
(Hey!)
(Ho!)

(Ho!) So show me family
(Hey!) All the blood that I will bleed
(Ho!) I don't know where I belong
(Hey!) I don't know where I went wrong
(Ho!) But I can write a song
(Hey!) Two, three

I belong with you, you belong with me
You're my sweetheart
I belong with you, you belong with me
You're my sweet-

(Ho!)
(Hey!) (Come on, now)
(Ho!) (Hey)
(Hey!)

(Ho!) I don't think you're right for him
(Hey!) Think of what it might've been if we
(Ho!) Took a bus to Chinatown
(Hey!) I'd be standin' on Canal
(Ho!) And Bowery
(Hey!) Hey
(Ho!) She'd be standin' next to me
(Hey!) Two, three

I belong with you, you belong with me
You're my sweetheart
I belong with you, you belong with me
You're my sweetheart

Love, we need it now
Let's hope for some
'Cause oh, we're bleedin' out

I belong with you, you belong with me
You're my sweetheart
I belong with you, you belong with me
You're my sweet

(Ho!)
(Hey!)
(Ho!) (Last one)
(Hey!)"
"lyrics-000285","I ain't sure bout the world,
I can't see what's on the other side
Wish I could know
I ain't sure bout tomorrow,
Everyday could be the day I die
No, no, no, no

No, ain't sure at all
Bout you everyday and
No, ain't sure at all
Bout what you'll get from me
No, ain't sure at all
You can stay or take a bow
But all I can stay is, yes all I can say is

I ain't sure bout the rain,
It can either bring us life or death
Wish I could know but
I ain't sure bout us either,
We don't know who we'll be in a while
So I say no, no, no,

No, ain't sure at all
Bout you everyday and
No, ain't sure at all
Bout what you'll get from me
No, ain't sure at all
You can stay or take a bow
But all I can stay is, yes all I can say is"
"lyrics-000286","Get me a glass of wine for laughter
And a company for shelter
Bring my brothers and my sisters
And I'll sing for ever after
We make love, we fight
We get high and lie down
Only to wake up with the beautiful sight
Of the City of Light

Give me a moment to remember
And reason to surrender
Don't you know that spring follows winter?
And tomorrow doesn't matter
We have fun, we cry
We dare to
Trying to make it to the end of the night
And watch the sun rise

We make love, we fight
We get high and lie down
Only to wake up with the beautiful sight
Of the City of Light"
"lyrics-000287","And now to sing this lovely ballad
Here it is
Mama Cass

Stars shinin' bright above you
Night breezes seem to whisper, ""I love you""
Birds singin' in the sycamore tree
Dream a little dream of me

Say, ""Nighty-night"" and kiss me
Just hold me tight and tell me you'll miss me
While I'm alone and blue as can be
Dream a little dream of me

Stars fadin' but I linger on, dear
Still cravin' your kiss
I'm longin' to linger 'til dawn, dear
Just saying this

Sweet dreams 'til sunbeams find you
Sweet dreams that leave all worries behind you
But in your dreams, whatever they be
Dream a little dream of me

Stars fadin' but I linger on, dear
Still cravin' your kiss
I'm longing to linger 'til dawn, dear
Just saying this

Sweet dreams 'til sunbeams find you
Sweet dreams that leave all worries far behind you
But in your dreams, whatever they be
Dream a little dream of me"
"lyrics-000288","Can't keep my hands to myself
Think I'll dust 'em off, put 'em back up on the shelf
In case my little baby girl is in need
Am I coming out of left field?

Ooh woo, I'm a rebel just for kicks, now
I been feeling it since 1966, now
Might be over now, but I feel it still
Ooh woo, I'm a rebel just for kicks, now
Let me kick it like it's 1986, now
Might be over now, but I feel it still

Got another mouth to feed
Leave her with a baby sitter, mama, call the grave digger
Gone with the fallen leaves
Am I coming out of left field?

Ooh woo, I'm a rebel just for kicks, now
I been feeling it since 1966, now
Might've had your fill, but you feel it still
Ooh woo, I'm a rebel just for kicks, now
Let me kick it like it's 1986, now
Might be over now, but I feel it still

We could fight a war for peace
(Ooh woo, I'm a rebel just for kicks, now)
Give in to that easy living
Goodbye to my hopes and dreams
Stop flipping for my enemies
We could wait until the walls come down
(Ooh woo, I'm a rebel just for kicks, now)
It's time to give a little to the
Kids in the middle, but oh 'til it falls
Won't bother me

Is it coming?
Is it coming?
Is it coming?
Is it coming?
Is it coming?
Is it coming back?

Ooh woo, I'm a rebel just for kicks, yeah
Your love is an abyss for my heart to eclipse, now
Might be over now, but I feel it still

Ooh woo, I'm a rebel just for kicks, now
I've been feeling it since 1966, now
Might be over now, but I feel it still
Ooh woo, I'm a rebel just for kicks, now
Let me kick it like it's 1986, now
Might be over now, but I feel it still
Might've had your fill, but you feel it still
"
"lyrics-000289","Birds flyin' high, you know how I feel
Sun in the sky, you know how I feel
Breeze driftin' on by, you know how I feel

It's a new dawn
It's a new day
It's a new life for me, yeah
It's a new dawn
It's a new day
It's a new life for me
Woo-woo-woo-woo-woo
And I'm feeling good

Fish in the sea, you know how I feel
River running free, you know how I feel
Blossom on the tree, you know how I feel

It's a new dawn
It's a new day
It's a new life, for me
And I'm feeling good

Dragonfly out in the sun
You know what I mean, don't you know?
Butterflies all havin' fun
You know what I mean
Sleep in peace when day is done
That's what I mean
And this old world is a new world
And a bold world, for me, yeah, yeah

Stars when you shine, you know how I feel
Scent of the pine, you know how I feel
Oh, freedom is mine
And I know how I feel

It's a new dawn
It's a new day
It's a new life for me

Oh, I'm feeling good"
"lyrics-000290","Dziś znów nie ściągnę koszulki
Możesz już wyjść
Albo w ciszy postójmy
Bo tak mi wstyd
Że nie dam rady dziś zasnąć
Możesz tu być
Tylko niech światła przygasną

A moje ręce i brzuch i palce u stóp
Ciągle tyle dla mnie znaczą

Nie, nie, ja nie mogę już patrzeć, nie mogę już patrzeć na siebie
Nie, nie, ja już powoli gasnę, powoli mi znika ciśnienie

Dziś
Nie zwracaj na mnie uwagi
Odpuść mi
Przecież czuję że patrzysz
Bo tak mi wstyd
Moje za małe ubranie

Dobrze wiem, nie panuje nad ciałem
A moje ręce i brzuch, i palce u stóp
Ciągle tyle dla mnie znaczą

Nie, nie, ja nie mogę już patrzeć, nie mogę już patrzeć na siebie
Nie, nie, ja już powoli gasnę, powoli mi znika ciśnienie

Powoli mam już tego dość
A z każdą chwilą jest bliżej sztorm
Powoli czuję, że płynę sam
Nikogo ze mną - to tylko ja

Powoli mam już tego dość
A z każdą chwilą jest bliżej sztorm
Powoli czuję, że płynę sam
Nikogo ze mną - to tylko ja"
"lyrics-000291","Wandering at night
Keep me warm
There's no one, and I'm inside their house
Rabid days
Get delighted
There's no one, and I'm inside their house

There's no food
There's no light
There's no calling all the time inside my mind
There's no food
There's no way to reach the bottom, but they keep driving me out of line
'Cause you don't know nothing, you don't know me, so
Please don't judge until I'm free

I keep wandering at night
I keep looking at the crowd
And all see is I'm a fucking blind
I keep wandering at night
I keep looking at the light
The only thing is I'm a fucking blind

I keep wandering at night
I keep looking at the crowd
The only thing I see is I'm on fire
I keep wandering at night
I keep looking at the dawn
I see you in the dark, and I'm on fire

I keep wandering at night
I keep looking at the light
The only time is I'm a fucking blind
I keep wandering at night
I keep looking at the light
And all I see is I'm a fucking liar

I keep wandering at night
I keep looking at the crowd
The only time is I'm a fucking blind
Give me my space around my neck, and life around my chest
I won't leave you, or it'll make me dead inside

Space around my chest, give me goosebumps
Give me goosebumps, again
Space around my chest, give me goosebumps
Give me goosebumps, again
Space around my chest, give me goosebumps
Give me goosebumps, again
Space around my chest, give me goosebumps
Give me goosebumps, again

I know you, trolling down that line
We're at march, and you keep rocking, fuck you all
Well, I should've known better, but there's a time where I threw up
'Cause I was sick of it all, especially sick of you now
I'm gonna buy myself a dog with a lot of hair
'Cause I need to pet something, or
I'm just gonna throw something in a bathtub now
And the beautiful vase, well
If you're okay with that, maybe we can go, and have fun together

There's no food
There's no light
And there's no calling all the time inside my mind
There's no food
There's no light
There's no calling all the time inside my mind

Ahh, give me goosebumps
Give me goosebumps, I'm on fire
Ahh, give me goosebumps
Give me goosebumps, I'm on fire

Ahh, give me goosebumps
And I see you in the dark, and I'm on fire
Ahh, give me goosebumps
And I see you in the crowd, and I'm on fire

I keep wandering at night
I keep looking at the light
The only time is I'm a fucking blind
Give me my space around my neck, and life around my chest
I won't leave you, or it'll make me dead inside

Please don't sick me up now
You will cry for death, you will cry for death
Please don't try to see my sign, you will cry for death
You will cry for death

An Easter rabbit looking down the spine
Don't worry, I'm not blind, I won't charge your mind
Keep a bullet on the trigger, and make me feel like a moron
He will turn me up until I'm dead inside"
"lyrics-000292","There's a rhythm and rush these days
Where the lights don't move and the colors don't fade
Leaves you empty with nothing but dreams
In a world gone shallow
In a world gone lean

Sometimes there's things a man cannot know
The gears won't turn and the leaves won't grow
There's no place to run and no gasoline
Engine won't turn and the train won't leave
Engines won't turn and the train won't leave

I will stay with you tonight
Hold you close 'til the morning light
In the morning watch a new day rise
We'll do whatever just to stay alive
We'll do whatever just to stay alive

Well the way I fell is the way I write
It isn't like the thoughts of the man who lies
There is a truth and it's on our side
Dawn is coming
Open your eyes
Look into the sun as the new days rise

And I will wait for you tonight
You're here forever and you're by my side
I've been waiting all my life
To feel your heart as it's keeping time
We'll do whatever just to stay alive

Dawn is coming
Open your eyes
Dawn is coming
Open your eyes
Dawn is coming
Open your eyes
Dawn is coming
Open your eyes

Look into the sun as the new days rise
There's a rhythm and rush these days
Where the lights don't move and the colors don't fade
Leaves you empty with nothing but dreams
In a world gone shallow
In a world gone lean
But there is a truth and it's on our side
Dawn is coming open your eyes
Look into the sun as a new days rise"
"lyrics-000293","I remember when
I remember, I remember when I lost my mind
There was something so pleasant about that place
Even your emotions have an echo in so much space

And when you're out there without care
Yeah, I was out of touch
But it wasn't because I didn't know enough
I just knew too much

Does that make me crazy?
Does that make me crazy?
Does that make me crazy?
Possibly

And I hope that you are having the time of your life
But think twice, that's my only advice
Come on now, who do you, who do you, who do you
Who do you think you are
Ha ha ha, bless your soul
You really think you're in control

I think you're crazy
I think you're crazy
I think you're crazy
Just like me

My heroes had the heart to lose their lives out on the limb
And all I remember is thinking I want to be like them

Ever since I was little
Ever since I was little it looked like fun
And it's no coincidence I've come
And I can die when I'm done

But maybe I'm crazy
Maybe you're crazy
Maybe we're crazy
Probably"
"lyrics-000294","The night was cold and I was told to keep the silence and go
Look at the seaside, the trouble is waiting and the wind blows outside
Before you break any soul before you try
Hold on to the days that will come by, by, by

Any story can be mine
Any heart can run my blood
But this road that I have found
Is a mountain of flowers that turns to be mine

When the silence speaks words you don't wanna say
When the pain starts to fade away
When the fire takes you to the light
When the word shows you where to find love

Oh, love, won't you please take us back to that time?
Love, won't you please when everything was one?

Any story can be mine
Any heart can run my blood
But this road that I have found
Is a mountain of flowers that turns to be mine

Any story can be mine
Any heart can run my blood
But this road that I have found
Is a mountain of flowers that turns to be mine

We came in so many pieces
Broken bones and tired soul
But none has been defeated
Soldiers of love and rivers of old
Soldiers of love and children of hope

Any story can be mine
Any heart can run my blood
But this road that I have found
Is a mountain of flowers that turns to be mine

Any story can be mine
Any heart can run my blood
But this road that I have found
Is a mountain of flowers that turns to be mine"
"lyrics-000295","Strange things are happening on a Friday night
Girls meet boys, and lot's of huggin' and kissin'
Under the golden moon that shines a silver light

Ooh, ooh, I'd like to be one of them
But I'm like a wondering sheep
A wondering sheep on this island
With no one to love me
With no one to kiss me
That's why I say

Someone please
Take my hand and let us go
I keep on thinking
I wish it was me

Strange things are happening on a Friday night
Girls meet boys, and lot's of huggin' and kissin'
Under the golden moon that shines a silver light

Ooh, ooh, I'd like to be one of them
But I'm like a wondering sheep
A wondering sheep on this island
With no one to love me
With no one to kiss me
That's why I say"
"lyrics-000296","Weep for yourself, my man
You'll never be what is in your heart
Weep, little lion man
You're not as brave as you were at the start

Rate yourself and rake yourself
Take all the courage you have left
And waste it on fixing all the problems
That you made in your own head

But it was not your fault but mine
And it was your heart on the line
I really fucked it up this time
Didn't I, my dear?
Didn't I, my-

Tremble for yourself, my man
You know that you have seen this all before
Tremble, little lion man
You'll never settle any of your scores

Your grace is wasted in your face
Your boldness stands alone among the wreck
Now learn from your mother or else
Spend your days biting your own neck

But it was not your fault but mine
And it was your heart on the line
I really fucked it up this time
Didn't I, my dear?

But it was not your fault but mine
And it was your heart on the line
I really fucked it up this time
Didn't I, my dear?
Didn't I, my dear?

But it was not your fault but mine
And it was your heart on the line
I really fucked it up this time
Didn't I, my dear?

But it was not your fault but mine
And it was your heart on the line
I really fucked it up this time
Didn't I, my dear?
Didn't I, my dear?"
"lyrics-000297","I'm back to my old ways
I don't know what happened to this
Maybe it is just me maybe it wasn't meant to be
I never meant to lie to you
I really thought I could love you
Now it is what's meant to
I really thought I could see this too

I guess I just pack now
Leave it all behind
I call you in a few days to check on you
I guess I just pack now
Leave it all behind
I call you in a few days to check on you

I'm sorry, boy I'm sorry
I'm sorry, boy I'm sorry

I'm back to my old place
I don't know what's the cause of this
Maybe it was just time
Maybe we'll both be fine
Keep calm with this

I never meant to treat you bad
God knows I'm just a child
I never wanna treat you bad
Cause you treat me fine

But feelings set by, I'll see you around
But it is just not the time

I'm sorry, boy I'm sorry
I'm sorry, boy I'm sorry
I'm sorry, boy I'm sorry
I'm sorry, boy I'm sorry
Boy I'm sorry
I'm sorry

I hope you'll be okay
I know you'll be okay
I hope you'll be okay
I know you'll be okay
I hope you'll be okay
I know you'll be okay
I hope you'll be okay
I know you'll be

I'm sorry, boy I'm sorry
I'm sorry, boy I'm sorry
Boy I'm sorry
I'm sorry, boy I'm sorry

I'm sorry, boy I'm sorry
Boy I'm sorry

I'm sorry, boy I'm sorry"
"lyrics-000298","Tak mi się nie chce
Tak bardzo nie chce
Lecz kiedyś jeszcze będę seksi
Tak mi się nie chce
Tak bardzo nie chce
Lecz kiedyś jeszcze będę seksi

Obiecuję sobie szczerze
Że z popiołów wyskocze w kiecke
Tak mi się nie chcę
Lecz kiedyś jeszcze będę seksi

Tak mi się nie chce
Tak bardzo nie chce
Lecz kiedyś jeszcze będę seksi

Tak mała wola
Jak w morzu kropla
Lecz kiedyś jeszcze będę seksi
Bez siły leżę
W pościeli zwiedłej
Lecz kiedyś jeszcze będę seksi

Róż, czerwień ust
Flirtów i bóstw
Perły przed wieprze
To wszystko pieprze

Tak mi się nie chce
Tak bardzo nie chce
Lecz kiedyś jeszcze będę seksi
Tak mi się nie chce
Tak bardzo nie chce
Lecz kiedyś jeszcze będę seksi"
"lyrics-000299","While some folks row way up to heaven
I'm gonna sing The Pirate's Gospel
I'm gonna sow these feet for dancin'
I'm gonna keep my eyes wide open

Mm, mmm mm
Yo-ho, yo-ho, yo, ho ho
Yo-ho, yo-ho-ho
Yo, ho ho
Sing The Pirate's Gospel

Add another flame to our forest
Where big bellied whales keep us chanting
We're slapping fireflies for tiny dancers
Where the children creep
Until the morning
When the sun does seep
Into our bare flesh
Until the fingernails
Will take us home

Mm, mmm mm
Yo-ho, yo-ho, yo, ho ho
Yo-ho, yo-ho-ho
Yo, ho ho
Sing The Pirate's Gospel

While some folks pray
Their path to Jesus
We're gonna sing The Pirate's Gospel
We're gonna sow our feet for dancing
We're gonna keep our eyes wide open
We're gonna sing The Pirate's Gospel
We're gonna chant The Pirate's Gospel
You'll find us clap The Pirate's Gospel

Mm, mmm mm
Yo-ho, yo-ho-ho, yo, ho ho
Yo-ho, yo-ho
Yo, ho ho
Sing The Pirate's Gospel
Sing The Pirate's Gospel"
"lyrics-000300","My house in Budapest
My, my hidden treasure chest
Golden grand piano
My beautiful castillo
You, ooh, you, ooh
I'd leave it all

My acres of a land
I have achieved
It may be hard for you
To stop and believe
But for you, ooh, you, ooh
I'd leave it all
Oh, for you, ooh, you, ooh
I'd leave it all

Give me one good reason
Why I should never make a change
And, baby, if you hold me
Then all of this will go away

My many artefacts
The list goes on
If you just say the words
I'll, I'll up and run
Oh, to you, ooh, you, ooh
I'd leave it all
Oh, for you, ooh, ooh
I'd leave it all

Give me one good reason
Why I should never make a change
And, baby, if you hold me
Then all of this will go away
Give me one good reason
Why I should never make a change
And, baby, if you hold me
Then all of this will go away

My friends and family
They don't understand
They fear they'll lose so much
If you take my hand
But for you, ooh, you, ooh
I'd lose it all
Oh, for you, ooh, you, ooh
I'd lose it all

Give me one good reason
Why I should never make a change
And, baby, if you hold me
Then all of this will go away

Give me one good reason
Why I should never make a change
And, baby, if you hold me
Then all of this will go away

My house in Budapest
My, my hidden treasure chest
Golden grand piano
My beautiful castillo
You, ooh, you, ooh
I'd leave it all

Oh, for you, ooh, you, ooh
I'd leave it all"
"lyrics-000301","Talking like we used to do
It was always me and you
Shaping up and shipping out
Check me in and check me out
Do you like walking in the rain?
When you think of love, do you think of pain?
You can tell me what you see
I will choose what I believe

Well, hold on, darling
This body is yours
This body is yours and mine
Well, hold on, my darling
This mess was yours
Now your mess is mine

Your mess is mine

See you in the marketplace
Walking around at 8 AM
I got two hours before my flight
Luck be on my side tonight
You're the reason that I feel so strong
The reason that I'm hanging on
You know you gave me all that time
Well, did I give enough of mine?

Hold on, darling
This body is yours
This body is yours and mine
Well, hold on, my darling
This mess was yours
Now your mess is mine

Your mess is mine
Your mess is mine

Bring me to your house and tell me
""Sorry for the mess"", hey, I don't mind
You're talking in your sleep, out of time
Well, you still make sense to me, your mess is mine

Your mess is mine
This body is yours and this body is mine
Ooh, ooh
Your mess is mine
Your mess is mine"
"lyrics-000302","Jumping up and down the floor
My head is an animal
And once there was an animal
It had a son that mowed the lawn

The son was an OK guy
They had a pet dragonfly
The dragonfly it ran away
But it came back with a story to say

Her dirty paws and furry coat
She ran down the forest slope
The forest of talking trees
They used to sing about the birds and the bees

The bees had declared a war
The sky wasn't big enough for them all
The birds, they got help from below
From dirty paws and the creatures of snow

Ra-ra-ra
Ra-ra-ra-ra
Ra-ra-ra
Ra-ra-ra-ra

So for a while things were cold
They were scared down in their holes
The forest that once was green
Was colored black by those killing machines

But she and her furry friends
Took down the Queen Bee and her men
And that's how the story goes
The story of the beast with those four dirty paws

Ra-ra-ra
Ra-ra-ra-ra
Ra-ra-ra
Ra-ra-ra-ra

Ra-ra-ra
Ra-ra-ra-ra
Ra-ra-ra
Ra-ra-ra-ra"
"lyrics-000303","You got it right my friend, she said I was her man
You got it right my friend, she said i was her only man
But how many men did she call her friend
For a one night stand, and I was one of them
Only one of them
You got it right my friend
I said she was my girl
You got it right my friend, I said she was my only girl
But how many girls did I call my friend
For a one night stand, and she was one of them
Only one of them
I was in love you see
And it takes a lot of love to be unhappy
I've made mistakes, maybe
But it's over now, yes it's over nowover now
How many men did she call her friend
Tell me how many men
Did she call her friend
Tell me how many men"
"lyrics-000304","The drink you spilt all over me
""Lover's Spit"" left on repeat
My mom and dad let me stay home
It drives you crazy getting old

We can talk it so good
We can make it so divine
We can talk it good
How you wish it would be all the time

The drink you spilt all over me
""Lover's Spit"" left on repeat
My mom and dad let me stay home
It drives you crazy getting old
The drink you spilt all over me
""Lover's Spit"" left on repeat
My mom and dad let me stay home
It drives you crazy getting old

This dream isn't feeling sweet
We're reeling through the midnight streets
And I've never felt more alone
It feels so scary getting old

We can talk it so good
We can make it so divine
We can talk it good
How you wish it would be all the time

This dream isn't feeling sweet, we're reeling through the midnight streets
And I've never felt more alone, feels so scary getting old
This dream isn't feeling sweet, we're reeling through the midnight streets
And I've never felt more alone, feels so scary getting old

I want 'em back, I want 'em back
The minds we had, the minds we had
How all the thoughts, how all the thoughts
Moved 'round our heads, moved 'round our heads
I want 'em back, I want 'em back
The minds we had, the minds we had
It's not enough to feel the lack
I want 'em back, I want 'em back, I want 'em

You're the only friend I need (you're the only friend I need)
Sharing beds like little kids (sharing beds like little kids)
And laughing 'til our ribs get tough (laughing 'til our ribs get tough)
But that will never be enough (but that will never be enough)

You're the only friend I need (you're the only friend I need)
Sharing beds like little kids (sharing beds like little kids)
And laughing 'til our ribs get tough (laughing 'til our ribs get tough)
But that will never be enough (but that will never be enough)

(But that will never be enough)
(But that will never be enough)
(But that will never be enough)
(But that will never be enough)"
"lyrics-000305","Your hand on his arm
Haystack charm wrung around your neck
Strung out and thin
Calling some friends, trying to cash some check
He says you're acting dumb
Oh, that's what you've come to expect

Needle in the hay
Needle in the hay
Needle in the hay
Needle in the hay

He's wearing your clothes
Head down to toe's a reaction to you
You say you know what he did
You idiot kid, you don't have a clue
Sometimes they just get caught in the eye
You're pulling him through

Needle in the hay
Needle in the hay
Needle in the hay
Needle in the hay

And now we're on the bus
Nearly touching this dirty retreat
Falling out 6th and Powell, a dead sweat in my teeth
I'm gonna walk, walk, walk
Four more blocks plus one in my break
The down, downstairs to the man
He's gonna make it all ok

I can't beat myself, I can't beat myself
And I don't want to talk
I'm taking a cure, so I can be quiet whenever I want
So leave me alone
You ought to be proud that I'm getting good marks

Needle in the hay
Needle in the hay
Needle in the hay
Needle in the hay"
"lyrics-000306","I want you by my side
So that I never feel alone again
They've always been so kind
But now they've brought you away from me
I hope they didn't get your mind
Your heart is too strong anyway
We need to fetch back the time
They have stolen from us

And I want you
We can bring it on the floor
You've never danced like this before
We don't talk about it
Dancing on, doin' the boogie all night long
Stoned in paradise, shouldn't talk about it

And I want you
We can bring it on the floor
You've never danced like this before
We don't talk about it
Dancin' on, doin' the boogie all night long
Stoned in paradise, shouldn't talk about it
Shouldn't talk about it

Coldest winter for me
No sun is shining anymore
The only thing I feel is pain
Caused by absence of you
Suspense controlling my mind
I cannot find the way out of here
I want you by my side
So that I never feel alone again

And I want you
We can bring it on the floor
You've never danced like this before
We don't talk about it
Dancin' on, doin' the boogie all night long
Stoned in paradise, shouldn't talk about it

And I want you
We can bring it on the floor
You've never danced like this before
We don't talk about it
Dancin' on, doin' the boogie all night long
Stoned in paradise, shouldn't talk about it
Shouldn't talk about it

And I want you
We can bring it on the floor
You've never danced like this before
We don't talk about it
Dancin' on, doin' the boogie all night long
Stoned in paradise, shouldn't talk about it

And I want you
We can bring it on the floor
You've never danced like this before
We don't talk about it
Dancin' on, doin' the boogie all night long
Stoned in paradise, shouldn't talk about it
Shouldn't talk about it"
"lyrics-000307","Rechishat Ruach yam
menashevet me ey sham
oochvisa mitnafnefet
letziley hachoma

bainil ard wisamam
nashiktir baishu sawa
matchafu tahlemu
bisalam wilaman

matai yimsoo chomot hapachad
veshavti migalooti
yipatchoo shearai
el hatov haamiti

yalla tnam - od zricha
yalla tnam - boker ba
tanetbhela (em sholachat) tairil hamam (bitfila)
ruhia hamam (et yalda)
la tzadik (lebeit hasefer)
bihak aaa tifil taimam (letzliley milchama)

Od yimsoo chomot hapachad
veshavti migalooti
yipatchoo shearai
el hatov haamiti

first layer, english:
from the north to the south
from the west to the east
hear the prayer of the mothers
bring them peace

bring them peace

second layer, joint by arabic:
from the north - mnishamaaaal
to the south - lal januuuuub
from the west - min el raaaaaarb
to the east- saub isharQ

hear the prayer of the mothers - ismaussulat el ummahaaaat
bring them peace, bring them peace - assalam assalam

third layer joint Hebrew:

Or ole
from the north - mnishamaaaal
to the south - lal januuuuub
min hamizrach - from the west - min el raaaaaarb
to the east- saub isharQ

hear the prayer of the mothers - ismaussalat el ummahaaaat - mool tfilat haimahot
bring them peace, bring them peace - assalam assalam - leshalom, leshalom"
"lyrics-000308","I had a thought, dear, however scary
About that night, the bugs and the dirt
Why were you digging? What did you bury
Before those hands pulled me from the earth?

I will not ask you where you came from
I will not ask and neither should you
Honey, just put your sweet lips on my lips
We should just kiss like real people do

Eeh-eeh-eeh-eeh, eeh-eeh-eeh

I knew that look, dear, eyes always seeking
Was there in someone that dug long ago
So I will not ask you why you were creeping
In some sad way, I already know

So I will not ask you where you came from
I would not ask and neither would you
Honey, just put your sweet lips on my lips
We should just kiss like real people do

Eeh-eeh-eeh-eeh, eeh-eeh-eeh
Eeh-eeh-eeh-eeh, eeh-eeh-eeh

I could not ask you where you came from
I could not ask and neither could you
Honey, just put your sweet lips on my lips
We could just kiss like real people do

Eeh-eeh-eeh-eeh, eeh-eeh-eeh
Eeh-eeh-eeh-eeh, eeh-eeh-eeh"
"lyrics-000309","Alabama, Arkansas
I do love my Ma and Pa
Not the way that I do love you

Well, holy moly, me oh my
You're the apple of my eye
Girl, I've never loved one like you

Man, oh, man you're my best friend
I scream it to the nothingness
There ain't nothing that I need

Well, hot and heavy, pumpkin pie
Chocolate candy, Jesus Christ
There ain't nothing please me more than you

Oh, home, let me come home
Home is whenever I'm with you
Oh, home, let me come home
Home is whenever I'm with you

La la la la
Take me home
Mama, I'm coming home

I'll follow you into the park
Through the jungle, through the dark
Girl, I've never loved one like you

Moats and boats, and waterfalls
Alleyways, and payphone calls
I been everywhere with you (that's true)

Laugh until we think we'll die
Barefoot on a summer night
Never could be sweeter than with you

And in the streets you run a-free
Like it's only you and me
Geez, you're something to see

Oh, home, let me come home
Home is whenever I'm with you
Oh, home, let me come home
Home is whenever I'm with you

La la la la
Take me home
Mama, I'm coming home

Jade?
Alexander?
Do you remember that day you fell outta my window?
I sure do, you came jumping out after me
Well, you fell on the concrete, nearly broke your ass
And you were bleeding all over the place
And I rushed you out to the hospital, you remember that?
Yes, I do

Well, there's something I never told you about that night
What didn't you tell me?
While you were sitting in the back seat smoking a cigarette
You thought was gonna be your last, I was falling deep
Deeply in love with you, and I never told you 'til just now!
Oh, oh

Oh, home, let me come home
Home is whenever I'm with you
Oh, home, let me come home
Home is when I'm alone with you

Home, let me come home
Home is wherever I'm with you
Oh, home, yes I am home
Home is when I'm alone with you

Alabama, Arkansas
I do love my Ma and Pa
Moats and boats, and waterfalls
Alleyways, and payphone calls

Home
Home
Home is when I'm alone with you
Home
Home
Home is when I'm alone with you"
"lyrics-000310","She may contain the urge to run away
But hold her down with soggy clothes and breezeblocks
Citrezene, your fevers gripped me again
Never kisses, all you ever send are fullstops
(La la la la)

Do you know where the wild things go?
They go along to take your honey
(La la la la)
Break down, now weep
Build up breakfast, now let's eat
My love, my love, love, love
(La la la la)

Muscle to muscle and toe to toe
The fear has gripped me but here I go
My heart sinks as I jump up
Your hand grips hand as my eyes shut

Do you know where the wild things go?
They go along to take our honey
(La la la la)
Break down, now sleep
Build up breakfast now let's eat
My love, my love, love, love

She bruises, coughs, she splutters pistol shots
Hold her down with soggy clothes and breezeblocks
(La la la la)
She's morphine, queen of my vaccine
My love, my love, love, love
(La la la la)

Muscle to muscle and toe to toe
The fear has gripped me but here I go
My heart sinks as I jump up
Your hand grips hand as my eyes shut

She may contain the urge to runaway
But hold her down with soggy clothes and breezeblocks
Germaline, disinfect the scene
My love, my love, love, love
Please don't go
I love you so
My lovely

Please don't go, please don't go
I love you so, I love you so
Please don't go, please don't go
I love you so, I love you so
Please break my heart (hey)

Please don't go, please don't go
I love you so, I love you so
Please don't go, please don't go
I love you so, I love you so
Please break my heart

Please don't go
(Please don't go) I'll eat you whole
(I'll eat you whole) I love you so
(I love you so) I love you so, I love you so
(I love you so, I love you so) please don't go
(Please don't go) I'll eat you whole
(I'll eat you whole) I love you so
(I love you so)

(I love you so, I love you so) please don't go
(Please don't go) I'll eat you whole
(I'll eat you whole) I love you so
(I love you so) I love you so, I love you so
(I love you so, I love you so) please don't go
(Please don't go) I'll eat you whole
(I'll eat you whole) I love you so
(I love you so)

(I love you so, I love you so) please don't go
(Please don't go) I'll eat you whole
(I'll eat you whole) I love you so
(I love you so) I love you so, I love you so
(I love you so, I love you so) please don't go
(Please don't go) I'll eat you whole
(I'll eat you whole) I love you so
(I love you so)

(I love you so, I love you so) please don't go
I'll eat you whole
I love you so
I love you so, I love you so
Please don't go
I'll eat you whole
I love you so
I love you so, I love you so"
"lyrics-000311","I can't eat, I'm so hungry for loving you
I'll talk online all night, if that's what you're into
I can't sleep, I'm so hungry for loving you
So come online

Make me weak, I'm so hungry for kissing you
You little cyber freak, I know what you're into
Make me sick, 'cause I'm hopelessly missing you
So come online

I can't take it, it's sweeter than ice cream
Your little secret plays all up in my daydreams
I can't fake it, it's sweeter when you scream
So come online

Think you're giving me chronic insomnia
I dream in 20-second clips, like it's mania
Think I'm addicted to endlessly missing ya
So come online

Take me deeper and deeper in your internet
Take me deeper and deeper in your internet
Take me deeper and deeper in your internet
Take me deeper and deeper in your internet
Take me deeper and deeper in your internet
Take me deeper and deeper in your internet
Take me deeper and deeper in your internet
Take me deeper and deeper in your internet"
"lyrics-000312","My love, my love, you say
There is still pain left
Still glass that is not broken
There are still blows you kept from taking
Still trying to have my mist
There are still wars you cannot apply for
Still accusations you've not payed
Some parts, still alive

You kiss your nightmares
Everywhere, everywhere, yeah
You feel your nightmares
Everywhere, everywhere, yeah
You touch your nightmares
Everywhere, everywhere, yeah

Why, why can't you see?
You should be kissin' me

My man, my man, you say
There is still pain left
Still more we could panictize
There are still some molecules impacted
And there's still a darker plan

You kiss your nightmares
Everywhere, everywhere, yeah
You feel your nightmares
Everywhere, everywhere, yeah
You touch your nightmares
Everywhere, everywhere, yeah

But why, why can't you see?

Bet it all on me

You kiss your nightmares
Everywhere, everywhere, yeah
You feel your nightmares
Everywhere, everywhere, yeah
You touch your nightmares
Everywhere, everywhere, yeah

Why, why can't you see?
You should be kissin' me"
"lyrics-000313","Dog goes ""woof""
Cat goes ""meow""
Bird goes ""tweet""
And mouse goes ""squeek""
Cow goes ""moo""
Frog goes ""croak""
And the elephant goes ""toot""
Ducks say ""quack""
And fish go ""blub""
And the seal goes ""ow ow ow""

But there's one sound
That no one knows
What does the fox say?

""Ring-ding-ding-ding-dingeringeding!
Gering-ding-ding-ding-dingeringeding!
Gering-ding-ding-ding-dingeringeding!""
What the fox say?

""Wa-pa-pa-pa-pa-pa-pow!
Wa-pa-pa-pa-pa-pa-pow!
Wa-pa-pa-pa-pa-pa-pow!""
What the fox say?

""Hatee-hatee-hatee-ho!
Hatee-hatee-hatee-ho!
Hatee-hatee-hatee-ho!""
What the fox say?

""Joff-tchoff-tchoffo-tchoffo-tchoff!
Tchoff-tchoff-tchoffo-tchoffo-tchoff!
Joff-tchoff-tchoffo-tchoffo-tchoff!""
What does the fox say?

Big blue eyes and pointy nose
Chasing mice and digging holes
Tiny paws up the hill
Suddenly, you're standing still

Your fur is red
So beautiful
Like an angel in disguise
But if you meet
A friendly horse
Will you communicate by

Mo-o-o-o-orse?
Mo-o-o-o-orse?
Mo-o-o-o-orse?
How will you speak to that
Ho-o-o-o-orse?
Ho-o-o-o-orse?
Ho-o-o-o-orse?
What does the fox say?

""Jacha-chacha-chacha-chow!
Chacha-chacha-chacha-chow!
Chacha-chacha-chacha-chow!""
What the fox say?

""Fraka-kaka-kaka-kaka-kow!
Fraka-kaka-kaka-kaka-kow!
Fraka-kaka-kaka-kaka-kow!""
What does the fox say?

""A-hee-ahee ha-hee!
A-hee-ahee ha-hee!
A-hee-ahee ha-hee!""
What the fox say?

""A-oo-oo-oo-ooo!
Woo-oo-oo-ooo!""
What does the fox say?

The secret of the fox
Ancient mystery
Somewhere deep in the woods
I know you're hiding
What is your sound?
Will we ever know?
Will always be a mystery
What do you say?

You're my guardian angel
Hiding in the woods
What is your sound?
(Wa-wa-way-do, wub-wid-bid-dum-way-do, wa-wa-way-do)
Will we ever know? (Bay-budabud-dum-bam)
I want to (mama-dum-day-do) I want to, I want to know!
(Abay-ba-da bum-bum bay-do)"
"lyrics-000314","Chętnie zniknęłabym
Na miesiąc lub na rok
Rozdałabym to co mam
Bo powiedz co
Z tego mienia mam
Nie pamiętam jak to jest
Mieć na cokolwiek czas
Mieć czas
Chcę wyhamować
Wyhamować

Z moich wad
Z moich wad składasz origami
Dajesz mi odpocząć
Nie muszę walić głową w mur
Rozchmurzasz mnie
Gdy wpadam w szał
Wyrywam własne kartki
Zbierasz je i składasz z nich
Żurawie origami

Więc może jednak na jakiś czas
Weźmiesz mnie do siebie
W zasadzie tak daleko
Przez dwanaście godzin
Nie chcę lecieć
Pamiętam że u ciebie tak
Od zawsze jest bezpiecznie
U ciebie nie czuć
Żadnych żadnych żadnych
Ruchów tektonicznych

Z moich wad
Z moich wad składasz origami
Dajesz mi odpocząć
Nie muszę walić głową w mur
Rozchmurzasz mnie
Gdy wpadam w szał
Wyrywam własne kartki
Zbierasz je i składasz z nich
Żurawie origami"
"lyrics-000315","*whistling*

I woke up awfully early
Something disturbed my sleep
Out through an open window came
This simple melody
I heard somebody whistle
*whistling*
I had to stop and listen
*whistling*

Surrounded by the city noise
Machines and screaming cars
A tiny sound my attention caught
Out from a crowded bar
I heard somebody whistle
*whistling*
I had to stop and listen
*whistling*
I heard somebody whistle
*whistling*
I had to stop and listen
*whistling*

I tried to sit and compose
It happened just the other day
When through the open balcony door
I was transported away
*whistling*
"
"lyrics-000316","I wrote my name in the water
So you know where I am.
I wrote my name in the water
So you can trace my race
I've got to wait for my journey
You got to stay, stay.

We build on fire,
Subtracting walls.
We build on fire,
Adding bridges and boats
We build on fire, wind and snow
Build on fire, wind and snow.

I wrote my name in the water
So you know where I am.
I wrote my name in the water
(We build on fire wind and snow, build on fire wind and snow)
So you can trace my race.

We build on fire,
Subtracting walls
We build on fire,
Adding bridges and boats.
We build on fire, wind and snow
Build on fire, wind and snow.
I wrote my name in the water,
so you know where I am."
"lyrics-000317","Fire in the heart is out
Who will think about me?
And who will cry?
Life doesn't go how you want
No one can decide
What's coming next
I'm right over here
But you can't see
Try to make myself noticeable
I don't feel free

I'm closer than you think
Closer than you think
Closer than you think

Hope this kind of life
Will go over soon
Live like a lonesome moon
In the space
I hate this inexperience
Not able to wipe them away
The tears on your face
Oh, what should I looking for?
Just need the final door
Entry to heaven
Oh, lord is it really right to be?
I still don't feel free

I'm closer than you think
Closer than you think
Closer than you think"
"lyrics-000318","You showed me how to do
Exactly what you do
How I fell in love with you
Oh, oh, oh, it's true
Oh, oh, I love you

You showed me how to say
Exactly what you say
In that very special way
Oh, oh, oh, it's true
You fell for me too

And when I tried it
I could see you fall
And I decided
It's not a trip at all

You taught it to me too
Exactly what you do
And now you love me too
Oh, oh, oh, it's true
We're in love we too

Na na na na na
Na na na na na
Na na na na na
Oh oh oh oh oh
We're in love we two
We two

You showed me how to do
Exactly what you do
And fell in love with you
You showed me how to say
Exactly what you say
In that very special way
You taught it to me too
Exactly what you do
And now you love me too

And now you love me too
And now you love me too
And now you love me too"
"lyrics-000319","Let me love you or stop me deaf
Kill me good
Until my last breath
But, baby, I'm alive
So you are doomed to be mine
Let me love you or stop me deaf

Hold me good
I can handle this mess
Made of sorrow
That follows me all the time, yeah

My skin's on fire when I think of you
Don't you feel my heart quivering all day long?
I seem to crawl all night searching for your love
But I'm getting tired
I can't look and move
Please come and rescue me
Don't let me burn
Don't

This only flipper

You're making all down

You're making all down

You're making all down
Get on down
You're making all down

You're making all down

You're making all down

You're making all down

You're making all down

You're making all down

You're making all down

You're making all down

You're making all down

You're making all down

You're making all down

You're making all down

You're making all down

You're making all down

You're making all down

You're making all down

You're making all down

You're making all down

You're making all down"
"lyrics-000320","Ah, ah, when I was younger
I, I should've known better
And I can't feel no remorse
And you don't feel nothing back

I, I got a new girlfriend here
Feels like he's on top
And I don't feel no remorse
And you can't see past my blindness

Oh, Ophelia, you've been on my mind, girl, since the flood
Oh, Ophelia, Heaven help the fool who falls in love

I, I got a little paycheck
You got big plans and you gotta move (woo!)
And I don't feel nothing at all
And you can't feel nothing small

Honey, I love you
That's all she wrote

Oh, Ophelia, you've been on my mind, girl, like a drug
Oh, Ophelia, Heaven help the fool who falls in love
Oh, Ophelia, you've been on my mind, girl, since the flood
Oh, Ophelia, Heaven help the fool who falls in love
Oh, Ophelia, you've been on my mind, girl, like a drug
Oh, Ophelia, Heaven help the fool who falls in love"
"lyrics-000321","Tried to keep you close to me
But life got in between
Tried to square not being there
But it's there that I should have been

Hold back the river, let me look in your eyes
Hold back the river so I
Can stop for a minute and see where you hide
Hold back the river, hold back

Once upon a different life
We rode our bikes into the sky
But now we're caught against the tide
Those distant days are flashing by

Hold back the river, let me look in your eyes
Hold back the river so I
Can stop for a minute and be by your side
Hold back the river, hold back

Hold back the river, let me look in your eyes
Hold back the river so I
Can stop for a minute and see where you hide
Hold back the river, hold back

Oh, oh-ho, oh-oh, oh-oh
Oh-oh, ho-oh, oh-whoa-ho

Lonely water, lonely water, won't you let us wander?
Let us hold each other
Lonely water, lonely water, won't you let us wander?
Let us hold each other

Hold back the river, let me look in your eyes
Hold back the river so I
Can stop for a minute and be by your side
Hold back the river, hold back

Hold back the river, let me look in your eyes
Hold back the river so I
Can stop for a minute and be by your side
Hold back the river, oh

Lonely water, lonely water, won't you let us wander?
Let us hold each other
Lonely water, lonely water, won't you let us wander?
Let us hold each other"
"lyrics-000322","Well I came home
Like a stone
And I fell heavy into your arms
These days of dust
Which we've known
Will blow away with this new sun

But I'll kneel down wait for now
And I'll kneel down
Know my ground

And I will wait, I will wait for you

And I will wait, I will wait for you

So break my step
And relent
Well you forgave and I won't forget
Know what we've seen
And him with less
Now in some way
Shake the excess

Cause I will wait, I will wait for you
And I will wait, I will wait for you
And I will wait, I will wait for you
And I will wait, I will wait for you

Now I'll be bold
As well as strong
And use my head alongside my heart
So tame my flesh
And fix my eyes
A tethered mind, freed from the lies

And I'll kneel down
Wait for now
I'll kneel down
Know my ground

Raise my hands
Paint my spirit gold
And bow my head
Keep my heart slow

Cause I will wait, I will wait for you

And I will wait, I will wait for you
And I will wait, I will wait for you
And I will wait, I will wait for you"
"lyrics-000323","Pack yourself a toothbrush, dear
Pack yourself a favorite blouse
Take a withdrawal slip
Take all of your savings out
'Cause if we don't leave this town
We might never make it out
I was not born to drown
Baby come on

Forget what Father Brennan said
We were not born in sin
Leave a note on your bed
Let your mother know you're safe
And by the time she wakes
We'll have driven through the state
We'll have driven through the night
Baby come on

If the sun don't shine on me today
And if the subways flood and bridges break
Will you lay yourself down and dig your grave
Or will you rail against your dying day

And when we looked outside, couldn't even see the sky
How do you pay the rent, is it your parents
Or is it hard work dear, holding the atmosphere?
I don't wanna live like that

If the sun don't shine on me today
If the subways flood and the bridges break

Jesus Christ can't save me tonight
Put on your dress, yes wear something nice
Decide on me, yeah decide on us
Oh, oh, oh, Illinois, Illinois

Pack yourself a toothbrush, dear
Pack yourself a favorite blouse
Take a withdrawal slip
Take all of your savings out
'Cause if we don't leave this town
We might never make it out"
"lyrics-000324","Boys workin' on empty
Is that the kinda way to face the burning heat?
I just think about my baby
I'm so full of love I could barely eat
There's nothing sweeter than my baby
I'd never want once from the cherry tree
'Cause my baby's sweet as can be
She give me toothaches just from kissin' me

When my time comes around
Lay me gently in the cold dark earth
No grave can hold my body down
I'll crawl home to her

That's when my baby found me
I was three days on a drunken sin
I woke with her walls around me
Nothin' in her room, but an empty crib
And I was burnin' up a fever
I didn't care much, how long I lived
But I swear I thought I dreamed her
She never asked me once about the wrong I did

When my time comes around
Lay me gently in the cold dark earth
No grave can hold my body down
I'll crawl home to her

When my time comes around
Lay me gently in the cold dark earth
No grave can hold my body down
I'll crawl home to her

My babe would never fret none
About what my hands and my body done
If the Lord don't forgive me
I'd still have my baby and my babe would have me
When I was kissing on my baby
And she put her love down soft and sweet
In the low lamp light I was free
Heaven and hell were words to me

When my time comes around
Lay me gently in the cold dark earth
No grave can hold my body down
I'll crawl home to her

When my time comes around
Lay me gently in the cold dark earth
No grave can hold my body down
I'll crawl home to her"
"lyrics-000325","She'll lie and steal and cheat
And beg you from her knees
Make you think she means it this time
She'll tear a hole in you, the one you can't repair
But I still love her, I don't really care

When we were young
Oh, oh, we did enough
When it got cold
Ooh, ooh, we bundled up
I can't be told
Ah, ah, it can't be done

It's better to feel pain, than nothing at all
The opposite of love's indifference
So pay attention now
I'm standing on your porch screaming out
And I won't leave until you come downstairs

So keep your head up, keep your love
Keep your head up, my love
Keep your head up, love
Keep your head up, keep your love

And I don't blame ya dear
For running like you did all these years
I would do the same, you best believe
The highway signs say we're close
But I don't read those things anymore
I never trusted in my own eyes

When we were young
Oh, oh, we did enough
When it got cold
Ooh, ooh, we bundled up
I can't be told
Ah, ah, it can't be done

So keep your head up, keep your love
Keep your head up, my love
Keep your head up, my love
Keep your head up, keep your love

Head up, love
Head up, love
Head up, love
Head up, love"
"lyrics-000326","All around us, there are shadows of love
And I think about your plans, our travels
And the times we have tried
I've been searching, I've been feeling alone
And I wonder why we said, what we said
And what you had in mind

Ships are sailing
Sailing seven seas
Looking for the love that
Once was real, but left

In our hometown, they've been talking 'bout us
Telling stories of a merciful man and how he did disappear
Fear suggested having a hand in the game
Saying we should not believe in everything we hear

Ships are sailing
Sailing on my dreams
Gonna carry me
Somewhere I do believe
They'll find you

Sailors leaving, traveling to be free
Listening to the whispers
Of the gods of sea
They guide you

Ships are sailing
And the god of sea
When the sky turned black
Spoke in riddles to me
He cursed me

Sailors leaving
Now you count to three
And you're doomed to find
Your own prison's key
Inside you

Feelin' low, and sailin' high
One might say
Below there's just dark water
Sailors say down there lies all that holds ya

Ships are sailing
Sailing on my dreams
Gonna carry me
Somewhere I do believe
They'll find you

Sailors leaving, traveling to be free
Listening to the whispers
Of the gods of sea
They guide you

Ships are sailing
And the god of sea
When the sky turned black
Spoke in riddles to me
He cursed me

Sailors leaving
Now you count to three
And you're doomed to find
Your own prison's key
Inside you"
"lyrics-000327","Siedzimy na ławce
A słońce nam gaśnie
Myślę życie jest słodkie
I gorzkie, i kwaśne

Niejeden kolega miał
Dziadka w Wehrmachcie
Każdy ma swoja traumę
Jak mój ojciec kopalnię

Cofamy się w czasie
Ulica Zwycięstwa
Do dzisiaj jest piękna
I do dzisiaj niemiecka

Jestem drzewem bez korzeni
Albo liściem na wietrze
Nigdy nie byłem pewien
Czy to jest moje miejsce

Czasami mi się śnią
Pociągi towarowe
Wysypują czarny gruz
Na hałdy w mojej głowie

Czasami mi się śnią
Pociągi towarowe
Wysypują czarny gruz
Na hałdy w mojej głowie

Jak tak bywam tu i tam
Tylko boli mnie głowa
Od tych spotkań i rozmów
I przekąsek po nocach

I tęsknię nie wiem za czym
Ale czuję to w kościach
Chciałbym znowu poczuć chłód
W kolejowych przeciągach

I jest tyle pięknych miejsc
Dobrych żeby się schować
I jest tyle pięknych miejsc
Żeby zacząć od nowa

Ja mam karty pamięci
Zapisane po brzeg
Znowu wracam do domu
Jakbym sprawdzał gdzie jest

Czasami mi się śnią
Pociągi towarowe
Wysypują czarny gruz
Na hałdy w mojej głowie

Czasami mi się śnią
Pociągi towarowe
Wysypują czarny gruz
Na hałdy w mojej głowie

Czasami mi się śnią
Pociągi towarowe
Wysypują czarny gruz
Na hałdy w mojej głowie

Czasami mi się śnią
Pociągi towarowe
Wysypują czarny gruz
Na hałdy w mojej głowie"
"lyrics-000328","My tired feet
My tired, tried feet
My tired feet
Oh my tired feet
My tired feet brought me to that red boat
So still and foreign waters hmmm

And although I've never been here
Oh although I've never been here
I know that here I've swam before
Here I've swam before

And soon I came
Oh so soon I came
Soon I came
Oh so soon I came

Soon I came to the silent place of choir voices hmmm
In excelsis deo
Deo
Where Jesus, he keeps the streets out (Jesus)

Jesus he keeps the heat out (Jesus)
Jesus he keeps the noise out (Jesus)
And here oh here I've sung before hmmm
Here I've sung before

I know that here I've sung before
Here I've sat, I've run, I've walked, I've cried
I've died
Oh I've slept in 'til noon and I've laughed and I've sighed

I know that here I've sung before
Oh here I've sung before
I know that here I've sung before hmmm
Here I've sung before"
"lyrics-000329","I'm the captain
The captain of my life boat
If you want a seat
You gotta keep up with the speed
Cause I'm the captain
The captain of my life now
If you mess with me
You better learn how to swim

Ridin on the waves
Sailin on the ocean
Goin my own way
Straight for the horizon
I'm movin away, bitches
I don't need your lies
And you better recognize
That I'm better on my own now
Enemies - tryna get me on my knees
I can see them everywhere
And they're tryna get to me
But they'll never get to me
Cause no one can get to me
I'm further than a million miles away now

Cause I'm the captain
The captain of my life boat
If you want a seat
You gotta keep up with the speed
Cause I'm the captain
The captain of my life now
If you mess with me
You better learn how to swim

No matter the clouds
No matter the rain
No matter the storm
I'm staying the same
I'm staying the course
I won't let you in
Cause the last fucking time I let you in
I almost drowned, boy
I'm unsinkable
Doin the unthinkable
Unrespectable
Now I'm undetectable
And you'll never find me, bye bye bye bye
Don't care if you cry, bye bye bye

Cause I'm the captain
The captain of my life boat
If you want a seat
You gotta keep up with the speed
Cause I'm the captain
The captain of my life now
If you mess with me
You better learn how to swim"
"lyrics-000330","When you were here before
I'd look you in the eye
Just like an angel
Your skin makes me cry
You float like a feather
In a beautiful world
I wish I was special
You're so fuckin' special
But I'm a creep, I'm a weirdo
What the hell am I doing here?
I don't belong here
I don't care if it hurts
Wanna have control
I want a perfect body
I want a perfect soul
I want you to notice
When I'm not around
You're so fuckin' special
I wish I was special
But I'm a creep, I'm a weirdo
What the hell am I doing here?
I don't belong here
She's running out again,
She's running out
She run run run running out
Whatever makes you happy
Whatever you want
You're so fuckin' special
I wish I was special
But I'm a creep, I'm a weirdo
What the hell am I doing here?
I don't belong here
I don't belong here"
"lyrics-000331","Lay where you're laying
Don't make a sound
I know they're watching
Watching

All the commotion
The kiddie like play
It has people talking
Talking

You
Your sex is on fire

The dark of the alley
The breaking of day
Head while I'm driving
I'm driving

Soft lips are open
Them knuckles are pale
Feels like you're dying
You're dying

You
Your sex is on fire
Consumed
With what's to transpire

Hot as a fever
Rattle of bones
I could just taste it
Taste it

If it's not forever
But there's just tonight
Oh we're still the greatest
The greatest
The greatest

You
Your sex is on fire
You
Your sex is on fire

Consumed
With what's to transpire

And you
Your sex is on fire
Consumed
With what's to transpire
"
"lyrics-000332","Sometimes I feel like throwing my hands up in the air
I know I can count on you
Sometimes I feel like saying ""Lord I just don't care""
But you've got the love I need to see me through

Sometimes it seems that the going is just too rough
And things go wrong no matter what I do
Now and then it seems that life is just too much
But you've got the love I need to see me through

When food is gone you are my daily meal
When friends are gone I know my saviour's love is real
You know it's real

'Cause you've got the love
You've got the love
You've got the love
You've got the love
You've got the love
You've got the love

Time after time I think ""Oh, Lord, what's the use?""
Time after time I think it's just no good
'Cause sooner or later in life, the things you love you lose
But you've got the love I need to see me through

You've got the love
You've got the love
You've got the love
You've got the love
You've got the love
You've got the love

You've got the love
You've got the love
You've got the love
You've got the love
You've got the love
You've got the love

Sometimes I feel like throwing my hands up in the air
'Cause I know I can count on you
Sometimes I feel like saying ""Lord I just don't care""
But you've got the love I need to see me through"
"lyrics-000333","Have been the last one
To hear the news
This is the latest cosmic bruise

Our bones are broken, bruised and frail
This is the saddest fairy tale

How to act righteously
When everything's gotten so out of hand

Where is the promised, promised land
We were to built with our own two hands?

Here's to Nemesis
Keep a close eye on the abyss
Here's to Nemesis
Keep a close eye on the abyss

There's no way out
Once you are in
Nobody knows
Where circles begin

We are all given the same gift
We are all seeds of the same tree

I don't speak of love but unity
The whole is more than the sum of its parts

Where is the promised, promised land
We were to built with our own two hands?

Here's to Nemesis
Keep a close eye on the abyss
Here's to Nemesis
Keep a close eye on the abyss

A cosmic bruise that hurts us all
This is how the mighty fall
A cosmic bruise that hurts us all
This is how the mighty fall

Keep a close eye on the abyss
Here's to Nemesis
Keep a close eye on the abyss"
"lyrics-000334","I know
I've tried to hide it
But I don't wanna hide it
Yes, I've been through hell
And I'm still ashamed of what I am

Yes, I tried to say it
I know, I have to say it
But I'm from a place out of time
Where a man has got to be a man

I wash away my makeup
Slow, I try to wake up
I've been losing myself
Hoping I was someone else

Yes, I'd like to tell you
And try to say I love you
But I'm from a place out of time

Where a man has got to be a man
Where a man has got to be a man
Where a man has got to be a man

But it's over now
It's over now, yeah
I've got all the love to give
I need someone who can't receive

All my love to give"
"lyrics-000335","Dans ma veste de soie rose
Je déambule morose
Le crépuscule est grandiose
Heartless
How could you be so heartless?
How could you be so heartless?
How could you be so heartless?
Dandy un peu maudit, un peu vieilli
Dans ce luxe qui s'effondre
Te souviens-tu quand je chantais
Dans les caves de Londres?
Un peu noyé dans la fumée
Ce rock sophistiqué
Toutes les nuits tu restais là
Heartless
How could you be so heartless?
How could you be so heartless?
How could you be so heartless?
Bandit un peu maudit, un peu vieilli
Les musiciens sont ridés
Et ce clavier comme c'est joli
J'essaie de me rappeler
Encore une fois
Les accords de ce rock
Qui détonnait comme les Anglais
Heartless
How could you be so heartless?
How could you be so heartless?
How could you be so heartless?
In the night I hear them talk
The coldest story ever told
Somewhere far along this road
He lost his soul
To a woman so heartless
How could you be so heartless?"
"lyrics-000336","Hold
My tongue
Clenched teeth
Full lung
Fold
My thought
In one way
In one shot

Got our gestures open wide
Got our language spoken right
Got the blood to your open heart
But the skin thick enough so start it
It's the question on your lips
It's the heartbeat, when one skips
It's the moment we connect
And the moment it conflicted

Can't resist and can't refuse
The safety and the danger you use
If you choose
Aimed for a win, missed the cues
The gemstones and the junk that you fuse
If you choose

Then the shit's on me
The shit's on me
The joke's on me
The joke's on me"
"lyrics-000337","La-la-la-la-la-la-la
La-la-la-la-la-la-la
La-la-la-la-la-la-la
La-la-la-la-la-la-la-la-la-la

I'm traveling light
It's au revoir
My once so bright, my fallen star
I'm running late, they'll close the bar
I used to play one mean guitar
I guess I'm just somebody who
Has given up, on the me and you
I'm not alone, I've met a few
Traveling light like we used to do

La-la-la-la-la-la-la
La-la-la-la-la-la-la-la-la-la

Good night, good night, my fallen star
I guess you're right, you always are
I know you're right about the blues
You live some life you'd never choose
I'm just a fool, a dreamer who
Forgot to dream of the me and you
I'm not alone, I've met a few
Traveling light like we used to do

La-la-la-la-la-la-la
La-la-la-la-la-la-la
La-la-la-la-la-la-la
La-la-la-la-la-la-la-la-la-la

Traveling light
It's au revoir
My once so bright, my fallen star
I'm running late, they'll close the bar
I used to play one mean guitar
I guess I'm just somebody who
Has given up on the me and you
I'm not alone, I've met a few
Traveling light like we used to do

But if the road leads back to you
Must I forget the things I knew
When I was friends with one or two
Traveling light like we used to do
I'm traveling light

La-la-la-la-la-la-la
La-la-la-la-la-la-la-la-la-la

La-la-la-la-la-la-la
La-la-la-la-la-la-la
La-la-la-la-la-la-la
La-la-la-la-la-la-la-la-la-la"
"lyrics-000338","I come home, in the mornin' light
My mother says, ""When you gonna live your life right?""
Oh momma dear, we're not the fortunate ones
And girls, they wanna have fun
Oh girls just wanna have fun

The phone rings, in the middle of the night
My father yells, ""What you gonna do with your life?""
Oh daddy dear, you know you're still number one
But girls, they wanna have fun
Oh girls just wanna have

That's all they really want
Some fun
When the workin' day is done
Oh girls, they wanna have fun
Oh girls just wanna have fun (girls, they want)
(Wanna have fun, girls)
(Wanna have)

Some boys take a beautiful girl
And hide her away from the rest o' the world
I wanna be the one to walk in the sun
Oh girls, they wanna have fun
Oh girls just wanna have

That's all they really want
Is some fun
When the workin' day is done
Oh girls, they wanna have fun
Oh girls just wanna have fun (girls, they want)
(Wanna have fun, girls)
(Wanna have)

They just want, they just wanna (girls)
They just want, they just wanna (girls just wanna have fun)
Oh girls, girls just wanna have fun
(Just want, they just wanna)
They just wanna, they just wanna (girls)
They just want, they just wanna (girls just wanna have fun)
Oh girls, girls just wanna have fun

When the workin'
When the workin' day is done
Oh, when the workin' day is done
Oh, girls, girls just wanna have fun
Everybody
Huh, huh

They just want, they just wanna (girls)
They just want, they just wanna (girls just wanna have fun)
Oh, girls, girls just wanna have fun
(They just wanna, they just wanna) when the workin'
When the working day is done (they just want, they just wanna)
Oh, when the working day is done (girls, girls just wanna have fun)
Oh girls, girls just wanna have fun

(They just want, they just wanna)
(They just want, they just wanna)"
"lyrics-000339","Sweet dreams are made of this
Who am I to disagree
I travel the world and the seven seas
Everybody's looking for something
Some of them want to use you
Some of them want to get used by you
Some of them want to abuse you
Some of them want to be abused

Sweet dreams are made of this
Who am I to disagree
I travel the world and the seven seas
Everybody's looking for something

Hold your head up
Keep your head up, movin' on
Hold your head up, movin' on
Keep your head up, movin' on
Hold your head up, movin' on
Keep your head up, movin' on
Hold your head up, movin' on
Keep your head up

Some of them want to use you
Some of them want to get used by you
Some of them want to abuse you
Some of them want to be abused

Sweet dreams are made of this
Who am I to disagree
I travel the world and the seven seas
Everybody's looking for something
Sweet dreams are made of this
Who am I to disagree
I travel the world and the seven seas
Everybody's looking for something
Sweet dreams are made of this
Who am I to disagree
I travel the world and the seven seas
Everybody's looking for something
Sweet dreams are made of this
Who am I to disagree
I travel the world and the seven seas
Everybody's looking for something
Sweet dreams are made of this
Who am I to disagree
I travel the world and the seven seas
Everybody's looking for something
"
"lyrics-000340","Sometimes I feel I've got to
Run away, I've got to
Get away from the pain you drive into the heart of me
The love we share
Seems to go nowhere
And I've lost my light
For I toss and turn, I can't sleep at night

Once I ran to you (I ran)
Now I'll run from you
This tainted love you've given
I give you all a boy could give you
Take my tears, and that's not nearly all
Oh, tainted love (oh, oh)
Tainted love

Now I know I've got to
Run away, I've got to
Get away, you don't really want any more from me
To make things right
You need someone to hold you tight
And you think love is to pray
But I'm sorry, I don't pray that way

Once I ran to you (I ran)
Now I'll run from you
This tainted love you've given
I give you all a boy could give you
Take my tears, and that's not nearly all
Oh, tainted love (oh, oh)
Tainted love

Don't touch me, please
I cannot stand the way you tease
I love you though you hurt me so
Now I'm gonna pack my things and go

Tainted love (oh)
Tainted love (oh)
Tainted love (oh)
Tainted love (oh)
Touch me, baby, tainted love
Touch me, baby, tainted love
Tainted love (oh)
Tainted love (oh)
Tainted love"
"lyrics-000341","Mój kot zaginął
I już raczej nie wróci
Jak chcesz to pomóż
Całe miasto go szuka

On zniknął nagle
Żadnych śladów nie było
Choć mama mówiła mi
Że poczuła, gdy zaginął

Bo nie ma go już któryś rok
I nikt tu się nie łudzi
Sam mam tego dość
Ale myślę, że on wrócił

Bo mój kot
Mój kot wcale nie zaginął
Ja cały czas go mam
Choć głęboko to ukryłem

Mój kot był dzieckiem
I miał nigdy nie dorosnąć
Nigdy nie cierpieć
I nie wiedzieć, czym jest samotność

Miał dużo kochać
I sam też chciał być kochany
Lecz nagle zbłądził
Teraz szuka swojej mamy

Przez chwilę był to dla mnie szok
I każdy zauważył, że coś było nie tak
Wypisane mam na twarzy, że to coś
To coś odeszło bezpowrotnie

Większe ciuchy niższy głos
Chyba każdy miał podobnie

Ale mój kot
Wcale nie zaginął
Nadal wierzę, że go mam w sobie
Choć głęboko się ukrywa

Przez chwilę był to dla mnie szok
I każdy zauważył, że coś było nie tak
Wypisane mam na twarzy, że to coś
Jest na zdjęciach i nikt nie pamięta
Że kiedyś miałem włosy całkiem blond
I oczy wiecznie zmęczone
Z małego mnie zostało tylko to"
"lyrics-000342","Tyle z życia masz, ile dasz
Tyle z życia masz, ile dasz
Tyle szczęścia, w ile uwierzysz
Tyle złota, ile uniesiesz
Tyle sińców, ile złości
Tyle samo gruchotanych kości
Tyle cukru, ile goryczy
Choć od dziecka wolę słodycze

Powiem to za ciebie
Powiem to za ciebie
Powiem to za ciebie
Powiem to za ciebie
Powiem to za ciebie
Powiem to za ciebie
Powiem to za ciebie
Powiem to za ciebie

Tyle mrozu, ile upałów
Tylko słońca ciągle za mało
Tyle zmierzchów, ile świtów
Tyle nudy, ile przygód
Tyle łez, ile na trumnie piachu
Tyle mordów, ile strachów
A gdy usłyszysz statki na niebie
Siedem razy spluwaj za siebie

Powiem to za ciebie
Powiem to za ciebie
Powiem to za ciebie
Powiem to za ciebie
Powiem to za ciebie
Powiem to za ciebie
Powiem to za ciebie
Powiem to za ciebie

Tyle z życia masz, ile dasz
Tyle z życia masz, ile dasz
Zapamiętaj moje słowa
Zapamiętaj moje słowa"
"lyrics-000343","Ja wyceniam Cię na miljon
Dla mnie miljon to jak biljon - prawie
Więcej nawet
Świecy wart jesteś

Nie przeszkadza Ci, że kruszę w łóżku
Tajne rzeczy trzymam pod poduszką
Powietrze wpuszczasz
Gdy się robi duszno

Więc wyceniam Cię na miljon
Dla mnie miljon to jak biljon - prawie
Więcej nawet
Świecy wart jesteś

Kiedy nienawidzę świata
A czasami mi się zdarza jakoś
Z aprobatą
Stoisz przy mnie wartą

Więc wyceniam cię na miljon
Dla mnie miljon to jak biljon - prawie
Więcej nawet
Świecy wart jesteś

Pu-pu-pu-pu-pu, pu-ru...
Pu-pu-pu-pu-pu, pu-ru...
Pa-pa-pa-pa-pa...
Pa-pa-pa-pa-pa...

Nie przeszkadza Ci, że kruszę w łóżku
Tajne rzeczy trzymam pod poduszką
Powietrze wpuszczasz
Gdy się robi duszno

Więc wyceniam cię na miljon
Dla mnie miljon to jak biljon - prawie
Więcej nawet
Świecy wart jesteś...

Pu-pu-pu-pu-pu, pu-ru... (Miljon)
Pu-pu-pu-pu-pu, pu-ru... (Miljon)
Pa-pa-pa-pa-pa...
Pa-pa-pa-pa-pa...

Miljon, miljon, miljon
Miljon, miljon, miljon
Miljon, miljon

Właśnie, właśnie coś takiego tam jest, że..."
"lyrics-000344","Des gens, des bars
Paris-sur-Mar
Des coups d'un soir
Dix fois trop tard
Plus d'open bar
Ces bons se marrent
Les grands boulevards
Paris-sur-Mar

La pluie lâche, lâche un fil
Un ciel de traine défile
La nuit garce jette un sort
La nuit, la nuit je sors

La pluie lâche, lâche un fil
De ciel de traîne, je traîne dehors
La nuit garce
Gorge profondément noire
Me jette un sort

Paris-Sur-Mer
Station de ski d'hiver
Paris-Sur-Mer
Se rêve en station balnéaire

La pluie lâche, lâche un fil
Un ciel de traîne défile
La pluie tonne sur les tuiles atones
Le ciel est monotone
Les sirènes de la police
Et ma sirène à la peau lisse qui lorgne

La nuit pleutre
Pleure ses meutes
Et ses routards, je sors le soir
La pluie lovée sur le port
En larve, en loque
Le soir, je sors

Des cons bavards
Paris-sur-Mar
Les bons s'en vont jamais très tard
Des gens bizarres
Ces bons se marrent
Les bons s'en vont jamais très tard

Paris-sur-Mer
Station de ski d'hiver
Paris-sur-Mer
Se rêve en station balnéaire

La pluie lâche, lâche un fil
Un ciel de traîne défile
La nuit garce se jette un sort
Je traîne, je traîne dehors
Je traîne, je traîne dehors
La pluie lâche, lâche un fil
Un ciel de traîne défile

Paris-Sur-Mer
Paris Grand Nord"
"lyrics-000345","When you get older, plainer, saner
Will you remember all the danger
We came from?
Burning like embers, falling, tender
Longing for the days of no surrender
Years ago
And will you know

So smoke 'em if you got 'em
Cause it's going down
All I ever wanted was you
I'll never get to heaven
Cause I don't know how

Let's raise a glass
Or two
To all the things I've lost on you
Ho, ooh
Tell me are they lost on you?
Ooh, oh
Just that you could cut me loose
Ho, ooh
After everything I've lost on you
Is that lost on you?
Hoooooh
Ooh, oh
Hoooooh
Is that lost on you?
Hoooooh
Ooh, oh
Baby, is that lost on you?
Is that lost on you?

Wishin' I could see the machinations
Understand the toil of expectations
In your mind
Hold me like you never lost your patience
Tell me that you love me more than hate me
All the time
And you're still mine

So smoke 'em if you got 'em
Cause it's going down
All I ever wanted was you
Let's take a drink of heaven
This can turn around

Let's raise a glass
Or two
To all the things I've lost on you
Ho, oh
Tell me are they lost on you?
Ooh, oh
Just that you could cut me loose
Ho, oh
After everything I've lost on you
Is that lost on you?
Hoooooh
Ooh, oh
Hoooooh
Is that lost on you?
Hoooooh
Ooh, oh
Baby, is that lost on you?
Is that lost on you?

Let's raise a glass
Or two
To all the things I've lost on you
Ho, oh
Tell me are they lost on you
Ooh, oh
Just that you could cut me loose
Ho, oh
After everything I've lost on you
Is that lost on you?
Is that lost on you?"
"lyrics-000346","Bad boys, whatcha want
Watcha want, whatcha gonna do?
When sheriff John Brown come for you
Tell me whatcha wanna do, whatcha gonna do?

Bad boys, bad boys whatcha gonna do?
Whatcha gonna do when they come for you?
Bad boys, bad boys whatcha gonna do?
Whatcha gonna do when they come for you?

When you were eight and you had bad traits
You go to school and learn the golden rule
So why are you acting like a bloody fool?
If you get hot, you must get cool

Bad boys, bad boys whatcha gonna do?
Whatcha gonna do when they come for you?
Bad boys, bad boys whatcha gonna do?
Whatcha gonna do when they come for you?

You chuck it on that one
You chuck it on this one
You chuck it on your mother
And you chuck it on your father

You chuck it on your brother
And you chuck it on your sister
You chuck it on that one
And you chuck it on me

Bad boys, bad boys whatcha gonna do?
Whatcha gonna do when they come for you?
Bad boys, bad boys whatcha gonna do?
Whatcha gonna do when they come for you?

Bad boys, bad boys whatcha gonna do?
Whatcha gonna do when they come for you?
Bad boys, bad boys whatcha gonna do?
Whatcha gonna do when they come for you?

Nobody now give you no break
Police now give you no break
Not no soldier man give you no break
Not even you idren now give you no breaks

Bad boys, bad boys whatcha gonna do?
Whatcha gonna do when they come for you?
Bad boys, bad boys whatcha gonna do?
Whatcha gonna do when they come for you?

Bad boys, bad boys whatcha gonna do?
Whatcha gonna do when they come for you?
Bad boys, bad boys whatcha gonna do?
Whatcha gonna do when they come for you?

Why did you have to act so mean?
Don't you know you're human being?
Born of a mother with the love of a father
Reflections come and reflections go
I know sometimes you wanna let go
I know sometimes you want to let go

Bad boys, bad boys whatcha gonna do?
Whatcha gonna do when they come for you?
Bad boys, bad boys whatcha gonna do?
Whatcha gonna do when they come for you?

You're too bad, you're too rude
You're too bad, you're too rude

Bad boys, bad boys whatcha gonna do?
Whatcha gonna do when they come for you?
Bad boys, bad boys whatcha gonna do?
Whatcha gonna do when they come for you?

You chuck it on that one
You chuck it on this one
You chuck it on your mother
And you chuck it on your father

You chuck it on your brother
And you chuck it on your sister
You chuck it on that one
And you chuck it on me

Bad boys, bad boys whatcha gonna do?
Whatcha gonna do when they come for you?"
"lyrics-000347","Ohh, ohh, ohh, ohh, ohh, ooh, ooh
Ohh, ohh, ohh, ohh, ohh, ooh, ooh
Ohh, ohh, ohh, ohh, ohh, ooh, ooh
Ohh, ohh, ohh, ohh, ohh, ooh, ooh

Do what with which you can't explain or what you've never seen
Take your ship, you own the ship, your ship that's coming in
Do what you can't, you can't, you can't, you can't
You can't you get it in?
Do what you can't, you can't, you can't, you can't, you, take it in
Do what you know you've never been, it's really just a shame
What you can and know it, everyone is all the same
If you can't get back again, you can change the way it is
And what you can't and where and all, you think will begins

What you can't and can't and if you're never coming back
What you can and loose it, blues it, choose it, do what you like
If you loose your way again, you've just been mistaken
And what you can't and can't and put the cards back in the stack

Ohh, ohh, ohh, ohh, ohh, ooh, ooh
Ohh, ooh, ooh, ooh, ooh, ooh, ooh
Cut and cut and crack it up
Cr-crack, cr-crack, yes, oh
I can cut you, catch you, catch you, catch you gettin' older
You can't get quick, you can't commit, you can't control her
Without, remember bodies sold to Sunday, getting colder

Oh, so civilized so you cannot take it
Oh, you cannot take it
Oh, you cannot make it
A force has come is stil alive
Oh, open up and take it
All the money, take it
Oh, you cannot take it
Night time, chin-chin and worry 'bout the nation
What you cannot take
Yeah, no one cannot take you
Rise slow, close the blinds and wonder what you take, yeah
Oh, you cannot take you, oh, you cannot take you

Do what with which you can't explain or what you've never seen
Take your ship, you own the ship, your ship that's coming in
Do what you can't, you can't, you can't, you can't
You can't you get it in?
Do what you can't, you can't, you can't, you can't, you, take it in
Do what you know you've never been, it's really just a shame
What you can and know it, everyone is all the same
If you can't get back again, you can change the way it is
And what you can't and where and all, you think will begins

Ohh, ohh, ohh, ohh, ohh, ooh, ooh
Ohh, ooh, ooh, ooh, ooh, ooh, ooh
Ohh, ohh, ohh, ohh, ohh, ooh, ooh
Ohh, ooh, ooh, ooh, ooh, ooh, ooh"
"lyrics-000348","Army dreamers
Mammy's hero
B.F.P.O
Mammy's hero
Our little army boy
Is coming home from B.F.P.O
I've a bunch of purple flowers
To decorate mammy's hero
Mourning in the aerodrome
The weather warmer, he is colder
Four men in a uniform
To carry home my little soldier
(What could he do?)
(Should have been a rockstar)
But he didn't have the money for a guitar
(What could he do?)
(Should have been a politician)
But he never had a proper education
(What could he do?)
(Should have been a father)
But he never even made it to his twenties
What a waste
Army dreamers
Oh, what a waste of
Army dreamers
Tears o'er a tin box
Oh, Jesus Christ, he wasn't to know
Like a chicken with a fox
He couldn't win the war with ego
Give the kid the pick of pips
And give him all your stripes and ribbons
Now he's sitting in his hole
He might as well have buttons and bows
(What could be do?)
(Should have been a rockstar)
But he didn't have the money for a guitar
(What could he do?)
(Should have been a politician)
But he never had a proper education
(What could he do?)
(Should have been a father)
But he never even made it to his twenties
What a waste
Army dreamers
Ooh, what a waste of
Army dreamers
Ooh, what a waste of all them
Army dreamers
Army dreamers
Army dreamers, oh
Mammy's hero
B.F.P.O
Mammy's hero"
"lyrics-000349","Maybe this time,
Maybe this time I'll outwit my past
I'll throw away the numbers, the keys
And all the cards
Maybe I can carve out a living in the cold
At the outskirts of some city
I extinguish all my recent pasts
Become another man again

And have a quiet life

A quiet life for me
A quiet life
A quiet life for me
A quiet life for someone
An acquired life for me

I lost, I ran
I started once a new
In northern grey, in drizzling rain
In salted slush and bitter hail
But the order as always merciless
It wants to see me fail
So the hunter is now the hunted
Past voices call my name
I renounce my past to live again

A quiet life
A quiet life

A quiet life for me
A quiet life for someone

An acquired life for me

I thought I have been given
Another chance again
But heaven lies as usual
I repented but in vain
It tries to cheat me out of my good aim
Take away what I never really got

My quiet life

No quiet life for me
No quiet life
No quiet life
No quiet life for me
A quiet life for someone
No quiet life for me

Even if I have to straighten
There is a life for me
A qiuet life
A quiet life for me
(A quiet life...)"
"lyrics-000350","Thinking, I'm gonna quit my day job
I'm a strange girl but I'm dying for the truth
I said no more giving up my dignity
My Baby has got me shouting voodoo

No sign of life
Till tribe in red
Pound your chest
And hold the sign
Crying shame
Your money waste
They say your name
And whisper: time

Say your prayers
I'm seeing red
Say your prayers
I'm seeing red
Say your prayers
The world is coming to an...

My sister, is a revolutionary
She got me, got me drinking Shamanaid

Hit the street
A different buzz
Freedom thought
Howls for us
Break the drums
Beat the rhyme
Bend the rules
Keep in time

Say your prayers
I'm seeing red
Say your prayers
The world is coming to an..."
"lyrics-000351","Historia jest taka, że byłem na statku, a statki są lżejsze od liści
A liście na statku są cięższe od kości, na niebie zawsze jest słońce
Zrobiłem z nich kredę, napiszę dla ciebie o świecie, co nie ma litości
O świecie, co nie ma miłości
O świecie

I cały świat, i wszystkie morza
Spłynęły w dół, tu gdzie ten chłopak
Bawi się (bawi się) nożem

Historia jest taka, że byłem na statku, a statki są lżejsze od liści
A liście na statku są cięższe od kości, litości, mój panie, litości
I w jednym momencie ujrzałem jej orszak, majestat najwyższy i święty
Wiedziałem kochanie, jesteśmy wybrani, wybrała nas spośród tysięcy

I cały świat, i wszystkie morza
Spłynęły w dół, tu gdzie ten chłopak
Bawi się (bawi się) nożem

Wilczyce przybiegły i patrzą mi w oczy, ja ślinię się i czerwienię
Czerwieni się słońce na wczorajszym niebie, a jutro księżyc zaskoczy
Historia jest taka, że byłem na statku i wszystkie zegary stanęły
A tam, gdzie nie wrócę leżałaś w ogrodzie, księżyc zaśpiewał

I cały świat, i wszystkie morza
Spłynęły w dół, tu gdzie ten chłopak
Bawi się (bawi się) nożem

I patrzą jak kaleczy palce
Odkrywa świat, marzy o bajce
Bawi się (bawi się) z Bogiem

I patrzą jak kaleczy palce
Odkrywa świat, marzy o bajce
Bawi się (bawi się) z Bogiem"
"lyrics-000352","Nigdy już nie będę musiał bać się pytań, ani słów
Nigdy już nie będę musiał bać się czasu
Pójdę tam i w jednej chwili cały świat przestanie istnieć
Tak się musi stać

I znowu jesień
Liście lądują
Po raz pierwszy
I ostatni
Z zazdrością patrzą
Na odlatujące ptaki

Pokończyły się romanse
Obliczone na słońce
Z wiatrem i deszczem leci
Koniec za końcem
Wyprzedaże klapków
I letnich sukienek
Złe idzie i zimne
Studzi się sumienie

Stoimy nad rzeką
Ręka rękę grzeje
Nie będzie dziś nagród
Chłodnieją nadzieje
Chłodnieją nadzieje
Chłodnieją nadzieje

Październikowy facet
I dziewczyna listopad
Jutro może nas nie być
W mój strach, kochanie, popatrz
Październikowy facet
I dziewczyna listopad
Jutro może nas nie być
W mój strach, kochanie, popatrz

Jeszcze dziś
Jeszcze raz
Jeszcze tu
Głupie ty, głupie ja
Jeszcze dziś
Jeszcze raz
Jeszcze tu
Głupie ty, głupie ja

Zima nas pożre
Zawali breją
Zdjęcia do wspomnień
I mroźna niemoc

Zima nas rozetnie
Odłamkiem lodu
Nie znajdziemy siebie
I powodu

Październikowy facet
I dziewczyna listopad
Jutro może nas nie być
W mój strach, kochanie, popatrz
Październikowy facet
I dziewczyna listopad
Jutro może nas nie być
W mój strach, kochanie, popatrz"
"lyrics-000353","Jeszcze nie chcę cię widzieć
Jeszcze dookoła dym
Jeszcze wszystko możliwe
Nikt nie kłamie tak jak my
Jeszcze chcę ci wybaczyć
Ciągle czekam na ten dzień
Jeszcze coś dla mnie znaczysz
Jeszcze mało o mnie wiesz
Lepiej nie igraj z ogniem
Jeszcze spali nas na proch
Lepiej daj mi zapomnieć
Albo zrób coś, powiedz coś

Au... au...

Jeszcze wszystko gorące
Jeszcze przyspieszony puls
Jeszcze boję się spojrzeć
Nie chcę znowu tak się czuć
Chyba słońce nas spiekło
Też za blisko chciałam być
Chyba coś we mnie pękło
Nikt nie sięgnął tam gdzie ty

Przez chwilę jeszcze przy mnie stój
Przez chwilę odpocznijmy tu
Popatrzymy jak się pali świat
Nie mamy się już czego bać

Jeszcze nie chcę cię widzieć
Jeszcze dookoła dym
Jeszcze wszystko możliwe
Nikt nie kłamie tak jak my"
"lyrics-000354","(To chyba odpowiednia pora)
(Oczywiście!)
(Ręce w górę!)

(O tak, raz, raz)
(Normalnie o tej porze wożę się po mieście)
(Normalnie o tej porze raz lepiej raz gorzej)
(To teraz?)
(Joł!)

Normalnie o tej porze wożę się po mieście
Normalnie o tej porze raz lepiej raz gorzej
Zazwyczaj jak żaba skaczę z miejsca na miejsce
Dzisiaj to nie przejdzie, do domu wrócę wcześniej

Wczoraj (wczoraj)
Przy fajce i butelce, po którą (którą)
Trzeba stać w kolejce
Było więcej kobiet, wszystkie były piękne
Tak lepiej jak jest więcej

Może by coś dzisiaj, ale ja umywam ręce
Pędzę do domu prędzej niż F5 w BeEmCe
Pięknej koleżance, w pięknej sukience
Mówię Pa, chwytam kierownicę jak Zorro lejce

Numeromania na liczniku
Sam sobie komentuje to co w radioodbiorniku
Niedługo będę w domu, nic nie pokrzyżuje moich szyków
Za parę minut zaparkuje przy chodniku (joł)

Normalnie o tej porze wożę się po mieście
Normalnie o tej porze raz lepiej raz gorzej
Normalnie o tej porze ja wożę się po mieście
Normalnie o tej porze raz lepiej raz gorzej

Normalnie o tej porze ja wożę się po mieście
Normalnie o tej porze raz lepiej raz gorzej
Normalnie o tej porze ja wożę się po mieście
Normalnie o tej porze raz lepiej raz gorzej

Jakoś niechcący złapałem za cybuch gorący
Wykonałem wdech tępy, żar mi wpadł do gęby
Wyplułem od razu niefartownie
Bo spadł mi na spodnie i na szybkości

Miałem dziurę o wielkości dwuzłotówki
Nie palę dziś już z lufki, nie palę dziś już wcale
By wieczór długi jak korale, a ja wciąż zmieniam lokale
Za oknami migają latarnie, jadę dalej

Coś się dzisiaj bawię marnie
Czerwona fala jechać ciągle nie pozwala
Z dala ktoś podbiega - to dalszy mój kolega
Stuka w szybkę, wsiada szybko, gadką męczy płytką
I mówi dziwnym tonem, cóż wiszę mu kabonę

Hej Peperoni skręć w lewą stronę (aha)
Ja tutaj z tyłu w piwie tonę, bo było wzburzone
Jak by tego było mało kurewsko się rozpadało
Oprócz Warszawy nic już z planów nie zostało

Normalnie o tej porze wożę się po mieście
Normalnie o tej porze raz lepiej raz gorzej
Normalnie o tej porze ja wożę się po mieście
Normalnie o tej porze raz lepiej raz gorzej

Normalnie o tej porze ja wożę się po mieście
Normalnie o tej porze raz lepiej raz gorzej
Normalnie o tej porze ja wożę się po mieście
Normalnie o tej porze raz lepiej raz gorzej

Siemano!
(Kaliber, Kaliber, Kaliber)
(Kaliber, Kaliber, Kaliber)"
"lyrics-000355","Chodzę po lodzie kruchym jak wiara w cud
Walczę uparcie o lepszy grunt dla stóp
Snami mnie mami pokrętny losu rytm
Obietnicami plami mi ufny byt
I płynę, płynę jak falą niesiony liść
Unoszę się jak ponad szosą przydrożny pył

Choć miałem śmiałość by wywracać świat na wspak
to on mną miota jak linoskoczkiem wiatr
I płynę, płynę jak falą niesiony liść
Unoszę się jak ponad szosą przydrożny pył

Brodzę po wodzie, stoję w niej aż po pas
Gdy się odwracam wieje mi prosto w twarz
Skulony do niej karmię się wiarą, że:
Prąd mnie poniesie w końcu tam, dokąd chcę
I płynę, płynę jak falą niesiony liść
Unoszę się jak ponad szosą przydrożny pył
I płynę, płynę jak falą niesiony liść
Unoszę się jak ponad szosą przydrożny pył"
"lyrics-000356","Father cried that hot summer day
Playing his accordion
Always making the crowds weep
Grandfather stumbles as he passes the hat around
Collecting the coins from each and every one
Enjoy the sound of a broken heart

When the arrow flies
""Splits"" the apple of your eyes
Watch the strong man turn aside and flinch
Not knowing that outside the camp
Something wicked is on its way
Like a line of blood
In the palm reader's hand

No escape from a sideshow fate
No escape from a sideshow fate
There's no escape from a sideshow fate
Enjoy the taste of a broken rule

There's no escape from a sideshow life

Card tricks with passports
And the deck stacked against us
No one sees the mermaid crying in her tank

Behold the circus in the capitol
Perform their pickpocket spectacle
Sentenced to a tightrope life
We don't know the net's been sold

Under the spell of a gypsy's curse
Under the spell of a gypsy's curse
Under the spell of a gypsy's curse
Under the spell of a gypsy's curse"
"lyrics-000357","Oh my father said
""Just keep silent
And in the places where you've been
Nobody will say you've been seen""

And I go to the woods
Once or twice a year
And I sing ""doo doo doo""
When they shave my hair

And I can see the vultures... vultures
The starvin' vultures... vultures
And the old man's ghost
I can see the vultures... vultures
The starvin' vultures... vultures
Killin' two white goats

And in the big, big, big cities
I gave all I got
And I shared a secret.secret. with a stranger
For he won't say it to my father

And I can see the vultures... vultures
The starvin' vultures... vultures
And the old man's ghost
I can see the vultures... vultures
The starvin' vultures... vultures
Killin' two white goats

And I can see the vultures... vultures

The starvin' vultures... vultures
And the old man's ghost
I can see the vultures... vultures
The starvin' vultures... vultures
Killin' two white goats

Killin' two white goats

Killin' two white goats

Killin' two white goats

[ Merci"
"lyrics-000358","So few cares and ever so unprepared
Mind, still not made up
And you sigh, there's so much I could've said
You try and keep strong
You sigh, there's so much I could've said
But I wasn't ready then and I'm still not
You sigh, there's so much I could've said
Don't cry, all day long
You sigh, there's so much I could've said
But I wasn't ready then and I'm still not"
"lyrics-000359","Verse 1
When I look around me
I see flowers and trees
I see children playing
MAKING such good memories
Walking through the town
I HEAR BLUESMEN jamming
for happy people
Such good melodies
and I say
Chorus
Life is beautiful
Life is wonderful
Verse 2
It's a cloudy day over  town
and the rain, the rain is falling DOWN
but the rainbow is also in the sky
reminding me that life is beautiful
You just gotta open you eyes
and you will see
You just gotta look around you
IT'S EASY TO SEE
Chorus
Bridge
You just got to look around you
And see the beauty out there
Look ALL around you
and you will see
(melodie)
Chorus"
"lyrics-000360","Quickborn child
They say she's quickborn wild
So alight
She wakes the moon at night

Mother's favorite
Always drawn to the sun
Flawless, sacred
She had it all now she's gone
She's waving

Ayaya
Ayayayaya, ayaya
Ayayayaya, ayaya
Ayayayaya, ayaya
She's waving

Ayaya
Ayayayaya, ayaya
Ayayayaya, ayaya
Ayayayaya, ayaya

Quickborn child
They say she's quickborn wild
Waves goodbye
She's never satisfied

Mother's favorite
But always drawn to the sun
Flawless, sacred
She had it all now she's gone
She's waving

Ayaya
Ayayayaya, ayaya
Ayayayaya, ayaya
Ayayayaya, ayaya
She's waving

Ayaya
Ayayayaya, ayaya
Ayayayaya, ayaya
Ayayayaya, ayaya

Ayaya
Ayayayaya, ayaya
Ayayayaya, ayaya
Ayayayaya, ayaya

Ayaya
Ayayayaya, ayaya
Ayayayaya, ayaya
Ayayayaya, ayaya"
"lyrics-000361","Lands splintered by men
Ignoring the umpire's call
Power and malice avail
Those who fester in feud

What kind of man does it take
To lead in the guidance of love
History's door ajar
For the giants of dust

Once the fog of time dissipates
What will be the name we dread
To say out loud?

Greeting the sun on the rise
The day of the empire's fall
How many more demises
Can one be the silent witness of

Once the fog of time dissipates
What will be the name we dread
To say out loud?"
"lyrics-000362","Green hills and enemies
These things, they make us sentimental inside
Your words are gelignite
Or just another sentimental aside

We're catching bullets in our teeth
And though it's easy if you know how it's done
They split the secret up six ways
Before they gave it to us just before dawn
And now we don't remember

Our blood and guts are out
We spread our bones across the table at night
We cut our fingers off
To give ourselves those little extra insights

We're catching bullets in our teeth
And though they try hard not to say how it's done
They always do
They spill the secret out six ways
And beg for our forgiveness just before dawn
And now we don't remember

We're catching bullets in our teeth
It's hard to do, but they taste sweet
And if they take a couple out, we try to work things out
We're catching bullets with our heads and hearts
And all the darkest parts of us
It's strange to find such light in such endless night

So sweet to lose a friend
You leave the church and taste the air in your lungs
Old lies and fireflies
Carve angels on your eyes, and all is undone

You whisper prayers into the dark
Up to a god in whom you've never believed
You always do
You split the secret up six ways
But it won't make it any easier to see
And now we don't remember

We're catching bullets in our teeth
It's hard to do, but they're so sweet
And if they take a couple out, we try to work things out
We're catching bullets with our heads and hearts
And all the darkest parts of us
It's strange to find such light in such endless night

We're catching bullets in our backs
We sent the undertaker back
Into the garden, in the drought to try to work things out
We're catching bullets with the best resources that we've got
We're happy, then again we're not
We shout through the endless doubt

Na-na-na-na-na-na
Na-na-na-na-na-na-na-na
Na-na-na-na-na-na
Na-na-na-na-na-na-na-na
Na-na-na-na-na-na
Na-na-na-na-na-na-na-na
Na-na-na-na-na-na
Na-na-na-na-na-na-na-na
Na-na-na-na-na-na
Na-na-na-na-na-na-na-na
Na-na-na-na-na-na
Na-na-na-na-na-na-na-na
Na-na-na-na-na-na
Na-na-na-na-na-na-na-na
Na-na-na-na-na-na
Na-na-na-na-na-na-na-na"
"lyrics-000363","One day our laughter comes flowing with the rain
And on the very next day, our sorrow sees us crying again
But darling: you can discover the lover in me
I can discover the lover in thee
Together we can roll and tumble until the cow come home

Sometimes our story's just too beautiful to tell
Like the bells on a Sunday, blues on a Monday, go together well
But darling, you can discover the lover in me
I can discover the lover in thee
Together we can rock and roll until the cow come home

Sometimes, some kind of sadness shows upon your face
Sometimes, some kind of madness tries to take my place
But darling you can discover the lover in me
And I can discover the lover in thee
Together we can rock and roll until the cow come home
Together we can rock and roll until the cow come home
Together we can rock and roll until the cow come home
Together we can rock and roll until the cow come home
Together we can rock and roll until the cow come home"
"lyrics-000364","Esseulé
J'ai peur de devenir fou
Je vois danser les orages
J'ai peur de devenir fou parfois
Esseulé

Esseulé
Sur la forêt la foudre s'abat
Je sens sa chaleur
J'ai peur de devenir fou parfois
Esseulé

Quand tout devient, quand tout devient si noir
Au fond de tes yeux
Au fond de tes yeux

Esseulé
Je te vois courir nue
L'asphalte se fend sous tes pas
Je crois devenir fou parfois
Esseulé

Esseulé
Te souviens-tu de nous
Les phares effleurent ton visage
Je crois devenir fou parfois
Esseulé

Quand tout devient, quand tout devient si pâle
Au fond de tes yeux
Au fond de tes yeux

Laisse-les
Laisse-les
Laisse les silences
Laisse-les
Laisse les silences
Laisse-les
Laisse-les

Laisse-les
Laisse-les
Laisse les silences
Laisse-les
Laisse les silences
Laisse-les
Laisse-les

Esseulé
J'ai peur de devenir fou
Je vois danser les orages
J'ai peur de devenir fou parfois
Esseulé"
"lyrics-000365","She looked like a Barbie doll
And she's way too young
Smoking a cigarette like a rolling stone
She tells me 'bout the life she lives
And the man she has

While asking for another beer, another smoke
Waiting for the phone to ring
Waiting for the show to sing
The cover's short and two front row seats at the boxing ring

And I, I want to save her
Whoa, she, she's waved goodbye
She tips the ash of a cigarette
And smiled

Rollercoaster girl
Rollercoaster world
Rollercoaster girl
Rollercoaster world

She wants to marry a money maker
Sooner or later
Buy her highs to dry her eyes
His credit card keeps her satisfied
She tells me 'bout the life she lives
And a broken heart

It all started some years ago
Dancing in the club
Hanging in the pub
Getting high
On the the parking lot

And I, I want to save her
Whoa, she, she's waved goodbye
She tips the ash of a cigarette
And smiled

Rollercoaster girl
Rollercoaster world
Rollercoaster girl
Rollercoaster world

Rollercoaster girl
Rollercoaster world
Rollercoaster girl
Rollercoaster world"
"lyrics-000366","I don't want to wait anymore
I'm tired of looking for answers
Take me some place where there's
Music and there's laughter

I don't know if I'm scared of dying
But I'm scared of living too fast, too slow
Regret, remorse, hold on
Oh no I've got to go

There's no starting over
No new beginnings, time races on
And you've just gotta keep on keeping on
Gotta keep on going, looking straight out on the road
Can't worry 'bout what's behind you
Or what's coming for you, further up the road

I try not to hold on to what is gone
I try to do right what is wrong
I try to keep on keeping on
Yeah I just keep on keeping on

I hear a voice calling
Calling out for me
These shackles I've made in an attempt to be free
Be it for reason, be it for love
I won't take the easy road

I've woken up in a hotel room
My worries as big as the moon
Having no idea who or what or where I am
Something good comes with the bad
A song's never just sad
There's hope, there's a silver lining

Show me my silver lining
Show me my silver lining

I hear a voice calling
Calling out for me
These shackles I've made in an attempt to be free
Be it for reason, be it for love
I won't take the easy road

I won't take the easy road
The easy road, the easy road
I won't take the easy road
The easy road, the easy road

Show me my silver lining
I try to keep on keeping on
Show me my silver lining
I try to keep on keeping on

Show me my silver lining
I try to keep on keeping on
Show me my silver lining
I try to keep on keeping on"
"lyrics-000367","Is this me?
Is this you?
Story of us
Four letters to you
Four seasons of us
Four seasons of you
Will end in the fourth letter to you

The story of me
The story of you

In everyone, I'll still be tied
I'm loosing up with four goodbyes
One to cry
One to scream
One to ask
One will explain

The story of me
The story of you

Your duty now; four letters long
Then you're off and the story's done
Here we lived, here we were
Let's write the end with a lover's word

The story of you"
"lyrics-000368","I wear my blouson noir
'Cause I've not espoir
I wear my blouson noir
'Cause I've not espoir
It's vanished out of reach
here in this foreign street
My skin my blouson noir
My good old friend so far
The moonlight is so week
hardly enlightens my weeping
Give me my blouson noir
My blackness call me back
I side the sirens howls
Rumbling on barren grounds
Here in the city of my sleepless
wandering I roam roam again
Give me my blouson noir
'Cause I've not espoir
It's vanished out of reach
here in this foreign street
I walk the rough rough pavement
and my thirst won't drain drain drain
I need my blouson noir
reflection of my heart
the darkness is too deep
swallowing all the heat
Headlights on silent row
Sharp edges in the night
Here in the city howls
the sleepless wandering
The raw embraces the dark dark rumble
and my thirst won't drain, drain, drain
The city howls
The sleepless wandering
The raw embraces the dark dark rumble
The city howls
The sleepless wandering
The raw embraces the dark dark rumble
The city howls
The sleepless wandering
The raw embraces the dark dark rumble
I won't recall your scent
I haven't grabbed your hands
into the city howls
I won't recall your scent
The sleepless wandering
The raw embraces the dark dark rumble"
"lyrics-000369","Where the light shivers offshore
Through the tides of oceans
We are shining in the rising sun

As we are floating in the blue
I am softly watching you
Oh boy, your eyes betray what burns inside you

Whatever I feel for you
You only seem to care about you
Is there any chance you could see me too?
'Cause I love you
Is there anything I could do
Just to get some attention from you?
In the waves I've lost every trace of you
Where are you?

After all I drifted ashore
Through the streams of oceans
Whispers wasted in the sand

As we were dancing in the blue
I was synchronized with you
But now the sound of love is out of tune

Whatever I feel for you
You only seem to care about you
Is there any chance you could see me too?
'Cause I love you
Is there anything I could do
Just to get some attention from you?
In the waves I've lost every trace of you
Where are you?

Whatever I feel for you
You only seem to care about you
Is there any chance you could see me too?
'Cause I love you
Is there anything I could do
Just to get some attention from you?
In the waves I've lost every trace of you
Where are you?"
"lyrics-000370","Got the blues
I got the blues
Got the blues
Baby

Let me tell you
That when I met you I was staring at the boys
Playing guitar, singing beautiful love songs
And looking at me with some stars in theirs
But you're such a beautiful woman
With such a beautiful voice
Even if you don't play the guitar
Felt something moving in my panties

Got the blues
I got the blues
Got the blues
Thinking of you

Let's pretend that I'm a boy
When I see you, I feel joy
My baby let me tell you I'm in love with you
Let me sing again all my love for you
When I see you I feel in my heart
Such a great emotion
I can't believe it I got the blues
What if I tell you I'm a poor little girl who loves a woman

Let me get the blues baby
Let me get the blues baby
Let me get the blues
Thinking of you

I could cry every last tear
I'm keeping in this little (x10) heart of mine
In this little (x6) heart of mine

Oh baby let me tell you
Baby let me tell you
Baby let me tell you

Oh baby let me say it
Hey baby let me say it
My baby let me say it
Baby let me say it
My baby let me say it, hey

Let me say it baby
In front of you
I'm just a lonely guy
Without a funny thing to say
A funny thing to say

With on the side I used to cry again
And most of all no dick too
I'm just a little (x10) guy in love
I'm just a little (x6) guy

Cause my entire body wants you
But between my two legs
I got a hole
I got a hole

I got a hole
Between my legs
I got a hole
I can't explain"
"lyrics-000371","I wouldn't know
Where to start
If you ever were to ask me
If I ever came to say
So is this why
You're proposing to me?
The front seat to young Peru
To sit in fear

Well it seems pointless to explain
Just give a stand
If only you've notice
If only you dare
I've gotta stop this obsession
I've got stay, got my reason
Let the film roll
Without me

I'm always waiting
For what comes real
And knees black from bending
Seeking a little love here and there
But I don't blame you for the end
The show, the last, maybe myself
For taken back

But it seems pointless to explain
I'll just give it a stand
If only you'd notice
If only you'd dare
I've gotta stop, stop this obsession
I've gotta stay, starting, got my reason
And let the film roll
Without me

I've gotta stop, stop this obsession
I've got stay, stay, got my reason
And let the film roll
Without me"
"lyrics-000372","I am an alien
and what you are saying is true
But I'll never stop believing
I'll never stop believing in you
Oh but it won't be happening
if you don't start breathing too
Oh no it won't be happening
if you don't start breathing too
Will you miss me when I'm gone?
Will you be happy all alone?
Will you see me there in your dreams?
Will you hear my heart when it screams?
If you start falling
you know I'll be falling with you
And if you start dancing
my body will be moving too
Oh but it won't be happening
if you don't start breathing too
Oh no it won't be happening
if you don't start breathing too
Will you miss me when I'm gone?
Will you be happy all alone?
Will you see me there in your dreams?
Will you hear my heart when it screams?
If you start falling
you know I'll be falling with you
And if you start dancing you know
my body will be moving too
Oh but it won't be happening
if you don't start breathing too
Oh no it won't be happening
if you don't start breathing too
Will you miss me when I'm gone?
Will you be happy all alone?
Will you see me there in your dreams?
Will you hear my heart when it screams?"
"lyrics-000373","Right above my head
No open skies but ghosts
Of everything that has been done
By everyone before
Is there room for one more?

It's in every step I take
In every smile I make
It's in all I do
Pretend you forget
Take anything to escape
Do you think I ever do?

Now I can barely see where I am standing
Could you please, get out of my way?

Now I can barely see where I'm standing
Could you please, get out of my way?

Whatever I say, whatever I do
I think how dare you
You're only the shadow of
What they were
And that's better then you

Her stare, and hiss over there
That's all I see
Is this good enough?
Is this true enough?
For you? For me?

Now I can barely see where I'm standing
Could you please, get out of my way?

Now I can barely see where I'm standing
Could you please, get out of my way?

Right above my head
No open skies but ghosts
Of everything that has been done
By everyone before
Is there room for one more?

It's in every step I take
In every smile I make
It's in all I do
Pretend you forget
Take anything to escape
Do you think I ever do?

Now I can barely see where I am standing
Could you please, get out of my way?

Now I can barely see where I'm standing
Could you please, get out of my way?"
"lyrics-000374","Give me all your love now
'Cause for all we know
We might be dead by tomorrow
I can't go on wasting my time
Adding scars to my heart
'Cause all I hear is
I'm not ready now
And I can tell
That you didn't had
To face your mother
Losing her lover
Without saying goodbye, without saying goodbye
'Cause she didn't had time
I don't want to judge
What's in your heart
But if you're not ready for love
How can you be ready for life?
How can you be ready for life?
So let's love fully
And let's love loud
Let's love now
'Cause soon enough we'll die"
"lyrics-000375","It's everywhere I look
From Las Vegas to right here
Under your dresser
Right by your ear
It's creeping in sweetly
It's definitely here
There's nothing more deadly
Than slow growing fear

Life was full and fruitful
And you could take a real bite
The juice poring well over
Your skins delight
But the shadow it grows
And takes the depth away
Leaving broken down pieces
To this priceless ballet

The shallower it grows
The shallower it grows
The fainter we go
Into the fade out line
The shallower it grows
The shallower it grows
The fainter we go
Into the fade out line

Did we build all those bridges
To watch them thin down to dust
Or blow them voluntarily
Out of constant trust
The clock is ticking its last couple of tocks
And there won't be a party with weathering frocks

The shallower it grows
The shallower it grows
The fainter we go
Into the fade out line
The shallower it grows
The shallower it grows
The fainter we go
Into the fade out line

Heading deeper down
We're sliding without noticing
Our own decline
Heading deeper down
We're hanging onto
Sweet nothings left behind

Deeper down
We're all going down
Down deeper down, yeah
We are all plunging straight towards our own decline
Without noticing
We slide
We slide down
The shadow grows without ever slowing down
We are heading straight
Into the fade out line
The shallower it grows

The shallower it grows
The fainter we go
Into the fade out line
The shallower it grows
The shallower it grows
The fainter we go
Into the fade out line
Into the fade out line"
"lyrics-000376","Water drops are dripping
On my broken old discman
The dumpster is filling
All a life soaked by the rain

I see,
Weeds along the wall
The house is sold, you're gone

I see,
The wind in the field
The house is sold, you're gone

A clock on the wall
My steps resound on the floor
The clock won't move at all
Time rushes like never before

Push it down the corner
Push it on the right down
Still the office and the drawers
And we're done done done

Water drops are dripping
On my broken old discman
The dumpster is filling
All a life soaked by the rain"
"lyrics-000377","One line for the one that we left behind
One line for the time we cared
This one's for the day we got tangled
This one for when we run away
One line for the night we said
We will never part
And this is for each time we thought
We loved in vain

Oh, my love, you will be fine
'Cause I'll do all I can do to raise you up again and make you alright
I'll do all I can do to do you good

One line for the time we held on tight
When it was better to let loose
One is for the words we thought out loud
And they got misunderstood
This is for the game we thought
We would never win
And this is for each time we said
""I believe""

Oh, my love, you will be fine
'Cause I'll do all I can do to raise you up again and make you alright
I'll do all I can do, if there's no one around I'll be close behind
And I'll do all I can do to do you good
Oh, my love, you will be fine
'Cause I'll do all I can do to raise you up again and make you alright
And I'll do all I can do, if there's
No one around I'll be close behind
And I'll do all I can do to do you good"
"lyrics-000378","I see the settling I have in my eyes
Imagine my surprise
Heaven and earth have both fled way
After the argument that was very little to say
Uh uh uh oh yeah as the dust came down
Uh uh uh uh
When I drown I drown
Uh uh uh uh
Lining wood slab on a cold city street
Soaking up the rain
With the soles of my feet
Now the city feels like a cold cruel place
When you're down on your luck and it spits in your face
Uh uh uh I walk barefoot now
Uh uh uh
Uh uh uh on the edge of the Nile
Uh uh uh
I tread lightly on no man's land
With my high wheels on I keep sinking in sand
Now I'm buying coffee and I'm drinking some rum
If Mezcal wasn't so tight
I'd run and run and run and run and run and run and run
Uh uh uh I walk barefoot now
Uh uh uh
Uh uh uh on the edge of the Nile
Uh uh uh
Uh uh uh I walk barefoot now
Uh uh uh
Uh uh uh on the edge of the Nile
Uh uh uh"
"lyrics-000379","Black burn
I feel so alone
Without you boy
You're not here and now I'm here
Hanging out in the streets
Thinking about reactions over actions
Walking on the sky of my dreams

Come, come, my baby come
I will show you the world today
Come, come, my baby come
I will cover your nightmares
Come, come, my baby come
I will love you forever
Come, come, my baby come
I will not let you go

My love, I just feel so lost
Without you boy
I am yours even if time has passed
Take me away
From this impetuous world
Leaving this jail of my mind

Come, come, my baby come
I will show you the world
Come, come, my baby come
I will cover your nightmares
Come, come, my baby come
I will love you forever
Come, come, my baby come
I will not let you go

My soul, my soul is in Africa, with you boy

Come, come, my baby come
I will show you the world
Come, come, my baby come
I will cover your nightmares
Come, come, my baby come
I will love you forever
Come, come, my baby come
I will not let you go

My soul, is in Africa
With you boy
Looking at the stars
On this diamond sky
Giving you my smile
So you can keep it on your mind
Floating on your blazing eyes

Come, come, my baby come
I will show you the world
Come, come, my baby come
I will cover your nightmares
Come, come, my baby come
I will love you forever
Come, come, my baby come
I will not let you go"
"lyrics-000380","For your heart they will mug you
For your soul they will trick you
Just things hard to come by

Know this the world is an evil machine
What you need is a ghost
But there' s no friendly ghost

Roland, I feel you
It is mayhem out these days
I specialize in end times, too
Last night I dreamt I was flying the jet
Into the mother ship
But then I woke up too soon

Hold tight get a grip
The whole world is going to hell
The kids right out on the streets
And baby ain't feeling the love no more

We have the salvation
And invented a device
But created a monster
And get killed by its hands
And in the air a sweet melody
It is a lullaby
An apocalypso beat

Hold tight get a grip
The whole world is going to hell
The kids right out on the streets
And baby ain't feeling the love no more

Hold tight get a grip
The whole world is going to hell
Kids into this world
Yes, until no prick is in charge no more"
"lyrics-000381","Have you ever seen my baby
Walking through the grass just after dawn?
And have you ever read Ulysses?
No I haven't, but I heard that it's nice in song

I want to go where every man's gone
Settle down where it's warm
Singing songs and writing poems underneath the tree
If it feels right then it can't be wrong
If it feels right then it can't be wrong
If it feels right then it can't be wrong as far as I can see

Is there a point, a point in waiting?
For in the end, it's nothing that you're waiting for
'Cause our time, our time is what you make it
You can run with it or break it, can't gamble on what's in store

I want to go where every man's gone
Settle down where it's warm
Singing songs and writing poems underneath the tree
If it feels right then it can't be wrong
If it feels right then it can't be wrong
If it feels right then it can't be wrong as far as I can see

We can only hope, we can only hope, what we yearn for comes to us in the end
And if it buckles and falls apart, if it buckles and falls apart
Pick up the pieces and bring it back to the beginning
Well, I hope that it comes true, I pray that it comes true"
"lyrics-000382","Je n'ai pas peur de la route
Faudrait voir, faut qu'on y goûte
Des méandres au creux des reins
Et tout ira bien là
Le vent nous portera

Ton message à la Grande Ourse
Et la trajectoire de la course
Un instantané de velours
Même s'il ne sert à rien va
Le vent l'emportera

Tout disparaîtra mais
Le vent nous portera

La caresse et la mitraille
Et cette plaie qui nous tiraille
Le palais des autres jours
D'hier et demain
Le vent les portera

Génétique en bandoulière
Des chromosomes dans l'atmosphère
Des taxis pour les galaxies
Et mon tapis volant, dis?
Le vent l'emportera
Tout disparaîtra mais
Le vent nous portera

Ce parfum de nos années mortes
Ce qui peut frapper à ta porte
Infinité de destins
On en pose un et qu'est-ce qu'on en retient?
Le vent l'emportera

Pendant que la marée monte
Et que chacun refait ses comptes
J'emmène au creux de mon ombre
Des poussières de toi
Le vent les portera
Tout disparaîtra mais
Le vent nous portera"
"lyrics-000383","Take me down
To the waterside
Let me drown
In your blue-green eyes
Take away
All my plans today
Hope you stay

'Cause I'm in love with the salt on your skin
Where've you been my love
I'm in love with the salt on your skin
With the salt
I'm in love with the salt on your skin
Where've you been my love
I'm in love with the salt on your skin

Take me in
To the ocean baby
Let me swim
Know you drive me crazy
Take a chance
Be here with me baby
Make it last

'Cause I'm in love with the salt on your skin
Where've you been my love
I'm in love with the salt on your skin
With the salt
I'm in love with the salt on your skin
Where've you been my love
I'm in love with the salt on your skin

Dive in with me, let's take this love so deep
You and the sea is all I'll ever need
Dive in with me, let's take this love so deep
You and the sea is all I'll ever need

'Cause I'm in love with the salt on your skin
Where've you been my love
I'm in love with the salt on your skin
With the salt
I'm in love with the salt on your skin
Where've you been my love
I'm in love with the salt on your skin
I'm in love with the salt on your skin
Where've you been my love
I'm in love with the salt on your skin
With the salt
I'm in love with the salt on your skin
Where've you been my love
I'm in love with the salt on your skin"
"lyrics-000384","All the leaves are brown and the sky is gray
I've been for a walk on a winter's day
I'd be safe and warm if I was in L.A
California dreamin' on such a winter's day

Stepped into a church I passed along the way
Well, I got down on my knees and I pretend to pray
You know the preacher like the cold
He knows I'm gonna stay
California dreamin' on such a winter's day

All the leaves are brown and the sky is gray
I've been for a walk on a winter's day
I'd be safe and warm if I was in L.A
California dreamin' on such a winter's day"
"lyrics-000385","I ain't sure bout the world,
I can't see what's on the other side
Wish I could know
I ain't sure bout tomorrow,
Everyday could be the day I die
No, no, no, no
No, ain't sure at all
Bout you everyday and
No, ain't sure at all
Bout what you'll get from me
No, ain't sure at all
You can stay or take a bow
But all I can say is, yes all I can say is
I ain't sure bout the rain, it can either bring us life or death
Wish I could know but
I ain't sure bout us either, we don't know who we'll
Be in a while
So I say no, no, no, no
No, ain't sure at all
Bout you everyday and
No, ain't sure at all
Bout what you'll get from me
No, ain't sure at all
You can stay or take a bow
But all I can say is, yes all I can say is
No, ain't sure at all
Bout you everyday and
No, ain't sure at all
Bout what you'll get from me
No, ain't sure at all
You can stay or take a bow
But all I can say is, yes all I can say is
But all I can say is,
yes all I can say is
But all I can say is,
yes all I can say is
No, ain't sure at all
Bout you everyday and
No, ain't sure at all
Bout what you'll get from me
No, ain't sure at all
You can stay or take a bow
But all I can say is, yes all I can say is
No, ain't sure at all
Bout you everyday and
No, ain't sure at all
Bout what you'll get from me
No, ain't sure at all
You can stay or take a bow
But all I can say is, yes all I can say is
But all I can say is,
yes all I can say is
But all I can say is"
"lyrics-000386","Hey
Let's go dancing between the trees
Nothing to be scared of
The Big Bad Wolf isn't for real

Hey
Let's go and hide into the attic
Nothing to be scared of
The Boogieman isn't for real

Hey
Let's stay all day under the sheets
Nothing to be scared of
The restriction isn't for real

Hey
Let's spend the night up on the hill
Nothing to be scared of
The tiredness isn't for real

Love, we'll never get old
And while we stay together
We'll be the heroes of our world

Hey
Let's go dancing between the trees
Nothing to be scared of
The Big Bad Wolf isn't for real

Hey
Let's go and hide into the attic
Nothing to be scared of
The Boogieman isn't for real

But love, we'll never get old
And while we stay together
We'll be the heroes of our world

Love, we'll never get old
And while we stay together
We'll be the heroes of our world

Love, we'll never get old
And while we stay together
We'll be the heroes of our world"
"lyrics-000387","Πολλές αγάπες γνώρισα, αγάπησα και χώρισα
Μα όπου κι αν γυρνούσα, εσένα ζητούσα
Στα όνειρα τα χίλια μου, σε γύρευαν τα χείλια μου
Σε γύρευε η ψυχή μου και πόθοι κρυφοί μου

Πόσο λυπάμαι τα χρόνια που πήγαν χαμένα
Πριν να γνωρίσω εσένα, που πρόσμενα καιρό
Μα πως φοβάμαι πως ίσως μια μέρα, σε χάσω
Γιατί να σε ξεχάσω; Ποτέ δεν θα μπορώ

Γείρε κοντά μου, αγάπη γλυκιά μου
Θέλω ακόμα ξανά να σου πω
Πόσο φοβάμαι πως ίσως μια μέρα, σε χάσω
Και πως να σε ξεχάσω; Που τόσο σ' αγαπώ

Πόσο λυπάμαι τα χρόνια που πήγαν χαμένα
Πριν να γνωρίσω εσένα, που πρόσμενα καιρό
Μα πως φοβάμαι πως ίσως μια μέρα σε χάσω
Γιατί να σε ξεχάσω; Ποτέ δεν θα μπορώ

Γείρε κοντά μου, αγάπη γλυκιά μου
Θέλω ακόμα ξανά να σου πω
Πόσο φοβάμαι πως ίσως μια μέρα, σε χάσω
Και πως να σε ξεχάσω; Που τόσο σ' αγαπώ"
"lyrics-000388","When I was just a little girl
I asked my mother ""What will I be?
Will I be pretty? Will I be rich?""
Here's what she said to me:

Que sera, sera
Whatever will be, will be
The future's not ours to see
Que sera, que sera, que sera

When I grew up and fell in love
I asked my lover ""What will I be?
Will I have rainbows day after day?""
Here's what my lover said:

Que sera, sera
Whatever will be, will be
The future's not ours to see
Que sera, que sera, que sera

I was holding on to the illusions of my mind
I will worry about nothing
But now I know, I have to let go and embrace the moment
Open up your mind
And set yourself free
All you got to do is let it be
Que sera, que sera, que sera

Now I have children of my own
They ask their mother ""What will I be?
Will I be handsome? Will I be rich?""
I tell them tenderly:

Que sera, sera
Whatever will be, will be
The future's not ours to see
Que sera, que sera, que sera

I was holding on to the illusions of my mind
I will worry about nothing
But now I know, I have to let go and embrace the moment
Open up your mind
And set yourself free
All you got to do is let it be
Que sera, que sera, que sera"
"lyrics-000389","You better get up for your mama
You better grab the best of your life
I know you're ready
To get older
Anyhow

Well, all you have to do is wander
Over fields of dark time
Where do you find yourself
Feeling lonesome?
Do you reckon your body and your mind?

Day on earth by the streets at night
Oh, yeah
I saw you passing
There in the street lights
Do you have
A home for the morning?
And are you holding
Holding on so tight?

You say that's what you have been given
A whole lot of nothing for your time
And have you sunken
Down in your bones?

Do you toss and turn and turn at night?
And are you holding, holding on so tight?
Do you toss and turn and turn at night?
And are you holding, holding on so tight?"
"lyrics-000390","Dansez, nous dansons souvent
Au bord du cratère
Sur un volcan
À quoi sert notre venue
Oh dansez, dansez
Tout est perdu

Secouez, secouez-moi tout ça
Le charme discret
Le calme plat
À quoi sert notre venue
Oh dansez, dansez
Tout est perdu

Dansez, le tigre a faim
Dansez, vous n'avez plus rien
Dansez, petit bout de chair
Dansez, au bord du cratère

En l'air nous ne craindrons pas
Ni la poussière
Ni le magma

À quoi sert notre venue
Oh dansez, dansez
Tout est perdu

Dansez, le tigre a faim
Dansez, vous n'avez plus rien
Dansez, petit bout de chair
Dansez, au bord du cratère

Dansez, le tigre a faim
Dansez, vous n'avez plus rien
Dansez, petit bout de chair
Dansez, au bord du cratère

Dansez
Dansez
Dansez
Dansez"
"lyrics-000391","Ich hab' keine Hand frei, keine Hand frei
Aber tausend Ideen
Ich hab' keine Hand frei, keine Hand frei
Ich hab' keine Hand frei, keine Hand frei
An die Decke will ich gehen
Ich hab' keine Hand frei, keine Hand frei

Morgen ist auch noch ein Tag, hauptsache später
Wer kann, der könnte schonmal
Wo sind die Herrn dieser Welt? Alles Verräter
Wir sind den Göttern egal

Ich sag' ""So ein Albtraum, so ein Albtraum
Ich hör' Stimmen im Klavier (?)""
Ich sag' ""So ein Albtraum, so ein Albtraum""
Ich sag' ""So ein Albtraum, so ein Albtraum
Was kann ich denn schon dafür?""
Ich sag' ""So ein Albtraum, so ein Albtraum""

Morgen ist auch noch ein Tag, hauptsache später
Wer kann, der könnte schonmal
Wo sind die Herrn dieser Welt? Alles Verräter
Wir sind den Göttern egal

Morgen ist auch noch ein Tag, hauptsache später
Wer kann, der könnte schonmal
Wo sind die Herrn dieser Welt? Alles Verräter
Wir sind den Göttern egal

Morgen ist auch noch ein Tag, hauptsache später
Wer kann, der könnte schonmal
Wo sind die Herrn dieser Welt? Alles Verräter
Wir sind den Göttern egal"
"lyrics-000392","Feeling so high and low at the same time
It's hard I know to understand what I mean
Feeling so high and low at the same time
It's hard I know to understand what I mean

Once you touched the sky and you went down
It's hard I know to understand what I mean
Once you touched the sky and you went down
It's hard I know to understand what I mean

Close your eyes
Close them wide shut
Use your inner senses
And you will figure it out

Close your eyes
Close them wide shut
Use your inner senses
And you will figure it out

Like a dream, you can't remember
I know it's hard to understand what I mean
Like a sweet dream, you can't remember
I know it's hard to understand what I mean

Or when you find your breath going under
I know it's hard to understand what I mean (I'm in)
Or when you find your breath going deeper
I know it's hard to understand what I mean (I'm in)

Close your eyes
Close them wide shut
Use your inner senses
And you will figure it out

Close your eyes
Close them wide shut
Use your inner senses
And you will figure it out

If somehow you feel it too now
I know you know, you know what I mean (I'm in)
Open your heart, don't be afraid
I know you know, you know what I mean (I'm in)
Let it in, let it take over
I know you know, you know what I mean (I'm in)
Let it in, let it shine

Close your eyes
Close them wide shut
Use your inner senses
And you will figure it out

Close your eyes
Close them wide shut
Use your inner senses
And you will figure it out

And you will figure it out
And you will figure it out
You will figure it out"
"lyrics-000393","Johnny & Mary (Remastered)-Bryan Ferry
Johnny's always running around
Trying to find certainty
He needs all the world to confirm
That he ain't lonely
Mary counts the walls
Knows he tires easily
Johnny thinks the world would be right
If it could buy truth from him
Mary says he changes his mind
More than a woman
But she made her bed
Even when the chance was slim
Johnny says he's willing to learn
When he decides he's a fool
Johnny says he'll live anywhere
When he earns time to
Mary combs her hair
Says she should be used to it
Mary always hedges her bets
She never knows what to think
She says that he still acts like he's
Being discovered
Scared that he'll be caught
Without a second thought
Running around Running around
Running around Running around
Johnny feels he's wasting his breath
Trying to talk sense to her
Mary says he's lacking a real
Sense of proportion
So she combs her hair
Knows he tires easily
Johnny's always running around
Trying to find certainty
He needs all the world to confirm
That he ain't lonely
Mary counts the walls
Says she should be used to it
Running around Running around Running around
Running around"
"lyrics-000394","I got flowers in my pocket and a cradle for my own shoes
All these people got my back and they're all howling at the moon

I've been running, but there's no place like my home base
Baby, there's no place
I've been running, but there's no way like my own way
Baby, there's no way

So I roam my home blocks
Living on the rooftops
Like a wild dog
And I know these old streets that are walking my feet
Like a wild dog
I've been running with the ghosts of the edge
Treading the limits with the lost on the ledge
And while you're sleeping safe and sound in your bed
I'm running free just like a wild dog

I got scars on my jacket and a hole where you used to be
This is where I learned to fight and where I learned to bleed

I've been running, but there's no place like my home base
Baby, there's no place
I've been running, but there's no way like my own way
Baby, there's no way

So I roam my home blocks
Living on the rooftops
Like a wild dog
And I know these old streets that are walking my feet
Like a wild dog
I've been running with the ghosts of the edge
Treading the limits with the lost on the ledge
And while you're sleeping safe and sound in your bed
I'm running free just like a wild dog

I've been running with the ghosts of the edge
Treading the limits with the lost on the ledge
And while you're sleeping safe and sound in your bed
I'm running free just like a wild dog"
"lyrics-000395","Did you ever read Albert Camus?
The bit about how you gotta turn away
From the world to understand it
Did you feel this too?
I was in a mindless kind of queue
And then I went a pulled myself right out
Found things just got a bit wilder

Haven't you heard right?
It's a truly absurd life
Tomorrow you could be a big hole
And the next day you could be a king
Can't return to my old ways
When the nothingness held up the days
And now come to think of it
I only got out of bed for you

I used to think nothing of the end
Repeating each day was my forte
Spinning out time like a spider with a web
Devouring every second I was fed
But then I went and sailed right out, got lost
Found things just got a bit lighter

Haven't you heard, love?
It's a truly absurd love
Tomorrow you could be a big kiss
And the next day you could be a stone
Can't return to my old lives
Quite oblivious to all of the signs
And now come to think of it
I only got out of bed for you

Invited to the feast
I only had one grape
Always arrived ahead of time
But turned out I was late
I can see now the world does not care
And that's okay with me
So I never really needed a boat to sail out to the sea

Haven't you heard right?
It's a truly absurd life
Tomorrow you could be a big hole
And the next day you could be a king
Can't return to my old ways
When the nothingness held up the days
And now come to think of it
I only got out of bed for you

Haven't you heard, love?
It's a truly absurd love
Tomorrow you could be a big kiss
And the next day you could be a stone
Can't return to my old lives
Quite oblivious to all of the signs
And now come to think of it
I only got out of bed for you"
"lyrics-000396","Darlin', don't you act like maybe
You could be my baby
For ye back home

Darlin' don't you do no nothing
After all these years now
So I don't feel alone

Mother, don't you ask no questions
Better save those words for
Until my ship comes in

Father, could you tell my true love
Not to lock that backdoor
So I can come back home

Wild horses
Running through the fields I used to
I know it's gonna be the first thing
That I'm gonna do when I come back home
Come back home
Wild horses
The feeling that I tend to tell you
There isn't gonna be no taming
When I'm gonna make it home

Wild horses
Running through the fields I used to
I know it's gonna be the first thing
That I'm gonna do when I come back home
Come back home
Wild horses
The feeling that I tend to tell you
There isn't gonna be no taming
When I'm gonna make it home

Darlin', don't you be my baby
Just a day or two now
Before I head back home

Dommie, won't you be my brother
Just another day now
So I don't feel alone

Father, would you be my guidance
Would you look for sails
Until my ship comes in

Father, would you be my backbone
Could you send me straight now
So I can come back home

Wild horses
Running through the fields I used to
I know it's gonna be the first thing
That I'm gonna do when I come back home
Come back home

Wild horses
The feeling that I tend to tell you
There isn't gonna be no taming
When I'm gonna make it home"
"lyrics-000397","And I'm moving on in the desert nights
And I'm climbing high
Could have fallen twice but
All inside of me is moving towards the light
I feel like a
New Woman

And I'm moving on, leave the past behind
Raised underground for the longest time now
All inside of me aims to cross the lines
I feel like a
New Woman

Change
Breaking my cage
Making mistakes
Taking the stage
Feel like a New Woman
Today

Change
Breaking my cage
Making mistakes
Taking the stage
Feel like a New Woman
I feel it today

And I'm moving on, hear the doubts inside
The season's fading in and out time after time
They say I'm like the moon, I let them know I am the sun
I feel like a New Woman

And I'm moving on in the desert nights
Find equal times at the dawn of light
See you have to trust the dark to see what comes to light
I feel like a New Woman

They talk, they explain
They bare their teeth again
They stare
Beast of prey
I am not afraid
Hear me shouting

Change
Breaking the cage
Making mistakes
Taking my stage
Feel like a New Woman
Today

Change
Breaking my cage
Making mistakes
Taking the stage
Feel like a New Woman
I feel it today

Feel like a New Woman
And I feel like a New Woman
Feel like a New Woman
And I feel like a New Woman
Feel like a New Woman
And I feel like a New Woman
Feel like a New Woman

Change
Breaking my cage
Making mistakes
Taking my stage
Feel like a New Woman"
"lyrics-000398","Come along now, down the town square
We should be already there
You better run faster, can you hear them?
They're coming from everywhere
But don't you worry, no one is alone here
There's no need to be scared
Before the day is done now, a battle will be won now
Cause we are coming prepared
Oh we all know when the day has come
We're standing bravely hand in hand
We will never ask what we could have
Done, cause we would stay until the end
We will be strong, will be proud and fighting when it happens
Our dreams are the armor and the words are the weapon
We will not be afraid, conquer our fear
Raise your hands in the air, screaming we are still here

Instrumental

Everything around us is nothing but motion
Since the dawn of time
Demanding to go back to the old days
Is just a nightmare in disguise
They're screaming ""we are the people"" from the top of their lungs
They shouting ""build that wall""
It seems like you need to have an enemy
To believe that the world is still small
But we are known when the day has come, standing bravely hand in hand
Nobody leaves till the battle is won, cause we will stay until the end
We will be strong, will be proud, and fighting when it happens
Our dreams are the armor and the words are the weapons
We will not be afraid, conquer our fear
Raise your hands in the air, screaming we are still here

Instrumental

Oh we will be strong, will be proud and fighting when it happens
Our dreams are the armor and the words are the weapons
We will not be afraid, conquere our fear,
Raise your hands in the air screaming we are still here"
"lyrics-000399","Enough is enough, no one stops the Catarpillar
The weight of the world already too much to bear
You do it loud, mix it up with vanilla
The sound is the best I have heard for a million years

From the thunder that came I was never the same
And I would stop to think of what to do
I was taking a leap I was playing for keeps with you

The many touches on my skin
That's lying between now and then
The many kisses on my chin
So severe
I can't believe this state I'm in
I can't believe what's happening
We'll never be this young again
Guinevere

A comic relief that makes room for my decision
To tighten the rope so that you never will forget
The music that comes from when playing with precision
The words are too rough I can't shake it from off my head

I was making a mess for the better I guess
With a desire to be understood
There were people around with the need to get down for good

The many touches on my skin
That's lying between now and then
The many kisses on my chin
So severe
I can't believe what's happening
I can't believe the state I'm in
We'll never be this young again
Guinevere"
"lyrics-000400","Did you know there are people living on the dark side of the moon
We can build our house right there and we both would be happy soon
Did you know we skipped 300 years into 1721
So lets dress up i'm the grand seigneur
And you my dear you're the grand dame

Did you know that the earth is flat and we are living under a dome
So every night we look up in the sky we watch the same old show
But some say there's is a heaven above and down there is a hell
And we can make up every story we like
Cause we are storytelling animals

And every raindrop falling on the treetop, from a sky made of memories
Can bring water down into the dark side and let strange flowers bloom
And every shadow falling from our window, into a mind full of theories
Can be dangerous for everyone around you
So tell a story, one that is true

Did you know that the news is fake, they're telling nothing but lies
You're my only reality cause i can see you with my own eyes
Did you know that you can get everywhere
Form a dishwasher to a millionaire
Oh my dear, we can life what we tell, we are storytelling animals

And every raindrop falling on the treetop, from a sky made of memories
Can bring water down into the dark side and let strange flowers bloom
And every shadow falling from our window, into a mind full of theories
Can be dangerous for everyone around you
So tell a story, one that is true

Did you know that below your feet there's a world
Another concrete floor
Oh we can both move underground and we would live there forever more
Oh some say the old ruins in the sand
Well as every story will come to an end
But my dear, we can live what we tell, we are storytelling animals

And every raindrop falling on the treetop, from a sky made of memories
Can bring water down into the dark side and let strange flowers bloom
And every shadow falling from our window, into a mind full of theories
Can be dangerous for everyone around you
So tell a story, one that is true"
"lyrics-000401","Follow me now
There is somewhere
I want to go

You know me well and that is how it is, it is, it is
You don't know how this came to be

I did not say
I found a way
On my own my own

You don't know how this came to be
You don't know how this came to be

Follow me now
There is somewhere
I want to go

Upon the stars
Or down below below below below
You don't know how this came to be
You don't know how this came to be"
"lyrics-000402","Unsung don't say it, touch it, or replay it, it only happens once.
So long to last lines, every time's the first time, i'm off to have some fun.
A cauldron of potions, drops of the oceans, couldn't solve this one.
As luck would have it i'm on the planet, and so it seems are you."
"lyrics-000403","Ой, Иван то ты Иван
Где ты ночью пропадал
Где ты ночью пропадал
Что у девки не бывал

Что у девки не бывал
Сударушки не видал
Сударушка девушка
Не гневайся на меня

Сударушка девушка
Не гневайся на меня
Не гневайся на меня
Что я не был у тебя

Что я не был не бывал
На улице пропадал
На улице пропадал
Во скрипочку проиграл"
"lyrics-000404","Oh it wasn't bad, wasn't it good?
Oh it was a moment of life
We were just two little humans
Walking to end of the night

Oh it's been a ride
I think i have survived
But I don't know
I'm miffed without your love
Oh it's been a ride
I think i have survived
But I don't know
I'm miffed without your love

Oh it wasn't hugs it was combat
Oh it wasn't rocks it was dust
You said i should find what i don't know
You said i should lie in the rust

Oh it's been a ride
I think i have survived
But I don't know
I'm miffed without your love
Oh it's been a ride
I think i have survived
But I don't know
I'm miffed without your love

I was caught in the headlights
What am i gonna see?
I was bound to be lonely
What am i gonna be?
If i don't have a meaning
What am i gonna mean?
If I can't see your face love
What am i gonna see?

I was caught in the headlights
What am i gonna see?
I was bound to be lonely
What am i gonna be?
If i don't have a meaning
What am i gonna mean?
If I can't see your face love
What am i gonna see?

Oh it's been a ride
I think i have survived
But I don't know
I'm miffed without your love
Oh it's been a ride
I think i have survived
But I don't know
I'm miffed without your love

Oh it's been a ride
I think i have survived
But I don't know
I'm miffed without your love
Oh it's been a ride
I think i have survived
But I don't know
I'm miffed without your love"
"lyrics-000405","Pamiętam jak myśleliśmy
Że świat nas nie dotyczyłby
Gdybyśmy tak na przekór im
Pozakrywali oczy
Już prawie Cię nie widzę
Spróbuj odgadnąć kto jest kim
Jesteśmy coraz bliżej
Pozakrywajcie oczy

Niech nikt się nie porusza
Nikt mi nie przerywa
Zacznę, gdy zapadnie zmrok
Nikogo już nie słucham
Nikt się nie odzywa
Radzę wam odwróćcie wzrok

Pamiętam, jak myśleliśmy
Że nikt nas nie zobaczyłby
Gdybyśmy tak ostatkiem sił
Pozakrywali oczy
Już prawie Cię nie widzę
Spróbuj odgadnąć kto jest kim
Jesteśmy coraz bliżej
Pozakrywajcie oczy

Niech nikt się nie porusza
Nikt mi nie przerywa
Zacznę, gdy zapadnie zmrok
Nikogo już nie słucham
Nikt się nie odzywa
Radzę wam odwróćcie wzrok

Udawaj, że mnie nie ma
Udawaj, że zniknęłam

Niech nikt się nie porusza
Nikt mi nie przerywa
Zacznę gdy zapadnie zmrok
Nikogo już nie słucham
Nikt się nie odzywa
Radzę wam odwróćcie wzrok
Niech nikt się nie porusza
Nikt mi nie przerywa
Zacznę, gdy zapadnie zmrok
Nikogo już nie słucham
Nikt się nie odzywa
Radzę wam odwróćcie wzrok

Niech nikt się nie porusza
Nikogo już nie słucham"
"lyrics-000406","hij ligt boven op de spiegel
hij ligt boven op zijn hoofd
naast het bed tussen de scherven
ik schoot raak recht in de roos
ik schoot raak recht in de ...
als men bang is mag men wenen
ik ben bang en hij is dood
maar de kat wil met me spelen
maar de kat springt op mijn schoot
maar de kat spring op mijn ...

hij zei dat een man geen vrouw was
hij zei niets is voor altijd
hij zei dat ik nog een kind was
en dat ik het toch niet begreep, niet begrijp

vader zei dat hij zou komen
moeder vroeg of hij me sloeg?
en of hij mij, mij misschien had bedrogen?
ik weet het niet en ik ben moe
ik weet niets en ik ben ...
als je moe bent, moet je slapen
als je slaapt dan is het stil
dan hoor je niets meer, niet meer wat ze vragen
ik hoor niets als ik niet wil
ik hoor niets als ik niet ...

hij zei dat een man geen vrouw was
hij zei niets is voor altijd
hij zei dat ik nog een kind was
en dat ik het toch niet begreep, niet begrijp

als je moe bent, moet je slapen
als je slaapt dan is het stil
dan hoor je niets meer, niet meer wat ze vragen
ik hoor niets als ik niet wil
ik hoor niets als ik niet ...

hij zei dat een man geen vrouw was
hij zei niets is voor altijd
hij zei dat ik nog een kind was
en dat ik het toch niet begreep, niet begrijp

hij zei dat een man geen vrouw was
hij zei niets is voor altijd
hij zei dat ik nog een kind was
en dat ik het toch niet begreep, niet begrijp..."
"lyrics-000407","Sleep don't visit
So I choke on sun
And the days blur into one
And the backs of my eyes
On things I've never done

Sheets are swaying from an old clothesline
Like a row of captured ghosts over old dead grass
Is never much but we made the most
Welcome home (home, home, home)
(Home, home)

Ships are launching from my chest
Some have names but most do not
If you find one, please let me know what piece I've lost

Heal the scars from off my back
I don't need them anymore
You can throw them out or keep them in your mason jars
I've come home (home, home, home)
(Home, home)

All my nightmares escaped my head
Bar the door, please don't let them in
You were never supposed to leave
Now my head's splitting at the seams
And I don't know if I can

Here, beneath my lungs
I feel your thumbs press into my skin again"
"lyrics-000408","Farewell baby, you are looking so free
Looking at the river and the river will see
Farewell baby, I have paid my dues
Farewell baby hello the blues

Farewell baby, with your lips are here
You will be loved until the day I am dead
Farewell baby, we got nothing to loose
Farewell baby hello the blues

البنت الشلبية عيونها عسلية
بحبك من قلبي يا قلبي انتي عينيا
بحبك من قلبي يا قلبي انتي عينيا
تحت القناطر محبوبي ناطر
جرح الخواطر يا ولدي ما هان عليا
جرح الخواطر يا ولدي ما هان عليا

Farewell baby, you make me shine
For nothing yor laugh is life
Farewell baby, I have paid my dues
Farewell baby hello the blues

Farewell baby in the city light
I'll disappear in the dark of the night
Farewell baby, I have paid my dues
Farewell baby, hello the blues

Farewell baby, you are looking so free (البنت الشلبية)
Looking at the river and the river will see (عيونها عسلية)
Farewell baby, I have paid my dues (بحبك من قلبي يا قلبي)
Farewell baby hello the blues (انتي عينيا)

Farewell baby, with your lips are here (البنت الشلبية)
You will be loved until the day I am dead (عيونها عسلية)
Farewell baby, I have paid my dues (بحبك من قلبي يا قلبي)
Farewell baby hello the blues (انتي عينيا)"
"lyrics-000409","Wakan Tanka
Gran Espíritu
Agradezco
Pachamama
Wakan tanka
Tunkashila
Agradezco
Pachamama

En el cielo
Con los pájaros que vuelan
Las oraciones

Y amor, misterio de la luna
Amor, mi vida preciosa
Amor, dame dame fuerza
Amor, confía medicina

I crossed over
Anxious spirit
Lost my knowing
Confused senses
Ancient voices
Spill their secrets
Taking footsteps
With our Mother

All related
Broken hearted
No more darkness

With this love, we are all related
In love, give me strength
In this love, we are all related
In love, give me strength in this

Na-na-na-na-na, na-na-na-na ya, hey
Na-na-na-na-na, na-na-na-na ya, hey
Na-na-na-na-na, na-na-na-na ya, hey
Na-na-na-na-na-na, we are all related

Cura, cura, cura, cura, cura, cura, cura, cura mi
Cura, cura, cura, cura, cura, cura, cura, cura mi
Cura, cura, cura, cura, cura, cura, cura, cura mi
Cura, cura, cura, cura, cura, cura, cura, cura mi
Medicina

Y amor, misterio de la luna
Amor, mi vida preciosa
Amor, dame dame fuerza
Amor, confía medicina

We are all related in love
Give me strength in this love
We are related in love
Give me strength in this love

Na-na-na-na-na, na-na-na-na ya, hey
Na-na-na-na-na, na-na-na-na ya, hey
Na-na-na-na-na, na-na-na-na ya, hey
Na-na-na-na-na-na, we are all related"
"lyrics-000410","Look, my baby, what we've done
Look how wonderful it all is
Having you, I have it all, oh
Our souls merged into one

Hold me tight and kiss me long
Touching, ooh, everything I've got
Make love to me 'til dawn, ay-ay
And come on, baby, let's burn it all

Heaven bells ring above our heads
Most beautiful sound I have ever heard
Our hearts dance with this song
All things good for love

Let me show you, baby (uh), what I need
Need to feel the touch of your skin
Oh, I need you to touch me right here, ay-ay
I need to feel you, uh, inside of me, ay

Heaven bells ring above our heads
Most beautiful sound I've ever, ever heard
Oh, really, I've ever heard
Our hearts dance with this song
All things good, oh-oh (love)

Come on, babe, let me show you what I need
I need to feel you inside of me, yeah (inside of me)
(Yeah) yeah, (yeah) yeah, (yeah) yeah, (yeah)
Come on, babe, let me show you what I need
Come on, babe, you know how to make me feel like a queen
Ay-ay-ay-ay-ay-ay-ay, ay
(Yeah) yeah, (yeah) yeah, (yeah) yeah, (yeah)

Heaven bells ring above our heads
Most beautiful sound I've ever, ever heard
Oh, really, I've ever heard
Our hearts dance with this song
All things good, love

Ah! Aw (heaven), aw (heaven)
Oh, babe (heaven), that's my place (heaven bells)
You know how to do it well (heaven)
I'll keep on dancing it (heaven)
I'll keep on dancing it (heaven)
Yeah (heaven bells)
Alright, come on, boy (heaven, heaven bells)

Oh (heaven, heaven bells), yeah (heaven bells)
Yeah (heaven, heaven bells, heaven bells)
Oh, babe (heaven, heaven bells), oh, babe (heaven bells)
Oh (heaven, heaven bells, heaven bells)
Oh (heaven, heaven bells, heaven bells)
Oh (heaven, heaven bells, heaven bells)
Oh (heaven, heaven bells, heaven bells)"
"lyrics-000411","Words like violence break the silence
Come crashing in into my little world
Painful to me, breaks right through me
Can't you understand, oh, my little girl?

All I ever wanted
All I ever needed is here in my arms
Words are very unnecessary
They can only do harm

Vows are spoken to be broken
Feelings are intense, words are trivial
Pleasures remain, so does the pain
Words are meaningless and forgettable

All I ever wanted
All I ever needed is here in my arms
Words are very unnecessary
They can only do harm"
"lyrics-000412","I am a passenger
And I ride and I ride
I ride through the city's backside
I see the stars come out of the sky
Yeah, the bright and coloured sky
You know it looks so good tonight

I am a passenger
I stay under glass
I look through my window so bright
I see the stars come out tonight
I see the bright and hollow sky
Over the city's ripped-back sky
And everything looks good tonight

Singin' la-la-la-la-la-la-la-la
La-la-la-la-la-la-la-la
La-la-la-la-la-la-la-la, la-la

Get into the car
We'll be the passenger
We'll ride through the city tonight
We'll see the city's ripped backsides
We'll see the bright and hollow sky
We'll see the stars that shine so bright
Stars made for us, tonight

He sees the city sleep at night
The passenger, he sees the stars are out tonight
The passenger and all of it is yours and mine
And all of it is yours and mine

La-la-la-la-la-la-la-la
La-la-la-la-la-la-la-la
La-la-la-la-la-la-la-la, la-la"
"lyrics-000413","I was dreaming of the past
and my heart was beating fast
I began to lose control
I began to lose control
I didn't mean to hurt you
I'm sorry that I made you cry
Oh my I didn't want to hurt you
I'm just a jealous guy

I was feeling insecure
You might not love me anymore
I was shivering inside
I was shivering inside
Oh I didn't mean to hurt you
I'm sorry that I made you cry
Oh my I didn't want to hurt you
I'm just a jealous guy

I didn't mean to hurt you
I'm sorry that I made you cry
Oh my I didn't want to hurt you
I'm just a jealous guy

I was trying to catch your eyes
I thought that you were trying to hide
I was swallowing my pain
I was swallowing my pain
I didn't mean to hurt you
I'm sorry that I made you cry
Oh my I didn't want to hurt you
I'm just a jealous guy
watch out baby I'm just a jealous guy
Look out baby I'm just a jealous guy"
"lyrics-000414","She walks in like a desert fire
Ignites in your deep desire
One glance she will hook you in
And unleash your deadly sin

She's a dark cloud
In a sky of blue
She's a dark cloud
Hangin' over you

She dances around like a girl possessed
Teases you as she gets undressed
She uses you like she's used before
Leave you breathless wanting more

She's a dark cloud
In a sky of blue
Is a dark cloud
Hangin' over you

She'll keep you lit into the night
When the dawn breaks
She's out of sight

Don't know! No! No! No!
Don't know! No! No! No!

She's a dark cloud
In a sky of blue
She's a dark cloud
Hangin' over you"
"lyrics-000415","When the summer is fast*
The bruise will be slow
That's when I fell in love
With my winter rose
And it felt just like
An angel that came
Like a magic light
Like a little flame
Signs will fall to us
When the point brakes through
There's no kindest words
Than the blistering truth
People call for love
When it's almost too much
It's the faceless shame
That you cannot touch
If you say you love me
Then I ever owe you
When you are full of bee
Then I have my eye on you
When the loving is fast
Then the bruise will be slow
That's how I fell in love
With my winter rose
And I will paint the face
To the clear back at me
I'll be lying lies
Only I can see
If you say you love me
Then I ever own you
When you are full of bee
Then I have my eye on you"
"lyrics-000416","Well you came in
And I got stuck on you
We got along like dark & stormy
Each day I've been dressing myself up for you
And I still do
And everything was right
And everything was cool
And everything was so...
But all I knew
Is that we were just way too greedy
And imitating cinema

I only wanna be loved by you again
It's you my man
Always
In the end
Come over and keep me
Come over and keep me
This time just keep
Me under your spell

Oh babe we had it all
But there ain't nothing new
I keep on wondering what were doing
Cause everything was right
And everything was cool
And everything was so...
Oh what a shame
That we were just way too greedy
And imitating cinema

I only wanna be loved by you again
It's you my man
Always
In the end
Come over and keep me
Come over and keep me
This time just keep
Me under your spell

I only wanna be loved by you again
It's you my man
Always
In the end
Come over and keep me
Come over and keep me
This time just keep
Me under your spell"
"lyrics-000417","Tavo akyse ganosi arkliukai
Bet dangus jose visada apniūkęs
Tu žinai žodžius, jie nuo tavęs bėga
Viskas panašu į žaidimą Lego

Nes dieną, kai tu gimei
Lijo lijo lijo
Dieną, kai tu gimei
Lijo lijo lijo...

Lego iš vorų
Ant tualeto sienų
Iš aklų šunų
Ir pušų kamienų

Tu žinai žodžius
Jie tave kankina
Einam prisigert
Pas mane balto vyno

Nes dieną, kai tu gimei
Lijo lijo lijo
Dieną, kai tu gimei
Lijo lijo lijo..."
"lyrics-000418","No more tears, my heart is dry
I don't laugh and I don't cry
I don't think about you all the time
But when I do, I wonder why

You have to go out my door
And live just like you did before
I know I said I was sure
But rich men can't imagine poor

One day baby, we'll be old
Oh baby, we'll be old
And think of all the stories
That we could have told
One day baby, we'll be old
Oh baby, we'll be old
And think of all the stories
That we could have told

We don't need a little you
Kept doing all the things they do
They never really think it through
Like I can never think you true

You're gon' get the blame
The guilt, the pain, the hurt, the shame
The founding fathers of a blame
That stuck and now it's hard to reign

I said that one day baby, we'll be old
Oh baby, we'll be old
And think of all the stories
That we could have told
One day baby, we'll be old
Oh baby, we'll be old
And think of all the stories
That we could have told

Oh baby, we'll be old
That we could have told
Baby, we'll be old

I said one day baby, we'll be old
Oh baby, we'll be old
And think of all the stories
That we could have told
One day baby, we'll be old
Oh baby, we'll be old
And think of all the stories
That we could have told"
"lyrics-000419","Dance me to your beauty with a burning violin
Dance me through the panic 'til I'm gathered safely in
Lift me like an olive branch and be my homeward dove
Dance me to the end of love
Dance me to the end of love

Oh let me see your beauty when the witnesses are gone
Let me feel you moving like they do in Babylon
Show me slowly what I only know the limits of
Dance me to the end of love
Dance me to the end of love

Dance me to the children who are asking to be born
Dance me through the curtains that our kisses have outworn
Raise a tent of shelter now, though every thread is torn
Dance me to the end of love
Dance me to the end of love"
"lyrics-000420","Man, won't you come set me free?
See, where's my liberty?
I remember it clear,
Now all seems to disappear.

Up to the point where I disagree
With the other man, the other man in me.

Man, all my ships got raid
Due to all the poor
Decisions I collect,
See it's the well-known fights
And rock tight, seal on the seventh floor
Surrounds my counteract

Hmm, comes out slowly now
Speeding up in time till it caught me up,
And it caught me up
Comes out slowly now
Speeding up in time till it caught me up,
And it caught me up

Man, it has come between me and my reality
Yeah, it has come between me and my referee
See where we stand to hide all our way around
Feels like quicksand

Hmm, comes out slowly now
Speeding up in time till it caught me up,
Caught me up
Comes out slowly now
Speeding up in time till it caught me up,
Caught me up
And it caught me up

Hmm, comes out slowly now
Speeding up in time till it caught me up,
Caught me up
Comes out slowly now
Speeding up in time till it caught me up,
Caught me up
And it caught me up

Oh, caught me up
One time
Now hold me two times,
Now hold me up three times,
Hold you up four times,
Hold me up on time
Hold you up to times
Hold me up three times
Now hold you up ...

I don't know where I stand
Maybe I got up
Cause I don't know where I
I don't know where I stand
Maybe I got this
Maybe I got this
Comes out slowly now
Speeding up in time till it caught me up,
And it caught me up.
Comes out slowly now,
Speeding up in time till it caught me up,
And it caught me up"
"lyrics-000421","She's a model and she's looking good
I'd like to take her home that's understood
She plays hard to get, she smiles from time to time
It only takes a camera to change her mind

She's going out tonight, but drinking just champagne
And she has been checking nearly all the men
She's playing her game and you can hear them say
She is looking good, for beauty we will pay

She's posing for consumer products now and then
For every camera she gives the best she can
I saw her on the cover of a magazine
Now she's a big success, I want to meet her again"
"lyrics-000422","When I ride, I ride
I just gonna hunt you down.
When I fly, I fly
I just gonna seek you down.
Sometime may come, you will get stung.
And I, above, will fall on you my love.
Faster than a car, further than afar,
Higher than high above,
Will avenge from you my love.
One, two, three dollar bills,
Will make you crawl.
The voice that you fear,
Inside of you will crawl.
Fires in the afternoon
Will wash upon
You like a waning room
And play you like a pawn.
When I ride, I ride
I just gonna hunt you down.
When I fly, I fly
I just gonna seek you down.
And the end never comes,
For the one who is waiting.
You won't overcome
A Venus Flying.
Drown all your petticoats
Slash your sheets with a knife
Burning pleasure as I smash
Every piece of your life
Melt your ink in my sweat
Lime blade river
I crush you like a insect
Black velvet, Black shiver
When I ride, I ride
I just gonna hunt you down.
When I fly, I fly
I just gonna seek you down.
And the end never comes
For one who is waiting
You won't overcome
A Venus flying."
"lyrics-000423","Baba is calling you
Baba is calling you
Baba is calling you
Baba
Baba we de change and
change and grow
Baba we de change and
Change and grow, oh
Bodiaye"
"lyrics-000424","While I quietly throw though the air
All your little jokes
Any smoke from any old fire
Keep my trash heaps stoked

Did I mention I may forget
Why I even came
I'm addicted so I'm absolved
Of any cause of pain

Here comes the wave
It's higher than any one before
My love, be brave
As it knocks our bodies back to shore

Eyes closed, we see
Green blades dancing in the sun
Maybe we've been
Putting on a show for everyone

I'll be kinder if you'll be kind
Keep the drugs at bay
You'll pull the cord and see how we fly
With only ourselves to blame

And I'd bet you'd stay
If you knew what would happen if you did
Who cares, I'll say
As I cast my ribbons to the wind

We'll always be
Stars with million-dollar guns
We eat for free
And put on a show for everyone

We eat for free
To put on a show for everyone
We eat for free
To put on a show for everyone
We eat for free
To put on a show for everyone
We eat for free
To put on a show for everyone"
"lyrics-000425","upon the autumn streets when the city is away
on some lonesome quest for winter
the man who sings his poems unravels his display
and the neon spectrums turn to splinters
and the nights are cold sometimes
but never for his pages
they don't sway against this wilderof the stage
and the ageless battle cries I unearthed from my eyes
no longer writhe because the singing poet is wise

they said that love of mine won't wither
that time will bring a treasure trove of things
and the shadows now are just a sliver
but still it stings
but it doesn't matter
when the poet sings

under the smoky chimes of roll up cigarettes and rhymes
beneath the ponds of makeshift filters
he told me that my sorries were
really not worth their weight sometimes
and it was best to let them wither
and though I've sung and rung
those bells of innocence undone
with the side of the sun
but within his song I sail
amongst the sounds where sunlight fell
when my experience begun
and when I'm weather-worn
the virtues of my mind have torn away
and no such sounds won't stray

and if I keep my sorries they'll not wither
and time will bring a treasure trove of things
and the shadows now are just a sliver
but still it stings
but it doesn't matter
when the poet sings

and when this drifting debutante
Madonna's come of age
and her days of youth are over
she and I will both surmise
that the poet's song will brush aside this man
just as the infant's sorrows hold her

and on the day that I am slayed
and by the colors of my mind betrayed
on the silence of the stage
the poet's song will set apart
and turn to flames my weary rungs
and set my phenomenons ablaze

he said my charming death would wither
and time would bring a treasure trove of things
and the shadows now are just a sliver
but still it stings
but it doesn't matter
when the poet sings (x)"
"lyrics-000426","And the people went into their hide, ay-oh
From the start they didn't know exactly why, why
Winter came and made it so all look alike, look alike
Underneath the grass would grow, aiming at the sky

It was swift, it was just another wave of a miracle
But no one, nothing at all would go for the kill
If they called on every soul in the land, on the moon
Only then would they know a blessing in disguise

The curse ruled from the underground, down by the shore
And their hope grew with a hunger to live unlike before
The curse ruled from the underground, down by the shore
And their hope grew with a hunger to live unlike before

Tell me now of the very soul that look alike, look alike
Do you know the stranglehold covering their eyes?
If I call on every soul in the land, on the moon
Tell me if I'll ever know a blessing in disguise

The curse ruled from the underground, down by the shore
And their hope grew with a hunger to live unlike before
And the curse ruled from the underground, down by the shore
And their hope grew with a hunger to live unlike before"
"lyrics-000427","Za czym kolejka ta stoi?
Po szarość, po szarość, po szarość
Na co w kolejce tej czekasz?
Na starość, na starość, na starość
Co kupisz, gdy dojdziesz?
Zmęczenie, zmęczenie, zmęczenie
Co przyniesiesz do domu?
Kamienne zwątpienie, zwątpienie

Bądź jak kamień, stój, wytrzymaj
Kiedyś te kamienie drgną
I polecą jak lawina
Przez noc, przez noc, przez noc
Bądź jak kamień, stój, wytrzymaj
Kiedyś te kamienie drgną
I polecą jak lawina
Przez noc, przez noc, przez noc

Za czym kolejka ta stoi?
Po szarość, po szarość, po szarość
Na co w kolejce tej czekasz?
Na starość, na starość, na starość
Co kupisz, gdy dojdziesz?
Zmęczenie, zmęczenie, zmęczenie
Co przyniesiesz do domu?
Kamienne zwątpienie

Bądź jak kamień, stój, wytrzymaj
Kiedyś te kamienie drgną
I polecą jak lawina
Przez noc, przez noc, przez noc
Bądź jak kamień, stój, wytrzymaj
Kiedyś te kamienie drgną
I polecą jak lawina
Przez noc, przez noc, przez noc

Za czym kolejka ta stoi?
Po szarość, po szarość, po szarość
Na co w kolejce tej czekasz?
Na starość, na starość, na starość
Co kupisz, gdy dojdziesz?
Zmęczenie, zmęczenie, zmęczenie
Co przyniesiesz do domu?
Kamienne zwątpienie, zwątpienie

Bądź jak kamień, stój, wytrzymaj
Kiedyś te kamienie drgną
I polecą jak lawina
Przez noc, przez noc, przez noc
Bądź jak kamień, stój, wytrzymaj
Kiedyś te kamienie drgną
I polecą jak lawina
Przez noc, przez noc, przez noc"
"lyrics-000428","W splątanym gaju rąk i nóg szepczemy słowa święte,
Jak szeptał kiedyś Młody Bóg
Bogini niepojętej.
Ole, ole, ole, ola, oli, bogini niepojętej.
Ole, ole, ole, ola, oli, bogini niepojętej.
W czerwonym żarze rzewnych żądz płoniemy jak
Pochodnie
I opadamy w niebo, śniąc
Niewinnie i łagodnie.
Cyt, cyt, cyt, cyt, cyt, cyt, cyt, cyt
Niewinnie i łagodnie.
Cyt, cyt, cyt, cyt, cyt, cyt, cyt, cyt
Niewinnie i łagodnie.
W żałobnym chłodzie znanych ust szukamy
Pocieszenia,
Słuchając, jak nam stygnie puls
I mylą się znaczenia.
To nic, to nic, to nic, to nic, to mylą
Się znaczenia.
To nic, to nic, to nic, to nic, to mylą
Się znaczenia.
Dopóki demon smutku śpi, niech żyją młode żądze.
Dopóki życie w nas się tli,
Dopóki są pieniądze.
To nic, to nic, to nic, to nic, to nic, niech
Żyją młode żądze.
To nic, to nic, to nic, to nic, to nic dopóki są
Pieniądze.
Ole, ole, ole, ola, oli, niech żyją młode żądze
Dopóki są pieniądze.
Dopóki są pieniądze."
"lyrics-000429","Ze świata czterech stron
Z jarzębinowych dróg
Gdzie las spalony
Wiatr zmęczony
Noc i front
Gdzie niezebrany plon
Gdzie poczerniały głóg
Wstaje dzień
Słońce przytuli nas do swych rąk
I spójrz ziemia ciężka od krwi
Znowu urodzi nam zboża łan
Złoty kurz
Przyjmą kobiety nas pod swój dach
I spójrz będą śmiać się przez łzy
Znowu do tańca ktoś zagra nam
Może już
Za dzień za dwa
Za noc za trzy
Choć nie dziś
Za noc za dzień
Doczekasz się
Wstanie świt
Chleby upieką się w piecach nam
I spójrz tam gdzie tylko był dym
Kwiatem zabliźni się wojny ślad
Barwą róż
Dzieci urodzą się nowe nam
I spójrz będą śmiać się że my
Znów wspominamy ten podły czas
Porę burz
Za dzień za dwa
Za noc za trzy
Choć nie dziś
Za noc za dzień
Doczekasz się
Wstanie świt"
"lyrics-000430","Nazywają go marynarz
Bo opaskę ma na oku
Na każdym stoku dziewczyna
Dziewczyna na każdym stoku
Pochodzi spod Poznania
Podobno umie wróżyć z kart
Panny rwie na wiązania
Mężatki - na długość nart

Caryco mokrego śniegu
Ratrakiem płynę do Ciebie pod prąd (hej!)
Dobrze, że stoisz na brzegu
Bo ja właśnie schodzę na ląd

Nigdy się nie lękał biedy
I się nie przejmował jutrem
A jego ratrak był kiedyś
Zwyczajnym rybackim kutrem
I woził dorsze i śledzie
Zimą i latem, okrągły rok
Teraz jak nieraz przejedzie
Rybami czuć cały stok

Caryco mokrego śniegu
Ratrakiem płynę do Ciebie pod prąd (hej!)
Dobrze, że stoisz na brzegu
Bo ja właśnie schodzę na ląd

Wszyscy w porcie odetchnęli
Zwiał, nim się zakończył sezon
Jeszcze nam się jak żagiel bieli
Jego czarny kombinezon
Odpłynął gdzieś pod Ustrzyki
Przez baby straszne miał kłopoty
Forsę z polowań na orczyki
Przehulał na antybiotyk

Caryco mokrego śniegu
Ratrakiem płynę do Ciebie pod prąd (hej!)
Dobrze, że stoisz na brzegu
Bo ja właśnie schodzę na ląd

Jeśli kiedyś go zobaczysz
Na ratraku w podłym świecie
To powiedz mu, że w Karpaczu
Czekają na niego dzieci
I kiedy opuszcza statek
Żeby się znowu oddać złu
Każda z dwudziestu siedmiu matek
Dzieciątku śpiewa do snu

Caryco mokrego śniegu
Ratrakiem płynę do Ciebie pod prąd (hej!)
Dobrze, że stoisz na brzegu
Bo ja właśnie schodzę na ląd

Caryco mokrego śniegu
Ratrakiem płynę do Ciebie pod prąd (hej!)
Dobrze, że stoisz na brzegu
Bo ja właśnie schodzę na ląd"
"lyrics-000431","Wy jesteście mocni, silni - my słaba płeć
Lecz my mamy coś, co wyście by chcieli mieć
Co jest warta wasza siła - wasza pięść i twarda dłoń
My kobiety - choć słabiutkie, mamy na was jedną broń

Sex appeal, to nasza broń kobieca
Sex appeal, to coś co was podnieca
Wdzięk, styl, charm, szyk
Tym was zdobywamy w mig, o-o-o-o-o...

Jeden znak, a już nie wiecie sami
Co i jak, wzdychacie godzinami
Ech, och, ach, ach
I męczycie się, że strach

Jeden uśmiech, jedna minka
Już każdy z was
Najtwardszy głaz
Od razu grzeczny i serdeczny jest dla każdej z nas

Słaba płeć, a jednak najsilniejsza
Słaba płeć, a jednak najmocniejsza
Wdzięk, szyk, charm, styl
Nasza broń to sex appeal

Ta ma auto, ta brylanty, ta futer puch
Inna znowu pereł sznur, a ja parę nóg
I na twarzy dwa dołeczki, ładne oczy, ładne brwi
To ważniejsze niż bogactwa
Bo w tym wszystkim właśnie tkwi

Sex appeal, sex appeal
Wdzięk, styl, charm, szyk
O-o-o-o-o-och...
Sex appeal, sex appeal
Ech, ach, ach, ach

Aboo, anooo, anoooo, abooobapaparapapapabo...
Sex appeal, sex appeal
Wdzięk, styl, charm, szyk
Nasza broń to sex appeal!"
"lyrics-000432","Nie ma, nie ma wody na pustyni
A wielbłądy nie chcą dalej iść
Czołgać się już dłużej nie mam siły
O jak bardzo, bardzo chce się pić

Pić...

Nasza karawana w piach się wciska
Tonie w niej jak stutonowa łódź
Nasz kapelmistrz patrzy na nas z bliska
Brudne włosy stoją mu jak drut

Nasz kapelmistrz pije stare wino
W oczach jego widzę dziki blask
Spił się już dokładnie tak jak świnia
I po tyłkach batem bije nas

La, la, la la la, la, la, la la la
La, la, la la la, la, la, la la la

Pustynia wciąga nas od głowy do pięt
Wypala oczy, suszy ciało i krew
I tylko trach, trach, trach zgrzyta w zębach piach
Słońce opala brzuchy
Wiatr tarmosi nasze ciuchy

La, la, la la la, la, la, la la la
La, la, la la la, la, la, la la la

Tylko piach!
Suchy piach!
Tylko piach!
Suchy piach!
Tylko...
Piach suchy suchy suchy

Nie ma, nie ma wody na pustyni
A przed nami jeszcze drogi szmat
Czyja to jest kara, kogo wina?
Że czołgamy się już tyle lat?

Nasz kapelmistrz pije stare wino
W oczach jego widzę dziki blask
Spił się już dokładnie tak jak świnia
I po tyłkach batem bije nas

La, la, la la la, la, la, la la la
La, la, la la la, la, la, la la la

Pustynia wciąga nas od głowy do pięt
Wypala oczy, suszy ciało i krew
I tylko trach, trach, trach zgrzyta w zębach piach
Słońce opala brzuchy
Wiatr tarmosi nasze ciuchy

La, la, la la la, la, la, la la la
La, la, la la la, la, la, la la la
La, la la la, la la la la la la
La la la, la la la, la la, la la, la
La, la la la, la la, la la, la
La, la la la, la la, la la la la la la la"
"lyrics-000433","Gdybym się urodził przed stu laty
W moim grodzie
U Larischów dla mej lubej rwałbym kwiaty
W ich ogrodzie
Moja żona byłaby starszą córką szewca
Kamińskiego co wcześniej we Lwowie mieszkał
Kochałbym ją i pieścił
Chyba lat dwieście
Mieszkalibyśmy na Sachsenbergu
W kamienicy Żyda Kohna
Najpiękniejszą z wszystkich cieszyńską perłą
Byłaby ona
Mówiąc mieszałaby czeski i polski
Szprechałaby czasem a śmiech by miała boski
Raz na sto lat cud by się dokonał
Cud się dokonał
Gdybym sto lat temu się narodził
Byłby ze mnie introligator
U Prochazki bym robił po dwanaście godzin
I siedem złotych brał za to
Miałbym śliczną żonę i już trzecie dziecię
W zdrowiu żył trzydzieści lat na tym świecie
I całe długie życie przede mną
Całe piękne dwudzieste stulecie
Gdybym się urodził przed stu laty
I z tobą spotkał
W ogrodzie u Larischów rwałbym kwiaty
Dla ciebie słodka
Tramwaj by jeździł pod górę za rzekę
Słońce wznosiło szlabanu powiekę
A z okien snułby się zapach
Świątecznych potraw
Wiatr wieczorami niósłby po mieście
Pieśni grane w dawnych wiekach
Byłoby lato tysiąc dziewięćset dziesięć
Za domem by szumiała rzeka
Widzę tam wszystkich nas idących brzegiem
Mnie żonę dzieci pod cieszyńskim niebem
Może i dobrze że człowiek nie wie
Co go czeka"
"lyrics-000434","Nie graj cynika na siłę
Mało Ci za to świat braw da
Nie mów, że wszystko w miłości już było
Bo to nieprawda, nieprawda, nieprawda.

Więc przestań cedzić złe słowa
I patrzeć wzrokiem ponurym
Dla Ciebie życie to knajpa portowa
Dla mnie ocean, ocean, ocean, ocean, ocean, ocean na którym...

Przegonimy wiatr wesoły co po fali gna
Oznaczymy kraj zakochanych - długość ta, szerokość ta

Miłowania głodni jak wilcy
Nauczymy się w tym kraju od pierwszego dnia
Słów, którymi mówią tubylcy
Szabadabada szabadabada

Na szczęśliwy ląd zaniosą mnie pewnego dnia
W Twe ramiona łódź Magellana
Serce Twe, busola ma

Znów będę czuć, że jestem zakochana
Póki niesie mnie łódź - łódź Magellana
Znów będę czuć, że żyć tylko tak warto jest
Navigare necesse est, navigare necesse est.

Miłowania głodni jak wilcy
Nauczymy się w tym kraju od pierwszego dnia
Słów, którymi mówią tubylcy
Szabadabada szabadabada

Na szczęśliwy ląd zaniosą mnie pewnego dnia
W Twe ramiona łódź Magellana
Serce Twe, busola ma

Miłowania głodni jak wilcy
Nauczymy się w tym kraju od pierwszego dnia
Słów, którymi mówią tubylcy
Szabadabada szabadabada

Na szczęśliwy ląd zaniosą mnie pewnego dnia
W Twe ramiona łódź Magellana
Serce Twe, busola ma"
"lyrics-000435","Kiedy byłem
Kiedy byłem małym chłopcem, hej
Wziął mnie ojciec
Wziął mnie ojciec i tak do mnie rzekł
Najważniejsze co się czuje
Słuchaj zawsze głosu serca, hej

Kiedy byłem
Kiedy byłem dużym chłopcem, hej
Wziął mnie ojciec
Wziął mnie ojciec i tak do mnie rzekł
Głosem serca się nie kieruj
Tylko forsa ważna w życiu jest

Wicher wieje
Wicher słabe drzewa łamie, hej
Wicher wieje
Wicher silne drzewa głaszcze, hej
Najwazniejsze to być silnym
Wicher silne drzewa głaszcze, hej"
"lyrics-000436","Ze świata czterech stron
Z jarzębinowych dróg
Gdzie las spalony
Wiatr zmęczony
Noc i front
Gdzie niezebrany plon
Gdzie poczerniały głóg
Wstaje dzień

Słońce przytuli nas do swych rąk
I spójrz, ziemia ciężka od krwi
Znowu urodzi nam zboża łan
Złoty kurz

Przyjmą kobiety nas pod swój dach
I spójrz, będą śmiać się przez łzy
Znowu do tańca ktoś zagra nam
Może już

Za dzień, za dwa
Za noc, za trzy
Choć nie dziś
Za noc, za dzień
Doczekasz się
Wstanie świt

Chleby upieką się w piecach nam
I spójrz, tam gdzie tylko był dym
Kwiatem zabliźni się wojny ślad
Barwą róż
Dzieci urodzą się nowe nam
I spójrz, będą śmiać się, że my
Znów wspominamy ten podły czas
Porę burz

Za dzień, za dwa
Za noc, za trzy
Choć nie dziś
Za noc, za dzień
Doczekasz się
Wstanie świt"
"lyrics-000437","Jimmy won't you please come home where the grass is green and the buffaloes roam
Come see Jimmy your uncle Jim your auntie Jimmie and your cousin Jim
Come home Jimmy because you need a bath
And your grandpa Jimmy is still gone daft

Now there's buffalo Jim and buffalo Jim
And Jim buffalo now didn't you know
Jim' Jim' Jimmy it's your last cigarette
But there's buffalo piss and it's all kind of wet
Jambo Jimmy you'd better hold your nose
All roads lead to roam with the buffaloes

Buffaloes used to say be proud of your name
Buffaloes used to say be what you are
Buffaloes used to say roam where you roam
Buffaloes used to say do what you do

Hey! you've gotta have a wash but you can't clean your name
You're now called Jimmy you'll be Jimmy just the same
The keys are in a bag in a chest by the door
One of Jimmy's friends has taken the floor
Jimmy won't you please come home where the grass is green and the buffaloes roam
Dear old Jimmy you've forgotten you're young but you can't ignore the buffalo song

Buffaloes used to say be proud of your name
Buffaloes used to say be what you are
Buffaloes used to say roam where you roam
Buffaloes used to say do what you do
Buffaloes used to say roam where you roam
Buffaloes used to say do what you do"
"lyrics-000438","Je ne sais qu'une chose, tu tiens ma joie, ma peine, entre tes mains
Tu es le souffle, le lien, mon enfant roi, mon magicien
Rien ne m'appartient
Mais au sud je reviens
Noyé dans le cœur des foules, c'est dans ton fleuve que je m'écoule
Quand tous les ponts d'or s'écroulent, c'est de ton air que je me saoule
Rien ne m'appartient
Mais au sud je reviens
Les territoires inconnus, je les parcours, je les inclus
Mon pays, mon sang, ma rue sont dans tes yeux, je les ai vus"
"lyrics-000439","Hey I'm in love
My fingers keep on clicking
To the beating of my heart

Hey I can't stop my feet
Ebony and Ivory and dancing
In the street

Hey it's cause of you
The world is in a crazy hazy hue

My heart is beating like a jungle drum
My heart is beating like a jungle drum
My heart is beating like a jungle drum

Man you got me burnin'
I'm the moment between
The striking and the fire

Hey read my lips
'Cause all they say is
Kiss kiss kiss kiss kiss

No it won't ever stop
My hands are in the air
Yes I'm in love

My heart is beating like a jungle drum
My heart is beating like a jungle drum
My heart is beating like a jungle drum
My heart is beating like a jungle drum

And so onburuburobummbummbumm"
"lyrics-000440","When I was 17, it was a very good year
It was a very good year for small town girls
And soft summer nights
We'd hide from the lights
On the village green
When I was 17

When I was 21, it was a very good year
It was a very good year for city girls
Who lived up the stairs
With all that perfumed hair
And it came undone
When I was 21

When I was 35, it was a very good year
It was a very good year for blue-blooded girls
Of independent means
We'd ride in limousines
Their chauffeurs would drive
When I was 35

But now the days are short, I'm in the autumn of my years
And now I think of my life as vintage wine
From fine old kegs
From the brim to the dregs
It poured sweet and clear
It was a very good year"
"lyrics-000441","And now, the end is near
And so I face the final curtain
My friend, I'll say it clear
I'll state my case, of which I'm certain
I've lived a life that's full
I traveled each and every highway
And more, much more than this
I did it my way

Regrets, I've had a few
But then again, too few to mention
I did what I had to do
And saw it through without exemption
I planned each charted course
Each careful step along the byway
And more, much more than this
I did it my way

Yes, there were times, I'm sure you knew
When I bit off more than I could chew
But through it all, when there was doubt
I ate it up and spit it out
I faced it all, and I stood tall
And did it my way

I've loved, I've laughed and cried
I've had my fill, my share of losing
And now, as tears subside
I find it all so amusing
To think I did all that
And may I say, not in a shy way
Oh, no, oh, no, not me
I did it my way

For what is a man, what has he got?
If not himself, then he has naught
To say the things he truly feels
And not the words of one who kneels
The record shows I took the blows
And did it my way

Yes, it was my way"
"lyrics-000442","Money get away
Get a good job with more pay and
You're okay
Money, it's a gas
Grab that cash with both hands and make a stash
New car, caviar, four star daydream
Think I'll buy me a football team

Money get back
I'm all right Jack keep your hands off my stack
Money is a hit
Don't give me that do goody good bullshit
I'm in the high-fidelity first class traveling set
And I think I need a Lear jet

Money, it's a crime
Share it fairly but don't take a slice of my pie
Money, so they say
Is the root of all evil today
But if you ask for payrise it's no surprise
That they're giving you none away
Away, away, way
Away, away, away"
"lyrics-000443","Je n'sais plus
Les heures, les jours ni même la route
Naufragée sur le siège avant
Combien de coups de frein
Je noie mes nuits dans une bouteille de whisky
Ma vie ne tient plus debout, ma vie
Tient dans la boîte à gants

Mais de temps en temps
Je repense, je repense à nous
J'ai la nostalgie, et soudain j'oublie
L'océan m'attend à chaque tournant

Partir pour le grand tour
Je ne reviendrai pas
Je laisse tout, je te laisse derrière moi
Bye bye Manchester

À fond je vais, je fonce droit, tout droit devant
Mon cœur zigzague, ne tient plus en place
Il roule vers la mer

Mais de temps en temps
Je repense, je repense à nous
J'ai la nostalgie, et soudain j'oublie
L'océan m'attend à chaque tournant

J'ai la nostalgie, et soudain j'oublie
L'océan m'attend à chaque tournant
J'ai la nostalgie, et soudain j'oublie

Bye bye Manchester"
"lyrics-000444","I kicked and you doggypaddled
And together we made one whole swimming machine
Later on with salt on our skin
We shared a tin of kidney beans

Wild hair tumbling from the centre of your skull like spaghetti
I knew then that you'd never forget me
I knew then that you'd never forget me
Wild hair tumbling from the centre of your skull like spaghetti
I knew then that you'd never forget me
I knew then that you'd never

A small hair sticking, clicking in my throat
We throw our bodies over the side of the boat
You must know i'm stuck on you,
Stuck as if with airplane glue

Wild hair tumbling from the centre of your skull like spaghetti
I knew then that you'd never forget me
I knew then that you'd never forget me
Wild hair tumbling from the centre of your skull like spaghetti
I knew then that you'd never forget me
I knew then that you'd never

Wild hair tumbling from the centre of your skull like spaghetti
I knew then that you'd never forget me
I knew then that you'd never forget me
Wild hair tumbling from the centre of your skull like spaghetti
I knew then that you'd never forget me
I knew then that you'd never"
"lyrics-000445","Who's gonna swim across the channel?
You know, I'm gonna, I'm a strong swimmer
Who's gonna swim across the channel?
I'm a strong swimmer, I'm a strong swimmer.

Will You follow me with a boat?
You should not say such a dumb thing.
You're such a lazy boy,
who never does anything like this.

Why did you wonder
you will stay in the lighthouse
am I right boy, am I right?
Why did you wonder,
you will stay for a long time
farewell and good luck
I will not turn back.

Who's gonna swim across the river?
You know, I'm gonna, I'm a strong swimmer
Who's gonna swim across the river?
I'm a strong swimmer, I'm a strong swimmer.

Will you follow me with a steamboat?
You should not say such a dumb thing.
You're such a lazy boy,
who never does anything like this.

Why did you wonder
you will stay in the lighthouse
am I right boy, am I right?
Why did you wonder,
you will stay for a long time
farwell and good luck
I will not turn back.

Why did you wonder
you will stay in the lighthouse
am I right boy, am I right?
Why did you wonder,
you will stay for a long time
farwell and good luck
I will not turn back."
"lyrics-000446","Anita
Don't mind you need to know
Some things about this woman
This Anita
Anita
Don't fear you
No one can
Control Anita
Need to be in charge
Anita, need to teach you the recipe
Anita, need to recycle D.N.A
Anita, need to reach you A.S.A.P
Anita, need to spell A.N.I.T.A
Get out of the way
You're not in the hunt hunt
You're nothing the gun gun is looking at
Get out of the way
You're only a stunt stunt
You're nothing the gun gun is aiming at
Get out of the way
Go follow the sun sun
As long as the drum drum is rattling
Get out the way
Remember my name
Anita no!
Anita, don't care if wrong or right
Anita, need to kill to make a living
Anita, don't mind if day or night
Anita, need to hear to be forgiven
Anita, need to teach you the A.B.C
Anita, need to dispose our Y.O.X
Anita, need to reach you A.S.A.P
Anita, need to spell A.N.I.T.A
Get out of the way
You're not in the hunt hunt
You're nothing the gun gun is looking at
Get out of the way
You're only a stunt stunt
You're nothing the gun gun is aiming at
Get out of the way
Go follow the sun sun
As long as the drum drum is rattling
Get out the way
Remember my name
Anita no!
Get out of the way
You're not in the hunt hunt
You're nothing the gun gun is looking at
Get out of the way
You're only a stunt stunt
You're nothing the gun gun is aiming at
Get out of the way
Go follow the sun sun
As long as the drum drum is rattling
Get out the way
Remember my name
Anita no!
"
"lyrics-000447","I wake and stir a little
It comes and goes
These men for precious metal
Their slitting throats
Oh Lord, what's your location?
I need you close
I fear, I dread
Will we ever feel again?

I gaze upon a skyline
That's soaked in red
Arms stretched searching for something
No answer yet
But as I wait for the sunrise
Seek better days
But I fear, I dread
Will we ever feel again?

I need your inner beauty
Your worth, your soul
Your eyes like Berlin Winters
So cold, alone
I gaze and try to reach you
But our masks won't slip away
Yes I fear, I dread
Will we ever feel again?

So I walk, I tread
Stumble through the fog and rain
My mind's adrift
But somehow we just rise again
Have faith, believe
It's so hard, so hard these days
Yes I fear, I dread
Will we ever feel again?

And I hold you close (close)
I hold you close (close)
We're stuck below (close)
But stand alone
I hold you close (close)
No matter what (close)
Just keep me near
It's all we got (close)
Just have no fear

Yes I fear, I dread
Will we ever feel again?
I fear, I dread
Will we ever feel again?
I fear, I dread
Will we ever feel again?"
"lyrics-000448","
Used to have just one foot out the door
Yeah, I always wanted more
I always was the one
You thought would never marry
Used to be willfully obtuse
Or is the word abstruse?
Semantics like a noose
Get out your dictionaries
I'm gonna cut to the quick
This is all non-fiction
Words you beat with a stick
These are my true convictions
So tell me, are you serious?
Are you serious?
'Cause every night of your life
You'll fight for it
So mysterious
How imperious!
But are you serious
When it really comes down to it?

I see that you're down there and on the pier
Your boyfriend's gone to get a beer
Leaving us crystal clear lines of communications
Promise me you won't avert your eyes
I drop my flippers in disguise
You know it's time to do or die
No useless explanations
I'm gonna cut to the quick
This is all non-fiction
Words you beat with a stick
These are my true convictions
Tell me, are you serious?
Are you serious?
Every night of your life
You'll fight for it
So mysterious
How imperious
But are you serious
When it really comes down to it?

You Serious
Are you serious
'Cause everynight of your life
You'll fight for it
"
"lyrics-000449","Quand le monde est trop rond
Et tu cherches l'équilibre
Quand il tourne vite et tu n'arrives jamais
Ça ne tient pas la route
Ça ne tient pas la route

Tu marches distraitement
Et agité
Le vent souffle, je suis encore de la poussière
Ça ne tient pas la route
Ça ne tient pas la route

Viens me chercher
Apporte-moi un peu de lumière
Cherche-moi, bien que
De l'amour je ne parle pas bien

Quand les gens ne t'écoutent pas
Quand les gens mentent
Chaque fois qu'ils rient face à l'homme qui pleure
Ça ne tient pas la route
Ça ne tient pas la route

Viens me chercher
Désormais ne m'écoute pas
Viens me dire que
Pour toi je reste une étrangère

Jure que nous aurons
Une mauvaise réputation
Jure que nous aurons
Du temps et du courage
Le monde dans une main

Quand les yeux sont des épines
Mémoires sans fleurs
Quand il y a silence dans l'univers
Ça ne tient pas la route
Ça ne tient pas la route

Alors que tu n'as plus de raison de rester
Quand tu n'as plus de raison de t'en aller
Ça ne tient pas la route
Ça ne tient pas la route

Viens me chercher
M'apporter de nouvelles chansons
Trouve-moi bien que
Nous ne serons là pour personne

Jure que nous aurons
Une mauvaise réputation
Jure que nous aurons
L'envie des passants
Lorsque tu me touches
Pour l'amour si vrai
Que j'ai piétiné

Jure que nous aurons
Une mauvaise réputation
Jure que nous aurons
Du temps et du courage

Jure que nous aurons
L'envie des passants
Lorsque tu me touches
Pour l'amour si vrai
Que j'ai piétiné"
"lyrics-000450","My mama told me I should never venture into space
But I did, I did, I did
She said no terran girl could trust the Martian race
But I did, I did, I did
A rocket pilot asked me on a voyage to go
And I was so romantic that I couldn't say no
That he was just a servo robot how was I to know
So I did, I did, I did

She told me never venture out among the asteroids
But I did, I did, I did
And she said that the Milky Way was something to avoid
And I did, I did, I did
She said that Venus was too hot and Saturn not much fun
Bug-eyed monsters tended to be just a trifle dumb
She said I'd need a blaster and I'd need a freezer gun
And I did, I did, I did

My mama told me never trust a space engineer
And yet I did, I did, I did
She said free fall and superdrive would surely cost me dear
Yes they did, they did, they did
I've been as far in hyperspace as anyone can
Travelled through the time warp in a cyborg land
They say a girl must travel far to find a superman
And yes I did, I did, I did
And yes I did, I did, I did
Oh I did, I did, I did, ah"
"lyrics-000451","Leila, Leila
Dance your memories away
Leila, Leila
May the music of your feet
Will be the only thing that stays
Let us drink our sorrow
Shake out of our hearts
Tomorrow washed away
Up on that tired show
And let me see you
Slowly
Baila
Conmigo
Baila Leila
La última vez
Baila
Will forget the rest
Leila Leila Leila
Free us from the past
Rain, these old eyes from looking inwards
We can never let go from our tires
We can never let go from our tires
Dance with a, baila Leila, dance
Leila dance
Leila Leila
Torn up the things in a dress
Of that time I was
Leila Leila
Got her wishes seeing the stairs
Up on the stars begin too far
Let us drink our sorrows
Shake out of our hearts
Tomorrow's washed away
Up on that tired show
And let me see you
Slowly
Baila
Conmigo
Baila Leila
La última vez
Baila
Will forget the rest
Leila Leila Leila
Free us from the past
Leila dance
Leila Leila Leila
Leila take the past
Leila Leila Leila
Lets just dance
Zuzu zuzu zuzu (זוזו זוזו זוזו)
Zuzu zuzu zuzu (זוזו זוזו זוזו)
Move move
Move move
Move move
Slowly
Baila
Conmigo
Baila Leila
La última vez
Baila
Will forget the rest
Leila Leila Leila
Free us from the past
Leila dance"
"lyrics-000452","Come up and see me
Come up and see me
Come up and see me... sometimes

Come up and see me
Come up and see me
Come up and see me... sometime

Ich steh auf dem Dach
Ich warte vehement
Ich warte immer noch
Die Füße in Zement
Solange ich noch

Solange ich noch, noch, noch, noch, noch
Noch, noch, noch, noch, noch, noch, noch, noch, noch
Noch, noch, noch, noch Warten kann

Come up and see me
Come up and see me
Come up and see me... sometime

Come up and see me
Come up and see me
Come up and see me... sometime

Una foresta di antenne
Rai notizie (eins, zwei, drei) venti quattro (Rai uno)
Foglie Rai due, Rai storia, Cartoonito, Rai quattro, Rai tredici, Rai sport più
Rete quattro, Rai Gulp, QOOB, Canale cinque, Iris, Repubblica, Italia uno
Class news, Second TV, Italia due, Sport Italia, Super tre, Sport Italia
Le rete quattro, La cinque, Sat 2000, La sette

""The man who screwed a whole country""

Ich steh auf dem Dach
Ich warte vehement
Ich warte auch noch später
Die Füße in Zement
Die Junkies steigen über die Dächer in die Häuser ein
Kleine Kids die durch kleine Fenster passen
""Are you happy to see me, or is that a gun in your pocket?""

Come up and see me
Come up and see me
Come up and see me... sometime

Come up and see me (A short kiss and a long embrace)
Come up and see me (A short kiss and a long embrace)
Come up and see me... sometime

Come up and see me (A short kiss and a long embrace)
Come up and see me (A short kiss and a long embrace)
Come up and see me... sometime

Come up and see me (A short kiss and a long embrace)
Come up and see me (A short kiss and a long embrace)
Come up and see me... sometime"
"lyrics-000453","One, two, three, four...

Bittersweet, strawberry, marshmallow, butterscotch
Polar bear, cashew, dixieland, phosphate, chocolate
My tutti frutti, special raspberry, leave it to me
Three grace, scotch lassie, cherry smash, lemon freeze

I wanna go to Marz
Where green rivers flow
And your sweet sixteen is waiting for you after the show

I wanna go to Marz
We'll meet the gold dust twins tonight
You'll get your heart's desire
I will meet you under the lights

Golden champagne, juicy grapefruit, lucky monday
High school, football, hot fudge, buffalo, tulip Sunday

Almond caramel frappe, pineapple, rootbeer
Black and white, pineapple, Henry Ford, sweetheart, maple tear

I wanna go to Marz
Where green rivers flow
And your sweet sixteen is waiting for you after the show

I wanna go to Marz
We'll meet the gold dust twins tonight
You'll get your heart's desire
I will meet you under the lights"
"lyrics-000454","If I, I get to know your name
Well if I, could trace your private number, baby
All I know is that to me
You look like you're lots of fun
Open up your lovin' arms
I want some, want some
I set my sights on you
(And no one else will do)
And I, I've got to have my way now, baby
All I know is that to me
You look like you're having fun
Open up your lovin' arms
Watch out here I come
You spin me right 'round, baby, right 'round
Like a record, baby, right 'round, 'round, 'round
You spin me right 'round, baby, right 'round
Like a record, baby, right 'round, 'round, 'round

I, I got to be your friend now, baby
And I would like to move in just a little bit closer (just a little bit closer)
All I know is that to me
You look like you're lots of fun
Open up your lovin' arms
Watch out, here I come
You spin me right 'round, baby, right 'round
Like a record, baby, right 'round, 'round, 'round
You spin me right 'round, baby, right 'round
Like a record, baby, right 'round, 'round, 'round
I want your love
I want your love
All I know is that to me
You look like you're lots of fun
Open up your lovin' arms
Watch out, here I come
You spin me right 'round, baby, right 'round
Like a record, baby, right 'round, 'round, 'round
You spin me right 'round, baby, right 'round
Like a record, baby, right 'round, 'round, 'round
You spin me right 'round, baby, right 'round
Like a record, baby, right 'round, 'round, 'round (I want your love)
You spin me right 'round, baby, right 'round
Like a record, baby, right 'round, 'round, 'round (I want your love)
You spin me right 'round, baby, right 'round
Like a record, baby, right 'round, 'round, 'round (I need your love)
You spin me right 'round, baby, right 'round
Like a record, baby, right 'round, 'round, 'round (I need your love)
"
"lyrics-000455","Living this life like every man
Someone to love, a place to stay in
Pushed by the wind from land to land
Lifted up by the beat of the band

I wanna know
I wanna live
Where the sun rises for every man
I wanna grow
Plant a seed
Don't wanna be a selfish man
Being happy and watch my kid
Not having to leave again
I wanna know
I wanna know a place to call my own
A place to call my own

Sharing our vision of man
For whom and what we'll fight again?
Feeling belong in everything
Along the chords that make us shivering

I wanna know
I wanna live
Where the sun rises for every man
I wanna grow
Plant a seed
Don't wanna be a selfish man
Being happy and watch my kid
Not having to leave again
I wanna know
I wanna know a place to call my own
A place to call my own

I wanna know
I wanna live
Where the sun rise for every man
I wanna grow
Plant a seed
Don't wanna be a selfish man
Being happy and watch my kid
Not having to leave again
I wanna know
I wanna know a place to call my own
A place to call my own"
"lyrics-000456","There come my lonely days
I ain't thirsty anymore
I'm tired of being high
And selling my soul from door to door

Watching the people passing by
Right in front of my tired eyes
Are they gonna find what they looking for?
I keep on asking myself more and more

Now i'm standing at the ...
I know I'm not feeling fine
Trying to ...
Far far away from this city

We're alive dreaming of my way
We're alive we're right night and day
Please god I just want to run away
Let me find my paradise
Where I live with no disguise
Please show me a way, a way
And chase my blues away
Chase the ... blues away

Devil are you gonna leave me alone?
My heart ways are torn
Let me tell you I'm no murderer
I'm just a driftin' soul
Searching for a place to hide
A place to hide

And chase this dark blues away
Chase, chase it out of me
And chase this dark blues away
Chase, chase it out of me
And chase this dark blues away
Chase, chase it out of me"
"lyrics-000457","Je t'aime, je t'aime, oui je t'aime
Moi non plus
Oh, mon amour
Comme la vague irrésolue

Je vais, je vais et je viens
Entre tes reins
Je vais et je viens, entre tes reins
Et je me retiens

Je t'aime je t'aime, oh oui je t'aime
Moi non plus
Oh, mon amour, tu es la vague
Moi l'île nue

Tu vas, tu vas et tu viens
Entre mes reins
Tu vas et tu viens entre mes reins
Et je te rejoins

Je t'aime, je t'aime, oh oui je t'aime
Moi non plus
Oh mon amour
Comme la vague irrésolue

Je vais, je vais et je viens
Entre tes reins
Je vais et je viens entre tes reins
Et je me retiens

Tu vas, tu vas et tu viens
Entre mes reins
Tu vas et tu viens entre mes reins
Et je te rejoins

Je t'aime, je t'aime, oh oui je t'aime
Moi non plus
Oh, mon amour
L'amour physique est sans issue

Je vais, je vais et je viens
Entre tes reins
Je vais et je viens, je me retiens

Non
Maintenant viens"
"lyrics-000458","Watch them bones,
the remains.
And with the bayou ends the chase.
There she dances, there she moves
Behind in the distance,
Baton rouge.
You sad and lonely,
Would you marry me ?
With secrets oaths, evel eyes.
Forcing me up all night.
Bizarre, she would jinx the night awake, til dawn.
From the star, i knew it,
There was an odd book on her face.
First i walked, but then i ran
In the dark water in drowned.
You, sad and lonely,
Would you marry me ?
With secrets oaths, evel eyes.
Forcing me up all night.
Bizarre, she would jinx the night awake, til dawn.
Tous les mots, que je sais,
Je les lui dis à regret,
Et à mesure que je bouge, il voit dans le lointain,
Baton rouge.
Bizarre, she would jinx the night awake, til dawn.
She told me, you’re mine til dawn."
"lyrics-000459","Oh I've been pacing up and down
This corridor
Waiting for you to swing open the door
Is there something that I'm missing?
Or is there too much that I'm showing?
I know since I've found my way
But me yes I've come in

So I smile a little too much
And the glass comes quick to the mouth
And I go on and on
Sometime just like there is to this
So I smile a little too much
And the glass comes quick to the mouth
And I go on and on
Sometime just like there is to this

There must be something deep within that
I need to prove to ya
Maybe I'm not what you expected to find
Yes I'm all out on display and what I spend
A life together in Aid I'll give away
Yes in Aid I'll give away

So I smile a little too much
And the glass comes quick to the mouth
And I go on and on
Sometime just like there is to this
So I smile a little too much
And the glass comes quick to the mouth
And I go on and on
Sometime just like there is to this

You can see me comin' a mile away
You can see me comin' a mile away
You can see me comin' a mile away

'Cause I've been pacing up and down
This corridor
Waiting for you to swing open the door
Is there something that I'm missing?
Or is there too much that I'm showing?
I know since I've found my way
But me yes I come in

So I smile a little too much
And the glass comes quick to the mouth
And I go on and on
Sometime just like there is to this
So I smile a little too much
And the glass comes quick to the mouth
And I go on and on
Sometime just like there is to this

So I smile a little too much
And the glass comes quick to the mouth
And I go on and on
Sometime just like there is to this
So I smile a little too much
And the glass comes quick to the mouth
And I go on and on
Sometime just like there is to this"
"lyrics-000460","There are so many rules written by I don't know who
All I know is they were written long ago
When all the ships arrived, on board another life
They call it history, but it doesn't mean that we agree

On the map, they drew so many squares, but I see them nowhere
All I see are my people around me
Maybe it's time to leave 'cause I don't know how
We would still be here a hundred years from now

When everybody knows that people always cross the border
Then why do we stay here and wait 'til we go down?
'Cause everybody knows that tomorrow we could drown in the water
Before we disappear, we move 'til we have found
A story that is yet to be told

Ah, there are so many roads you can walk 'til they are closed
All I want is to see what lies beyond
So come with me and dive into another life
And write history for you and me

On the map, they drew so many lines and I don't know why
Anyone should still listen to these rules
I think it's time to leave and find another road
'Cause I'm sure there's a story that is yet to be told

Oh, and everybody knows that people always cross the border
Then why do we stay here and wait 'til we go down?
'Cause everybody knows that tomorrow we could drown in the water
Before we disappear, we move 'til we have found
When everybody knows that people always cross the border
Then why do we stay here and wait 'til we go down?
'Cause everybody knows that tomorrow we could drown in the water
Before we disappear, we move 'til we have found
A story that is yet to be told"
"lyrics-000461","Well, I'm so tired of crying
But I'm out on the road again
I'm on the road again (I'm on the road again)
Well, I'm so tired of crying

But I'm out on the road again
I'm on the road again (I'm on the road again)
I ain't got no woman
Just to call my special friend

You know, the first time I traveled
Out in the rain and snow
Out in the rain and snow
I didn't have, no payroll

Not even no place to go
You know my dear mother left me
When I was quite young
When I was quite young (when I was quite young)

She said, ""Lord, have mercy
On my wicked son""
Take a hint from me, mama
Please don't you cry no more

'Cause it's soon one morning
Down the road I'm going
Well, I ain't going down
That long old lonesome road

All by myself
I can't carry you, Baby
Gonna carry somebody else
Well, I'm so tired of crying

But I'm out on the road again
I'm on the road again (I'm on the road again)
Well, I'm so tired of crying
But I'm out on the road again

I'm on the road again (I'm on the road again)
Well, I'm so tired of crying
But I'm out on the road again
I'm on the road again (I'm on the road again)"
"lyrics-000462","I was begging you to stay
But now you can go away
I am sick and tired
All my tears have dried
I was falling to the ground
And no one was around
Not even you
You know it's true

Oh, you
Ooh, ooh
You took me for a fool
Ooh, ooh
How can you be so cruel?
I have to let you down

For you, it was easy you to hide
While I've tried and I've tried so many times
To ease your mind
How can you talk about all the memories
Remembering only the good scenes?
Time is up
Too late to show up

Oh, you
Ooh, ooh
You took me for a fool
Ooh, ooh
How can you be so cruel?
I have to let you down

Life is a gift I want to share
With someone anywhere
With someone everywhere
With anyone but you
I put my heart where it belongs
I've done it on my own
As we can't get along

I changed my point of view
Ooh, ooh
You took me for a fool
Ooh, ooh
How can you be so cruel?

I have to let you down
And down, and down, down, down, down, down, down, down
Yes, you, ooh, ooh
You took me for a fool
How can you be so cruel?
I have to let you down
Woah, I have to let you down

I have to let you down
I have to let you down
I have to let you down

Down
You took me for a fool for too long
How can you be so cruel?"
"lyrics-000463","I lay down my head
put my ear on the ground
and I pull the bait

to hunt you down
Don't make another sound
I'm ready to drown
I will take your love
put a stone on your vow
I I I 'm ready
I will rip your words
out of your pretty mouth
and I dig deep down
to take you out,
I'm setting fire to your scalp,
hungry for the fight!
I will take your love
put a stone on your vow
I I I 'm ready
You're in my way,
you hide you run from me,
you can't take a breath right
next to me
I'm ready, shaking, silent
ready shaking silent
I know you know
you run from me
you can't take a breath
right next to me
I'm ready, shaking, silent
ready shaking silent
Did you speak the truth?
Did you turn it around?
Did you pull the strings
to take me out?
I'm standing my ground,
you've already drowned
I will take your love
put a stone on your vow
I I I am ready
You're in my way,
you hide you run from me,
you can't take a breath right
next to me
I'm ready, shaking, silent
ready shaking silent
I know you know
you run from me
you can't take a breath
right next to me
I'm ready, shaking, silent
ready shaking silent"
"lyrics-000464","Sometimes I ride around city sights
Only seeing pale reflections of the night
That turn a city into starry skies
I see what is and what it breathes

Honey, I got the blues. I got to see life through these gold shades
I've got to give up that groove and see colours and places I haven't before

You know it's possible to make waves
But you're stuck waiting on Tuesday fresh cuts
No wonder your head is so bold
You've got to get music into your soul

And honey you got the blues. Yeah yeah.
You got to see life through these golden shades
You've got to give me that groove and see colours and places you haven't before

And I know how it goes the torture always the most talented fool
And it's the waiting part that makes me crumble

And honey you got the blues and honey I got the blues

See colours and places ...

And honey you got the blues. You got to see life through these golden shades
I've got to give up that groove and see colours and places I haven't before"
"lyrics-000465","I found myself a new world
Sailed around its ring
I wrought myself a country
And I crowned myself its king

And I made myself religion
Carved Christ in ivory
And I deemed an airtight Sunday
To justify myself all the bleeding

I clawed myself a nation
And I've shopped its waterways
I crack the dirt for smoking out
Rhymes of energy

I gouge myself a pipeline
And I dig myself a mine
I take myself a forest
To sap the growing up of your shrine

I've halted ghosts from dancing
Swept the prayers from the last ones left
I kept the drums from breathing
It's I that warped the blanket's web
I that warp the blankets weft

To speak in some such candor
I rip from the condor's wing
I feed on loving bodies
And take the land from them
To stanch their living
And take the land from them
To stanch their living"
"lyrics-000466","All of the signs I've tried to ignore,
Keep me weak and I'll be coming back for more.
All of the lies sing like a flame,
Draw me in and I can't look away, can't look away.
There's a line I've been walkin
I'm gonna be the one to rock the boat
I'm sick of all this second guessin
I'm gonna lay it all down
Cause my heart don't want what my heart don't want
No, my heart don't want what my heart don't want
My heart don't want what my heart don't want
No, my heart don't want
Every bad word should lay on your tongue
Only speak when there's praise to be sung
Trouble seeks those who claim.
To know the rules but break them all the same, break them all the same.
There's a line I've been walkin...
I'm gonna be the one to rock the boat
I'm sick of all this second guessin
I'm gonna lay it all down.
Cause my heart don't want what my heart don't want.
No, my heart don't want what my heart don't want.
My heart don't want what my heart don't want.
No, my heart don't want.
There's a line I've been walkin...
I'm gonna be the one to rock the boat.
I'm sick of all this second guessin
I'm gonna lay it all down
Cause my heart don't want what my heart don't want.
No, my heart don't want what my heart don't want
My heart don't want what my heart don't want.
No, my heart don't want.
There's a line I've been walkin
I'm gonna be the one to rock the boat
I'm sick of all this second guessin
I'm gonna lay it all down."
"lyrics-000467","Si tu disais, ""On y va""
Si tu disais, ""J'en ai tellement marre d'être ici"", je t'écouterais, crois-moi
Je n'hésiterais pas
Que ce soit pour une ville ou pour un bled, un bout de terre paumé
Crois-moi, ça n'me défriserait pas
Je serais prête comme si j'attendais

Si tu disais, ""Jusque là""
""On s'est contenté de rien et ça va un peu"", je t'approuverais, crois-moi
Je répondrais, ""C'est vrai""
Chaque pan de murs, chaque fissure
Je connais trop le dessin de cet endroit-là oh, si tu disais ça
Je serais prête comme si j'attendais

Si tu disais, ""On y va""
Si tu disais que pour nous, c'est le bon moment, je t'écouterais crois-moi
Je suis prête depuis longtemps
Mais tu n'dis rien de tout ça
Tu n'décides rien, je n'sais pas si tu as idée
De ce qu'on pourrait faire
Je me demande pourquoi tu es là?"
"lyrics-000468","Cette nuit, c'est formidable, cette nuit, si tu savais
Si tu savais le voyage que j'ai fait les yeux fermés
Je partais à la montagne avec la serveuse du café
T'sais celle qui n'a jamais dû me voir, cette nuit comme elle m'aimait
Je l'embrassais, fou comme un diable et ses ongles s'enfonçaient
Quelle torture agréable, comme j'aurais voulu saigner

Comme un matin du café
Oui, comme un matin du café

Cette nuit, c'est formidable, ce matin si tu savais
Si tu savais, c'est incroyable, si tu savais comme j'y croyais
Ses yeux brillaient comme des larmes et ses lèvres m'aspiraient
Toutes brûlantes et animales, elles soupiraient, elles soupiraient
Ses yeux brillaient comme des lames et la langue bien aiguisée
Qui serpente et cannibale, comme j'aurais voulu saigner

Comme un matin du café
Oui, comme un matin du café
Oh-oh oui, un matin du café
Oui, comme un matin de café

Cette nuit, c'est formidable, ce matin, si tu savais
Si tu savais, c'est incroyable, je vois mon nez dans mon café
Je vais l'emmener à la montagne comme la serveuse dont je te parlais
T'sais, celle qui n'a jamais dû me voir, celle qui me verra jamais
Je l'embrassais, fou comme un diable et ses ongles s'enfonçaient
Quelle torture agréable, comme j'aurais voulu saigner

Comme un matin du café
Oui, comme un matin du café
Oui, comme un matin du café
Oui, comme un matin du café"
"lyrics-000469","You will find me if you want me in the garden
Unless it's pouring down with rain
You will find me if you want me in the garden
Unless it's pouring down with rain
You will find me if you want me in the garden
Unless it's pouring down with rain
You will find me if you want me in the garden
Unless it's pouring down with rain

You will find me if you want me in the garden
Unless it's pouring down with rain
You will find me if you want me in the garden
Unless it's pouring down with rain
You will find me if you want me in the garden
Unless it's pouring down with rain
You will find me if you want me in the garden
Unless it's pouring down with rain

You will find me waiting for spring and summer
You will find me waiting for the fall
You will find me waiting for the apples to ripened
You will find me waiting for them to fall
You will find me by the banks of all four rivers
You will find me at the spring of conciousness
You will find me if you want me in the garden
Unless it's pouring down with rain

You will find me if you want me in the garden
Unless it's pouring down with rain
You will find me if you want me in the garden
Unless it's pouring down with rain
You will find me if you want me in the garden
Unless it's pouring down with rain
You will find me if you want me in the garden
Unless it's pouring down with rain"
"lyrics-000470","Holly came from Miami F.L.A.
Hitch-hiked her way across the U.S.A.
Plucked her eyebrows on the way
Shaved her legs and then he was a she
She said, hey babe, take a walk on the wild side,
Said, hey honey, take a walk on the wild side.
Candy came from out on the island,
In the backroom she was everybody's darling,
But she never lost her head
Even when she was giving head
She sayes, hey baby, take a walk on the wild side
Said, hey babe, take a walk on the wild side
And the colored girls go,
Doo doo doo doo doo doo doo doo doo
Doo doo doo doo doo doo doo doo doo
Doo doo doo doo doo doo doo doo doo
Doo doo doo doo doo doo doo doo doo
Doo doo doo doo doo doo doo doo doo
Doo doo doo doo doo doo doo doo doo
Doo doo doo doo doo doo doo doo doo doo
Little Joe never once gave it away
Everybody had to pay and pay
A hustle here and a hustle there
New York City is the place where they said:
Hey babe, take a walk on the wild side
I said hey Joe, take a walk on the wild side
Sugar Plum Fairy came and hit the streets
Lookin' for soul food and a place to eat
Went to the Apollo
You should have seen him go, go, go
They said, hey Sugar, take a walk on the wild side
I said, hey babe, take a walk on the wild side, alright, huh
Jackie is just speeding away
Thought she was James Dean for a day
Then I guess she had to crash
Valium would have helped that bash
She said, hey babe, take a walk on the wild side
I said, hey honey, take a walk on the wild side
And the colored girls say
Doo doo doo doo doo doo doo doo doo
Doo doo doo doo doo doo doo doo doo
Doo doo doo doo doo doo doo doo doo
Doo doo doo doo doo doo doo doo doo
Doo doo doo doo doo doo doo doo doo
Doo doo doo doo doo doo doo doo doo
Doo doo doo doo doo doo doo doo doo doo"
"lyrics-000471","There's a nail in the door
And there's glass on the lawn
Tacks on the floor
And the TV is on
And I always sleep with my guns
When you're gone

There's a blade by the bed
And a phone in my hand
A dog on the floor
And some cash on the nightstand
When I'm all alone the dreaming stops
And I just can't stand

What should I do I'm just a little baby
What if the lights go out and maybe
And then the wind just starts to moan
Outside the door he followed me home

Now goodnight moon
I want the sun
If it's not here soon
I might be done
No it won't be too soon 'til I say
Goodnight moon

There's a shark in the pool
And a witch in the tree
A crazy old neighbour and he's been watching me
And there's footsteps loud and strong coming down the hall
Something's under the bed
Now it's out in the hedge
There's a big black crow sitting on my window ledge
And I hear something scratching through the wall

Oh what should I do I'm just a little baby
What if the lights go out and maybe
I just hate to be all alone
Outside the door he followed me home

Now goodnight moon
I want the sun
If it's not here soon
I might be done
No it won't be too soon 'til I say
Goodnight moon

While you're up so high
How can you save me
When the dark comes here
Tonight to take me up
To my front walk
And into bed where it kisses my face
And eats my head

What should I do I'm just a little baby
What if the lights go out and maybe
And then the wind just starts to moan
Outside the door he followed me home
Now goodnight moon
I want the sun
If it's not here soon
I might be done
No it won't be too soon 'til I say
Goodnight moon
No it won't be too soon 'til I say
Goodnight moon"
"lyrics-000472","Bez Ciebie znaczę mniej
Niż pocztowy znaczek
Bez Ciebie jest mnie półBez Ciebie jestem jak
Z powyłamywanymi nogami stół
Jesteś rzeczą, która sprawia
Że od razu się naprawiam
A na jedno Twoje tak
Się zaczyna świat
Nie mów mi: ""Bądź realistką""
Ja, kochanie, chce mieć wszystko
Nie mów mi: ""Bądź realistką""
Ja wszystko chce mieć
Chodź, pokażę Ci garaże
Garaże pełne marzeń
I zajezdnie gwiezdne Ci otworzę
Moich chorych myśli morze
Jesteś rzeczą, która sprawia
Że od razu się naprawiam
A na jedno Twoje tak
Się zaczyna świat
Nie mów mi: ""Bądź realistką""
Ja, kochanie, chce mieć wszystko
Nie mów mi: ""Bądź realistką""
Ja wszystko chce mieć
Padam, padam
Tak się cieszę, że Cię mam
Nikomu Cię nie dam
Padam, padam
Tak się cieszę, że Cię mam
Nikomu cię nie dam
Padam, padam
Tak się cieszę, że Cię mam
Bez Ciebie znaczę mniej
Niż pocztowy znaczek
Bez Ciebie jest mnie pół
Bez Ciebie jestem jak
Z powyłamywanymi nogami stół
Jesteś rzeczą, która sprawia
Że od razu się naprawiam
A na jedno Twoje tak
Się zaczyna świat
Nie mów mi: ""Bądź realistką""
Ja, kochanie, chce mieć wszystko
Nie mów mi: ""Bądź realistką""
Ja wszystko chce mieć
Padam, padam
Tak się cieszę, że Cię mam
Nikomu Cię nie dam
Padam, padam
Tak się cieszę, że Cię mam
Nikomu cię nie dam
Padam, padam
Tak się cieszę, że Cię mam
Padam, padam
Nikomu Cię nie dam
Padam, padam
Tak się cieszę, że Cię mam
Padam, padam
Nikomu Cię nie dam
Padam, padam"
"lyrics-000473","Uparcie i skrycie
Och życie kocham Cię, kocham Cię, kocham Cię nad życie
W każdą pogodę
Potrafią dostrzec oczy moje młode, niebezpieczną twą urodę
Kocham Cię życie
Poznawać pragnę Cię, pragnę Cię, pragnę cię w zachwycie
Choć barwy ściemniasz
Wierzę w światełko, które rozprasza mrok
Wierzę w niezmienność nadziei, nadziei
W światełko na mierzei
Co drogę wskaże we mgle
Nie zdradzi mnie
Nie opuści mnie
A ja szepnę skrycie
Och życie kocham Cię, kocham Cię, kocham Cię nad życie
Choć barwy ściemniasz
Choć tej wędrówki mi nie uprzyjemniasz, choć się marnie odwzajemniasz
Kocham Cię życie
Kiedy sen kończy się, kończy się, kończy się o świcie
A ja się rzucam
Z nadzieją nową na budzący się dzień
Chcę spotkać w tym dniu
Człowieka, co czuje jak ja
Chcę powierzyć mu
Powierzyć mu swój niepokój
Chcę w jego wzroku
Dojrzeć to światełko które sprawi, że on powie jak ja
Jak ja
Uparcie i skrycie
Och życie kocham Cię, kocham Cię, kocham Cię nad życie
Jem jabłko winne
I myślę Ech Ty życie łez mych winne, nie zamienię Cię na inne
Kocham Cię życie
Poznawać pragnę Cię pragnę Cię, pragnę Cię w zachwycie
I spotkać człowieka
Który tak życie kocha i tak jak ja
Nadzieję ma"
"lyrics-000474","I have been running
Running with your heart
And I've been carrying seizures all the time to diss my little luck
And I am not worried
Worried I might fall
Because the feeling of hurting you
Alone would make me feel so insecure

Not alone
I've got the voices of a million souls

And the years, years go passing by
I don't feel I'm getting older, nor I see I'm getting wise

'Cause all the life running through my veins
It's a lightning shining in the rain surrounded by the fact

I'm not alone
I've got the voices of a million souls
I'm not alone
I've got the voices of a million souls

If I go, will you follow me?
I am running with the stars above
I see them in my dreams

All the life lives inside of me
Don't you hear them crawling in your skin and whispering in your ear?
Not alone
I've got the voices of a million souls"
"lyrics-000475","Isn't anybody gonna move
Isn't anybody gonna move
Well stick around baby
Don't leave so soon
Stay with me for a
Couple more moons
Isn't anybody gonna move
Lost my soul for a dollar or two
It's hard to kiss the girl
When she's always crying
It's even worse to keep my head
When they said she's
Dying
He's the meanest bloke I've ever seen
His concentrated, dilated
Pupils turn green
When he looks upon me at my
White guitar
He said, ""Well maybe you should drive
Off of a cliff in your car""
Am I gonna find the time to breath
Those silly screeching sirens always
Searching for me
They wanna lock me up because I
Borrowed a car
And it gets my blood boiling like a
Bucket of tar
Isn't anybody gonna move
Isn't anybody gonna move
Well stick around baby
Don't leave so soon
'Cause you can stay with me
For a couple more moons
Isn't anybody gonna move
Lost my soul for a dollar or two
It's hard to kiss the girl
When she's always crying
It's even worse to keep my head
When they said she's
Dying"
"lyrics-000476","Now, just do as I say
Keep your lips sealed (lips sealed), walk away (way)
Now, just do as I say
Keep your sweat cold (cold), don't betray (-tray)

Now (now), as I say (say)
Keep your lips sealed (lips sealed), walk away (-way)
Now, just do as I say (say)
Keep your sweat cold (cold), don't betray

Now, just do as I say
Keep your lips sealed, walk away (walk away)
Now, just do as I say
Keep your sweat cold (cold), don't betray

Someone took me by surprise
I was cast among the stars
Read my lips, I'm lost for words
Felt like just another jerk

I bumped into rainbow walls
Heard a million voices call
Why didn't I understand?
Someone's hand was holding out

Now (now), just do as I say (I say)
Keep your lips sealed (lips sealed), walk away (walk away)
Now (now) just do as I say (I say)
Keep your sweat cold (cold), don't betray (-tray)

I must have been missing out
This looks like a brand-new start
Once in a while, things collapse
We can make it better next

Where's my courage? Where's my spine?
Made a million voices lie
Woke up in a frenzy
Someone's hand was holding out

Now (now), just do as I say (I say)
Keep your lips sealed (lips sealed), walk away (walk away)
Now (now), just do as I say (I say)
Keep your sweat cold (sweat cold), don't betray (don't betray, -tray)

Now (now), just do as I say (I say)
Keep your lips sealed (lips sealed), walk away
Now, just do as I say
Keep your lips sealed, walk away

Tapping now, like a dog
Tapping now, like a dog
I must-, missing-, this looks-, brand news
I must-, missing-, this looks- (holding out)

Now (now), just do as I say (I say)
Keep your lips sealed (lips sealed), walk away (walk away)
Now (now), just do as I say (I say)
Keep your sweat cold (cold), don't betray (betray)"
"lyrics-000477","Stills in your pocket, see inside light
What do you want me to do?
I don't know my name, and I don't care for friends
How can I take care of you?
The stars left, the morning came
You know I'm just a good time girl
Leaving you lonely, I don't care at all
No, I can't be good for you
I become weary, you won't get to know me
But what you receive will be pure
I gave you small doses 'cause my heart's been wasted
And I can't belong anymore
It's closing time and the aftermath
His heartache's been coming on slow
Warm and he's curling, our lips are enfolding
Gold on my chest as he falls

Don't be imprisoned by judgments and wisdom
Come to my lap, be a man
I'm off the breast and I'm learning to hunt
Regiani, yeah, he'd understand
Be bold, but don't fight me and don't try to move me, no
No need for Rowlands to wake up the dormant
The seasons are coming around

Stills in your pocket, see inside light
What do you want me to do?
I don't know my name, and I don't care for friends
How can I take care of you?
The stars left, the morning came
You know I'm just a good time girl
Leaving you lonely, I don't care at all
No, I can't be good for you
I become weary, you won't get to know me
But what you receive will be pure
I gave you small doses 'cause my heart's been wasted
And I can't belong anymore
It's closing time, and the aftermath
His heartache's been coming on slow
Warm and he's curling, our lips are enfolding
Gold on my chest as he falls"
"lyrics-000478","Quand nous en serons
Aux temps des cerises
Les gaies rossignols
Les merles moqueurs

Les belles auront
La folie en tête
Et les amoureux
Du soleil au cœur

My hand in your hand
Du soleil au cœur
My hand in your hand
Du soleil au cœur

(Quand nous en serons)
(Aux temps des cerises)
(Sifflera bien mieux)
(Le merle moqueur)

(Mais il est bien court)
(Le temps des cerises)
(En banc de corail)
(Cueille pour le vent)

My hand in your hand
(Cueille pour le vent)
My hand in your hand
(Cueille pour le vent)

(My hand in your hand)
(Cueille pour le vent)
(My hand in your hand)
(Cueille pour le vent)

(My hand in your hand)

Du soleil au cœur
(My hand in your hand)
Du soleil au cœur"
"lyrics-000479","توحشت امي وفرشي الدافي و خويا
زين ايامي و صغر احلامي و بويا

توحشت الليل
و ريحة الياسمين

توحشت الليل
و ريحة الياسمين

زنقت داري قوايل حس و دوه
جري شوارع كبر اقواس الحومه
توحشت الليل
و الكرمه كيف تميل

توحشت الليل
و الكرمة كيف تميل

خزره وغمزه و عشق الطفله الاولي
وقت الكلمه عسل يدين محلوله
توحشت الخير
و ريحة الياسمين

توحشت الخير
وريحة الياسمين

توحشت امي و خرافات الغوله
قهوة اختي و ضحكه مش مغصوره
توحشت سنين
و ريحة الياسمين

توحشت سنين
و ريحة الياسمين

توا ساكن بر الناس براسي
بري بعيد و باقي الحسره نواسي
توحشت سماك
و نفني بش نلقاك

توحشت سماك
و نفنى بش نلقاك"
"lyrics-000480","Find a beautiful old street
Not rushing through this time
In a bar where a fat lady reigns supreme
Come in and drink with a false name
In circus clothes forget their pain
They are the zombie bodies
Caught in the glow of the TV screen
Just forget it?

Forget it all
The TV screen
TV screen makes you feel small
No life at all

Now that you have turned it off
It's harder than you thought
No one wants to give a damn
Or even hear a thought
They rush from one fad to the next
You talk and it has no effect
You are the target for stars
And the planets on the TV screen
Just forget it?

Forget it all
The TV screen
TV screen makes you feel small
No life at all"
"lyrics-000481","Hit the road Jack and don't you come back
No more, no more, no more, no more
Hit the road Jack and don't you come back
No more
What'd you say?
Hit the road Jack and don't you come back
No more, no more, no more, no more
Hit the road Jack and don't you come back
No more
Oh woman, oh woman, don't treat me so mean
You're the meanest old woman that I've ever seen
I guess if you say so
I'll have to pack my things and go (that's right)
Hit the road Jack and don't you come back
No more, no more, no more, no more
Hit the road Jack and don't you come back
No more
What'd you say?
Hit the road Jack and don't you come back
No more, no more, no more, no more
Hit the road Jack and don't you come back
No more
Now baby, listen baby, don't you treat me this way
'Cause I'll be back on my feet some day
Don't care if you do, 'cause it's understood
You ain't got no money, you just ain't no good
Well, I guess if you say so
I'll have to pack my things and go (that's right)
Hit the road Jack and don't you come back
No more, no more, no more, no more
Hit the road Jack and don't you come back
No more
What'd you say?
Hit the road Jack and don't you come back
No more, no more, no more, no more
Hit the road Jack and don't you come back
No more
Well (don't you come back no more)
Uh, what you say? (don't you come back no more)
I didn't understand you (don't you come back no more)
You can't mean that (don't you come back no more)
Oh now, baby, please (don't you come back no more)
What you tryin' to do to me? (don't you come back no more)"
"lyrics-000482","Well, I've seen you blowin' on the wind now,
Like a kite without a string
Well, somehow you have slipped [your xxx] other side
Well, beautiful stranger, you know I ain't askin' now
For forever, no, no, yeah, but just a night, yeah
Yes, and I've seen you takin' them cautious steps now on oyster shells
I've seen you takin' a whimsy smile at the xxx whiskey shelf
Well, beautiful stranger, I know I can't keep you, yeah
But I should want you for myself
And xxx [believe me]...
...I ever always had
Well, that I would fall for a man
That just simply cannot help himself
You may think you're free, my dear
But you only run away
I'm gonna find you on some blue Valentine's Day

And I've seen you blowin' down the street, now,
Takin' [glances] carefully
Xxxx slick xxx smile
Well, beautiful stranger, you know I ain't askin'
For forever, no, no, yeah, but just a night
Yes, and I've seen you takin' them
Cautious steps, yeah, on oyster shells
I've seen you takin' a whimsy smile at the xxx whiskey shelf
Well, beautiful stranger, I know I can't keep you, yeah
But I should want you for myself
And baby, believe me, ...[problem]...
...I ever always had
Well, that I would fall for a man
That just simply cannot help himself
Yes, and you may think you're free, my dear
But you only run away now,
And I'm gonna find you on some blue Valentine's Day
I've seen you blowin' on the wind, yeah, like a kite without a string
Somehow, you have xxxx
Well, beautiful stranger,
You know I ain't askin' now, for forever, no,
Oh my darlin' yeah...
But just tonight"
"lyrics-000483","The truth is that I never shook my shadow
Every day it's trying to trick me into doing battle
Calling out 'faker' only get me rattled
Wanna pull me back behind the fence with the cattle
Building your lenses
Digging your trenches
Put me on the front line
Leave me with a dumb mind
With no defenses
But your defense is
If you can't stand to feel the pain then you are senseless

Since this,
I've grown up some
Different kinda figther
And when the darkness come, let it inside you
Your darkness is shining
My darkness is shining
Have faith in myself
Truth.

I've seen a million numbered doors on the horizon
Now which is the future you choosen before you gone dying
I'll tell you about a secret I've been undermining
Every little lie in this world comes from dividing
Say you're my lover
Say you're my homie
Tilt my chin back, slit my troath
Take a bath in my blood, get to know me
All out of my secrets
All my enemies are turning into my teachers

Because
Light's blinding
No way dividing
What's yours or mine when everything's shining
Your darkness is shining
My darkness is shining
Have faith in ourselves
Truth.

(Yeah)

Yes I'm only loving, only trying to only love
And yes, that's what I'm trying to is only loving

Yes I'm only loving, trying to only love
I swear to god I'm only trying to be loving

Yes I'm only lonely loving
And yes I'm only feeling only loving, only loving
Ya say it ain't loving, loving but my loving

I wanna only love til I'm only loving
I swear to god I'm only loving.
Trying to be loving, loving, loving, loving, loving, loving, love

Yes I'm only loving, yes I'm trying to only love
I swear to god I'm trying but I'm only loving
Ya say it ain't loving, loving, loving, loving, love my love

But I'm only loving, loving, loving
The Truth."
"lyrics-000484","Heute morgen wacht ich dann auf
Alles ganz still and leise
Nur der Punk ist auf dem Weg nach Haus
Und ist froh, komischer Art and Weise

Eine Bierflasche in der Hand
Bin wie der Hund ohne Leine
überlegt wie er die Party fand
Heut fühlt er sich gar nicht alleine

Berlin, ohohooo, Berlin
Du weißt ich liebe Dich, so viel
Berlin, ohohooo, Berlin

Viel zu weit von der Warschauer Brücke
Geht er langsam nach Hause
Sein Kopf ist voller Bilder
Gestern war so guter Ska.
Jetzt fragt er sich ""Wo soll ich pennen?
Vielleicht sollt ich ja rennen?
Aber das Ding ist - ich hab kein Geld!
Oh bitte Gott, gib mir Gold, Gott!""

Kein Gott
Ohohohooo
Du weißt ich liebe dich so viel
Berlin, ohohooo, Berlin

Berlin
Ohohohooo
Berlin
Du weißt ich liebe dich so viel
Berlin, ohohooo, Berlin"
"lyrics-000485","Jak będę chciała latać to zrobię sobie balony
Montowane pod skórą
Zostanę androidem
Dopompuje powietrza
Nadmucham się tak dobrze
Że nad ziemia się uniosę
Będę na wszystkich patrzeć z góry

Polecę jak latawiec

Dmuchawce, latawce, wiatr
Pode mną z Ikei świat
Szyby niebieskie od telewizorów
Cellulit i celuloid

Dmuchawce, latawce, wiatr
Pode mną z Ikei świat
Szyby niebieskie od telewizorów
Cellulit i celuloid

Kiedy byłam mała dziewczynką
Modliłam się o urodę
Dzisiaj jestem już pewna
Wolę być ładna niż mądra
Na co komu ta mądrość?
Tylko się człowiek stresuje
Głupotę ci każdy wybaczy
Brzydoty nie daruje

W telewizorach – przemoc
W galeriach handlowych – przemoc
Z okładek kobiecych pism – przemoc
Uśmiecha się w bikini
I mówi: ""Życie za pysk trzymaj, niech się za bardzo nie ślini""

Dmuchawce, latawce, wiatr
Pode mną z Ikei świat
Szyby niebieskie od telewizorów
Cellulit i celuloid

Dmuchawce, latawce, wiatr
Pode mną z Ikei świat
Szyby niebieskie od telewizorów
Cellulit i celuloid

Słyszę: ""Piękna dziewczyno
Jeśli boisz się przemocy
Jeśli nie możesz zasnąć
Nie czytaj Biblii na noc
To dopiero Tarantino
Nie czytaj piękna dziewczyno
Za ładna jesteś na to""

Lustereczko powiedz przecie
Dlaczego nic nie mówisz?
Już stoję na najwyższym piętrze
Stoję drapię chmury
I nie mam jak zejść z tej góry
Wyżej niż sięga mi głowa
Już wszyscy wrogowie we krwi
A ja pragnę ich wskrzesić i wybić od nowa
Wyżej niż Pałac Kultury
I czuję taka moc przedziwną
I mam wrażenie, że jak skoczę
Ot wcale nie spadnę tylko
Polecę jak latawiec

Dmuchawce, latawce, wiatr
Pode mną z Ikei świat
Szyby niebieskie od telewizorów
Cellulit i celuloid

Dmuchawce, latawce, wiatr
Pode mną z Ikei świat
Szyby niebieskie od telewizorów
Cellulit i celuloid"
"lyrics-000486","I travel alone,
Sometimes I'm east,
Sometimes I'm west,
No chains can ever bind me,
No remembered love
Can ever find me.
I travel alone,
Fair though the places
And faces I've known,
When the dream has ended
And passion has flown,
I travel alone.

The world is wide,
and when my day is done I shall at least have traveled free,
Led by this wanderlust that turns my eyes to far horizons.
Though time and tide won't wait for anyone,
There's one illusion left for me
And that's the happiness I've known alone

I travel alone,
Sometimes I'm east,
Sometimes I'm west,
No chains can ever bind me,
No remembered love
Can ever find me.
I travel alone,
Fair though the places
And faces I've known,
When the dream has ended
And passion has flown,
I travel alone.

Free from love's illusion
My heart is my own,
I travel all alone."
"lyrics-000487","Je vais
La faute au courant d'air
Au creux
Sauve-côte au chien de verre
Je vais
Je viens
Manger
Dormir
Siffler matin
Rater
Partir
Je vais
Je vais
Je viens
Je danse
Aux choses
En vain
Même avance
J'y vais
J'en viens
Manger
Dormir
Souffler matin
Rater
Partir
Ma route est la même
Ah ah ah
Je n'ai pas le temps
Ah ah ah
Ma route est la même
Ah ah ah
Je n'ai pas le temps
Je vais
Au nom
Du nom des vents
J'y vais
Au son
Vêtement
J'y vais
J'en viens
Manger
Dormir
Céder matin
Rater
Partir
Je vais
Je vais
Je viens
Je tends
Au mieux
Au mien
Au pire autant
J'y vais
J'en viens
Manger
Dormir
S'aimer matin
Rater
Partir
Ma route est la même
Ah ah ah
Je n'ai pas le temps
Ah ah ah
Ma route est la même
Ah ah ah
Je n'ai pas le temps
Ah ah ah
Ma route est la même
Ah ah ah
Je n'ai pas le temps
Ah ah ah
Ma route est la même
Ah ah ah
Je n'ai pas le temps
Ah ah ah
Ma route est la même
Ah ah ah
Je n'ai pas le temps
Ah ah ah
Ma route est la même
Ah ah ah
Je n'ai pas le temps
Ah ah ah
Ma route est la même
Ah ah ah
Je n'ai pas le temps
Ah ah ah
Ma route est la même
Ah ah ah
Je n'ai pas le temps
Ah ah ah
Ma route est la même
Ah ah ah
Je n'ai pas le temps
Ah ah ah
Ma route est la même
Ah ah ah
Je n'ai pas le temps
Ah ah ah
Ma route est la même
Ah ah ah
Je n'ai pas le temps"
"lyrics-000488","You're still hiding in the park
You look so happy when you're down, down, down
Under the trees where you won't be found

And you're still dancing in the dark
You still look happy when you're down, down, down
No one can see you spinning round and round

And your feet, they keep on moving
Even when the nights are cold
When you're old, will you still be dancing on
Into the dawn of the light?

I haven't seen you for a while
You still look happy when you're down, down, down
You keep on moving to keep warm when the leaves turn brown

You're still reaching up to the sky
It makes you happy when you're down, down, down
I still believe, that one day you will take off from the ground

And your stars, they keep on burning
Even when the nights are cold
When you're old, will you still be dancing on
Into the dawn?

Hear the voices singing everywhere
Singing love is coming down to those who care
Hear the voices singing everywhere
Singing love is coming down to those who care

Oh-oh, and your feet, they keep on moving
Even when the nights are cold
When you're old, will you still be dancing on
Into the dawn?

And your stars, they keep on burning
Even when the nights are cold
When you're old, will you still be dancing on
Into the dawn of the light?"
"lyrics-000489","Just tell me what you've got to say to me
I've been waiting for so long to hear the truth
It comes as no surprise at all you see
So cut the crap and tell me that we're through

Now I know your heart, I know your mind
You don't even know you're bein' unkind
So much for all your highbrow Marxist ways
Just use me up and then you walk away
Boy, you can't play me that way

Well I guess what you say is true
I could never be the right kind of girl for you

I could never be your woman
I could never be your woman
I could never be your woman
I could never be your woman

When I saw my best friend yesterday
She said she never liked you from the start
Well me, I wish that I could claim the same
But you always knew you held my heart

And you're such a charming, handsome man
Now I think I finally understand
Is it in your genes? I don't know
But I'll soon find out, that's for sure
Why did you play me this way

Well I guess what you say is true
I could never be the right kind of girl for you

I could never be your woman
I could never be your woman
I could never be your woman
I could never be your woman

Well I guess what they say is true
I could never spend my life with a man like you"
"lyrics-000490","We met at the New Year Party of my vegetarian friend
I said I was studying English, I told you I was in a band
I asked what the band was called, I said it's called The Burning Hell
I said I've never heard of you, I said that's probably just as well

Just to make conversation, I told you about a dream I had
Which Jean Baudrillard was rapping with Public Enemy
Shouting, ""Don't believe the hyperreal!"" with Flava Flav and Chuck D
And I said I think we might have a lot in common then, possibly
Because I'm also a musician and also a student of hip-hoposophy

You mentioned you used to play the clarinet in high-school
In the early years of the millennium when you were young
And you said you're hired, the pay is negligible, and the tour starts next month
You asked what I was working on
I said I'm writing an album of love songs
I laughed and said love songs are dumb
And I said, ""Oh, yeah? Wait 'til you hear these ones""

Pass the wine, fuck the government, I love you
Three statements overheard at once in the crowded room
But I could not be sure which one had come from you
So, I passed you the wine and said, ""Yes, fuck the government, I love you too""

Though neither of us are accomplished dancers we danced a little bit
My vegetarian friend was playing the hits of Will Smith, and we got jiggy with it
There on the dance floor, the living room dance floor, that's when it happened
You stole my heart, I stole a kiss, we stole someone else's gin by accident

At some point we got cornered by an amateur poet neither of us knew
Either he had no one else to talk to, or just couldn't pick up simple social cues
Step by step, we backed away until we backed up all the way into the bathroom together
We told the poet that we always go together
'Cause that's what happens when you've been dating forever

We stayed in there for ages hoping the amateur poet would go, it was awkward
We came out and found he'd discovered someone else to bother
And suddenly it was midnight and auld lang syne time
And countdowns and gratuitous public making out
And we started shouting 'cause everyone else was shouting, and isn't it fun to shout?

Pass the wine, fuck the government, I love you
Three statements overheard at once in the crowded room
But I could not be sure which one had come from you
So, I passed you the wine and said, ""Yes, fuck the government, I love you too""

Pass the wine, fuck the government, I love you
Three statements overheard at once in the crowded room
But I could not be sure which one had come from you
So, I passed you the wine and said, ""Yes, fuck the government, I love you too"""
"lyrics-000491","'Erinnere dich an die Liebe'
Schreibe ich
Der Filzstift quietscht wie ein tropischer Vogel
Hörst du mich

Ja, ich hör' dich, und ich schwör'
Ich schlaf' nie wieder ein
Ich fühl mich machtlos, rastlos
Räum nachts noch die Hoffnungsmaschine ein

Oh yeah
Lass die Hoffnungsmaschine laufen
Die Hoffnungsmaschine
Lass die Hoffnungsmaschine laufen

Lass die Hoffnungsmaschine laufen
Die Hoffnungsmaschine
Lass die Hoffnungsmaschine laufen

Steht auf deiner Liste oben die Liebe
Lass da als zweites stehen: 'Steh auf'
Und drittens: 'ein Jeder ist verantwortlich
Auch die, die gar nichts glauben'
Wie der wind hinterm Kino
Umkippt ein Klavier, so soll es pfeifen
(Even more elegant than a question mark)

Schreib eine Zeile pro Tag
In die Hoffnungsautomat Gebrauchsanweisung
Rufzeichen

Oh yeah
Lass die Hoffnungsmaschine laufen
Die Hoffnungsmaschine
Lass die Hoffnungsmaschine laufen

Lass die Hoffnungsmaschine laufen
Die Hoffnungsmaschine
Lass die Hoffnungsmaschine laufen

'Erinnere dich an die Liebe'
Schreibe ich
Eine Zeile pro Tag
In die Hoffnungsautomat Gebrauchsanweisung

Oh yeah
Lass die Hoffnungsmaschine laufen
Die Hoffnungsmaschine
Lass die Hoffnungsmaschine laufen

Lass die Hoffnungsmaschine laufen
Die Hoffnungsmaschine
Lass die Hoffnungsmaschine laufen
Oh yeah"
"lyrics-000492","The city lights are beckoning
The sirens softly call
Of the fantasist and fetishists are preparing the ball
When you've been stuck here on the doorstep with nothing to forsake
Well you might as well be anyone's to take

So i give myself to strangers like i gave myself to you
But the tenderness I felt has been replaced by something new
And in the orgy I can vaguely hear the outline of your call
Well I might as well be anyone's at all

Every memory is sailing to the kingdom of your soul
As you patiently await and lose all sense of self control
You were the lighthouse to my broken boat
But I've left you behind
Now I might as well be anyone's to find
Take my body take it from me
It is not worthy of your memory

I remember you undressing as I set myself on fire
And the funeral was quick as I lay lifeless on your pyre
Well it's a kind of desperation
And it's just something you can't fake
Oh I might as well be anyone's to take

So I give myself to strangers like I gave myself to you
But the unity I felt has been replaced by something new
Now I am Helen and I am Mary Jane
I am Robert and I am Paul
Oh I might as well be anyone's at all
Yes I might as well be anyone at all"
"lyrics-000493","Just tell me what you've got to say to me,
I've been waiting for so long to hear the truth,
It comes as no surprise at all you see,
So cut the crap and tell me that we're through.

Now I know your heart, I know your mind,
You don't even know you're being unkind,
So much for all your high brow Marxist ways,
Just use me up and then you walk away.
Boy, you can't play me that way.

Well I guess what you say is true,
I could never be the right kind of girl for you,
I could never be your woman.

I could never be your woman,
I could never be your woman,
I could never be your woman.

When I saw my best friend yesterday,
She said she never liked you from the start,
Well me, I wish that I could claim the same,
But you always knew you held my heart.

And you're such a charming, handsome man,
Now I think I finally understand,
Is it in your genes, I don't know,
But I'll soon find out, that's for sure,
Why did you play me this way?

Well I guess what you say is true,
I could never be the right kind of girl for you,
I could never be your woman.

I could never be your woman,
I could never be your woman,
I could never be your woman.

Well I guess what they say is true,
I could never spend my life with a man like you.
I could never be your woman.

I could never be your woman,
I could never be your woman,
I could never be your woman."
"lyrics-000494","This is the beginning of an endless love
And we know it now
This is the beginning of
A brand new life
With an open heart

I will tell it to the moon
And sing it to the sky
I will tell it to the moon
And sing it to the sky

I know that the best thing is you and I
I know that the best thing is you and I

This is the beginning of an endless love
And we know it now
This is the beginning of
A brand new life
With an open heart

I will tell it to the moon
And sing it to the sky
I will tell it to the moon
And sing it to the sky

I know that the best thing is you and I
I know that the best thing is you and I
I know that the best thing is you and I
I know that the best thing is you and I

This is the beginning of an endless love
And we know it now
This is the beginning of
A brand new life
With an open heart

I know that the best thing is you and I
I know that the best thing is you and I

This is the beginning of an endless love
And we know it now
This is the beginning of an endless love
And we know it now
This is the beginning of an endless love
And we know it now
This is the beginning of an endless love
And we know it now"
"lyrics-000495","No quiero cantar más de amor
No quiero hablar más de abrazos
No tengo miedo del desierto, de las luces lejanas
De las noches más negras, y del mar sin color

Quédate
En el silencio nace el sol
Y del silencio nace el llanto

Milagro de la madrugada
De tu cuerpo callado
Salen barcos y nieblas
Salen mundos enteros

Quédate
Libertad
Libertad
Libertad
Libertad

Quédate, como en el viento entre mis manos
Quédate, como el baile de los brujos gitanos
Quédate, como en el río que arraiga la luna
Como las nubes que galopan en la vieja laguna

Quédate, como en el viento entre mis manos
Quédate, como el baile de los brujos gitanos
Quédate, como el río que arraiga la luna
Como las nubes que galopan en la vieja laguna

No quiero cantar más de amor
No quiero hablar más de abrazos
No tengo miedo del desierto, de las luces lejanas
De las noches más negras, y del mar sin color

Quédate
Libertad
Libertad
Libertad
Libertad

Quédate, como en el viento entre mis manos
Quédate, como el baile de los brujos gitanos
Quédate, como el río que arraiga la luna
Como las nubes que galopan en la vieja laguna

Quédate, como en el viento entre mis manos
Quédate, come el baile de los brujos gitanos
Quédate, como el río que arraiga la luna
Como las nubes que galopan en la vieja laguna"
"lyrics-000496","Another night in Amsterdam, year 2000.
Brown hair and blue eyes.
Ohh my god! Yess! She made me nervous.
And suddenly, a moment full of harmony.
She came over and asks: Do you want to dance?
And I said: Yes!

I never thought that this could happen next to me
I've always felt secure.
But, she killed, like poison that you never can feel...
And I cry for more.
I was falling as all the flowers die,
And hope that you came...
One day, to find a place, where all the souls are lying.

What had I ever done to deserve this
My shadow gases up to the sky
I was falling
As all the flowers are dying,
And i hope that you come one day, and find the place
Where all the souls are lying

I never thought that this could happen next to me
I've always felt secure.
But, she killed, like poison that you never can feel...
And I cry for more.
I was falling as all the flowers die,
And hope that you came...
One day, to find a place, where all the souls are lyïng."
"lyrics-000497","I'd rather be a sparrow than a snail
Yes I would if I could, I surely would
Away, I'd rather sail away
Like a swan that's here and gone
A man gets tied up to the ground
He gives the world
Its saddest sound, it's saddest sound
I'd rather be a hammer than a nail
Yes I would if I only could, I surely would
Away, I'd rather sail away
Like a swan that's here and gone
A man gets tied up to the ground
He gives the world
Its saddest sound, it's saddest sound
I'd rather be a forest than a street
Yes I would if I could, I surely would
Away, I'd rather sail away
Like a swan that's here and gone
A man gets tied up to the ground
He gives the world
Its saddest sound, it's saddest sound
I'd rather feel the earth beneath my feet
Yes I would if I only could, I surely would
Away, I'd rather sail away
Like a swan that's here and gone
A man gets tied up to the ground
He gives the world
Its saddest sound, it's saddest sound"
"lyrics-000498","Jeśli chcesz żebym cię kochała
Musisz najpierw poznać mapę mego ciała
Zejść na samo dno serca zgubionego
Znaleźć dla mnie coś naprawdę pięknego

Musisz polubić koty i burze
Milesa poetów i kolor niebieski
Zataić słowa które mówię w nocy
By nikt nie poznał ich treści

Jeśli chcesz żebym cię kochała
Musisz znać język gestu i wymowę spojrzeń
Mieć serce jaskółki i potęgę góry
Twardo stać na ziemi ale z głową w chmurach"
"lyrics-000499","Egyszer a nap úgy elfáradt
Elaludt mély, zöld tó ölén
Az embereknek fájt a sötét
Ő megsajnált, eljött közénk

Igen, jött egy gyöngyhajú lány
Álmodtam vagy igaz talán
Így lett a föld, az ég zöld, meg kék, mint rég

Igen, jött egy gyöngyhajú lány
Álmodtam vagy igaz talán
La, la, la-la-la-la, la-la-la-la-la

A hajnal kelt, í hazament
Kík hegy migé, virág kizé
Kis kék elefánt mesét mesél
Szép gyöngyhaján alszik az én

Igen, jött egy gyöngyhajú lány
Álmodtam vagy igaz talán
Így lett a föld, az ég zöld, meg kék, mint rég

Igen, jött egy gyöngyhajú lány
Álmodtam vagy igaz talán
La, la, la-la-la-la, la-la-la-la-la

Igen, jött egy gyöngyhajú lány
Álmodtam vagy igaz talán
Így lett a föld, az ég zöld, meg kék, mint rég

Igen, jött egy gyöngyhajú lány
Álmodtam vagy igaz talán
La, la, la-la-la-la, la-la-la-la-la

La, la, la-la-la-la, la-la-la-la-la-la-la-la
La, la, la-la-la-la, la-la-la-la-la
La, la, la-la-la-la, la-la-la-la-la-la-la-la
La, la, la-la-la-la, la-la-la-la-la"
"lyrics-000500","Nie polubię Cię
Jak powiedzieć prościej?
Zbliżysz się o krok, porachuję kości

Nie polubię Cię
Twej koszuli pstrości
Zbliżysz się o krok, porachuję kości

Kusisz zapachami
Prowokujesz gestem
Wodzisz za mną wzrokiem
Czterogłowym smokiem
Namierzasz radarami
Jestem jak ruchomy cel
Naostrzone zęby
Nie polubię Cię

Nie polubię Cię
Jak powiedzieć prościej?
Zbliżysz się o krok, porachuję kości

Nie polubię Cię
Twej koszuli pstrości
Zbliżysz się o krok, porachuję kości

Do pięciu liczę, znikaj
Dwa, trzy, cztery, pięć
Raz, dwa, trzy, cztery, pięć
Nie będzie dziś walczyka
Dwa, trzy, cztery, pięć
Raz, dwa, trzy, cztery, pięć

Tropią mnie zwiadowcy
Węszą myśliwskie psy
Jak dziką zwierzynę
Co kruszeje żywcem
Zastawiłeś sidła
Zmieniłeś zasady gry
Zablokowałeś drogi
Zaryglowałeś drzwi

Nie polubię Cię
Jak powiedzieć prościej?
Zbliżysz się o krok, porachuję kości

Nie polubię Cię
Twej koszuli pstrości
Zbliżysz się o krok, porachuję kości

Do pięciu liczę, znikaj
Dwa, trzy, cztery, pięć
Raz, dwa, trzy, cztery, pięć
Nie będzie dziś walczyka
Dwa, trzy, cztery, pięć
Raz, dwa, trzy, cztery, pięć

Nie polubię Cię
Jak powiedzieć prościej?
Zbliżysz się o krok, porachuję kości

Nie polubię Cię
Twej koszuli pstrości
Zbliżysz się o krok, porachuję kości

Nie polubię Cię
Jak powiedzieć prościej?
Zbliżysz się o krok, porachuję kości

Nie polubię Cię
Twej koszuli pstrości
Zbliżysz się o krok, porachuję kości"
"lyrics-000501","Nie dobijaj sie
Nie otworze Ci
Nie wygladam dzis przesadnie ladnie

Pózno przyszedl sen
Przyszedl i byl zly
Nie mam sily na zabawe w przyjazn

Nie, nie, nie
Nie to nie
Mówie nie gdy mysle nie
Czemu wiec
Czytasz nie
Jakby nie bylo tak?

Nie dobijaj sie
Nie otworze Ci
Cale cialo mam obolale

Pózno przyszedl sen
Przyszedl i byl zly
Nie mam sily na zabawe w milosc

Nie, nie, nie
Nie to nie
Mówie nie gdy mysle nie
Czemu wiec
Czytasz nie
Jakby nie bylo tak?

Nie, nie, nie
Nie to nie
Mówie nie gdy mysle nie
Czemu wiec
Czytasz nie
Jakby nie bylo tak?"
"lyrics-000502","Babę zesłał Bóg
Raz mu wyszedł taki cud
Babę zesłał Bóg
Coś innego przecież mógł
Żeby dobrze zrobić wam
Żeby dobrze zrobić wam
Babę zesłał Pan

Bóg też chłopem jest
Świadczy o tym jego gest
Bóg też chłopem jest
Tak jak swing i blues i jazz
Żeby z baby ciągle drwić
Żeby z baby ciągle drwić
Trzeba chłopem być

Bóg ci zesłał mnie
Byś miał kogoś w noc i dzień
Bóg ci zesłał mnie
I się z tego tylko ciesz
Z woli nieba jestem tu
Z woli nieba jestem tu
Więc się do mnie módl

Babę zesłał Bóg
Raz mu wyszedł taki cud
Babę zesłał Bóg
Coś innego przecież mógł
Żeby dobrze zrobić wam
Żeby dobrze zrobić wam
Babę zesłał Pan

Bóg też chłopem jest
Świadczy o tym jego gest
Bóg też chłopem jest
Tak jak swing i blues i jazz
Żeby z baby ciągle drwić
Żeby z baby ciągle drwić
Trzeba chłopem być

Bóg ci zesłał mnie
Byś miał kogoś w noc i dzień
Bóg ci zesłał mnie
I się z tego tylko ciesz
Z woli nieba jestem tu
Z woli nieba jestem tu
Więc się do mnie módl"
"lyrics-000503","Miała być jedna lampka, dwie
Poszły konie wio, było lampek moc, ej
Jesteś jak elektrownia, co
Całe miasto chce zaopatrzyć w prąd, ej
Nie mów, stary, że ma kaganiec
Że masz na smyczy metylowego psa, ej
Ten pies ci z filmu wyszarpuje klatki
A ostatni sezon z życia pies w całości zjadł

Ja pas! Ja pas
Ja pas
Ja pas! Ja pas
Ja pas! Ja pas! Ja pas! Ja pas

W tej piosence, co ją Prońko śpiewa
Facet robi małpę i ma Krysia w domu cyrk
Ty po małpie robisz ćwiartkę, pół, trzy czwarte
A gdy robisz krowę, to mam w domu syf
Oto cały ty, ej, oto cały ty, ej
W żłobie leżysz znów, ej, nie przybieży nikt, eee
Oto cały ty, oto cały ty
W żłobie leżysz znów, nie przybieży nikt

Ja pas! Ja pas
Ja pas! Ja pas! Ja pas! Ja pas
Ja pas! Ja pas
Ja pas! Ja pas! Ja pas! Ja pas

Ja pas! Ja pas
Ja pas! Ja pas! Ja pas! Ja pas
Ja pas! Ja pas
Ja pas! Ja pas! Ja pas! Ja pas

Wrócę, gdy przestaniesz tańczyć
Gdy wygrzebiesz się z serpentyn
Wrócę, gdy się skończy bal

Ja pas! Ja pas
Ja pas! Ja pas! Ja pas! Ja pas
Ja pas! Ja pas
Ja pas! Ja pas! Ja pas! Ja pas

Ja pas! Ja pas
Ja pas! Ja pas! Ja pas! Ja pas
Ja pas! Ja pas
Ja pas! Ja pas! Ja pas! Ja pas"
"lyrics-000504","Gdyby była wojna
byłabym spokojna
nareszcie spokojna
wreszcie byłabym
nie musiałabym wybierać
ani myśleć jak tu zyć
tylko być
tylko być

Po kanałach z karabinem
nie biegałabym
nie oddałabym ci polsko
ani jednej kropli krwi
Sorry Polsko
sorry Polsko
sorry Polsko
wybacz mi

Sorry Polsko
sorry Polsko
sorry Polsko
wybacz mi

Sorry Polsko
sorry Polsko
sorry Polsko
wybacz mi

Wystarczająco
przerażająco
jest żyć
sorry Polsko
sorry Polsko
sorry Polsko
wybacz mi
wystarczająco
przerażająco
jest żyć

Płacę abonament
i za bilet płacę
chodzę na wybory
nie jeżdżę na gapę
tylko nie każ mi umierać
tylko nie każ nie każ mi
nie każ walczyć nie każ ginąć
nie chciej polsko mojej krwi
tylko nie każ mi wybierać
tylko nie każ, nie każ mi
nie każ walczyć
nie każ ginąć
nie chciej Polsko mojej krwi

Sorry Polsko
sorry Polsko
sorry Polsko
nie każ mi

sorry Polsko
sorry Polsko
sorry Polsko
nie każ mi

Sorry Polsko
sorry Polsko
sorry Polsko
wybacz mi

Wystarczająco
przerażająco
jest żyć
sorry Polsko
sorry Polsko
sorry Polsko
wybacz mi

Wystarczająco
przerażająco
jest żyć
lepszy żywy obywatel
niż martwy bohater

Sorry Polsko
sorry Polsko
sorry Polsko
wybacz mi
wystarczająco
przerażająco
jest żyć

Sorry Polsko
sorry Polsko
sorry Polsko
wybacz mi
wystarczająco
przerażająco
jest żyć

Sorry Polsko
sorry Polsko
sorry Polsko
wybacz mi
wystarczająco
przerażająco
jest żyć

Sorry Polsko
sorry Polsko
sorry Polsko
wybacz mi
wystarczająco
przerażająco
jest żyć"
"lyrics-000505","Ba, ba, ba, babie lato daj
A, a, a, dziadu ześlij mróz
Niech, niech, niech baba grzeje się
A, a, a dziada skuje lód
Starcom daj dom, zastrzyki na ból, a dzie, dzie, dzie, dzieciom pozwól żyć
Daj, daj, daj zmartwychwstawać w grach

Gdy, gdy, gdy, gdyby kózka chce
To, to, to, to by nóżką żyć
Pa, pa, pa, pana prosi pan
Do, do, do, tanga trzeba dwóch
Już płonie stos
Na rondzie de Gaulle
Pa, pa, pa, palma zjara się, rozkaz da, kserobita brać

Nie da się żyć, zwariuje jak nic
Wtedy ty
Wtedy ty
Nie da się żyć, zwariuje jak nic
Wtedy ty
Wtedy ty

O, o, o, ona nie je nic
Ły, ły, ły, łyka z wdechem tlen
A, a, a, on kaleczy się, a, a, o, a, o kant miednicy jej
Noc, hula wiatr, dzieciaki chcą spać
Za, za, za, zasną wiecznym snem, w beczkach na kompostową maź

Dybie wciąż, dybie na mnie złe, czai się w zakamarkach bram
Toczy jaźń, wkrada się do snów
Swoich ma w radio i TV
Gdzie brzydka treść, obrazek czy dźwięk?
Tam, tam, tam sypie ziarnem czort
Tam, tam, tam zbiera potem plon

Nie da się żyć, zwariuje jak nic
Wtedy ty
Wtedy ty
Nie da się żyć, zwariuje jak nic
Wtedy ty
Wtedy ty
Nie da się żyć, zwariuje jak nic
Wtedy ty
Wtedy ty
Nie da się żyć, zwariuje jak nic
Wtedy ty
Wtedy ty"
"lyrics-000506","Otwieram drzwi, to jesteś ty
Przybiegłaś, widzę jeszcze drżysz
Gorące usta, gorące dłonie
W półmroku cała lśnisz

Powolnym ruchem sięgasz
I patrzysz poprzez szkło
Falujesz w rytmie zmierzchu
Przeciągasz się jak kot

Dotykam cię, a wtedy ty
Przymykasz czarne oczy
Budzisz się, znów cała lśnisz
Lśni się róża nocy

Odchodzisz, lecz zostawiasz
Na szklance szminki ślad
To nic, że ona przyjdzie
Zapyta jeszcze raz

Whose that lipstick on the glass?
Whose that lipstick?
(Lipstick, lipstick)

Whose that lipstick on the glass?
Whose that lipstick?
(Lipstick, lipstick)

Dotykam cię, a wtedy ty
Przymykasz czarne oczy
Budzisz się, znów cała lśnisz
Lśni się róża nocy

Odchodzisz, lecz zostawiasz
Na szklance szminki ślad
To nic, że ona przyjdzie
Zapyta jeszcze raz

Whose that lipstick on the glass?
Whose that lipstick on the glass?
Whose that lipstick on the glass?
Whose that lipstick on the glass?

Otwieram drzwi, to znowu ty
Przybiegłaś, widzę jeszcze drżysz
Gorące usta, gorące dłonie
W półmroku cała lśnisz

Odchodzisz lecz zostawiasz
Na szklance szminki ślad
To nic, że ona przyjdzie
Zapyta jeszcze raz

Whose that lipstick on the glass?
Whose that lipstick?
(Lipstick, lipstick)

Whose that lipstick on the glass?
Whose that lipstick?
(Lipstick, lipstick)

Whose that lipstick on the glass?
Whose that lipstick?
(Lipstick, lipstick)

Whose that lipstick on the glass?
Whose that lipstick?"
"lyrics-000507","Słońce na niebie gaśnie za rzeką
Zmierzch ma zapach siana i snu
Pójdę przed siebie, pójdę daleko
Za ostatni las białych brzóz

Pójdę daleko, pójdę na łąki
Malowane złotem i rdzą
Zwierzę się wierzbom z naszej rozłąki
Wierzby wierzą szeptom i łzom

Tęsknię za Tobą, płaczę po Tobie
Płaczą ze mną rosy i mgły
W ciszy drżą słowa, których nie powiem
Bo rozumiesz je tylko Ty

Pójdę daleko, pójdę na łąki
Malowane złotem i rdzą
Zwierzę się wierzbom z naszej rozłąki
Wierzby wierzą szeptom
Wierzby wierzą szeptom
Wierzby wierzą szeptom i łzom

Pójdę daleko, pójdę na łąki
Malowane złotem i rdzą
Zwierzę się wierzbom z naszej rozłąki
Wierzby wierzą szeptom
Wierzby wierzą szeptom
Wierzby wierzą szeptom i łzom"
"lyrics-000508","Posłuchaj pan, panie podróżny, co się zdarzyło na Próżnej:
żyła tam Jagna dobra i czysta, i chodził do niej Jan kancelista.
Akurat to była niedziela, kręciła się karuzela,
Zabrał tam Jagnę kochanek czuły i całkiem zmącił jej miły umysł.

Oczy tej małej, jak dwa błękity,
Myśli tej małej - białe zeszyty,
A on był dla niej, jak młody bóg,
żebyż on jeszcze kochać mógł...

A lato, jak bywa w Warszawie - młodym służyło łaskawie.
On ją zabierał nieraz na łódki, a ona jego leczyła smutki.
Posłuchaj pan, panie wędrowny: nastał ten dzień niewymowny
- Odszedł bez słowa kochanek podły, na nic się zdały płacz jej i modły.

Oczy tej małej, jak dwa błękity,
Myśli tej małej - białe zeszyty,
A on był dla niej, jak młody bóg,
żebyż on jeszcze kochać mógł...

Pociągi poodchodzą i statki - ona nie wróci do matki.
Kto by uwierzył w całym Makowie, że dla niej światem był jeden człowiek?
Przez niego więc siebie zabiła ta, co z miłości tańczyła...
Bóg jej wybaczył czyny sercowe i lody podał jej malinowe.

Oczy tej małej, jak dwa błękity,
Myśli tej małej - białe zeszyty,
A on był dla niej, jak młody bóg,
żebyż on jeszcze kochać mógł...

Posłuchaj niewierny kochanku, co nienawidzisz poranków:
Wróci do ciebie jeszcze ta trumna, gdzie leży twoja kochanka dumna.
Bo taki, co kochać nie umie - przegra, choć wszystko rozumie.
Bóg cię pokarze swą nieczułością za to, żeś gardził ludzką miłością.

Oczy tej małej, jak dwa błękity,
Myśli tej małej - białe zeszyty,
A tyś był dla niej więcej niż Bóg,
Pokłoń się do jej martwych nóg..."
"lyrics-000509","Galop
Biegnę, padam, wstaję
Bez końca galop
Biegnę, padam, wstaję
Bez końca galop
Biegnę, padam, wstaję
Bez końca gnam

Galop
Biegnę, padam, wstaję
Bez końca galop
Biegnę, padam, wstaję
Bez końca galop
Biegnę, padam, wstaję
Bez końca gnam

Nim pierwszy kur zapieje
I ja, i ja, i je
Już mi na karku siedzi
Jego wrzask, budzi mnie
Na nic ucieczki próby
I ja, i ja, i je
Pogania bez litości
Trzyma się, tak jak cień

Galop
Biegnę, padam, wstaję
Bez końca galop
Biegnę, padam, wstaję
Bez końca galop
Biegnę, padam, wstaję
Bez końca gnam

Galop
Biegnę, padam, wstaję
Bez końca galop
Biegnę, padam, wstaję
Bez końca galop
Biegnę, padam, wstaję
Bez końca gnam

Kiedy próbuję zwolnić
I ja, i ja, i je
On czuwa i ostrogi
Wbija wnet, w boki me
Czasami tylko marzę
I ja, i ja, i je
Że biegnąc razem ze mną
Kiedyś też, zmęczy się

A choćbym uciekł na kraj świata
Szczyt osiągnął dna
On wiernie siedzi mi na głowie
Każdy ruch mój zna
A choćbym uciekł na kraj świata
Ręka dotknął gwiazd
To wiecznie siedzi mi na głowie
Mój przyjaciel czas

A choćbym uciekł na kraj świata
Szczyt osiągnął dna
On wiernie siedzi mi na głowie
Każdy ruch mój zna
A choćbym uciekł na kraj świata
Ręka dotknął gwiazd
To wiecznie siedzi mi na głowie
Mój przyjaciel czas

A choćbym uciekł na kraj świata
Szczyt osiągnął dna
On wiernie siedzi mi na głowie
Każdy ruch mój zna
A choćbym uciekł na kraj świata
Ręka dotknął gwiazd
To wiecznie siedzi mi na głowie
Mój przyjaciel czas

Galop
Bez końca galop
Bez końca galop
Bez końca gnam
Galop
Bez końca galop
Bez końca galop
Bez końca gnam"
"lyrics-000510","Early birds flying oh so high
Standing trees, brother in arms
Dying hope in this town of strangers
Carbon streets on a rainy day
Carpets of leaves under my feet
The dawn is coming to my town of strangers
The storm comes and goes
And I keep walking, I keep walking
Rain drops shine with gold
My heart was stolen, heart was stolen
Children play in the dirt
Fences break under the pressure of time
Lonely moon stapled to the grayness
Sleepy dogs, no one heard them bark
Broken chains, remains of the past
The dawn is coming to my town of strangers
The storm comes and goes
And I keep walking, I keep walking
Rain drops shine with gold
My heart was stolen, heart was stolen
The storm comes and goes
And I keep walking, I keep walking
Rain drops shine with gold
My heart was stolen, heart was stolen"
"lyrics-000511","Chciałbym się jeszcze powłóczyć z tobą
Póki żyjemy i mam cię obok
Zjechać z tobą w dół po poręczy
Wspólnie się wyczołgać z nędzy
Schować szczęście tu pod podłogą
Zanim przyjadą i nas wywiozą
Zobaczyć razem niebo po burzy
Skoczyć w kałuże żyć jak najdłużej
Jak najdłużej
Chciałbym się jeszcze powłóczyć z tobą
Póki żyjemy i mam cię obok
Zjechać z tobą w dół po poręczy
Wspólnie się wyczołgać z nędzy
Schować szczęście tu pod podłogą
Zanim przyjadą i nas wywiozą
Zobaczyć razem niebo po burzy
Skoczyć w kałuże, żyć jak najdłużej
Siedzę na ławce i patrzę na słońce
Chyba już dzisiaj nigdzie nie zdążę
Chyba już nigdy nie będzie lepiej
Nie będzie dobrze, więc się nie spieszę
Siedzę na ławce i patrzę na słońce
Chyba już dzisiaj nigdzie nie zdążę
Chyba już nigdy nie będzie lepiej
Nie będzie dobrze, więc się nie spieszę
Więc się nie spieszę
Chciałbym się jeszcze powłóczyć z tobą
Póki żyjemy i mam cię obok
Poznać wszystkie diabły i anioły
Elfy, strzygi i upiory
Błąkać się w obrazach świętych
Spędzić dwie noce u wiedźm przeklętych
Spotkać tego co się boją
Boga ze zrudziałą brodą
Chciałbym się jeszcze powłóczyć z tobą
Póki żyjemy i mam cię obok
Poznać wszystkie diabły i anioły
Elfy, strzygi i upiory
Błąkać się w obrazach świętych
Spędzić dwie noce u wiedźm przeklętych
Spotkać tego co się boją
Boga ze zrudziałą brodą
Siedzę na ławce i patrzę na słońce
Chyba już dzisiaj nigdzie nie zdążę
Chyba już nigdy nie będzie lepiej
Nie będzie dobrze, więc się nie spieszę
Siedzę na ławce i patrzę na słońce
Chyba już dzisiaj nigdzie nie zdążę
Chyba już nigdy nie będzie lepiej
Nie będzie dobrze, więc się nie spieszę
Chciałbym się jeszcze powłóczyć z tobą
Póki żyjemy i mam cię obok
Złączyć się jednym przyjemnym dreszczem
Pochodzić razem nocą po mieście
Zimnym zachłysnąć się majem
Siedzieć i patrzeć na nasze tramwaje
Wypić z worka oranżadę
I wyprowadzić się na stałe
Siedzę na ławce i patrzę na słońce
Chyba już dzisiaj nigdzie nie zdążę
Chyba już nigdy nie będzie lepiej
Nie będzie dobrze, więc się nie spieszę
Siedzę na ławce i patrzę na słońce
Chyba już dzisiaj nigdzie nie zdążę
Chyba już nigdy nie będzie lepiej
Nie będzie dobrze, więc się nie spieszę
Więc się nie spieszę
Więc się nie spieszę
Chciałbym się jeszcze powłóczyć z tobą
Póki żyjemy i mam cię obok
Chciałbym się jeszcze powłóczyć z tobą
Póki żyjemy i mam cię obok
Chciałbym się jeszcze powłóczyć z tobą
Póki żyjemy i mam cię obok
Póki żyjemy i mam cię obok
Póki żyjemy i mam cię obok"
"lyrics-000512","Il existe un endroit où les hommes parlent comme les oiseau
Sur l'île de La Gomera, on entend el silbo en écho
Entre deux montagnes amarées aux nuages
Un guache siffle pour s'inviter à dîner
Au menu, un mojo piquant qui monte aux yeux
Et, à nouveau, un sifflement pour se dire adieu

À le voir crapahuter, le pied agile, les jambes arquées
On ne le distingue dans l'argile que par le son de son sifflet
La lucha canaria pour protéger son île
El silbo pour braver la Guardia civil

C'est une île au paradis
Où les humains sifflent aussi
Le plus beau chant du plus bel oiseau
C'est le silbo gomero

C'est le silbo gomero

La guagua escalade les jardins en escalier
Sous le volcan d'la ballade, el silbo perce la fumée
Et me voilà, petit géant, prêt à siffler dans le vent
Les deux-trois mots que j'ai gardés s'envolent vers toi
Gomero
Bonifacio

C'est une monde au paradis
Où les humains sifflent aussi
Le plus beau chant du plus bel oiseau
C'est le silbo gomero

Le plus beau chant du plus bel oiseau
C'est le silbo gomero"
"lyrics-000513","Sur la Croisette, Nicole Croisille
Lance un grand rire de pacotille
Que de belles filles
15 jours à Cannes, tout est possible
Dans les coulisses du festival
Pénétré d'un vent de scandale

Regarde Élodie Bouchez
Tu sais que tout peut arriver
Elle a bu un dry du Martinez
Tu ne te sens pas très à l'aise
Tu viens juste de rencontrer
David Lynch très mal coiffé

Le sable blanc et les palmiers
Catherine Deneuve, 30 ans passés, depuis longtemps
Faye Dunaway en bikini
Avec ton meilleur ami
Où sont donc passées les starlettes?
Qui sont ces salopes en goguette?
Le malheur sur la Côte d'Azur
C'est que jamais rien ne dure

Un sosie de Juliette Gréco
Hante cette année le Negresco
C'est un jeune dandy décadent
Qui aime les cocktails au rhum blanc
Dans une voiture décapotable
Dans ton beau costume estival
À l'aise dans la démesure
As-tu trouvé l'amour?

Au bras d'Isabelle Adjani
Tu toises la foule et tu souris
Quelle belle démarche
Tu viens de monter les grandes marches

15 jours à Cannes, tout est possible
15 jours à Cannes, tout est possible"
"lyrics-000514","I don't think you should wait nor a minute more
'Cause she's a girl that you've been waiting for
It's funny how the noises that I'm making
Can't drown the sound of my heart breaking

Baby blue
I don't know what to do when you call to me
Baby blue
I never really knew I belonged to you

Just one brief glance was all that I needed to
Believe that you might feel what I feel for you
In the night I wake up hard breathing
No peace, you're calling to me, am I dreaming?

Baby blue
I don't know what to do when you call to me
Baby blue
I never really knew I belonged to you

No ageless trance will rush up to meet me and fade
The love will remain

Baby blue
I don't know what to do when you call to me
Baby blue
I never really knew I belonged to you

A desert rose if only I found a blue
In the night, into his room
Brush his lips, wait 'til the morning
In his eyes a new love dawning

Baby blue
I don't know what to do when you call to me
Baby blue
I never really knew I belonged to you"
"lyrics-000515","I see buildings on horizons
Spreading out for miles and miles around
I saw the Mother of Invention
In a state with Mother Nature's son

Hmm, hmm, hmm, hmm, hmm

Who's the emperor in new clothes
Who's the weaver at the bank man's side
Spinning lies to satisfy those
Who prefer to turn a blind eye

I don't wanna look for meaning
In the belly of a whale
I don't wanna kill the feeling
We only keep the limitations that we fight for

All that we are
Is a wish upon a star
We go wayward, wayward
All that we are
Losing control of the car
Pushing onward, onward, yeah

Hmm, hmm, hmm, hmm, hmm, hmm

Who's addicted to the quick fix
Hoping that a magic pill exists
Kamikaze comfort zones increase
We're stuck to phones but disconnected

I don't wanna fear your future
I don't wanna let us down
Every student is a teacher
Get connected and we'll see just who is learning

All that we are
Is a wish upon a star
We go wayward, wayward
All that we are
Losing control of the car
Pushing onward, onward

Walking on a path once paved with gold
Following a fable, truth be told
Are we unable?
I just don't know
Well, I don't know

All that we are
Is a wish upon a star
We go wayward, wayward
All that we are
Losing control of the car
Pushing onward, onward, yeah

Hmm, hmm, hmm, hmm, hmm, hmm
Hmm, hmm, hmm, hmm, hmm, hmm"
"lyrics-000516","Depuis le temps qu't'en rêvait
Il est arrivé
Il a tout changé
Le petit succès
Depuis le temps qu't'en rêvait
Dès qu'il s'est pointé
Il a tout transformé
Le petit succès

Et moi j'en ai bavé
Au mois de juillet
Pendant que t'avais
Ton petit succès
Mais il n'a pas duré
Plus d'un seul été
Il est retombé
Le petit succès

Et moi je n'ai pas bougé
Quand le temps a changé
Et qu'à bout de succès
T'as finis par tomber
Oh non, je n'ai pas bougé
Car le vent a tourné
Et là c'était mon tour
D'avoir du succès

Les ailes déployées
Et le coeur léger
Je me suis grisée
De petit succès
Mais je suis retombée
Peu de temps après
Le petit succès
Ne m'a pas épargnée

Et alors je t'ai cherché
Et je t'ai retrouvé
Il nous avait changé
Le petit succès
Il nous avait changé
Au point qu'on s'est croisé
Et que nos yeux blessés
Ne pouvaient plus saigner

Vu le mal qu'il nous fait
Il faut s'en méfier
Du petit succès
Dès qu'il apparaît
Mais on est ainsi fait
Qu'on rêve de voler
Et qu'on ne peut résister
A l'appel du succès"
"lyrics-000517","Everybody wants to be a cat
Because the cat's the only cat
Who knows where it's at
Everybody's picking up on that feline beat
'Cause everything else is obsolete

Now, a square with a horn
Makes you wish you weren't born
Every time he plays
And with a square in the act
He can set music back
To the caveman days

I've heard some corny birds who tried to sing
But a cat's the only cat who knows how to swing
Who wants to dig a long-haired gig or stuff like that?
When everybody wants to be a cat

A square with a horn
Makes you wish you weren't born
Every time he plays
But with a square in the act
You can set music back
To the stone age days

Everybody wants to be a cat
Because the cat's the only cat
Who knows where it's at
While playing jazz, you always have a welcome mat
'Cause everybody digs a swinging cat

Everybody, everybody, everybody wants to be a cat
Everybody, everybody, everybody wants to be a cat
Everybody, everybody, everybody wants to be a cat
Everybody, everybody, everybody wants to be a cat
Everybody, everybody, everybody wants to be a cat
Everybody, everybody, everybody wants to be a cat"
"lyrics-000518","Holly came from Miami FLA
Hitch-hiked her way across the USA.
Plucked her eyebrows on the way
Shaved her leg and then he was a she
She said, hey babe, take a walk on the wild side,
Said, hey honey, take a walk on the wild side.

Candy came from out on the island,
In the backroom she was everybody's darling,
But she never lost her head
Even when she was given head
She said, hey baby, take a walk on the wild side
She said, hey babe, take a walk on the wild side
And the coloured girls go, doo doo doo, doo ...

Little Joe never once gave it away
Everybody had to pay and pay
A hustle here and a hustle there
New York city is the place where they said:
Hey babe, take a walk on the wild side
I Said hey Joe, take a walk on the wild side

Sugar Plum Fairy came and hit the streets
Lookin' for soul food and a place to eat
Went to the Apollo
You should have seen him go go go
They said, hey Sugar, take a walk on the wild side
I said, hey honey, take a walk on the wild side

Jackie is just speeding away
Thought she was James Dean for a day
Then I guess she had to crash
Valium would have helped that dash
She said, hey babe, take a walk on the wild side
I said, hey honey, take a walk on the wild side
And the coloured girls say doo doo doo, doo ..."
"lyrics-000519","Hello darkness, my old friend
I've come to talk to you again
Because a vision softly creeping
Left its seeds while I was sleeping
And the vision that was planted in my brain
Still remains within the sound of silence

In restless dreams, I walked alone
Narrow streets of cobblestone
'Neath the halo of a street lamp
I turned my collar to the cold and damp
When my eyes were stabbed by the flash of a neon light
That split the night, and touched the sound of silence

And in the naked light I saw
Ten thousand people, maybe more
People talking without speaking
People hearing without listening
People writing songs that voices never share
And no one dared disturb the sound of silence

""Fools,"" said I, ""You do not know
Silence like a cancer grows
Hear my words that I might teach you
Take my arms that I might reach you,"" mm
But my words, like silent raindrops fell
And echoed in the wells of silence

And the people bowed and prayed
To the neon god they made
And the sign flashed out its warning
In the words that it was forming
And the sign said, ""The words of the prophets are written
On the subway walls and tenement halls
And whispered in the sound of"""
"lyrics-000520","I've waited hours for this,
I've made myself so sick

I wish I'd stayed asleep today,
I never thought this day would end
I never thought tonight could ever be
This close to me

Just try to see in the dark,
Just try to make it work,
To feel the fear before you're here
I make the shapes come much too close,
I pull my eyes out,
Hold my breath,
And wait until I shake
But if I had your faith,
Then I could make it safe and clean
If only I was sure,
That my head on the door was a dream

I've waited hours for this,
I've made myself so sick,
I wish I'd stayed asleep today
I never thought this day would end,
I never thought tonight could ever be
This close to me
But if I had your face,
Then I could make it safe and clean
If only I was sure,
That my head on the door, Was a dream
But if I had your faith,
Then I could make it safe and clean
If only I was sure,
That my head on the door, Was a dream
yeah-eh If I had your face
then I could make it safe and clean
If you only I was sure
That my head on the door was a dream
If i had your faith
If i had your faith
If I I I I I I...
Oh if I was sure that my head on the door was a dream (fading)
END"
"lyrics-000521","I don't feel safe here anymore
Where is the road, I want me to go
Walk to home 'til sunrise
Will you ever notice
That I'm still alive

Am I too young to tell you anything
When I'm so much older than I seem
And there's no time to dream all for us now
I just wanna stay here for a little while

I watched the sun go down today
And a bird that standing in my garden way
Wanna live in this cold and shiny world
Close your eyes and tell me
What you really heard

Am I too young to tell you anything
But I'm so much older than I seem
And there's no time to dream all for us now
I just wanna stay here for a little while

Am I too young to tell you anything
But I'm so much older than I seem
And there's no time to dream all for us now
I just wanna stay here for a little while

Am I too young to tell you anything
But I'm so much older than I seem
And there's no time to dream all for us now
I just wanna stay here for a little while

Am I too young to tell you anything
But I'm so much older than I seem
And there's no time to dream all for us now
I just wanna stay here for a little while

I just wanna stay here for a little while
I just wanna stay here for a little while
I just wanna stay here for a little while"
"lyrics-000522","Często Twe oczy miast wiosennieć zielenią
Są takie zimne i dziwne
W chorych rozmowach oczy patrzą gdzie indziej
Patrzą tylko gdzie by się schować

Twoje ramiona – nie kruszące się ciasto
Nie pachną miętową maścią
Ja w Twoich ramionach – nieistotny dysonans
Deszcz szczęścia, strzał nad przepaścią

Szeptem na ucho powiem, że
Że ja, ja się tego wyrzekam
Że ja, ja się tego wyrzekam

Tych ranków jak febra
U okien Twych jak żebrak
Siedziałem za drzewem nie raz

I gwiazd spadających
Pijanych gwiazd na stos
Nocą gdy będę umierał

Szeptem na ucho powiem, że
Że ja, ja się tego wyrzekam
Że ja, ja się tego wyrzekam
Wyrzekam, bo
Wyrzekam bo

Nikt tak pięknie nie mówił, że się boi miłości
Nikt tak pięknie nie mówił, że się boi miłości
Jak Ty

Zanim piorun i tęcza przejdą przez smutków most
Zanim dzień stąd odleci na chmurze
Zanim groszki i róże pocałują się znów przez płot
Zanim kurz pozamiata podwórze

Szeptem na ucho powiem, że
Że ja, ja się tego wyrzekam
Że ja, ja się tego wyrzekam
Wyrzekam, bo
Wyrzekam, bo

Nikt tak pięknie nie mówił, że się boi miłości
Nikt tak pięknie nie mówił, że się boi miłości
Jak Ty

A kiedy spotkam Ciebie na śmierci zakrętach
Jeszcze raz to tylko Tobie powiem
A kiedy spotkam Ciebie na śmierci zakrętach
Jeszcze raz to tylko Tobie powiem

Nikt tak pięknie nie mówił, że się boi miłości
Nikt tak pięknie nie mówił, że się boi miłości

Jak Ty"
"lyrics-000523","Better go back
Rhythm inside
Better go back
Here inside

I told you I would get you
The back of the hand
I told you I would find
A place to go

PAPER TRAILS on a mountain
And fruits on a table
A wooden house to live in
A baby to care

The grass green but the
The sun is blue
Better find a way
To get through to you

Where are you when I need you?
Where did you go?
How can I find you when I need to?
Where should I go?

PAPER TRAIL on a mountain
And far away
A big trail on a mountain
You'll find a way

The fire outside
It's burning up place
But you're inside
Burning up ahead

PAPER TRAILS on a mountain
And fruits on a table
A wooden house to live in
A baby to care"
"lyrics-000524","Oh I've been dreaming
And it's a sweet, sweet feeling
Oh we've been sailing
Are we pushing on the wind?

Oh I've been dreaming
And it's a strange, strange feeling
To be drifting, oh we've been swinging
Caught in the swell of the rolling

Oh I've been falling
Sensation of drowning
And I've been screaming
But no sound is coming from my mouth

Oh Jeanie
I love you but you are scary
Oh maybe
You'll take us far but it won't be easy

Oh I know crying
And you guys know to feel it
To be seasick and I'm still bleeding
While hanging by this string, yeah

I must be stuck in
The middle of nothing
And I'm punching
But no strength is coming from my arm

Oh Jeanie
I love you but you are scary
And maybe
Let's take it easy

Oh Jeanie
You take us far but it won't be easy
Oh maybe
We'll get there safely, yeah

Oh I was dreaming
And now it's happening
Oh we are playing
Oh it's the same strong feeling

And I keep singing
Words will spill from my mouth
A good way of healing
Sensation of living

Oh Jeanie
I love you but you are scary
Oh maybe
You'll take us far but it won't be easy

Oh Jeanie
Let's take it easy
And maybe
We'll get there safely"
"lyrics-000525","Blue hotel
On a lonely highway
Blue hotel
Life don't work out my way

Blue hotel
On a lonely highway
Blue hotel
Life don't work out my way
I wait alone each lonely night
Blue hotel
Blue hotel

Blue hotel
Every room is lonely
Blue hotel
I was waiting only
The night is like her lonely dream
Blue hotel
Blue hotel
Blue hotel
On a lonely highway
Blue hotel
Life don't work out my way
I wait alone each lonely night
Blue hotel
Blue hotel"
"lyrics-000526","It's not easy yes it's true
What we're all going through
Sittin' round and feelin' blue
Nothing else that we can do
Hold your head up high
Make the best of time
Don't forget to move your body to the beat
Don't forget to sing out loud and to feel free
Don't forget to praise the earth cause you're alive
Don't forget to hold your head up high
Here we are and it's all new
We just got to make it through
You've got worries chasing you
Wonderin' what we could do
Hold your head up high
Make the best of time
Don't forget to move your body to the beat
Don't forget to sing out loud and to feel free
Don't forget to praise the earth cause you're alive
Don't forget to hold your head up high
La da da da da da da da da da da
La da da da da da
La da da da da da da da da da da
La da da da da da
Don't forget to move your body to the beat
Don't forget to sing out loud and to feel free
Don't forget to praise the earth cause you're alive
Don't forget to hold your head up high
Don't forget to move your body to the beat
Don't forget to sing out loud and to feel free
Don't forget to praise the earth cause you're alive
Don't forget to hold your head up high"
"lyrics-000527","Trying hard not to fall
On the way home
You were trying to wear me down, down
Kissing up on fences
And up on walls
On the way home
I guess it's all working out, now

Cause there's still too long to the weekend
Too long till I drown in your hands
Too long since I've been a fool, oh

Leave this blue neighbourhood
Never knew loving could hurt this good, oh
And it drives me wild
Cause when you look like that
I've never ever wanted to be so bad, oh
It drives me wild
You're driving me wild, wild, wild
You're driving me wild, wild, wild
You're driving me wild

We're alike you and I
Two blue hearts locked in our wrong minds
So can we make the most out of no time?
Can you hold me?
Can you make me leave my demons & my broken pieces behind?

Cause there's still too long to the weekend
Too long till I drown in your hands
Too long since I've been a fool, oh, yeah, yeah, yeah

Leave this blue neighbourhood
Never knew loving could hurt this good, oh
And it drives me wild
Cause when you look like that
I've never ever wanted to be so bad, oh
It drives me wild
You're driving me wild, wild, wild

You make my heart shake
Bend and break
But I can't turn away
And it's driving me wild
You're driving me wild

You make my heart shake
Bend and break
But I can't turn away
And it's driving me wild
You're driving me wild
Leave this blue neighbourhood
Never knew loving could hurt this good, oh
And it drives me wild
Cause when you look like that
I've never ever wanted to be so bad, oh
It drives me wild"
"lyrics-000528","The emptiness that we confess
In the dimmest hour of day
In the common town they make a sound
Like the low sad moan of prey
The bitter taste the hidden face
Of the lost forgotten child
The darkest need the slowest speed
The debt un-reconciled
These photographs mean nothing
To the poison that they take
Before a moment's glory
The light begins to fade
The awful cost of all we lost
As we looked the other way
We've paid the price of this cruel device
'Til we've nothing left to pay
The river goes where the current flows
The light we must destroy
Events conspire to set afire
The methods we employ
These dead men walk on water
Cold blood runs through their veins
The angry river rises
As we step into the rain
These photographs mean nothing
To the poison that they take
The angry river rises
As we step into the rain"
"lyrics-000529","Here struck between this heaven blue
This emerald green
Life takes on so easy
And here our eyes shine bright
And our smiles are free
And this golden light
It fits like a crown
And one could almost forget
That somewhere over there
There's the grey city lights
The grey city heights
We've left behind
There, in this withered town
Struck between
This ceiling and the ground
Days bleed so listlessly
And all faces down
One by one we drag
Our heavy loads around
And one could almost forget
That somewhere over there
There's the heaven blue skies
The ruby red sunrise
We've left behind
And one could almost forget
That somewhere over there
There's the grey city lights
The grey city lights
There's the grey city lights
The grey city heights
We've left behind"
"lyrics-000530","Jeśli tylko to będzie możliwe
Odwrócę wzrok w drugą stronę
Spojrzenia się takie wymowne
Wiec cię przed nimi uchronię

Będę błądzić oczami gdzieś pomiędzy chmurami
Będę błądzić oczami gdzieś pomiędzy chmurami (oh-oh)

Oczami, gdzieś pomiędzy chmurami
Będę błądzić oczami gdzieś pomiędzy chmurami
Będę błądzić oczami gdzieś pomiędzy chmurami
Będę błądzić oczami gdzieś pomiędzy chmurami

Jeśli tylko to będzie możliwe
Będę również uważać na słowa
One mogą powiedzieć zbyt wiele
Ostrożna więc będzie ma mowa

Będę błądzić słowami gdzieś pomiędzy myślami
Będę błądzić słowami gdzieś pomiędzy myślami (oh-oh)

(Będę błądzić słowami gdzieś pomiędzy myślami)
Jeśli będzie to możliwe
Będę błądzić słowami gdzieś pomiędzy myślami
Będę błądzić słowami gdzieś pomiędzy myślami (oh-oh)
Będę błądzić słowami gdzieś pomiędzy myślami

Jeśli tylko to będzie możliwe
Do porządku przywołam też ciało
Ciało nigdy podobno nie kłamie
Lecz je zmuszę by bardzo kłamało

Będę błądzić palcami gdzieś pomiędzy chęciami
Będę błądzić palcami gdzieś pomiędzy chęciami

(Będę błądzić palcami gdzieś pomiędzy chęciami)
Będę siebie dotykać!
(Będę błądzić palcami gdzieś pomiędzy chęciami)
Będę wzrokiem umykać
(Będę błądzić palcami gdzieś pomiędzy chęciami)
Jeśli tylko to będzie możliwe
(Będę błądzić palcami gdzieś pomiędzy chęciami)
Jeśli tylko to będzie możliwe
(Będę siebie dotykać, będę wzrokiem umykać)
Jeśli tylko to będzie możliwe
(Będę siebie dotykać, będę wzrokiem umykać)
Jeśli tylko to będzie możliwe
(Będę siebie dotykać, będę wzrokiem umykać)
(Będę siebie dotykać, będę wzrokiem umykać)"
"lyrics-000531","Blonde one from the wilderness
Is almost dressed and i'm just her guest now
Female grace? she hits my face.
Makes me feel like i've ruled this world too long

Power to the women of the morning shift
Power to the women of the morning shift

Yesternight your rhythm made me stumble
Your geometry made me feel humble
But i'm a man - Rock'n'Roll makes me cry in the dawn -
I mean: almost - anyway, you've got to move on!

Power to the women of the morning shift
Power to the women of the morning shif"
"lyrics-000532","From the terrace of my view
Shine my moonlight avenue
All around shadows of you
Shine my moonshine avenue

Be the lighthouse of my dreams
Please forgive all of my sins
In my moonlight avenue
All those years waiting for you

Hope the rain is coming soon
Magic stairway to the moon
Flying high goes my balloon
Flying high my lonely tune

From the terrace of my view
Shine my moonlight avenue
All around shadows of you
Shine my moonshine avenue

Lie-lie-lie-la-la-la
Lie-lie-lie-la-la-la
Lie-lie-lie-la-la-la
Lie-lie-lie-lie-lie-lie

From the terrace of my view
Shine my moonlight avenue
All around shadows of you
Shine my moonshine avenue

Be the lighthouse of my dreams
Please forgive all of my sins
In my moonlight avenue
All those years waiting for you

Hope the rain is coming soon
Magic stairway to the moon
Flying high goes my balloon
Flying high my lonely tune

From the terrace of my view
Shine my moonlight avenue
All around shadows of you
Shine my moonshine avenue

Lie-lie-lie-la-la-la
Lie-lie-lie-la-la-la
Lie-lie-lie-lie-lie
Lie-lie-lie-lie-lie-lie
Lie-lie-lie-lie-lie-lie
Lie-lie-lie-lie-lie-lie
Lie-lie-lie-lie-lie-lie
Lie-lie-lie-lie-lie-lie

From the terrace of my view
Shine my moonlight avenue"
"lyrics-000533","Heaven people so heavenly trapped
What comes first is the voice in your head
It's you
Yeah, you
Holy losers so wholly engaged
Can't control all the actions you take
Yeah, you
Be true

All of our anger
Shows you're the commander
All of our worries
Are your bedtime stories
Mhm

Like a bloodbath
Nothing special
Is it?

Silent creatures so silently mad
Face the fact, your inner man has been dead
Now who
Are you?
Mortal monsters so mortally screwеd
Can't take back what you've done in your mood
What you
Gonna do?

All of your angеr
Shows we're the commander
All of your worries
Are our bedtime stories
Mhm

Like a bloodbath
Nothing special
Is it?

Mm-m-mm-mmh, mm-mmh
Mm-m-mm-mmh, mm-mmh (This is—)
Mm-m-mm-mmh, mm-mmh
Mm-m-mm-mmh, mm-mmh
I cover my face (Mm-m-mm-mmh)
Counting to ten (Mm-mmh)
Laugh it off now (Mm-m-mm-mmhh)
Is anybody here? (Mm-mmh)
I cover my face (Mm-m-mm-mmh)
Counting to ten (Mm-mmh)
Cry it out now (Mm-m-mm-mmh)
Is anybody, anywhere, anyhow, anyway
Anyone, any, any here?

Fearful angels so fearfully cool
Can't believe what has happened to you
Can you
You fool?
Hateful booster so hatefully great
Stay with me now and be my playmate
Woohoo
Shoobidoo

All of my anger (All of my anger)
Shows I'm the commander (I'm the commander)
All of my worries (All of my worries)
Are my bedtime stories
Mhm

Just a bloodbath
Nothing special
Just a bloodbath
Nothing special
Is it?

Mm-m-mm-mmh, mm-mmh
Mm-m-mm-mmh, mm-mmh (This is—)
Mm-m-mm-mmh, mm-mmh
Mm-m-mm-mmh, mm-mmh
Mm-m-mm-mmh, mm-mmh
Mm-m-mm-mmh, mm-mmh
Mm-m-mm-mmh, mm-mmh
Mm-m-mm-mmh"
"lyrics-000534","Indulj el egy Ãºton, Ã©n is egy mÃ¡sikon,
Hol egy mÃ¡st talÃ¡ljuk, egymÃ¡snak se szÃ³ljunk,
Aki minket meglÃ¡t, mit fog az mondani,
Azt fogja gondolni, idegenek vagyunk...
Idegenek vagyunk, szeretet adunk,
Ahol Ã¶sszegyÅ±lÃ¼nk, ketten szeretkezÃ¼nk..."
"lyrics-000535","Wild stormy Monday
A great rain came
Touching infinities' prison
To creature made a war
Take the plane to Saturn
Follow the Indians
Celebrate their law
It knows, mister shire
It's a crucified photo
Of the wrong century

C'est le retour de la tangerine
Tout au creux de ta main il fait soleil
Si tu la lances dans le ciel
Tu sais que tu la suivras
Jusqu'à Lundi ce jour si mauvais
Mais le temps ne passera plus jamais
Ni pour toi, ni pour personne
Ce sera un retour en guerre encore

Ah cry soldier
Just kick 'em down eternity
So the cities' illusion
Its snake eyes for sure
Oh, winning by confusion
It's a losing game
It's sad and rings a reason
All I wanna see is

C'est le retour de la tangerine
C'est le retour de la tangerine (Profits by the billions)
(God's on my mind) C'est le retour de la tangerine
Tout au creux de ta main il fait soleil
Si tu la lances dans le ciel
Tu sais que tu la suivras
Jusqu'à Lundi ce jour si mauvais
Mais le temps ne passera plus jamais
Ni pour toi, ni pour personne
Ce sera un retour en guerre encore

Mama suit your children
Got a bad machine
Hey the computer knows nothing
It's feeling sympathy
What price, glory?
There's so much infinity
Take that plane to Saturn
Follow the Indian
Oh, look at that comet
Feel the fantasy
Feel the fantasy

C'est le retour de la tangerine
Tout au creux de ta main il fait soleil (Its snake eyes for sure)
Si tu la lances dans le ciel
Tu sais que tu la suivras
Jusqu'à Lundi ce jour si mauvais
Mais le temps ne passera plus jamais
Ni pour toi, ni pour personne
Ce sera un retour en guerre encore

Encore
Guerre, guerre, guerre
Here comes eternity, yeah"
"lyrics-000536","Twenty, twenty cars
And twenty, twenty nights
Nine, ninety-nine
Songs about love
Twenty, twenty streets
And twenty, twenty miles
Fifty thousand people on the ground
Twenty, twenty planes
Planes on the sky
Four, fourty-five
That's number of my house
Twenty, twenty streets
And twenty, twenty miles
Nine, ninety-nine
Songs about love

Million stars are falling down
While I'm waiting for you
Million stars are falling down
While I'm waiting for you

Twenty, twenty ways
And twenty, twenty plans
Eight, eighty-eight
Different trains
Twenty, twenty streets
And twenty, twenty cars
Four, fourty chance
Chance for us
Twenty, twenty buses
And twenty, twenty miles
Hundred, hundred ways
Of committing suicide
Twenty, twenty streets
And twenty, twenty cars
Nine, ninety-nine
Songs about love

Million stars are falling down
While I'm waiting for you
Million stars are falling down
While I'm waiting for you

Million stars are falling down
While I'm waiting for you
Million stars are falling down
While I'm waiting for you"
"lyrics-000537","Il dit ""je ne parle pas et mon cœur brûle""
Je voudrais traverser ce pays
Mes yeux sont plein de guerres, à bouche sèche
Et je n'ai pas d'amis

Il dit ""je viens de la mine dans la ville""
Je cherche le pardon et l'oubli
Je m'habille bleu sur la poitrine
Je marche vers les salines
Il dit ""personne ne m'a vu""

Il dit que les prières nous sauvent
Et qu'il ne se met plus à genoux
Ceux qui m'ont mis au monde
Ne sont plus en vie

Il dit ""personne sur terre ne me connaît""
Je ne parle pas et j'ai tout donné
Le monde est plein de ronces
Et ce que je cherchais
Je ne l'ai jamais trouvé

Il dit ""je ne parle pas et mon cœur brûle""
Et j'ai déchiré mon cahier

Il dit ""j'étais mort au milieu du béton""
Aujourd'hui je ne rends compte qu'aux étoiles dans le ciel
Et j'implore le pardon

Il dit ""je n'atteindrais pas le paradis""
Mais Dieu sait que j'aurais essayé
Le monde est plein de ronces
Et ce que je cherchais
Je ne l'ai jamais trouvé"
"lyrics-000538","I've been drifting
Dreams been drifting
I've been shifting
She's been shifting

Only I could know
Exactly what I'm fighting for
Only I could know
Exactly what I'm fighting for

I've been mixing up my dreams, ooh, ooh
With your dreams, ooh, ooh
My dreams, ooh, ooh
With my dreams, ooh, ooh

Ooh, ooh
Ooh, ooh
Ooh, ooh
Ooh, ooh

You've been switching
Screams been switching
You've been shifting
Schemes been shifting

Only you could know, yeah
Exactly what I'm fighting for
Only you could know
Exactly what you're fighting for

You've been mixing up your dreams, ooh, ooh
With my dreams, ooh, ooh
Your dreams, ooh, ooh
With my dreams, ooh, ooh

Ooh, ooh
Ooh, ooh
Ooh, ooh
Ooh, ooh
Ooh, ooh
Ooh, ooh
Ooh, ooh
Ooh, ooh"
"lyrics-000539","I am more than an addiction
Won't risk my heart to a bad call
Strong like a cobweb in the wind
Im hanging downward
The most somehow believed in
A mental maze, a million dollars
Cool parties
Whiskey on ice
You've been cheating me
Right

Night of the nights
Some- (hu hu, hu hu) thing (he he, he he)
Filled me with lights
Dark- (ha ha, ha ha) ness, (he he, he he)
Now I need love (love and)
Love and (love and)
Silence (silence)
Silence (silence) and hell
From the night that sound

But you did that, that yourself
And hold tight in strong winds
You sing silently of hard times
Great hearts and charity crimes
I want none of your deceptions
Except I remain hanging downward
The most, but none of
Your directions pulls me
Close

Night of the nights
Some- (hu hu, hu hu) thing (he he, he he)
Filled me with lights
Dark- (ha ha, ha ha) ness, (he he, he he)
Now I need love (love and)
Love and (love and)
Silence (silence)
Silence (silence) and hell
From the night that sound

Night of the nights
Some- (hu hu, hu hu) thing (he he, he he)
Filled me with lights
Dark- (ha ha, ha ha) ness, (he he, he he)
I need love (love and)
Love and (love and)
Silence (silence)
Silence (silence) and hell
From the night that sound
From the night that sound"
"lyrics-000540","I don't give a fuck about the past
Our glory days gone by
All I care about right now
Is that wee mole inside your thigh
And my confidence might crumble
But my Brio is unbroken
Let me loosen all your knots
Let our bodies be awoken
It's been another seven years
It's showing 'round the eyes
Another seven years
Entombed in lethargy and lies
But let's dig out our old clothes
And prepare for celebration
I am the son of sleep
All I need's an invitation
The heart began to putrefy
And then the body bloated
As our hair and teeth fell out
We did our best to be devoted
But let's squeeze the maggots from our flesh
Like tiny poison pustules
Abandon all decorum
Boil us down to our essentials
We're all just carbon, water
Starlight, oxygen and dreams
And the sun, the moon, the earth
The neighbors long to hear our screams
So if Bacchus is a friend to Love
Then take this cup of kindness
Just one sip, one chug
One kiss can cure us of our blindness
Hear my wanton whispers
My loud, intemperate plea
We've been down among the dead men
Now you're coming up with me
Dig us up and hold us high
Raise our carcass to the sky
Wrap us up in sequin skin
And we can dance again in sin
Just take my hand and be brave
We'll say goodbye to this grave
Tonight we salsa, we rave
We are upcycled and saved
We've got the hay so let's roll
Surrender all self control
Quick now before the bell tolls
Let's sing the sighs from our souls
In the long grass underneath the sun, I saw you
In Tesco with your buttons undone, I saw you
Hand in hand as we do the school run, I saw you
In a mask with a secret someone, I saw you
Let's not be bashful
Don't be oblique
The flesh is willing but the spirit is weak
The second life is calling
Feel its pull, feel its tow
So let's live now before we're back below"
"lyrics-000541","Ce matin il est arrivé une chose bien étrange
Le monde s'est dédoublé
Je ne percevais plus les choses comme des choses réelles
Le monde s'est dédoublé
J'ai pris peur, j'ai crié que quelqu'un me vienne en aide
Le monde s'est dédoublé
J'ai accueilli un ami qui m'a pris dans ses bras
Et m'a murmuré tout bas

Regarde derrière les nuages
Il y a toujours le ciel bleu azur
Qui lui vient toujours en ami
Te rappeler tout bas
Que la joie est toujours à deux pas
Il m'a dit prends patience
Mon amie, prends patience
Vers un nouveau rivage
Ton cœur est emporté
L'ancien territoire t'éclaire de ses phares
T'éclaire de ses phares

Ce matin il est arrivé une chose bien étrange
Le monde s'est dédoublé
J'ai senti le temps se fendre un instant sur les visages même
Le monde s'est dédoublé
Vos corps que je percevais hier encore dans leur exactitude
Ont perdu leur densité

Regarde derrière les nuages
Il y a toujours le ciel bleu azur
Qui lui vient toujours en ami
Te rappeler tout bas
Que la joie est toujours à deux pas
Il m'a dit prends patience
Mon amie prends patience
Vers un nouveau rivage
Ton cœur est emporté
L'ancien territoire t'éclaire de ses phares

Regarde en dessous de la nuit
Y a toujours le jour qui pose ses lumières
Sur un coin de la terre
Te rappelant tout bas
Que la joie est toujours à deux pas
Je te dis prends patience
Mon ami prends patience
Vers un nouveau rivage
Ton cœur est emporté
L'ancien territoire t'éclaire de ses phares

Regarde derrière les nuages
Il y a toujours le ciel bleu azur
Qui lui vient toujours en ami
Te rappeler tout bas
Que la joie est toujours à deux pas
Il m'a dit prends patience
Mon ami prends patience
Vers un nouveau rivage
Ton cœur est emporté
L'ancien territoire t'éclaire de ses phares
T'éclaire de ses phares"
"lyrics-000542","In a world of eyes where everyone is prepared for falling down
Where my heart is broken, bruised and sold
I've wandered through both winter
Mornings cold and warm midsummer nights
But I never felt alone

The many roads that leads to nowhere in the city where I live
Left me blue a thousand times and more
And in dreams I hear you singing, you will get back what you give
In times of peace and times of war

(Oh-oh-oh-oh, oh-oh-oh-oh)
You will get back what you give
(Oh-oh-oh-oh, oh-oh-oh-oh)
Sorrow changes everything

I've walked into the sea of changes and across the fields of love
From Istanbul to El Salvador
I carry weight and useless worries only I can overcome
But I never felt the road

The many roads that leads to nowhere in the city where I live
Left me blue a thousand times and more
And in dreams I hear you singing, you will get back what you give
In times of peace and times of war

(Oh-oh-oh-oh, oh-oh-oh-oh)
You will get back what you give
(Oh-oh-oh-oh, oh-oh-oh-oh)
Sorrow changes everything

(Oh-oh-oh-oh, oh-oh-oh-oh)
You will get back what you give
(Oh-oh-oh-oh, oh-oh-oh-oh)
Sorrow changes everything"
"lyrics-000543","I had a dance with the devil
I couldn't keep his pace
He gave a trademark cackle
I tried to hide my face
Tryina to stay on the narrow
The strait's come to an end
I seek a prose or a pep talk
I need your help my friend

Woe is me
Just give it up
As the night draws in
We're all seeking love
Woe is me
Just give it up
As the night draws in
We're all seeking love

One step at a time
Tattered on our foot
You gave me food for thought
We're packed in on the tube
Bee's sweat on the mission
Crawling down my cheek
Eyes wide like a flatscreen
I haven't reached my peak

Woe is me
Just give it up
As the night draws in
We're all seeking love
Woe is me
Just give it up
As the night draws in
We're all seeking love

Who gives a fuck if you be acting a clown?
Pass the queen's head and watch it go down
Tit for tat gets a young girl's passion
Hold it on tight to that glass of fashion
Knocking down the spirits till you're dropped to your knees
Don't sneeze, enjoy please
We're dancing 'round the [?] in this whimsical sea
And if I be wicked then woe unto me

Woe is me
Just give it up
As the night draws in
We're all seeking love
Woe is me
Just give it up
As the night draws in
We're all seeking love
We're all seeking love"
"lyrics-000544","You're up, but you'll get down
You're never running from this town
And I think you said
""You'll never get anything better than this""
""'Cause you're going 'round in circles""
""And everyone knows you're trouble""

'Cause you read it in a big book
And now you're giving me the look, look
But just remember how we shook, shook
And all the things we took, took
This town's the oldest friend of mine

We get up and we get down
We're always running 'round this town
And to think they said
We'd never make anything better than this
'Cause we're always in small circles
And everyone thinks we're trouble

We didn't read it in a big book
(We didn't read it in a big book, big book, big book)
And now we're giving you the look, look
(Giving you the look, giving you the look)
But just remember how we shook, shook
(Shook, shook, shook, shook)
And all the things we took, took
(Took, took, took, took)
(This town, this town)
This town's the oldest friend of mine

(This town, this town, this town)"
"lyrics-000545","You can cry, I'll hold it
I'm ashamed I really want to try
You can always quit, and I'll stand by
Oh I'll stay, I'll stay for you
Said I'm leaving (walking in the park, I know when I'm alone)
Said I'm staying (nothing lights a spark, quite like the unknown)
Oh I need you (walking in the park, I know, don't wanna know)
Said I'm leaving (the thrill of taking off, when I, know I'm going home)
You can cry, solace
Our home where we will spend our lives
Oh I can bend the truth
Up to the sky
But I'll try, oh I'll try for you
Oh I'm leaving (walking in the park, I know when I'm alone)
Said I'm staying (I reinvent the start, to make it feel new)
Oh I need you (walking in the park, I know, don't wanna know)
Oh I'll leave you (the thrill of taking off, when I, know I'm going home)
Is it true?
That you've been calling on him
To speak of what I cannot hide
All your doubt
Has been wearing me down
Deep in my soul
My soul
Listen to the leaves
(Walking in the park, I know when I'm alone) mmm
Said I'm staying (steadying my heart, has mostly worked 'til now)
Oh I need you (walking in the park, I know, don't wanna know)
Oh I'll leave you (closing up the shop, when I, know I'm going home)
Oh I need you (walking in the park, I know when I'm alone)
Oh I'm leaving (steadying my heart, has mostly worked 'til now)
Said I'll leave you (walking in the park, I know, don't wanna know)
Said I'm staying (closing up the shop, when I, know I'm going home) I'm going home
(Walking in the park) I'm going home (I know, when I'm alone), yeah
Yes I'm going home (steadying my heart) I'm leaving now (has mostly worked 'til now)
Yes I'm going home (walking in the park) going, going (I know, don't wanna know)
I'm going home (closing up the shop, when I, know I'm going home)"
"lyrics-000546","Spawn inside this memory again
one earthbound minute, unbent
a moment broken
softly spoken, magic
so here we are

Night has thrown its heels at our door
and stormed its way in, bidden
our feet in drunken incantations, moving

Happily, happily, ever after
with kisses and curses, dripped in laughter

Happily, happily, would I disappear
wishes and wasted breath
at closest dreaming
so far away

Counting down
in twos and in threes
with never a word, out loud
this hidden temple, decalescent, stepping

Happily, happily, ever after
with kisses and curses, dripped in laughter

Hurry to lay it down
where I've made my bed
wishes and wasted breath
at closest dreaming
so far away

As we grow
as we go
to the here and after
I've never forsaken you
that's really something

So hurry to lay me down
where I've made my bed
tends to a wilted pale
throwing up a beat
kick it down"
"lyrics-000547","In our sleep as we speak
Listen to the drums beat
As we speak

In our sleep as we speak
Listen to the drums beat
In our sleep

In our sleep as we speak
Listen to the drums beat
As we speak

As we speak in our sleep
Listen to the drums beat
In our sleep

In our sleep as we speak
Listen to the drums beat
As we speak

In our sleep as we speak
Listen to the drums beat
In our sleep

In our sleep (where we meet)
In our sleep (where we meet)"
"lyrics-000548","It's been nine years and sixteen days of hope.
It's been hard times, good times coming home.
But still we laugh hard, we play hard 'till dawn.
This love, an oak tree, grows on and on.
I feel it like you. You bring that heat back to my bones.
Your footsteps on mine, your love so divine.
Your heart warms me when I'm cold.
And out of my dreams you came along. I waited so long.
You can kiss me twenty four hours a day.
And when you call me, I won't be far away.
And still we laugh hard, we play hard 'till dawn.
This love, an oak tree that grows on and on.
I feel it like you. You bring that heat back to my bones.
Your footsteps on mine, your love so divine.
Your heart warms me when I'm cold.
And out of my dreams you came along.
I've waited so so long.
And when you walk into a crowded room.
Hope is determined the flowers will bloom.
Is been nine years and sixteen days of hope.
Is been hard times, good times coming home.
But still we laugh hard, we play hard 'till dawn.
This love, an oak tree grows on and on.
I feel it like you. You bring that heat back to my bones.
I feel it like you. You bring that heat back to my bones.
Your footsteps on mine. Your love so divine. You heart warms me when I'm cold.
And out of my dreams you came along. I've waited so long."
"lyrics-000549","It's been seven hours and fifteen days
Since u took your love away
I go out every night and sleep all day
Since u took your love away
Since u been gone I can do whatever I want
I can see whomever I choose
I can eat my dinner in a fancy restaurant
But nothing can take away these blues
'Cause nothing compares
Nothing compares 2 u

It's been so lonely without u here
Like a bird without a song
Nothing can stop these lonely tears
Tell me baby where did I go wrong
I could put my arms around every girl I see
But they all remind me of you
I went to the doctor n'guess what he told me
Guess what he told me
He said you better try to have fun
No matter what you do
But he's a fool
nothing compares
Nothing compares 2 u

All the flowers that u planted, mama
In the back yard
All died when u went away
I know that living with you was sometimes hard
But I'm willing to give it a try
Nothing compares
Nothing compares 2 u
Nothing compares
Nothing compares 2 u
Nothing compares
Nothing compares 2 u"
"lyrics-000550","Skip skip, the tip of my tongue
I make a quick fit, I'm rattling on
I made a, a bad hip, I'm doing it wrong
I better, quick quick, before I go on
I get a, a free ride, I don't wanna go
I'm gonna see sights, I don't wanna know
I'm gonna meet eyes and kill 'em to glow
I'm gonna death ride through wet snow

On great luck, you starting
You should be buckshot, you're making no friends
You're proving nothing, you're making no sense
You're grooving, your wrong pants
You gotta stop that ride
And start making it right
You gotta stop that ride
You're on a death ride... through wet snow

Skip skip the tip of my tongue
I make you unzip-zip, the devil some more
I better sit still, I'm standing too loud
I gotta learn skills, stop fucking about
I get a, a free ride, I don't wanna go
I'm gonna see sights, I don't wanna know
I'm gonna meet eyes and kill 'em to glow
I'm gonna death ride through wet snow

You gotta stop that ride
And start making it right
You gotta stop that ride
You're on a death ride

Skip skip, the tip of my tongue
I make a quick fit, I'm rattling on
I made a, a bad hip, I'm doing it wrong
I better, quick quick, before I go on

You gotta stop that ride
And start making it right
You better stop that ride
You're on a death ride... through wet snow"
"lyrics-000551","All colours of the night turn every darkness into light

How could i call anything a stone
And why would i believe that we can ever be alone
How are you even here, tell me how'd i steal your ears
Was it pain, was it fun, was it something i have yet to perceive

All colours of the night turn every darkness into light

I may have met god in a dream several times, but always in a dark room
No words, no sound except the breath of something greater than me
And if i ever woke i turned the story to song or a joke
Did i listen for a heart, did i embrace any soul

All colours of the night turn every darkness into light"
"lyrics-000552","Well bell
I think I'm not ready to swell well
My life is not a bell well
I think I'm not ready to swell well
My life is not a bell
You feel it's lind the ween
The one you do every splin
You and we went for me
Over the seas
The fire walks with me
undom ski"
"lyrics-000553","روز و شب به یادتم
عزیزم، به تو بنده نفسم
بگو به من چی می گذره
تو دلت، که بگیره آروم دلم

احساس من به تو لطیفه مثل حباب
نمی خوام بیارم به زبون بترکه، بره به باد
عمق این عشق من به تو هست قدر دریا
دل من به تو بنده مثل جون ماهی به آب

بی تابه این دل من
نمی دونم که بمونم یا برم
ای کاش می شد باور کنم
عشقتُ که بمونه اینجا دلم

من بلند و فالش میگم، عزیزم
دلم مال توست، تا آخر عمر می مونیم پیش هم
روز و شب می گذره با فکر اون چشما
می درخشن تو سرم مثل ستاره تو آسمونا
قلب من گرم می شه با نور عشق تو
مثل آفتاب که می تابه رو موج دریا

بلند و فالش اینو می گم
به تو بنده نفسم
بلند و فالش اینو می گم
به تو بنده نفسم

تا روزی که من زنده هستم
می تپه قلبم برات

به تو بنده نفسم (اوو-اوو-اوو-اوو)
به تو بنده نفسم
به تو بنده نفسم (اوو-اوو-اوو-اوو)
به تو بنده نفسم"
"lyrics-000554","I had a house up on a hill, with a little garden and all the frills
And darling, you never came
I had e train right on the track, now it's gone not coming back
Should be quite a shame
So take my house, take my river
take my bread, all but a silver
Darling, don't take my name

Who you think you running to?
Heart's gone empty, why don't you just throw it away?
Cause I'm gone.beyod the fray
I took my time, did my duty, wanted you to see the beauty,
lover, you got in my way
You think you're God's gift to man, but next to me you couldn't stand
to be been so afraid
So take ny house, take my river,
take my bread, allbut a silver
Darling, don't take my name
Take my bills, take my dryer,
take my dishes if you're dire
Say you wouldn't, you're a liar,
and burn 'em all, ypon a pyre
and love, don't take my name
Who you think you're running to?
Heart's gone empty, means nothing to you if i don't stay
Cause I'm gone.Beyod the fray
Now I'm gone beyod the fray"
"lyrics-000555","Woke up on a good day
And the world was wonderful
A midnight summer dream had me in its spell

I dreamt about an old man
Sat and watched the rain all night
He couldn't sleep a wink as all the drops fell

He told me of the beauty
Hidden in our foreheads
He told me of the ugliness
We show instead

And when we put a foot wrong do we learn
From all the pain
A midnight summer dream as he watched the rain

Then at midnight he poured another drink
And bent my ear
After midnight we sat up half the night
Or maybe more
And he began to tell me what it was all for

I woke up in an armchair
He had gone I don't know where
Left me there to sit and look at the rain

Don't remember much at all
But his words were echoing
A midnight summer dream and then wake again

Maybe I'll never find him
Maybe he's gone forever
Maybe I'll have to sit here
Watching the weather

One thing's pretty certain helped me
Make it in the night
Showed me somewhere else between wrong and right

And at midnight if you can't sleep
Then I can bend your ear
After midnight we'll sit up half the night
Or maybe more
And I'll begin to tell you what it is all for

Wake up on a good day
And the world feels wonderful
Midnight summer dream has me in its spell."
"lyrics-000556","Zepchnij mnie w otchłań
Zepchnij z tej drogi
(Aah Aaaah)
W ciemny korytarz
W sam środek nocy
(Aah Aaaah)
(Aah Aaaah)

Na zawsze
Unieść z sobą
Smutek chwili
Daję słowo
Nie pozwolę Ci mnie opuścić
Nawet gdybym miał się zgubić

Na zawsze
Zostać razem
W milczeniu i bezwładnie
Mieć siebie
Resztę spalić
Aż zostanie tylko to co pomiędzy nami

Nawet jeśli to nie to
Usiłuję uwierzyć w coś
Nawet jeśli to nie tu
Usiłuję uwierzyć w coś

Złap mnie za włosy
Złap mnie i ciągnij
(Aah Aaaah)
Nie daj wytchnienia
Nie miej litości
(Aah Aaaah)
(Aah Aaaah)

Na zawsze
Unieść z sobą
Smutek chwili
Daję słowo
Nie pozwolę Ci mnie opuścić
Nawet gdybym miał się zgubić

Na zawsze
Zostać razem
W milczeniu i bezwładnie
Mieć siebie
Resztę spalić
Aż zostanie tylko to, co pomiędzy nami

Nawet jeśli to nie to
Usiłuję uwierzyć w coś
Nawet jeśli to nie tu
Usiłuję uwierzyć w coś

Nawet jeśli to nie to
Usiłuję uwierzyć w coś
Nawet jeśli to nie tu
Usiłuję uwierzyć w coś
Nawet jeśli to nie to!
Nawet jeśli to nie to!"
"lyrics-000557","Astro-Black Mythology
Astro-Timeless Immortality
Astro-Thought In Mystic Sound
Astro-Black Of Outer Space
Astro Natural Of Darkest Stars
Astro Reach Beyond The Stars
Out To Endless Endlesslessness
Astro-Black American
The Universe Is In My Voice
The Universe Speaks Through The Dawn
To Those Of Earth And Other Worlds
Listen While You Have The Chance
Find Your Place Among The Stars
Listen To The Outer Worlds
Rhythm Multiplicity
Harmony, Equalization
Melody Horizon
Astro Black And Cosmo Dark
Astro Black And Cosmo Dark
Astro Black And Cosmo Dark
Astro Black Mythology
Astro-Timeless Immortality
Astro Thought In Mystic Sound
Astro Black Mythology"
"lyrics-000558","Groźna mina, wielkie serce
Daj w podzięce nam, co masz
Twoje serce jak najprędzej
Pod opieką nas masz
Przez ulewę my do Ciebie
Nie zostawisz już nas
Gdzieś Ty była, Maryś? W nocy byłaś Czemu sukienkę ode mnie założyłaś?
Oczy Ci płoną miłością rozpalone
Czy on jest lepszy, Maryś? Czy ma żonę? Dana dana, Maryś, dana rana
Zadana rana świeżo rozdrapana
Dana dana, Maryś, kara dana
Kara zadana będzie Cię bolała
Księżyc płakał w nocy, przez dzień cały
Mi na głowie włosy posiwiały
Bolą kości, Maryś, bez litości
Wczoraj ślub był, Maryś, dzisiaj pogrzeb Dana dana, Maryś, dana rana
Zadana rana świeżo rozdrapana
Dana dana, Maryś, kara dana
Kara zadana będzie Cię bolała
O mój Jasiu, w złości obolały
Byłam sama w nocy, przez dzień cały
Nad strumieniem stałam,
wśród paproci Tam uciekłam, bo boję się starości
Gdzie ja byłam, Jasiu, gdzie ja byłam? (Gdzie ty byłaś?)
Czemu sukienkę od Ciebie założyłam?
(Czemu sukienkę ode mnie założyłaś?) Oczy mi płoną miłością rozpalone
(Oczy Ci płoną)
To Ciebie kocham,
wziąłeś mnie za żonę (Czy on jest lepszy,
Maryś? Czy ma żonę?) (Dana dana, Maryś, dana rana)
Co Ty zrobiłaś?
(Zadana rana świeżo rozdrapana)
Czemu płaczesz? Czemu nie mówiłaś? (Dana dana, Maryś, kara dana)
Wszystko od nowa
(Kara zadana będzie Cię bolała)
Nowa mowa, zmienia się pogoda"
"lyrics-000559","Got into trouble that's not what I need
I didn't sign the paper
I did not meant for the sun to go down of hurrah
Just to see you later

I don't know what I'm waiting for
I'm breathing thin air
Trees are falling slowly here
I don't know where it all begins
Wanna see you later
But I'm not going anywhere

I don't know I don't know I don't know
I don't know I don't know I don't know

That speaking tongue I don't know what it means
I didn't sign the paper
My luck is turning in the alla hurrah
You will not see me later

I don't know what I'm waiting for
I'm breathing thin air
Trees are falling slowly here
I don't know where it all begins
Wanna see you later
But I'm not going anywhere

I don't know I don't know I don't know
I don't know I don't know I don't know

My life insure is going back on sale
I didn't sign no paper
I did not meant for the sun to go down of hurrah
Just to see you later

I don't know I don't know I don't know
I don't know I don't know I don't know

I don't know what I'm waiting for
I'm breathing thin air
Trees are falling slowly here
I don't know where it all begins
Wanna see you later
But I'm not going anywhere"
"lyrics-000560","See I got nowhere to run to
Like i had nowhere to be
Hear the roaring thunderstorm
it doesn't matter to me
You see i stand in the house, right
And watch the hurricane grow
I Watch them bodies fly out
of their american cars

Oh is your troubled mind at peace inside the storm?
See I got nowhere to run to
Like i had nowhere to be
Hear the roaring thunderstorm
it doesn't matter to me
You see i stand in the house, right
And watch the hurricane grow
I Watch them bodies fly out
of their american cars

Oh is your troubled mind at peace inside the storm?
Oh is your troubled mind at peace inside the crash?

why do i always end up being the strange strange boy?
I'm being carried away upon the love-love wave
Oh is your troubled mind at peace inside the storm?

See I got nowhere to run to
Like i had nowhere to be
I Hear the roaring thunderstorm
It doesn't matter to me
You know i 'm safe in the house right?
to watch the hurricane grow
I watch them bodies fly out
of their american cars

Oh is your troubled mind at peace inside the storm?
why do i always end up being the strange strange boy?
I'm being carried away upon a love-love wave

why do i always end up being the strange strange boy?

Oh is your troubled mind at peace inside the storm?

Oh is your troubled mind at peace inside the storm?"
"lyrics-000561","If they tear a hunter through
If they tear through a hunter
If they tear through a hunt and a hunter
If they tear through a hunt and a hunter
If they tear a hunter through
If they tear through a hunter
If they tear through a hunt and a hunter
If they tear through a hunt and a hunter
If they tear a hunter through
If they tear through a hunter
If they tear through a hunt and a hunter
If they tear through a hunt and a hunter
(Very fine is my valentine, valentine)
If they tear a hunter through
If they tear through a hunter
If they tear through a hunt and a hunter
If they tear through a hunt and a hunter
(Very fine is my valentine, valentine)
If they tear a hunter through
If they tear through a hunter
If they tear through a hunt and a hunter
If they tear through a hunt and a hunter
(Very mine is my valentine)
If they tear a hunter through
If they tear through a hunter
If they tear through a hunt and a hunter
If they tear through a hunt and a hunter
(Very mine is my valentine)
If I told him, would he like it
Would he like it if I told him
If I told him, would he like it
Would he like it if I told him
If I told him, would he like it
Would he like it if I told him
If I told him, would he like it
Would he like it if I told him
If they tear a hunter through
If they tear through a hunter
If they tear through a hunt and a hunter
If they tear through a hunt and a hunter
If they tear a hunter through
If they tear through a hunter
If they tear through a hunt and a hunter
If they tear through a hunt and a hunter"
"lyrics-000562","Don't laugh, just listen, listen
All you're looking for is under the table
Under the table
If there's something missing when we cover up the holes
It's just outer happiness

And we could lay awake
Just lay awake
Fuck the news
Fuck the weather
Never lift a finger out of bed

A subtle transformation
Legs of cotton, hearts of wool
You know I won't blame you
For what there is and what there isn't
There is nothing I need more
Up against the floor
Every pillow is a roof above our heads

Awake
Just lay awake
Fuck the news
Fuck the weather
Never lift a finger out of bed

Awake
Just lay awake
Fuck the news
Fuck the weather
Never lift a finger out of bed

When they drop the bomb
We'll count our blessings, nothing more
55,032 hits of inner sadness, untold stories
Either way you flip it they are better left untold
It's probably for the best, you know
Just outer happiness

If we lay awake
Just lay awake
Fuck the news
Fuck the weather
Never lift a finger out of bed

Awake
Just lay awake
Fuck the news
Fuck the weather
Never lift a finger out of bed"
"lyrics-000563","The world was on fire
No one could save me but you.
Strange what desire will make foolish people do
I never dreamed that I'd meet somebody like you
And I never dreamed that I'd lose somebody like you

No, I don't want to fall in love

No, I don't want to fall in love

With you
With you

What a wicked game you play
To make me feel this way
What a wicked thing to do
To let me dream of you
What a wicked thing to say
You never felt this way
What a wicked thing to do
To make me dream of you
v And I don't wanna fall in love

And I don't want to fall in love

{World} was on fire
No one could save me but you
Strange what desire will make foolish people do
I never dreamed that I'd love somebody like you
I never dreamed that I'd lose somebody like you

No I don't wanna fall in love

With you
With you

Nobody loves no one"
"lyrics-000564","Just as I thought it was going alright
I find out I'm wrong, when I thought I was right
s'always the same, it's just a shame, that's all
I could say day, and you'd say night
tell me it's black when I know that it's white
always the same, it's just a shame, that's all

I could leave but I won't go
though my heart might tell me so
I can't feel a thing from my head down to my toes
but why does it always seem to be
me looking at you, you looking at me
it's always the same, it's just a shame, that's all

Turning me on, turning me off,
making me feel like I want too much
living with you's just putting me through it all of the time
running around, staying out all night
taking it all instead of taking one bite
living with you's just putting me through it all of the time

I could leave but I won't go
well it'd be easier I know
I can't feel a thing from my head down to my toes
why does it always seem to be
me looking at you, you looking at me
it's always the same, it's just a shame, that's all

Truth is I love you
more than I wanted to
there's no point in trying to pretend
there's been no-one who
makes me feel like you do
say we'll be together till the end

I could leave but I won't go
though my heart might tell me so
I can't feel a thing from my head down to my toes
so why does it always seem to be
me looking at you, you looking at me
it's always the same, it's just a shame, that's all

But I love you
more than I wanted to
there's no point in trying to pretend
there's been no-one who
makes me feel like you do
say we'll be together till the end

But just as I thought it was going alright
I find out I'm wrong when I thought I was right
it's always the same, it's just a shame, that's all
Well I could say day, and you'd say night
tell me it's black when I know that it's white
it's always the same, it's just a shame, that's all"
"lyrics-000565","No more be grieved at that which thou hast done
Roses have thorns, and silver fountains mud
Clouds and eclipses stain both moon and sun
And loathsome canker lives in sweetest bud
No more be grieved at that which thou hast done
Donbas!
Roses have thorns, and silver fountains mud
Donbas!
Clouds and eclipses stain both moon and sun
Donbas!
And loathsome canker lives in sweetest bud
Fantastisch Donbas!

Рости-рости, барвіночку, зелен-зелененький
Поклонися, молоденька, до своєї неньки

Шин-дарада, шики-ракада
Шики-ракада, шики-ракада, дан, дан
Mister lov'a lov'a, I'm still lov'a-lov'a
Mister lov'a-lov'a, mister lov'a-lov'a, lov'a-lov'a

I'm a little lov'a, i'm a little ninja
What you gonna making
I am gonna take it
I am on, I am off
I am on, I am off
I am a Fantastisch Donbas!

Rock the microphone, rock the microphone
Rock the microphone, rock the microphone
Rock the microphone!
What a shit, what a shit!
Rock the microphone, rock the microphone
Rock the microphone. rock the microphone!

Диби-диби-диби-ди
Вийшла баба по гриби
А дід по опеньки
Гуляти раненько

Ой, куди ж ви, голуб'ята, та й полєтєтє?
Куди ж моє дівуваннє та й понєсєтє?

No more be grieved at that which thou hast done
Roses have thorns, and silver fountains mud
Clouds and eclipses stain both moon and sun
And loathsome canker lives in sweetest bud
No more be grieved at that which thou hast done
Donbas!
Roses have thorns, and silver fountains mud
Donbas!
Clouds and eclipses stain both moon and sun
Donbas!
And loathsome canker lives in sweetest bud
Fantastisch Donbas!

Рози!
Рози!
Рози!
Рози!

Рости-рости, барвіночку, зелен-зелененький
Поклонися, молоденька, до своєї неньки
Ліс зелений, ліс зелений, зелена ліщина
Заплакала під віночком молода дівчина

Рози! (Fantastisch, Fantastisch Donbas!)
Рози! (Fantastisch, Fantastisch Donbas!)
Рози! (Fantastisch, Fantastisch Donbas!)
Рози! (Fantastisch, Fantastisch Donbas!)
Рости-рости, барвіночку, зелен-зелененький
(Рози! Fantastisch, Fantastisch Donbas!)"
"lyrics-000566","Ой, весняночка-у
де твоя дочка?
Погнала бичків за воріточки-у
Пасіться, бички, я спраду мички
Свойму милому на рукавички-у

Ой, ти весна, ти красна
А що ж ти нам вонєсла?
Я й вонєсло, вонєсло
Три користі радості
Три користі, радості
Й одна користь пастушок
Й одна користь пастушок
Друга користь ратає
Друга користь ратає
Третя користь бортнічок
А ратай оре, сокає
А бортнік творе, токає"
"lyrics-000567","I wanna take you somewhere so you know I care
But it's so cold and I don't know where
I brought you daffodils in a pretty string
But they won't flower like they did last spring

And I wanna kiss you, make you feel alright
I'm just so tired to share my nights
I wanna cry and I wanna love
But all my tears have been used up

On another love, another love
All my tears have been used up
On another love, another love
All my tears have been used up
On another love, another love
All my tears have been used up

And if somebody hurts you, I wanna fight
But my hands been broken, one too many times
So I'll use my voice, I'll be so f*cking rude
Words they always win, but I know I'll lose

And I'd sing a song, that'd be just ours
But I sang 'em all to another heart
And I wanna cry I wanna learn to love
But all my tears have been used up

On another love, another love
All my tears have been used up
On another love, another love
All my tears have been used up
On another love, another love
All my tears have been used up

I wanna sing a song, that'd be just ours
But I sang 'em all to another heart
And I wanna cry, I wanna fall in love
But all my tears have been used up

On another love, another love
All my tears have been used up
On another love, another love
All my tears have been used up
On another love, another love
All my tears have been used up"
"lyrics-000568","I wanna take you somewhere so you know I care
[00:25.63] But it's so cold, and I don't know where
[00:29.76] I brought you daffodils on a pretty string
[00:33.83] But they won't flower like they did last spring
[00:41.85] And I wanna kiss you, make you feel alright
[00:46.25] I'm just so tired to share my nights
[00:50.28] I wanna cry and I wanna love
[00:54.47] But all my tears have been used up
[01:02.36] On another love, another love
[01:06.98] All my tears have been used up
[01:10.56] On another love, another love
[01:15.12] All my tears have been used up
[01:18.71] On another love, another love
[01:23.45] All my tears have been used up
[01:26.24] Oh-oh
[01:30.68] Oh
[01:36.05] Oh-oh, oh-oh
[01:43.59] Oh-oh-oh, oh-oh
[01:54.92] And if somebody hurts you, I wanna fight
[01:58.68] But my hand's been broken one too many times
[02:02.63] So I'll use my voice, I'll be so fucking rude
[02:06.68] Words, they always win, but I know I'll lose
[02:10.55] And I'd sing a song that'd be just ours
[02:14.43] But I sang 'em all to another heart
[02:18.48] And I wanna cry, I wanna learn to love
[02:22.57] But all my tears have been used up
[02:26.35] On another love, another love
[02:30.66] All my tears have been used up
[02:34.17] On another love, another love
[02:38.45] All my tears have been used up
[02:41.86] On another love, another love
[02:46.22] All my tears have been used up
[02:52.29] Ah-oh
[02:58.13] Oh-oh
[03:05.55] Oh (oh, need a love, now)
[03:09.64] Oh (my heart is thinking of)
[03:12.78] I wanna sing a song that'll be just ours
[03:16.83] But I sang 'em all to another heart
[03:20.72] And I wanna cry, I wanna fall in love
[03:24.84] But all my tears have been used up
[03:28.40] On another love, another love
[03:31.98] All my tears have been used up
[03:36.27] On another love, another love
[03:39.62] All my tears have been used up
[03:43.93] On another love, another love
[03:48.32] All my tears have been used up
[03:52.01] Oh-oh
[03:55.29] Oh-oh
[04:02.42] 
"
"lyrics-000569","Blinded by this heavy fog
I feel your Hand in mine
Your Skin is telling me
You will leave before the Tide
You will separate the sea
And walk off on ist bottom
I'll lay down my weary head
In krakens's garden,
I will fall asleep
And the surface of the sea
It will close like nothing happened
The Sound of a ferry's horn
It will lead my feet back on the ground

Our past
Our future
Will be found
In a thousand yours

I the end I got away
Insanity behind me
You gave me everything
I had to Change the plot
It's for your best
I won't apologize
For having superpowers
The Story has been told
Do not wait for laughter
Let's go down

Our past
Our future
Will be found
In a thousand yours

What are we coming to?
Flawless Stones around our necks

Our past
Our future"
"lyrics-000570","Ooh oh (oh oh)
Ooh oh (oh oh)
Ooh oh (oh oh)

Now, when I dream it's always of you
Now, when I dream it's always of you
You're my dream girl come true

Ooh oh (oh oh)
Ooh oh (oh oh)
Ooh oh (oh oh)

Long time ago when I was very young
I used to dream alone
But she's always come to me when I was all alone
She was loving, see

Well she gave me all her love and she said that she withdrew
It's a dream of all that I knew (oh oh)

Now, when I dream it's always of you
Now, when I dream it's always of you
You're my dream girl come true

Ooh oh (oh oh)
Ooh oh (oh oh)
Ooh oh (oh oh)"
"lyrics-000571","You showed me how to do
Exactly what you do
How I fell in love with you
Oh, its true
Oh, I love you

You showed me how to say
Exactly what you say
In that special way
Oh, its true
You fell for me too

And when I tried it, I could see you fall
And I decided its not a trip at all

You taught it to me too
Exactly what you do
And now you love me too
Oh, its true
Were in love, we two

You showed me how you do
Exactly what you do
How I fell in love with you

You showed me how to say
Exactly what you say
In that special way

You taught it to me too
Exactly what you do
And now you love me too"
"lyrics-000572","Il n'y a plus de guirlandes
Que c'est ormis qu'il est
D'un homme et d'une femme"
"lyrics-000573","Oh I was in the dark age
Searching for the ones in my mind
I'm so far away
But I had hit the ground running
Steady as you go I don't mind
I'm still here today

Oh Spouting hymns and buzzing rhymes
And forever talking when it ain't so kind
But it feels like forever on the run
When your mind turns to fiction

I had took the long way
I was in the heat I don't mind
I'm so far away
But it feels like forever on the run
When your mind turns to fiction
Oh Nudging the ghost from the skull
And a night without sleep
Vibration comes
First to the head and last to the feet
Spouting hymns and buzzing rhymes
And forever talking when it ain't so kind
But it feels like forever on the run
When your mind turns to fiction"
"lyrics-000574","Ooh
It's so good, it's so good
It's so good, it's so good
It's so good
Ooh
Heaven knows, heaven knows
Heaven knows, heaven knows
Heaven knows
Ooh
I feel love, I feel love
I feel love, I feel love
I feel love
I feel love, I feel love, I feel love
Ooh
Fallin' free, fallin' free
Fallin' free, fallin' free
Fallin' free
Ooh
You and me, you and me
You and me, you and me
You and me
Ooh
I feel love, I feel love
I feel love, I feel love
I feel love
""I'll get you, I'll get you— Hector Zazou. Barbara Eramo. Stefano Saletti
I feel love, I feel love, I feel love
Ooh
I'll get you, I'll get you
I'll get you, I'll get you
I'll get you
Ooh
What you do, what you do
What you do, what you do
What you do
Ooh
I feel love, I feel love
I feel love, I feel love
I feel love
I feel love, I feel love, I feel love"
"lyrics-000575","You gotta shake the tree boy
Shake it long before you know
Whatever that may come down
Whatever fruit that it may grow
If you could touch it all where would you start?

If you want to touch the soul then touch it hard
But if you touch it wrong boy then it will fall apart
We better leave it alone we got to leave it alone
Cause it's dangerous
We need it honey just like it needs us I wanna turn to you girl

Now that the stars are out
And a softer kind of love is hard to think about
If it excited me you know it did
Then who the fuck am I to question it?

But if we touch it wrong girl
Then it will fall apart
We gotta leave It alone we better leave it alone
Cause it's dangerous we need it honey just like it needs us"
"lyrics-000576","When all's said and done, you'll get what you gave
We feel the same feelings
Breathe the same air
And all your precious colours will bleed into black
No visionary light
To guide the way back

Now, our moments come, I'll shiver your spine
Your pleasure is mine
We can heal together
I'll ride that wave to freedom on the warmth of your tongue
Sink into your body
The damage is done

Can you feel us now?
Can you hear us now?

We're back
To hunt you forever
True love
Will never leave you
Alone
We're back
To hunt you forever
True love
Will never leave you alone

Open wide your mind and let it all in
Only fear is a sin
So don't believe them
There's no room for doubt
Accept the unknown
Life in its full glory
Has no room for seeking
So are you fearless now?

We're back
To hunt you forever
True love
Will never leave you
Alone
We're back
To hunt you forever
True love
Will never leave you alone"
"lyrics-000577","I wanna meet a friend
In a bar tonight
The evening is long
So long I hardly move
A can in my hand
A picture in my mind
A voice I need to hear
A laugh I need to show
We're lonely, babe
In a boat, again

I need to see a friend tonight
Or see the people in a bar
I wish they could not see me at all
How I wish I could describe their pain
Or my pain

The mystic light, the choir of smoke
The smell of wood, the pose, the joke
The dirty little world inside
That needs to come out
Needs to come out

I wanna meet a friend
In a bar tonight
The evening is long
If only I had that strength
To see those people
All so lonely as me

All so lonely
All so lonely as me"
"lyrics-000578","J'avance nue, mes larmes brûlent
J'me relève au levant
Un peu plus seule
Ceux qui me veulent m'auront autant qu'avant

J'ai rien appris, rien chaque fois
Sinon qu'on n'en meurt pas
Sinon qu'on n'en meurt pas
C'est la nuit, ô triste jour
On ne meurt plus d'amour

On ne meurt plus d'amour, on ne meurt plus
On ne meurt plus d'amour, on ne meurt plus
On ne meurt plus d'amour, on ne meurt plus
On ne meurt plus

Passe au travers, embrasse l'air
Tu me vois, tu me vois devant
Passe la tendresse de l'absinthe
Passe-moi, passe-moi dedans

J'ai rien appris, rien chaque fois
Sinon qu'on n'en meurt pas
Sinon qu'on n'en meurt pas
C'est la nuit, ô triste jour
On ne meurt plus d'amour

On ne meurt plus d'amour, on ne meurt plus
On ne meurt plus d'amour, on ne meurt plus
On ne meurt plus d'amour, on ne meurt plus
On ne meurt plus

On ne meurt plus d'amour, on ne meurt plus
On ne meurt plus d'amour, on ne meurt plus
On ne meurt plus d'amour, on ne meurt plus
On ne meurt plus

Va si j'y suis, va si je fuis
Toi qui, toi qui essaies
Pleure et appelle l'entre-deux ciels
Toi qui, toi qui t'y frayes

J'ai rien appris, rien chaque fois
Sinon qu'on n'en meurt pas
Sinon qu'on n'en meurt pas
C'est la nuit, ô triste jour
On ne meurt plus d'amour

On ne meurt plus d'amour, on ne meurt plus
On ne meurt plus d'amour, on ne meurt plus
On ne meurt plus d'amour, on ne meurt plus
On ne meurt plus

On ne meurt plus d'amour, on ne meurt plus
On ne meurt plus d'amour, on ne meurt plus
On ne meurt plus d'amour, on ne meurt plus
On ne meurt plus

On ne meurt plus
On ne meurt plus
On ne meurt plus
On ne meurt plus"
"lyrics-000579","Asshole, I'm not afraid, no
The fear in my eyes, it steers you, see?
Control, but I'm not his slave, no
Start your war 'cause I'm running free

I better run, run
Running, running
Faster than the bullet from a gun, gun
Running, running, running, running
Run before he pulls it down, it's dawn, dawn
Running, running, running, running
Shouldn't live in fear 'cause I'm having fun, dawn
Running, running, running, running, running, running

Let's go, we're nothing to save, so
No time to stop, no time to sleep
Oh no, he can't have my soul
It's mine alone, and it stays with me

I think I better run, run
Running, running
Faster than the bullet from a gun, gun
Running, running, running, running
Run before he pulls it down, it's dawn, dawn
Running, running, running, running
Shouldn't live in fear 'cause I'm having fun
Running, running, running, running, running, running

I better run, run
Running, running
Faster than the bullet from a gun, gun
Running, running, running, running
Run before he pulls it down, it's dawn, dawn
Running, running, running, running
Shouldn't live in fear 'cause I'm having fun, dawn
Running, running, running, running, running, running

Fear
Fear
Fear
Fear

I think I better run, run
Running, running
Faster than the bullet from a gun, gun
Running, running, running, running
Run before he pulls it down, it's dawn, dawn
Running, running, running, running
Shouldn't live in fear 'cause I'm having fun
Running, running, running, running, running, running

I better run, run
Running, running
Faster than the bullet from a gun, gun
Running, running, running, running
Run before he pulls it down, it's dawn, dawn
Running, running, running, running
Shouldn't live in fear 'cause I'm having fun, dawn
Running, running, running, running, running, running

I should live in fear 'cause I'm having fun
Dawn"
"lyrics-000580","Hey Mister, Mister Man
Sure things are getting out of hand

There are no more rooms
Left to fill the gloom
Caring is an heirloom
We can't afford to lose

Calm down
Calm down
Mister Man

No more pointing fingers
Calm down
Oh calm down

Hey Madam, Madamoiselle
Don't mean to sound like a sudden greyhound

Not saying I'm a saint
But the world has gone insane
Excuse is a luxury
We can't buy everyday

Calm down
Calm down
Madamoiselle

There's a place for anger
Not here
So calm down"
"lyrics-000581","I've been on the road
i've been on vacation
i've been travelling light
to reach my final destination
Now i'm coming home
So tell the girls that i am back in town
you'd better tell them to beware
where they may go or they might try to hide
i follow on and i'll be there
so tell the girls that i am back in town
and if it's true i do not know
that every girl around had missed me since
i decided to go
I could be your friend
i could be your stranger
i could be the one your mother said would be your danger
now it's up to you
So tell the girls that i am back in town
you'd better tell them to beware
where they may go or they might try to hide
i follow on and i'll be there
so tell the girls that i am back in town
and if it's true i do not know
that every girl around had missed me since
i decided to go
Now i'm coming home
So tell the girls that i am back in town
you'd better tell them to beware
where they may go or they might try to hide
i follow on and i'll be there
so tell the girls that i am back in town
and if it's true i do not know
that every girl around had missed me since
i decided to go"
"lyrics-000582","If you need happiness
We can own have left sometimes
We can own lead happy way
The happy woman cries

If you need cure for loneliness
I can take us out sometimes
Get a table, they serve the bands
The happy woman cries

If you need happiness
Happy woman cries
Here's your happiness

If you need to feel the life
We can go on stage sometimes
We can lie down the room each night
The happy woman cries

If you need happiness
The happy woman cries
So here's your happiness

If you need happiness
We can let it come around sometimes
Happier than I think I am
Separate women always cry

If you need happiness
The happy woman cries
Here's your happiness

If you need happiness
Happy women cry
Here's your happiness
If you need happiness
Happy women cry"
"lyrics-000583","Why must you shed such tender tears
In the evening of your years
No other love could stem the tide
Of the loneliness I hide

Open your heart and let me live
All the promises I could give
The sun and moon and all the stars
They bow down to you
Whenever you pass
In a world of fading sadness
An emerald ring, a photograph

That look in your eyes the brush of your cheek
These are the moments in life that I seek
No reason or rhyme, no presence of mind
Just a dance to the music of time

Open your heart and let me live
All the promises I could give
The sun and moon and all the stars
They bow down to you
Whenever you pass
No reason or rhyme, no presence of mind
Just a dance to the music of time"
"lyrics-000584","You heard my voice
I came out of the woods by choice
Shelter also gave their shade
But in the dark I have no name

So, leave that click in my head
And I will remember the words that you said
Left a clouded mind and a heavy heart
But I was sure we could see a new start

So, when your hope's on fire
But you know your desire
Don't hold a glass over the flame
Don't let your heart grow cold
I will call you by name
I will share your road

But hold me fast, hold me fast
'Cause I'm a hopeless wanderer
And hold me fast, hold me fast
'Cause I'm a hopeless wanderer

I wrestled long with my youth
We tried so hard to live in the truth
But do not tell me all is fine
When I lose my head, I lose my spine

So, leave that click in my head
And I will remember the words that you said
You brought me out from the cold
Now, how I long, how I long to grow old

So, when your hope's on fire
But you know your desire
Don't hold a glass over the flame
Don't let your heart grow cold
I will call you by name
I will share your road

But hold me fast, hold me fast
'Cause I'm a hopeless wanderer
And hold me fast, hold me fast
'Cause I'm a hopeless wanderer

I will learn, I will learn
To love the skies I'm under
And I will learn, I will learn
To love the skies I'm under

The skies I'm under"
"lyrics-000585","Nuapurista kuulu se polokan tahti jalakani pohjii kutkutti
Ievan äiti se tyttöösä vahti vaan kyllähän Ieva sen jutkutti
Sillä ei meitä silloin kiellot haittaa
Kun myö tanssimme laiasta laitaan
Salivili hipput tupput täppyt äppyt tipput hilijalleen

Ievan suu oli vehnäsellä ko immeiset onnee toevotti
Peä oli märkänä jokaisella ja viulu se vinku ja voevotti
Ei tätä poikoo märkyys haittaa
Sillon ko laskoo laiasta laitaan
Salivili hipput tupput täppyt äppyt tipput hilijalleen

Muorille sanon jotta tukkee suusi en ruppee sun terveyttäs takkoomaa
Terveenä peäset ku korjoot luusi ja määt siitä murjuus makkoomaa
Ei tätä poikoo hellyys haittaa
Ko akkoja huhkii laiasta laitaan
Salivili hipput tupput täppyt äppyt tipput hilijalleen

Siellä oli lystiä soiton jäläkeen sain minä kerran sytkyyttee
Kottiin ko mäntii ni ämmä se riitelj ja Ieva jo alako nyyhkyytteek
Minä sanon Ievalle mitäpä se haittaa
Laskemma vielähi laiasta laitaa
Salivili hipput tupput täppyt äppyt tipput hilijalleen

Ievan äiti se kammarissa virsiä veisata huijjuutti
Kun tämä poika naapurissa ämmän tyttöä nuijjuutti
Eikä tätä poikoo ämmät haittaa
Sillon ko laskoo laiasta laitaan
Salivili hipput tupput täppyt äppyt tipput hilijalleen

Hilipati hilipati hilipati hillaa
Hilipati hilipati hilipampaa
Jalituli jallaa talituli jallaa
Tilitali tilitali tilitantaa
Hilipati hillaa hilipati hillaa
Hilipati hilipati jalituli jallaa
Tilitali tallaa, tulituli jallaa
Hilipati hilipati hilipampaa

Sen minä sanon jotta purra pittää ei mua niin voan nielasta
Suat männä ite vaikka lännestä ittään vaan minä en luovu Ievasta
Minä sanon Ievalle mitäpä se haittaa
Laskemma vielähi laiasta laitaa
Salivili hipput tupput täppyt äppyt tipput hilijalleen"
"lyrics-000586","Hey hey

Nuapurista kuulu se polokan tahti
Jalakani pohjii kutkutti
Ievan äiti se tyttöösä vahti
Vaan kyllähän Ieva sen jutkutti
Sillä ei meitä silloin kiellot haittaa
Kun myö tanssimme laiasta laitaan
Haia haia haia haia
Haia haia ha haia

Ievan suu oli vehnäsellä
Ko immeiset onnee toevotti
Peä oli märkänä jokaisella
Ja viulu se vinku ja voevotti
Ei tätä poikoo märkyys haittaa
Sillon ko laskoo laiasta laitaan
Haia haia haitaa haia
Haia haia ha haia

Ievan äiti se kammarissa
Virsiä veisata huijjuutti
Kun tämä poika naapurissa
Ämmän tyttöä nuijjuutti
Eikä tätä poikoo ämmät haittaa
Sillon ko laskoo laiasta laitaan
Eikä tätä poikoo ämmät haittaa
Sillon ko laskoo laiasta laitaan

Siellä oli lystiä soiton jäläkeen
Sain minä kerran sytkyyttee
Kottiin ko mäntii ni ämmä se riitelj
Ja Ieva jo alako nyyhkyytteek
Minä sanon Ievalle mitäpä se haittaa
Laskemma vielähi laiasta laitaa
Minä sanon Ievalle mitäpä se haittaa
Laskemma vielähi laiasta laitaa

Muorille sanon jotta tukkee suusi
En ruppee sun terveyttäs takkoomaa
Terveenä peäset ku korjoot luusi
Ja määt siitä murjuus makkoomaa
Ei tätä poikoo hellyys haittaa
Ko akkoja huhkii laiasta laitaan
Ei tätä poikoo hellyys haittaa
Ko akkoja huhkii laiasta laitaan

Sen minä sanon jotta purra pittää
Ei mua niin voan nielasta
Suat männä ite vaikka lännestä ittään
Vaan minä en luovu Ievasta
Sillä ei tätä poikoo kainous haittaa
Sillon ko tanssii laiasta laitaan
Salivili hipput tupput täppyt
Äppyt tipput hilijalleen
Salivili hipput tupput täppyt
Äppyt tipput hilijalleen"
"lyrics-000587","My mumma don't tell I'm the same
My mumma don't tell me to fall in line
My mumma don't tell me to wait, it's fine
My mumma don't feel my heart was gone
My mumma don't tell me to walk this line

My mumma don't tell I'm the same
My mumma don't tell me to fall in line
My mumma don't tell me to wait, it's fine
My mumma don't feel my heart was gone"
"lyrics-000588","Wanna step on through
Can I check that bag
Is there something inside here
That could help you relax

Did you find something
You were looking for
Freedom has its price now
Wanna buy some more

I'll take that coat
Remove them shoes
Should a guy like me
Be afraid of a man like you

All change
All change

Wipe your nations shame from you
It's not where your born
It's the things that you do

Money for all
Money for all

Revolution socialism
Read it in the rag
There's a gun at your head
Put the money in the bag

Money for all

Have you tried this game
When you're feeling tired
Keeps you entertained
'Til your card expires

So you missed the broadcast
Or do you feel the same
Only someone's said the city's gone
Down in flames in our name

All change
All change

Let gasoline fumes fill the air
Let's show that mother how much you care

All change
All change

Wipe your nations shame from you
It's not where your born
It's the things that you do

Money for all
Money for all

Hey there soldier
Who's your concubine
With a trigger happy finger and a nicotine flame
She's a diamond mine

All change
All change

Let revolution fill the air
Let's show that monkey how much you care

Money for all

There's a mean looking elephant
Pounding at your door
It's dining at your table
Sleeping on your floor

Money for all
Money for all

Revolution socialism
Read it in the rag
There's a gun at your head
Put the money in the bag

La-la-la-la-la-la-la-la-
La-la-la-la-laa
Put the money in the bag
La-la-la-la-la-la-la-la-
La-la-la-la-laa

Put the money in the bag
La-la-la-la-la-la-la-la
La-la-la-la-la-laa

La-la-la-la-la-la-la-la
La-la-la-la-laa
Put the money in the bag"
"lyrics-000589","In a strange far away country in a strange hotel room
There's a sadness lingering on
I've been trying not to surrender to it's heavy full on gloom
Tried to cheer myself up with a happy song
There's no remedy to this rapid fire
Cold sweat down my spine
All that I had today was coffee and wine
Well there's no remedy to this rapid fire
Cold sweat down my spine
All that I had today was coffee and wine
Coffee and wine
Coffee and wine
Just behind my waking thoughts
Just behind my daydreams
There's a stream of agitation scorching and blazing
Hunting me down in the afternoon heat
Creeping up slowly through the soles of my feet
Pushing me down a maze of streets
Leaving me behind in breathless chills
There's no remedy to this rapid fire
Cold sweat down my spine
All that I had today was coffee and wine
Well there's no remedy to this rapid fire
Cold sweat down my spine
All that I had today was coffee and wine
Coffee and wine
Coffee and wine
There's no remedy to this rapid fire
Cold sweat down my spine
All that I had today was coffee and wine
Well there's no remedy to this rapid fire
Cold sweat down my spine
All that I had today was coffee and wine
Coffee and wine
Coffee and wine, coffee and wine"
"lyrics-000590","Jolene, Jolene, Jolene, Jolene
I'm begging of you please don't take my man
Jolene, Jolene, Jolene, Jolene
Please don't take him just because you can

Your beauty is beyond compare
With flaming locks of auburn hair
With ivory skin and eyes of emerald green

Your smile is like a breath of spring
Your voice is soft like summer rain
And I cannot compete with you
Jolene

He talks about you in his sleep
And there's nothing I can do to keep
From crying when he calls your name
Jolene

And I can easily understand
How you could easily take my man
But you don't know what he means to me
Jolene

Jolene, Jolene, Jolene, Jolene
I'm begging of you please don't take my man
Jolene, Jolene, Jolene, Jolene
Please don't take him just because you can

You could have your choice of men
But I could never love again
He's the only one for me
Jolene

I had to have this talk with you
My happiness depends on you
And whatever you decide to do
Jolene

Jolene, Jolene, Jolene, Jolene
I'm begging of you please don't take my man
Jolene, Jolene, Jolene, Jolene
Please don't take him even though you can"
"lyrics-000591","Dzisiaj jestem tylko wspomnieniem
Echem dziecięcych lat
Kiedyś byłam Twoim marzeniem
Do mnie należał świat
Świat Twoich zabaw, myśli i słów
Pierwszych radości i pięknych snów

Jestem Twoją Smutną Księżniczką
Do mnie biegłeś przez las
Szeptałeś wyznam Ci wszystko
Zatrzymaj bajkowy czas
Czas naszych zabaw, myśli i słów
Pierwszych radości i pięknych snów

Dzisiaj, gdy przymkniesz oczy
Na szarym pamięci tle
Pośród wyblakłych przeźroczy
Zobaczysz właśnie mnie
Jestem Twoją Bajką, jestem Twoją Bajką
Jestem Bajką z Twego snu

Kiedy pożegnasz już Bajkę
Bajkę z dziecięcych lat
Zamkniesz za sobą furtkę

Dzisiaj, gdy przymkniesz oczy
Na szarym pamięci tle
Pośród wyblakłych przeźroczy
Zobaczysz właśnie mnie
Jestem Twoją Bajką, jestem Twoją Bajką
Jestem Bajką Twego snu

Dzisiaj, gdy przymkniesz oczy
Na szarym pamięci tle
Pośród wyblakłych przeźroczy
Zobaczysz właśnie mnie
Jestem Twoją Bajką, jestem Twoją Bajką
Jestem Bajką Twego snu"
"lyrics-000592","make me love you, be sensational
make me fall for your mistakes,
screatches and flaws
make me close my eyes before you
hear me saying

hear me when i try not to recall
how come everything falls the way it falls
'cept my heart for you unless you help it

see me when i bow in your presence
see how the love i'm wearing kills
all my good sense
know you're my reason, my lunacy

try me, have a taste of what you've missed
try and understand now's the time to kiss
oh my love, there ain't no riddle here

more i want your want more
more i need you need more
better stronger happier faster
always our anger beats us down

more i want you want more
more i need you need more
better stronger happier faster
always our anger beats us down

see me when i bow in your presence
see how the love i'm wearing kills
all my good sense
know you're my reason, my lunacy

try me, have a taste of what you've missed
try and understand now's the time to kiss
oh my love, there ain't no riddle here

catch me, and trust i'll do my best
trust i'll trade some of my sanity for bliss
oh my love, there ain't no riddle here"
"lyrics-000593","Strangers in the night exchanging glances
Wondering in the night
What were the chances we'd be sharing love
Before the night was through

Something in your eyes was so inviting
Something in your smile was so exciting
Something in my heart
Told me I must have you

Strangers in the night
Two lonely people we were strangers in the night
Up to the moment
When we said our first hello
Little did we know
Love was just a glance away
A warm embracing dance away, and

Ever since that night we've been together
Lovers at first sight, in love forever
It turned out so right
For strangers in the night

Love was just a glance away
A warm embracing dance away

Ever since that night we've been together
Lovers at first sight, in love forever
It turned out so right
For strangers in the night"
"lyrics-000594","Babe, don't try to call
My heart is ticking and the show
Just won't wait

It's strange
You couldn't see it my way
Hey, now go

I pray for you to fall
The spark
Has died and now you're just
Too late

A shame
You're knocking at the wrong gate
Hey, go home

Come what may
I won't give away

My love, diamond rings and Chevrolets
My love, aces high and cigarettes
My love, faking all like Hollywood
My love, love, love

No way you'll see me crawl
Like a shark
I'll be ripping you apart, and celebrate

With lots of champagne
You caught me on the wrong day
Now you know

Come what may
I won't give away

My love, see me dancing in the rain
My love, no more whiskey and cocaine
My love, ending all forbidden fruit
My love, love, love

Ashes to ashes, dust to dust
No you can't amuse me, so leave you must
Ashes to ashes, dust to dust
If the spell won't kill you, your ego does

My love, diamond rings and Chevrolets
My love, no more tears and no regrets
My love, time to lay the man to rest
My love, love, love"
"lyrics-000595","Hard road under the night sky
Keep on travelling, fare thee well my love
Hard road under the night sky
Keep on travelling, fare thee well
The sea came in and washed me out
The way was carved in ice
The tokens of a buried past
The shavings of a heavy life
The wind blows each and every way
It's not for me, my heart, to steer
I cast up what I have each day
The river flows the whole long year
Hard road under the night sky
Keep on travelling, fare thee well my love
Hard road under the night sky
Keep on travelling, fare thee well
The fires moved my heart so far
Now colours can't be seen
The distant call of far-off stars
Haunting o'er what might have been
And all, an ending was begun
Come with me 'cross the care-trod floor
Come with me to the holy song
And with time's passing, to the core
Hard road under the night sky
Keep on travelling, fare thee well my love
Hard road under the night sky
Keep on travelling, fare thee well
She knows how and she knows when
She's born to die and live and again
She goes from moor to build a nest
She knows the dance that burns her best
From the ashes, fair to share
The purest sounds to leaden heads
Sung from her best and bends the old trees
Winged wind songs sung so holy
Hard road under the night sky
Keep on travelling, fare thee well my love
Hard road under the night sky
Keep on travelling, fare thee well
Hard road under the night sky
Keep on travelling, fare thee well my love
Hard road under the night sky
Keep on travelling, fare thee well
Hard road under the night sky
Keep on travelling, fare thee well my love
Hard road under the night sky
Keep on travelling, fare thee well"
"lyrics-000596","Oh I beg you, can I follow?
Oh I ask you, why not always?
Be the ocean where unravel
Be my only, be the water and waiting

You're my river running high,
run deep run wild

I, I follow, I follow you deep sea baby
I follow you,
I, I follow, I follow you, dark boom honey
I follow you

He's a message, I'm the runner
He's the rebel, I'm the daughter
waiting for you
You're my river running high,

run deep run wild

I, I follow, I follow you deep sea baby
I follow you,
I, I follow, I follow you dark boom honey
I follow you

You're my river running high,

run deep run wild
You're my river running high,
run deep run wild
I, I follow, I follow you deep sea baby, I follow you
I, I follow, I follow you dark boom honey, I follow you
I, I follow...
I, I follow...
I, I follow..."
"lyrics-000597","Strangest feeling
coming over me
Empty header
from the treasury

I don't know how to walk
if you don't walk with me
I don't know how to talk
if you don't look my way

i cant feel it no more
i cant feel it no more

Weight of sunlight
coming over me
I'm lying, face down
in the memory

I can't feel it no more
I can't feel it no more
I can't feel it no more, ah
I can't feel it no more, feel it no more
I can't feel it no more.

I can't feel it no more
I can't feel it no more, no more
I can't feel it no more, no more
I can't feel it no more

I can't feel it no more"
"lyrics-000598","Wizje chodźcie do mnie
Blisko najbliżej
Zostańcie w mojej głowie
Najdziksze sny
Oto jest wasza scena
Reflektor niżej
Korowód moich marzeń
Wiruje Ci

Skąd wziął się ten śnieg
Pośrodku lata?
Skąd ten saksofon, który
Pod czaszką gra?
Już eksplodują lustra
Całego świata
I nieskończenie wolno
Pulsuje czas

Nadciąga noc komety
Ognistych meteorów deszcz
Nie dowiesz się z gazety
Kto przeżyje swoją śmierć

Blaski odblaski powódź pozłoty
Krzyże południa
I gwiezdny pył
Stosy diamentów
Co zimnym światłem
Będą się palić
Do kresu dni

Nadciąga noc komety
Ognistych meteorów deszcz
Nie dowiesz się z gazety
Kto przeżyje swoją śmierć

Bladą dłonią świt
Otrze pot i łzy
Koszmar minie
Znikną duszne sny
Bladą dłonią świt
Otrze pot i łzy
Koszmar minie
Znikną duszne sny

Bladą dłonią świt
Otrze pot i łzy
Koszmar minie
Znikną duszne sny
Bladą dłonią świt
Otrze pot i łzy
Koszmar minie
Znikną duszne sny

Bladą dłonią świt
Otrze pot i łzy
Koszmar minie
Znikną duszne sny
Bladą dłonią świt
Otrze pot i łzy
Koszmar minie
Znikną duszne sny

Sny
Duszne sny"
"lyrics-000599","Jestem dziewczyną lat 47
Myślałam, że wiem więcej a jednak nie wiem
Myślałam, że umiem w hajsy w życie i w piosenki
A umiem tylko w miłość
W żadną z szuflad się nie mieszczę ale też się już nie pieszczę
Ave Maria nie umarłam, ave maria radikal bezczel
Radikal bezczel

Zwijam flagi, transparenty, palę mapy, burzę, mosty
Już nie krzyczę myślałam że będzie trudniej jest prościej
Już nie krzyczę już nie wrzeszczę ale też się już nie pieszczę
A wszystko dwa razy bardziej niż wcześniej

Jestem dziewczyną lat 47
Myślałam że będzie mi żal a nie jest
Już nie krzyczę już nie wrzeszczę ale też się już nie pieszczę
Wrzeszczcie a wszystko dwa razy bardziej niż wcześniej

Już nie krzyczę już nie szczekam ale na nic też nie czekam
Jestem ziemią niczyją to tyle
Już nie krzyczę już nie szczekam ale na nic też nie czekam
Jestem ziemią niczyją to tyle
I nikogo nie będę pytać i na nic nie będę liczyć
I nikogo nie będę słuchać i na nic nie będę czekać
I nikogo nie będę pytać i na nic nie będę liczyć
I nikogo nie będę słuchać tylko tego brzucha który robi bum

Jestem wnuczką czarownicy której nie udało ci się spalić
Ja umarłam i wracam i niosę ci dynamit, kurwa
Jestem wnuczką czarownicy której nie udało ci się spalić
Ave Maria nie umarłam i niosę ci dynamit
W żadną z szuflad się nie mieszczę ale też się już nie pieszczę
Ave Maria nie umarłam ave ave radikal bezczel
Ave Maria nie umarłam i niosę ci dynamit

Jestem dziewczyną lat 47
Myślałam że będzie mi żal a nie jest
Już nie krzyczę już nie wrzeszczę ale też się już nie pieszczę
Wrzeszczcie a wszystko dwa razy bardziej niż wcześniej
Nie jestem fajna nie jestem miła nie jestem grzeczna
Nie jestem śliczna jestem niebezpieczna
I nikogo nie będę pytać i na nic nie będę czekać
I nikogo nie będę słuchać tylko tego brzucha który robi bum
Nikogo nie będę pytać i na nic nie będę liczyć
I nikogo nie będę słuchać i na nic nie będę czekać
Nikogo nie będę pytać i na nic nie będę liczyć
I nikogo nie będę słuchać tylko tego brzucha który robi bum

Wybucham jak Wuhan prowadzi mnie brzuch
W imię matki i córki i brzucha świętego
Wybucham jak Wuhan i prowadzi mnie brzuch
W imię matki i córki i brzucha świętego
Wybucham jak Wuhan prowadzi mnie brzuch

Byłam gruba, byłam chuda, teraz będę szczęśliwa
Ave Maria nie umarłam, I teraz się udam
Jestem piękna, wspaniała, absolutnie doskonała
Noszę zmarszczki jak marny druk
Nie potrzebuje was, prowadzi mnie brzuch
Z samego środka brzucha ja wybucham jak Wuhan

Wybucham jak Wuhan
Byłam gruba, byłam chuda, teraz będę szczęśliwa
Ave Maria nie umarłam, teraz się kurwa uda
Jestem piękna i wspaniała, absolutnie doskonała
Leje na tą ciepłym moczem mogą mi już zgasić światło
Nie myślałam, że będzie trudno, a jest kurwa super łatwo
Nie myślałam, że będzie trudno, a jest tak łatwo
Jestem piękna i wspaniała, absolutnie doskonała
Leje na tą ciepłym moczem mogą mi już zgasić światło"
"lyrics-000600","Upalnie jak tej zimy jeszcze nie było
To pierwszy rok, gdy wzięcia nie miała śmierć
Odchodzić kiedy wszystko zdaje się śpiewać
Bez spazmów, szlochu, marszu, kto by tak chciał?

Czy to natury akt terroru przedziwny?
Magnolia Kamikadze wypuszcza pąk
Gałęzie przeptaszone, nikt nie odleciał
Do krajów w ciepło skąpych bardziej niż ten

To pierwszy taki rok
Gdy samotność znużyła mnie
Pierwszy taki rok
Gdy przez fosę rzuciłam most
To pierwszy taki rok
Gdy do normy wrócił mi puls

Upalnie jak tej zimy jeszcze nie było
Magnolia Kamikadze wypuszcza pąk
Niepokalaność przebiśniegów jest faktem
Natura brzydzi się dogmatem jak nikt

To pierwszy taki rok
Gdy samotność znużyła mnie
To pierwszy taki rok
Gdy przez fosę rzuciłam most

To pierwszy taki rok
Gdy do normy wrócił mi puls
Gdy od normy świat
Daleko odszedł, jak nigdy..."
"lyrics-000601","Tyś mnie kochał, ale nie tak jak kochać trzeba
I szliśmy razem ale nie w takt, przebacz, przebacz
Ja jeszcze długo, rok albo dwa, potem zapomnę
Teraz gdy boli, teraz gdy trwa, dzwonie podzwonne

A Tobie miła na co ten dzwon brzmiący z oddali?
Miłość niewielka, błahy jej zgon i idziesz dalej
A Tobie miła na co ten dzwon brzmiący z oddali?
Miłość niewielka, błahy jej zgon i idziesz dalej

Cóż mam od życia - troskę i pieśń, Ciebie już nie ma
Muszę im ufać, muszę je nieść, pisać poemat
Cóż mam od życia, chyba już wiesz, czujna i płocha
Tylko ten smutek, tylko ten wiersz, który mnie kocha

A Tobie miła na co ten dzwon, brzmiący z oddali?
Miłość niewielka, błahy jej zgon i idziesz dalej
A Tobie miła na co ten dzwon, brzmiący z oddali?
Miłość niewielka, błahy jej zgon

A Tobie miła na co ten dzwon?
Miłość niewielka, błahy jej zgon
A Tobie miła na co ten dzwon?
Miłość niewielka, błahy jej zgon
I idziesz dalej"
"lyrics-000602","Tramwaj, słońce, miłość, wiosna
Sytuacja całkiem prosta
Dwoje bezdomnych w tramwaju
Na haju, na nie legalu
Trwa akcja ""Zostań w domu""
Więc Witek z Anną są tu tylko po kryjomu
Brakuje kilku zębów w Witka twarzy
A jednak wyraźnie łapie wyrazy
Tak piękne, że iPhone wypada mi z ręki
I zbieram z podłogi kawałki szczęki

Nikt mnie nie zna
Nikt mnie nie chce
I nikt na mnie nie czeka
Lokal pokal, love, life total
Blackout czarny jak rzeka

To był maj, pachniała kwarantanna
W tramwaju numer siedem, Witek i Anna
To był maj, pachniała kwarantanna
W tramwaju numer siedem, Witek i Anna

Pali słońce, tramwaj numer siedem
Nagle Witek wyciąga ze spodni grzebień
Zaczyna Anny włosy czesać
Tak czule, nie może przestać
Robimy loopy, za pętlą pętle
Jest miłość, wiosna, serce zaraz mi pęknie
Tramwaj numer siedem ulicami mknie
Chciałby zostać w domu Witek, ale nie ma gdzie
I nagle dzwony jak w kościele
Bo właśnie na tory wypada tam jeleń
Będziemy złączeni w miłosnym plocie
Gdy nagle widzę gołe Witka prącie!

To był maj, pachniała kwarantanna
W tramwaju numer siedem, Witek i Anna
To był maj, pachniała kwarantanna
W tramwaju numer siedem, Witek i Anna
To był maj, pachniała kwarantanna
W tramwaju numer siedem, Witek i Anna
To był maj, pachniała kwarantanna
W tramwaju numer siedem, Witek i Anna

Tramwaj, słonce, miłość, wiosna
Sytuacja nie jest prosta
Nie ma domu Witek aktualnie
Wszystko robić musi zdalnie
Zdalna miłość, zdalna praca
Zdalny seks i zdalny spacer
Nie może Witek, nie może tak dłużej
Więc ściąga majty, luzuje rajtuzy
Jedziemy złączeni w miłosnym trójkącie
Anna i ja i gołe Witka prącie!

Nikt mnie nie zna
Nikt mnie nie chce
I nikt na mnie nie czeka
Lokal pokal, love, life total
Blackout czarny jak rzeka

To był maj, pachniała kwarantanna
W tramwaju numer siedem, Witek i Anna
To był maj, pachniała kwarantanna
W tramwaju numer siedem, Witek i Anna
To był maj, pachniała kwarantanna
W tramwaju numer siedem, Witek i Anna
To był maj, pachniała kwarantanna
W tramwaju numer siedem, Witek i Anna

To wtedy szambo wybiło, szambo wybiło
Ej szambo
Ej szambo, szambo wybiło
Ej szambo
Ej szambo, szambo wybiło
Ej szambo
Ej szambo, szambo wybiło
Ej szambo

Śpiewam wiosnę 2020
Puste ulice, puste przedmieścia
To wtedy szambo wybiło
To właśnie wtedy stanął świat
Śpiewam wiosnę 2020
Każde słowo krzyczy o końcu świata
Ludzie chodzą bladzi i na twarzy w szmatach
Wiosna stulecia
Szalona Greta
Krzyczała o klimacie
Ktoś pokazał tyłek, ściągając gacie
To miesiące nie przewidywalne
Jak doznania analne

Ej szambo, szambo wybiło
Ej szambo, szambo wybiło"
"lyrics-000603","Hoy en mi ventana brilla el sol
Y el corazón
Se pone triste contemplando la ciudad
Porque te vas

Como cada noche desperté
Pensando en ti
Y en mi reloj todas las horas vi pasar
Porque te vas

Todas las promesas de mi amor se irán contigo
Me olvidarás, me olvidarás
Junto a la estación o lloraré igual que un niño
Porque te vas, porque te vas

Porque te vas
Porque te vas

Bajo la penumbra de un farol
Se dormirán
Todas las cosas que quedaron por decir
Se dormirán

Junto a las manillas de un reloj
Esperarán
Todas las horas que quedaron por vivir
Esperarán

Todas las promesas de mi amor se irán contigo
Me olvidarás, me olvidarás
Junto a la estación o lloraré igual que un niño
Porque te vas, porque te vas

Porque te vas
Porque te vas

Todas las promesas de mi amor se irán contigo
Me olvidarás, me olvidarás
Junto a la estación o lloraré igual que un niño
Porque te vas, porque te vas

Todas las promesas de mi amor se irán contigo
Me olvidarás, me olvidarás
Junto a la estación o lloraré igual que un niño
Porque te vas, porque te vas

Porque te vas
Porque te vas"
"lyrics-000604","I am my mother's only one
It's enough
I wear my garment so it shows
Now you know

Only love is all maroon
Gluey feathers on a flume
Sky is womb and she's the moon

I am my mother on the wall
With us all
I move in water, shore to shore
Nothing's more

Only love is all maroon
Lapping lakes like leery loons
Leaving rope burns, reddish rouge

Only love is all maroon
Gluey feathers on a flume
Sky is womb and she's the moon"
"lyrics-000605","Viens, Mallika, les lianes en fleurs
Jettent déjà leur ombre
Sur le ruisseau sacré qui coule
Calme et sombre
Éveillé par le chant des oiseaux tapageurs

Ô maîtresse
C'est l'heure où je te vois sourire
L'heure bénie où je puis lire
Dans le cœur toujours fermé de Lakmé

Sous le dôme épais
Où le blanc jasmin
À la rose s'assemble
Sur la rive en fleurs
Riant au matin
Viens, descendons ensemble

Doucement, glissons de son flot charmant
Suivons le courant fuyant
Dans l'onde frémissante
D'une main nonchalante
Viens, gagnons le bord
Où la source dort et
L'oiseau, l'oiseau chante

Sous le dôme épais
Où le blanc jasmin
Ah descendons
Ensemble

Mais je ne sais quelle crainte subite, s'empare de moi
Quand mon père va seul à leur ville maudite
Je tremble
Je tremble d'effroi

Pourvu que le Dieu Ganeça le protège
Jusqu'à l'étang où s'ébattent joyeux
Les cygnes aux ailes de neige
Allons cueillir les lotus bleus
Oui, près des cygnes aux ailes de neige
Allons cueillir les lotus bleus

Sous le dôme épais
Où le blanc jasmin
À la rose s'assemble
Sur la rive en fleurs
Riant au matin
Viens, descendons ensemble

Doucement glissons de son flot charmant
Suivons le courant fuyant
Dans l'onde frémissante
D'une main nonchalante
Viens, gagnons le bord,
Où la source dort et
L'oiseau, l'oiseau chante

Sous le dôme épais
Où le blanc jasmin
Ah descendons
Ensemble"
"lyrics-000606","Tell me
How many times
Can we start again
How many twisted turns
To lose a friend
I know it's taken long
For me to change my tune
You've said that it's too late
But it's still too soon

I play like broken records do
Le coeur a trente-trois tours
The songs keep skipping back to you
En tout et partout

You fell for it I fell for you
Mon coeur craquera toujours
I brushed you off
That scratched it too
En tout et partout

You can fall too hard
I'd fall to pieces now
If our shattered hopes
Cut you somehow

You skip the part where I care
What love has done to you
Since I don't go there
Why am I hearing it too?

I play like broken records do
Le coeur a trente-trois tours
The songs keep skipping back to you
En tout et partout

On s'entendait à en devenir sourds
Hearts break when they can't break through
On s'entendait
Je t'entends toujours
En tout et partout

And maybe I've been blind
But seeing others
Takes a little time
When they can see right through you

Maybe I've been weak
But all my memories of you don't shine
They speak to me

En tout
T'es partout"
"lyrics-000607","Kreskówki na dobranoc, plusz do snu
Nim wstanę wrócisz już
Pokażesz mi kolory, ślady chmur
Przestanę płakać, znów
Powtarzasz, że detale ważne są
Z nich składam świat
Jedną ręką łapiąc Twoją
Czasem martwisz się
Że dorosnę za moment

Martwisz się
Ciągle na nowo
Kiedy smucę się
Zamiast R wymawiam L
Kiedy masz mnie trochę dość
Wykrzyczeć chcę całą złość
Przez miłość, co
Jak bumerang wraca do nas wciąż

Kreskówki na dobranoc, plusz do snu
Nim wstanę wrócisz już
Pokażesz mi kolory, ślady chmur
Przestanę płakać, znów
Powtarzasz, że detale ważne są
Z nich składam świat
Jedną ręką łapiąc Twoją
Czasem martwisz się
Że dorosnę za moment

Dorosnę za moment
Czasem gniewam się
Brzydkich słów nie znam lecz
Wykrzyczeć chcę na cały głos
Te miłość co jak bumerang wraca do nas wciąż

Kreskówki na dobranoc, plusz do snu
Nim wstanę wrócisz już
Pokażesz mi kolory, ślady chmur
Przestanę płakać, znów
Powtarzasz, że detale ważne są
Z nich składam świat
Jedną ręką łapiąc Twoją
Czasem martwisz się
Że dorosnę za moment

Że dorosnę za moment

Bumerang
Bumerang
Bumerang
Bumerang

Bumerang
Bumerang
Bumerang
Bumerang

Bumerang
Bumerang
Bumerang
Bumerang"
"lyrics-000608","Pogwizdujesz i błyszczysz kolejny dzień (uuu ooo)
Nie hamujesz, przyspieszasz, przeganiasz czas (uuu ooo)
A mnie nie dziwi, że tak pysznie się cieszysz
W głowie masz cyrk i konfetti deszcz, wooo (uuu ooo ooo)

Bulgoczesz jak imbryk, syczysz jak lont (uuu ooo)
Pod fryzurą się burzysz, w skoble gniesz drut (uuu ooo)
A mnie nie dziwi, że do rewolucji
Tęsknisz i masz komponenty do bomb
Masz komponenty do bomb (uoo uuu ooo)

Wszystko jest jedno - istota i rzecz
Zwrotka i rzędy wersów
Kocham, a nawet nie czuję nic
Wiruje blender

(uuuu)

Mole zeżrą historię, wszystko prócz nas
Sczezną się metropolie, kościół i bank (uuu ooo)
A nas nie zdziwi nic i ciasno spleceni
Wejdziemy na szczyt zakochani w sztok, woo (uuu ooo ooo)

Wszystko jest jedno - istota i rzecz
Zwrotka i rzędy wersów
Kocham a nawet nie czuję nic
Wiruje blender

Wszystko jest jedno - istota i rzecz
Zwrotka i rzędy wersów
Kocham a nawet nie czuję nic
Wiruje blender

(Woo ooo ooo woo ooo ooo)
(Woo ooo ooo woo ooo ooo)
(Woo ooo ooo woo ooo ooo)
(Woo ooo ooo woo ooo ooo)
(Woo ooo ooo woo ooo ooo)
(Woo ooo ooo woo ooo ooo)
(Woo ooo ooo woo ooo ooo)
(Woo ooo ooo woo ooo ooo)
(Woo ooo ooo woo ooo ooo)
(Woo ooo ooo woo ooo ooo)
(Woo ooo ooo woo ooo ooo)
(Woo ooo ooo woo ooo ooo)
(Woo ooo ooo woo ooo ooo)
(Woo ooo ooo woo ooo ooo)
(Woo ooo ooo woo ooo ooo)
(Woo ooo ooo woo ooo ooo)"
"lyrics-000609","Sny pochowane na strychu
Nie mogą już spać
Idzie lato jedna z tych miłosnych lat

Pod stopą ból
Szkodniki żyją pod napięciem
Złe wspomnienia wiatr
Wyrywa z pamięci
Talia nowych kart
Dzień pachnie jak początek
Po co poważna twarz
Gdy świat nakręca dobrze

Ja nie chce iść pod wiatr
Gdy wieje w dobrą stronę
Nie chce biec do gwiazd
Niech gwiazdy biegną do mnie
Nie chce chwytać dnia
Gdy w ręku mam tygodnie
Takie miłe
Takie to miłe

Ja nie chce iść pod wiatr
Gdy wieje w dobrą stronę
W końcu mam swój czas
To chyba dobry moment
Nie chce biec do gwiazd
Biec do gwiazd

Głośno śpiewa ulica
Mimo ze słów brak
Rzeka gardeł wylewa się na pusty plac

Mam nowy chód i dźwięk
I ludzi nowych mam
Niech straszy nowy duch
Już nikt nie będzie spał
Nowego słońca blask
Wypali nam powieki
Zobaczymy świat nagi nagusieńki

Ja nie chce iść pod wiatr
Gdy wieje w dobrą stronę
Nie chce biec do gwiazd
Niech gwiazdy biegną do mnie
Nie chce chwytać dnia
Gdy w ręku mam tygodnie
Takie miłe
Takie to miłe

Ja nie chce iść pod wiatr
Gdy wieje w dobrą stronę
W końcu mam swój czas
To chyba dobry moment
Nie chce biec do gwiazd
Biec do gwiazd

Ja nie chce iść pod wiatr
Gdy wieje w dobrą stronę
Nie chce biec do gwiazd
Niech gwiazdy biegną do mnie
Nie chce chwytać dnia
Gdy w ręku mam tygodnie
Takie miłe
Jeeee

Ja nie chce iść pod wiatr
Gdy wieje w dobrą stronę
W końcu mam swój czas
To chyba dobry moment
Nie chce biec do gwiazd
Nie chce biec do gwiazd
Takie to miłe
Ja nie chcę

Ja nie chcę

Ja nie chcę iść pod wiatr
Nie chcę biec do gwiazd
Nie chcę chwytać dnia
Takie miłe

Takie miłe"
"lyrics-000610","Pamiętam, jak mówili na mnie
Z nim będzie trudno, bo to zbój
I zawsze gdzieś w ostatniej ławce
Odpływałem

Wróżyli mi, że skończę marnie
Patrz, jaki wtedy mieli dar
Choć nie dmuchali w moje żagle
Odpłynąłem

Hej wy
Czy jeszcze pamiętacie
Podmiejski park?
Jak tamte miejsca były nasze?
Jak u stóp mieliśmy cały świat?

Hej wy
Co na mnie tak patrzycie?
To nadal ja
Jak wtedy stoję przy tablicy
I nie jestem pewien cały czas

Ostatnio wstać mi coraz trudniej
Za długa noc, za krótki dzień
A każdy miesiąc jest jak grudzień
Przez żaluzje

Już nie wypada mi być smutnym
Zamawiam blisko
Wszystko mam
Nocna Warszawa i jej skutki
Już nie czekam

Hej wy
Co na mnie tak patrzycie?
To nadal ja
Jak wtedy stoję przy tablicy
I nie jestem pewien cały czas

Hej wy
Czy jeszcze tam jesteście?
To nadal ja
Co się podziało
W smutnym mieście, że milczycie wszyscy tyle lat?

I po co wszystko tobą pachnie
Skoro tak dawno jesteś gdzieś?
Mówili mi, że będzie łatwiej
Minie z czasem"
"lyrics-000611","Blue, the dawn is growing blue
A dream is coming true
When you will come my way
Some sweet day

Red, the sun is rising red
And all my love you'll get
When you will come and stay
Someday

Let me sing that song
Of the golden girls
And the men so strong
Merry old song

When everybody else is gone
Of the golden girls
And the men so strong
That old song

Green, the grass is growing green
And in my dreams, I've seen
A snug nest in the hay
Some sweet day

White, the salt of tears is white
And black's my lonely night
When you will go away
Someday

Let me sing that song
Of the golden girls
And the men so strong
Sad old song

When everybody else is gone
Of the golden girls
And the men so strong
That old song

Ah, ah-ah-ah-ah-ah
Ah-ah-ah-ah-ah
Ah-ah-ah-ah-ah
Ah-ah

Blue and red and white and green
And every in between
""She's sunny"", they will say
Someday"
"lyrics-000612","Hey, little death
I can feel your breath upon my neck
Hey not quite yet
Come with me and I will make you tame
Soon you will find a magic light
Hey, once you're mine
You will never stop to wonder why
Hey I will come take your hand
Together we are one
Soon you and I will rule the night
Bring your love and say nothing is wrong
I'll carry your bones wherever
Bring your dusty dread keep me with you
Hold me and stay forever
Hey, sing with me
Father death how sweet your love can be
Oh, Mother night i fear the day
I wish it never may come
Soon what was said will be undone
Bring your love and say nothing is wrong
I'll carry your bones wherever
Bring your dusty dread keep me with you
Hold me and stay forever"
"lyrics-000613","Yo era la rosa dorada del sol
Lluvia de vino, burbuja de amor
Y, mi palacio fue la juventud
Cuando cantaba yo, soñabas tú

Tuve la gloria, tuve tu devoción
Y, me sentí querida
Mimada por la vida
Ciega de delirante ilusión

Aria de amor
Mientras aplauden tras el telón
En el ocaso, muere el viejo Dios

Aria de amor
Una quimera, una canción
Que la victoria es grande
Y Europa grande, ey-ey
Grande el destino es hoy

Yo era la diva de aquella nación
Grandes teatros llenaba mi voz
Y mi palacio tan hermoso, ayer
De soledad y mármol fue, después

La decadencia
La solución final
Entre las mil banderas, cruces y calaveras
Símbolos de quimeras, te perdí

Aria de amor
Mientras aplauden tras el telón
En el ocaso mueres, vieja Europa
Sola, ay, ay, ay, loca y hundida

Aber warum ist es so dunkel hier?
Warum diese Dunkelheit?
Io sono disperata
Je suis seule, je suis seule d'amour

Oigo las bombas
Águilas de terror
Y sueño en la basura que envuelve tu figura
Y me refugio en el alcohol (Una quimera)

Aria de amor
Una quimera, una canción
Que la derrota es grande
Y Europa grande, ey-ey
Grandes, al fin, tú y yo"
"lyrics-000614","There's a fire starting in my heart
[00:06.10] Reaching a fever pitch, it's bringing me out the dark
[00:10.49] Finally I can see you crystal clear
[00:15.06] Go ahead and sell me out and I'll lay your ship bare
[00:19.56] See how I'll leave with every piece of you
[00:23.93] Don't underestimate the things that I will do
[00:28.84] There's a fire starting in my heart
[00:33.24] Reaching a fever pitch and it's bringing me out the dark
[00:39.02] The scars of your love remind me of us
[00:43.47] They keep me thinking that we almost had it all
[00:48.18] The scars of your love they leave me breathless
[00:52.50] I can't help feeling
[00:54.64] We could've had it all (you're gonna wish you)
[00:58.80] (Never had met me)
[00:59.87] Rolling in the deep (tears are gonna fall)
[01:03.06] (Rolling in the deep)
[01:04.18] You had my heart inside (you're gonna wish you)
[01:06.38] Of your hands (never had met me)
[01:08.64] And you played it (tears are gonna fall)
[01:10.71] To the beat (rolling in the deep)
[01:14.14] Baby, I have no story to be told
[01:18.50] But I've heard one on you, now I'm gonna make your head burn
[01:23.12] Think of me in the depths of your despair
[01:27.53] Make a home down there, as mine sure won't be shared
[01:33.34] (You're gonna wish you)
[01:33.85] The scars of your love (never had met me)
[01:36.11] Remind me of us (tears are gonna fall)
[01:38.47] They keep me thinking (rolling in the deep)
[01:40.28] That we almost had it all (you're gonna wish you)
[01:43.16] The scars of your love (never had met me)
[01:45.29] They leave me breathless (tears are gonna fall)
[01:47.57] I can't help feeling (rolling in the deep)
[01:49.86] We could've had it all (you're gonna wish you)
[01:53.28] (Never had met me)
[01:54.54] Rolling in the deep (tears are gonna fall)
[01:57.72] (Rolling in the deep)
[01:59.33] You had my heart inside (you're gonna wish you)
[02:01.89] Of your hands (never had met me)
[02:04.27] And you played it (tears are gonna fall)
[02:06.25] To the beat (rolling in the deep)
[02:09.37] We could've had it all
[02:10.46] Rolling in the deep
[02:10.94] You had my heart inside of your hand
[02:11.20] But you played it with a beating
[02:11.57] Throw your soul through every open door (whoa)
[02:13.81] Count your blessings to find what you look for (whoa)
[02:18.58] Turn my sorrow into treasured gold (whoa)
[02:22.93] You pay me back in kind and reap just what you've sown
[02:27.59] (You're gonna wish you never had met me)
[02:30.41] We could've had it all (tears are gonna fall, rolling in the deep)
[02:35.35] We could've had it all (you're gonna wish you never had met me)
[02:38.93] It all, it all, it all (tears are gonna fall, rolling in the deep)
[02:44.32] We could've had it all (you're gonna wish you)
[02:47.96] (Never had met me)
[02:49.27] Rolling in the deep (tears are gonna fall)
[02:52.46] (Rolling in the deep)
[02:53.62] You had my heart inside (you're gonna wish you)
[02:56.37] Of your hands (never had met me)
[02:58.92] And you played it (tears are gonna fall)
[03:01.29] To the beat (rolling in the deep)
[03:03.14] Could've had it all (you're gonna wish you)
[03:06.23] (Never had met me)
[03:07.87] Rolling in the deep (tears are gonna fall)
[03:10.99] (Rolling in the deep)
[03:12.20] You had my heart inside (you're gonna wish you)
[03:14.81] Of your hands (never had met me)
[03:17.13] But you played it, you played it, you played it
[03:22.12] You played it to the beat
[03:25.21] 
"
"lyrics-000615","Money makes the world go around
The world go around
The world go around
Money makes the world go around
It makes the world go 'round.

A mark, a yen, a buck or a pound
A buck or a yen
A buck or a pound.
Is all that makes the world go around
That clinking, clanking sound
Can make the world go 'round

Money money money money
Money money money money
Money money money

If you happen to rich
And you feel like a night's entertainment
You can pay for a gay escapade
If you happen to be rich and alone
And you need a companion
You can ring (ting-a-ling) for the maid
If you happen to be rich
And you find you are left by your lover
And you moan and you groan quite a lot
You can take it on the chin
Call a cab and begin to recover
On your 14-karat yacht! What!?

Money makes the world go around
The world go around
The world go around
Money makes the world go aroung
Of that we both are sure
On being poor!

Money money money
Money money money
Money money money
Money money money

Money money money
Money money money
Money money money

Money money money, money money money
Money money money, money money money
Money money money, money money money
Money money money, money money money

When you haven't any coal in the stove
And you freeze in the winter
And you curse to the wind at your fate
When you haven't any shoes on your feet
Your coat's thin as paper
And you look 30 pounds underweight
When you go to get a word of advice
From the fat little pastor
He will tell you to love evermore
But when hunger comes to rap
Rat-a-tat rat-a-tat at the window
(At the window!)
Who's there? (hunger) oh, hunger!
See how love flies out the door

For, money makes the world go around
The world go around
The world
Money makes the world go 'round
The clinking, clanking sound of
Money money money money
Money money money money.
Get a little, get a little
Money money money money
Mark, a yen, a buck or a pound
That clinking, clanking, clunking sound
Is all that makes the world go 'round
It makes the world go 'round!"
"lyrics-000616","You have to understand the way I am,
Mein Herr
A tiger is a tiger, not a lamb.
Mein Herr
You'll never turn the vinegar to jam,
Mein Herr
So I do...
What I do...
When I'm through...
Then I'm through...
And I'm through...
Toodle-oo!
Bye-Bye, Mein Lieber Herr
Farewell, mein Lieber Herr
It was a fine affair,
But now it's over
And though I used to care,
I need the open air.
You're better off without me,
Mein Herr

Don't dab your eye, mein Herr,
Or wonder why, Mein Herr
I've always said you I was a rover
You mustn't knit your brow,
You should have known by now
You'd every cause to doubt me,
Mein, Herr

The continent of Europe is so wide,
Mein Herr
Not only up and down, but side to side,
Mein Herr
I couldn't ever cross it if I tried,
Mein Herr
So I do
What I can...
Inch by inch...
Step by step...
Mile by mile...
Man by man

Bye-Bye, Mein Lieber Herr
Farewell, mein Lieber Herr
It was a fine affair,
But now it's over
And though I used to care,
I need the open air
You're better off without me,
Mein Herr

Don't dab your eye, mein Herr,
Or wonder why, Mein Herr
I've always told you I was a rover
You mustn't knit your brow,
You should have known by now
You'd every cause to doubt me,
Mein, Herr

Bye-bye, mein Lieber Herr,
Auf wiedersehen, mein Herr
Es war sehr gut, mein Herr
Und vorbei
Du kennst mich wohl, mein Herr,
Ach, lebe wohl, mein Herr
Du sollst mich nicht mehr sehen,
Mein Herr

Bye-bye, mein Lieber Herr
Auf weidersehen,
Es war sehr gut,
Und Vorbei
Mein Herr

Bye-Bye, Mein Lieber Herr
Farewell, mein Lieber Herr.
It was a fine affair,
But now it's over.
And though I-
Used to care,
I need the-
Open air.

You're better off
Without me,
Auf weidersehen,
Es war sehr gut,

Bye mein Herr!..."
"lyrics-000617","The higher that the monkey can climb
The more he shows his tail
Call no man happy 'till he dies
There's no milk at the bottom of the pail
God builds a church
The devil builds a chapel
Like the thistles that are growing
'Round the trunk of a tree
All the good in the world
You can put inside a thimble
And still have room for you and me
If there's one thing you can say about mankind
There's nothing kind about man
You can drive out nature with a pitch fork
But it always comes roaring back again
Misery's the river of the world
Misery's the river of the world
Misery's the river of the world
The higher that the monkey can climb
The more he shows his tail
Call no man happy 'till he dies
There's no milk at the bottom of the pail
God tempers all the ruins for the new shorn lands
The devil knows the Bible like the back of his hand
All the good in the world
You can put inside a thimble
And still have room for you and me
If there's one thing you can say about mankind
There's nothing kind about man
You can drive out nature with a pitch fork
But it always comes roaring back again
For want of a bird
The sky was lost
For want of a nail
A shoe was lost
For want of a life
A knife was lost
For want of a toy
A child was lost
And misery's the river of the world
Misery's the river of the world
Everybody row! Everybody row!
Misery's the river of the world
Misery's the river of the world
Misery's the river of the world
Everybody row! Everybody row!
Everybody row! Everybody row!
Misery's the river of the world
Misery's the river of the world
Everybody row! Everybody row!
Everybody row! Everybody row!
Everybody row!
Misery's the river of the world
Misery's the river of the world
Misery's the river of the world
Misery's the river of the world
Everybody row! Everybody row!
Everybody row!"
"lyrics-000618","I'd sell your heart to the junkman
Baby, for a buck, for a buck
If you're looking for someone to pull you uut of that ditch
You're out of luck, you're out of luck
Ship is sinking
The ship is sinking
The ship is sinking
There's leak, there's a leak, in the boiler room
The poor, the lame, the blind
Who are the ones that we kept in charge?
Killers, thieves, and lawyers
God's away, God's away
God's away on business
Business
God's away, God's away
God's away on business
Business
Digging up the dead with a shovel and a pick
It's a job, it's a job
Bloody moon rising with a plague and a flood
Join the mob, join the mob
It's all over, it's all over, it's all over
And there's a leak, there's a leak, in the boiler room
The poor, the lame, the blind
Who are the ones that we kept in charge?
Killers, thieves, and lawyers
God's away, God's away, God's away
On Business
Business
God's away, God's away
On Business
Business, ha
Goddamn there's always such a big temptation
To be good, to be good
There's always free cheddar in a mousetrap, baby
It's a deal, it's a deal
God's away, God's away, God's away
On business
Business
God's away, God's away, God's away
On business
Business
I narrow my eyes like a coin slot baby
Let her ring, let her ring
God's away, God's away
God's away on business
God's away, God's away
God's away on business, business"
"lyrics-000619","I'm so tired of playing
Playing with this bow and arrow
Gonna give my heart away
Leave it to the other girls to play
For I've been a temptress too long
Just...

Give me a reason to love you
Give me a reason to be a woman
I just wanna be a woman

From this time, unchained
We're all looking at a different picture
Through this new frame of mind
A thousand flowers could bloom
Move over and give us some room, yeah

Give me a reason to love you
Give me a reason to be a woman
I just want to be a woman

So don't you stop being a man
Just take a little look
From our side when you can
Sow a little tenderness
No matter if you cry

Give me a reason to love you
Give me a reason to be a woman
I just want to be a woman

It's all I wanna be, is all a woman
For this is the beginning
Of forever and ever
It's time to move over
It's all I want to be

I'm so tired of playing
Playing with this bow and arrow
Gonna give my heart away
Leave it to the other girls to play
For I've been a temptress too long
Just...

Give me a reason to love you"
"lyrics-000620","To your soul
To your soul
Cry
Cry
Cry
You leave in the morning with
Everything you own in a little black case
Alone on a platform, the wind and the rain on a sad and lonely face
Mother will never understand why you had to leave
But the answers you seek will never be found at home
The love that you need will never be found at home
Run away, turn away, run away, turn away, run away
Run away, turn away, run away, turn away, run away
Pushed around and kicked around, always a lonely boy
You were the one that they'd talk
About around town as they put you down
And as hard as they would try, they'd hurt to make you cry
But you never cried to them, just to your soul
No, you never cried to them, just to your soul
Run away, turn away, run away
Turn away, run away (crying to your soul)
Run away, turn away, run away
Turn away, run away (crying to your soul)
Run away, turn away, run away
Turn away, run away (crying to your soul)
Run away, turn away, run away, turn away, run away
Cry, boy, cry
Cry, boy, cry
Cry, boy, cry, boy, cry
Cry, boy, cry, boy, cry
Cry, boy, cry, boy, cry
Cry, boy, cry, boy, cry
Cry, boy, cry, boy, cry
Cry, boy, cry, boy, cry
You leave in the morning with
Everything you own in a little black case
Alone on a platform, the wind and the rain on a sad and lonely face
Run away, turn away, run away, turn away, run away
Run away, turn away, run away, turn away, run away
Run away, turn away, run away, turn away, run away
Run away, turn away, run away, turn away, run away
Run away, turn away, run away, turn away, run away
"
"lyrics-000621","Take a little walk to the edge of town
And go across the tracks
Where the viaduct looms
Like a bird of doom
As it shifts and cracks
Where secrets lie in the border fires
In the humming wires
Hey man, you know
You're never coming back
Past the square, past the bridge
Past the mills, past the stacks
On a gathering storm comes
A tall handsome man
In a dusty black coat with
A red right hand

He'll wrap you in his arms
Tell you that you've been a good boy
He'll rekindle all the dreams
It took you a lifetime to destroy
He'll reach deep into the hole
Heal your shrinking soul
But there won't be a single thing
That you can do
He's a god, he's a man
He's a ghost, he's a guru
They're whispering his name
Through this disappearing land

But hidden in his coat

Is a red right hand

You don't have no money?
He'll get you some
You don't have no car?
He'll get you one
You don't have no self-respect
You feel like an insect
Well don't you worry buddy
'Cause here he comes
Through the ghettos and the barrio

And the bowery and the slum
A shadow is cast wherever he stands

Stacks of green paper in his
Red right hand

You'll see him in your nightmares
You'll see him in your dreams
He'll appear out of nowhere but
He ain't what he seems
You'll see him in your head
On the TV screen
And hey buddy, I'm warning
You to turn it off
He's a ghost, he's a god
He's a man, he's a guru
You're one microscopic cog
In his catastrophic plan
Designed and directed by
His red right hand"
"lyrics-000622","I hurt myself today
To see if I still feel
I focus on the pain
The only thing that's real
The needle tears a hole
The old familiar sting
Try to kill it all away
But I remember everything

What have I become
My sweetest friend
Everyone I know goes away
In the end
And you could have it all
My empire of dirt
I will let you down
I will make you hurt

I wear this crown of thorns
Upon my liar's chair
Full of broken thoughts
I cannot repair
Beneath the stains of time
The feelings disappear
You are someone else
I am still right here

What have I become
My sweetest friend
Everyone I know goes away
In the end
And you could have it all
My empire of dirt
I will let you down
I will make you hurt

If I could start again
A million miles away
I would keep myself
I would find a way"
"lyrics-000623","You can run on for a long time
Run on for a long time
Run on for a long time
Sooner or later God'll cut you down
Sooner or later God'll cut you down

Go tell that long tongue liar
Go and tell that midnight rider
Tell the rambler, the gambler, the back biter
Tell 'em that God's gonna cut 'em down
Tell 'em that God's gonna cut 'em down

Well, my goodness gracious, let me tell you the news
My head's been wet with the midnight dew
I've been down on bended knee
Talkin' to the Man from Galilee

He spoke to me in the voice so sweet
I thought I heard the shuffle of angel's feet
He called my name and my heart stood still
When he said, ""Johnny, go do My will!""

Go tell that long tongue liar
Go and tell that midnight rider
Tell the rambler, the gambler, the back biter
Tell 'em that God's gonna cut 'em down
Tell 'em that God's gonna cut 'em down

You can run on for a long time
Run on for a long time
Run on for a long time
Sooner or later God'll cut you down
Sooner or later God'll cut you down

Well, you may throw your rock, hide your hand
Workin' in the dark against your fellow man
But as sure as God made black and white
What's down in the dark will be brought to the light

You can run on for a long time
Run on for a long time
Run on for a long time
Sooner or later God'll cut you down
Sooner or later God'll cut you down

Go tell that long tongue liar
Go and tell that midnight rider
Tell the rambler, the gambler, the back biter
Tell 'em that God's gonna cut you down
Tell 'em that God's gonna cut you down
Tell 'em that God's gonna cut you down"
"lyrics-000624","When they poured across the border
I was cautioned to surrender
This, I could not do
I took my gun and vanished

I have changed my name so often
I've lost my wife and children
But I have many friends
And some of them are with me

An old woman gave us shelter
Kept us hidden in the garret
Then the soldiers came
She died without a whisper

There were three of us this morning
I am the only one this evening
But I must go on
The frontiers are my prison

Oh, the wind, the wind is blowing
Through the graves, the wind is blowing
Freedom soon will come
Then we'll come from the shadows

Les Allemands étaient chez moi
Ils me dirent ""résigne-toi""
Mais je n'ai pas peur
J'ai repris mon arme

J'ai changé cent fois de nom
J'ai perdu femme et enfants
Mais j'ai tant d'amis
J'ai la France entière

Un vieil homme, dans un grenier
Pour la nuit, nous a cachés
Les Allemands l'ont pris
Il est mort sans surprise

Oh, the wind, the wind is blowing
Through the graves the wind is blowing
Freedom soon will come
Then we'll come from the shadows"
"lyrics-000625","If you want a lover
I'll do anything that you ask me to

If you want another kind of love
I'll wear a mask for you
If you want a partner, take my hand, or
If you want to strike me down in anger
Here I stand
I'm your man

If you want a boxer
I will step into the ring for you
And if you want a doctor
I'll examine every inch of you
If you want a driver, climb inside
Or if you want to take me for a ride
You know you can
I'm your man

But the moon's too bright
The chain's too tight
The beast won't go to sleep
I've been running through
These promises to you
That I made and I could not keep
Ah, but a man never got a woman back
Not by begging on his knees
Or I'd crawl to baby
And I'd fall at your feet
And I'd howl at your beauty
Like a dog in heat
And I'd claw at your heart
And I'd tear at your sheet
I'd say please (please)
I'm your man

And if you've got to sleep a moment on the road, I will steer for you
And if you want to work the street alone
I'll disappear for you
If you want a father for your child
Or only want to walk with me another mile across the sand
I'm your man

If you want a lover
I'll do anything that you ask me to
And if you want another kind of love"
"lyrics-000626","Dance me to your beauty with a burning violin
Dance me through the panic till I'm gathered safely in
Lift me like an olive branch and be my homeward dove
Dance me to the end of love
Dance me to the end of love

Oh, let me see your beauty when the witnesses are gone
Let me feel you moving like they do in Babylon
Show me slowly what I only know the limits of
Dance me to the end of love
Dance me to the end of love

Dance me to the wedding now, dance me on and on
Dance me very tenderly and dance me very long
We're both of us beneath our love, we're both of us above
Dance me to the end of love
Dance me to the end of love

Dance me to the children who are asking to be born
Dance me through the curtains that our kisses have outworn
Raise a tent of shelter now, though every thread is torn
Dance me to the end of love

Dance me to your beauty with a burning violin
Dance me through the panic till I'm gathered safely in
Touch me with your naked hand or touch me with your glove
Dance me to the end of love
Dance me to the end of love
Dance me to the end of love"
"lyrics-000627","Hello darkness, my old friend
I've come to talk with you again
Because a vision softly creeping
Left its seeds while I was sleeping
And the vision that was planted in my brain
Still remains
Within the sound of silence

In restless dreams, I walked alone
Narrow streets of cobblestone
'Neath the halo of a street lamp
I turned my collar to the cold and damp
When my eyes were stabbed by the flash of a neon light
That split the night
And touched the sound of silence

And in the naked light, I saw
Ten thousand people, maybe more
People talking without speaking
People hearing without listening
People writing songs that voices never shared
And no one dared
Disturb the sound of silence

""Fools"" said I, ""You do not know
Silence like a cancer grows
Hear my words that I might teach you
Take my arms that I might reach you""
But my words, like silent raindrops fell
And echoed in the wells of silence

And the people bowed and prayed
To the neon god they made
And the sign flashed out its warning
In the words that it was forming
Then the sign said, ""The words on the prophets are written on the subway walls
In tenement halls""
And whispered in the sound of silence"
"lyrics-000628","Hello, it's me
[00:23.54] I was wondering if after all these years you'd like to meet
[00:29.72] To go over everything
[00:35.28] They say that time's supposed to heal ya, but I ain't done much healing
[00:42.41] Hello, can you hear me?
[00:48.03] I'm in California dreaming about who we used to be
[00:53.82] When we were younger and free
[00:59.93] I've forgotten how it felt before the world fell at our feet
[01:06.01] There's such a difference between us
[01:12.54] And a million miles
[01:18.98] Hello from the other side
[01:24.40] I must've called a thousand times
[01:30.38] To tell you I'm sorry for everything that I've done
[01:36.08] But when I call, you never seem to be home
[01:43.15] Hello from the outside
[01:49.04] At least I can say that I've tried
[01:54.49] To tell you I'm sorry for breaking your heart
[02:00.34] But it don't matter, it clearly doesn't tear you apart anymore
[02:08.97] 
[02:13.42] Hello, how are you?
[02:19.19] It's so typical of me to talk about myself, I'm sorry
[02:25.25] I hope that you're well
[02:31.22] Did you ever make it out of that town where nothing ever happened?
[02:37.22] It's no secret that the both of us
[02:43.74] Are running out of time
[02:49.98] So hello from the other side (other side)
[02:55.84] I must've called a thousand times (thousand times)
[03:01.68] To tell you I'm sorry for everything that I've done
[03:07.14] But when I call, you never seem to be home
[03:14.14] Hello from the outside (outside)
[03:20.09] At least I can say that I've tried (I've tried)
[03:25.69] To tell you I'm sorry for breaking your heart
[03:31.45] But it don't matter, it clearly doesn't tear you apart anymore
[03:39.74] (Highs, highs, highs, highs)
[03:41.91] Ooh (lows, lows, lows, lows), anymore
[03:45.83] (Highs, highs, highs, highs)
[03:48.16] Ooh (lows, lows, lows, lows), anymore
[03:51.85] (Highs, highs, highs, highs)
[03:54.75] Ooh (lows, lows, lows, lows), anymore
[03:58.30] (Highs, highs, highs, highs)
[04:00.96] Anymore (lows, lows, lows, lows)
[04:03.30] Hello from the other side (other side)
[04:04.49] I must've called a thousand times (thousand times)
[04:05.66] To tell you I'm sorry for everything that I've done
[04:07.08] But when I call, you never seem to be home
[04:08.07] Hello from the outside (outside)
[04:09.22] At least I can say that I've tried (I've tried)
[04:10.12] To tell you I'm sorry for breaking your heart
[04:10.87] But it don't matter, it clearly doesn't tear you apart anymore
[04:11.05] 
"
"lyrics-000629","Con este tango que es burlón y compadrito
Se ató dos alas la ambición de mi suburbio
Con este tango nació el tango y, como un grito
Salió del sórdido barrial buscando el cielo

Conjuro extraño de un amor hecho cadencia
Que abrió caminos sin más ley que su esperanza
Mezcla de rabia, de dolor, de fe, de ausencia
Llorando en la inocencia de un ritmo juguetón

Por tu milagro de notas agoreras
Nacieron, sin pensarlo, las paicas y las grelas
Luna en los charcos, canyengue en las caderas
Y un ansia fiera en la manera de querer

I touch your lips and all at once the sparks go flying
Those devil lips that know so well the art of lying
And though I see the danger, still the flame grows higher
I know I must surrender to your kiss of fire

Just like a torch, you set the soul within me burning
I must go on, I'm on this road of no returning
And though it burns me, and it turns me into ashes
My whole world crashes without your kiss of fire

I can't resist you, what good is there in trying? (Por tu milagro de notas agoreras)
What good is there denying you're all that I desire? (Nacieron, sin pensarlo, las paicas y las grelas)
Since first I kissed you, my heart was yours completely (luna en los charcos, canyengue en las caderas)
If I'm a slave, then it's a slave I want to be (y un ansia fiera en la manera de querer)
Don't pity me, don't pity me

Give me your lips, the lips you only let me borrow
Love me tonight and let the devil take tomorrow
I know that I must have your kiss although it dooms me, consumes me
The kiss of fire"
"lyrics-000630","Dobrze sie pan czuje?
To swietnie,
Wlasnie widze - jasny wzrok, rowny krok
Jak w marszu.
A ja jestem, prosze pana, na zakrecie.
Moje prawo to jest panskie lewo.
Pan widzi: krzeslo, lawke, stol,
A ja - rozdarte drzewo.
Bo ja jestem, prosze pana, na zakrecie.
Ode mnie widac niebo przekrzywione.
Pan dzieli kazda zime, kazdy swit na pol.
Pan kocha swoja zone.
Pora wracac, bo papieros zgasnie.
Niedlugo, prosze pana, bedzie rano.
Zona czeka, pewnie wcale dzis nie zasnie.
A robotnicy wstana.
A ja jestem, prosze pana, na zakrecie.
Migaja swiatla rozmaitych mozliwosci.
Pan mowi: basta, pauza, pat.
I pan mi nie zazdrosci.
Lepiej chodzmy, bo papieros zgasnie.
Niedlugo, pan to czuje, bedzie rano.
Ona czeka, wcale dzis nie zasnie.
A robotnicy wstana.
A ja jestem, prosze pana, na zakrecie.
Choc gdybym chciala - bym sie urzadzila.
Juz widze: pieska, bieska, stol.
Wystarczy, zebym byla mila.
Pan byl takze, prosze pana, na zakrecie.
Dzis pan dostrzega, prosze pana, te realia.
I pan haruje, prosze pana, jak ten wol.
A moje zycie sie kolebie niczym balia.
Pora wracac, juz spiewaja zieby.
Niedlugo, prosze pana, bedzie rano.
Isc do domu, przetrzec oczy, umyc zeby.
Nim robotnicy wstana."
"lyrics-000631","Let's not make it into a big thing
Let's not get lost in this

I know it is, I know we could
I guess we surely would
Let's pretend it's not
It doesn't mean a thing

Let's not blow it out of all senses
As though it meant so much
It's always thought about for weeks

Not everytime your lips meet mine, I think of her
But when her hands reach out, I think of you"
"lyrics-000632","In this proud land we grew up strong
We were wanted all along
I was taught to fight, taught to win
I never thought I could fail

No fight left or so it seems
I am a man whose dreams have all deserted
I've changed my face, I've changed my name
But no one wants you when you lose

Don't give up
'Cause you have friends
Don't give up
You're not beaten yet
Don't give up
I know you can make it good

Though I saw it all around
Never thought that I could be affected
Thought that we'd be last to go
It is so strange the way things turn

Drove the night toward my home
The place that I was born, on the lakeside
As daylight broke, I saw the earth
The trees had burned down to the ground

Don't give up
You still have us
Don't give up
We don't need much of anything
Don't give up
'Cause somewhere there's a place
Where we belong

Rest your head
You worry too much
It's gonna be alright
When times get rough
You can fall back on us
Don't give up
Please don't give up

Got to walk out of here
I can't take any more
Gonna stand on that bridge
Keep my eyes down below
Whatever may come
And whatever may go
That river's flowing
That river's flowing

Moved on to another town
Tried hard to settle down
For every job, so many men
So many men no one needs

Don't give up
'Cause you have friends
Don't give up
You're not the only one
Don't give up

No reason to be ashamed
Don't give up
You still have us
Don't give up now
We're proud of who you are
Don't give up

You know it's never been easy
Don't give up
'Cause I believe there's a place
There's a place where we belong"
"lyrics-000633","We're both laying on the bed
Knowing this will be the end
Of us two

Slowly caressing my head
Tell me you don't understand
Is this true?

So, come to my shoulder and dry your tears
I will whisper to your ears
Everything will be ok
Can't even just grab my hand and grip it hard
I'll remind you all we've had
It will never melt away

Your two eyes are getting wet
I can feel your puny breath
On my cheek

Waiting for the sunset
We will spend the hour's left
And I hide

So, come to my shoulder and dry your tears
I will whisper to your ears
Everything will be ok
Can't even just grab my hand and grip it hard
I'll remind you all we've had
It will never melt away

We have nothing more to say
We will both get our way
Separate

Oh
We will never be the same
We know that it fades away
But there's no shame

So, come to my shoulder and dry your tears
I will whisper to your ears
Everything will be ok
Can't even just grab my hand and grip it hard
I'll remind you all we've had
It will never melt away

Oh, oh
We were flying on our bed
Knowing this will be the end
Oh, the end

We were flying on our bed
Knowing this will be the end
Oh, the end

Oh
Oh
Oh
Oh
Oh
Oh
Oh
Oh"
"lyrics-000634","Don't you tell another lie
Don't you tell another truth
My heart, it isn't bulletproof
From visions of you

Don't you know the way I feel
Can't you read my mind
Don't you read between the lines
For what's real

Forget'em, get'em, get'em
I used to rule the streets
I was young enough to know that there was something to believe in
Now I'm tired of the lies they tell
I'm trying to disguise myself
The perfect crime that I'll commit
Is loving you despite all of it

Forget'em, get'em, get'em
I used to rule the streets
I was young enough to know that there was something to believe in
Now I'm tired of the lies they tell
I'm trying to disguise myself
The perfect crime that I'll commit
Is loving you despite all of it

You're my saint, you're my saint
You're my saint, you're my sensation

You're my saint, you're my saint
You're my saint, you're my sensation

Set me free (You're my saint, you're my saint)
To live my life (You're my saint)
Whatever way (You're my sensation)
I want to be
Like smoke in a mirror (You're my saint, you're my saint)
I disappear (You're my saint)
Like smoke in a mirror (You're my sensation)
Disappear

Set me free (You're my saint, you're my saint)
To live my life (You're my saint)
Whatever way (You're my sensation)
I want to be
Like smoke in a mirror (You're my saint, you're my saint)
I disappear (You're my saint)
Like smoke in a mirror (You're my sensation)
Disappear

Don't you know my eyes
My eyes, they'll see you only

Don't you know my eyes
My eyes, they'll see you blue
Blue, my one and only
Blue, in blue"
"lyrics-000635","Just the guitar? Okay, cool...

This was all you, none of it me
You put your hands on, on my body and told me
Mmm, told me you were ready
For the big one, for the big jump
I'd be your last love, everlasting, you and me
Mmm, that was what you told me

I'm giving you up
I've forgiven it all
You set me free...

Send my love to your new lover
Treat her better
We've gotta let go of all of our ghosts
We both know we ain't kids no more
Send my love to your new lover
Treat her better
We've gotta let go of all of our ghosts
We both know we ain't kids no more...

I was too strong, you were trembling
You couldn't handle the hot heat rising (rising)
Mmm, baby, I'm still rising
I was running, you were walking
You couldn't keep up, you were falling down (down)
Mmm, there's only one way down

I'm giving you up
I've forgiven it all
You set me free, oh...

Send my love to your new lover
Treat her better
We've gotta let go of all of our ghosts
We both know we ain't kids no more
Send my love to your new lover
Treat her better
We've gotta let go of all of our ghosts
We both know we ain't kids no more

If you're ready, if you're ready
If you're ready, I am ready
If you're ready, if you're ready
We both know we ain't kids no more

No, we ain't kids no more...

I'm giving you up
I've forgiven it all
You set me free...

Send my love to your new lover
Treat her better
We've gotta let go of all of our ghosts
We both know we ain't kids no more
Send my love to your new lover
Treat her better
We've gotta let go of all of our ghosts
We both know we ain't kids no more

If you're ready, if you're ready
(Send my love to your new lover)
If you're ready, are you ready?
(Treat her better)
We've gotta let go of all of our ghosts
We both know we ain't kids no more
If you're ready, if you're ready
(Send my love to your new lover)
If you're ready, are you ready?
(Treat her better)
We've gotta let go of all of our ghosts
We both know we ain't kids no more..."
"lyrics-000636","All night long
Wrap me up in gloom
I'm inside a paper bag
You can sell chicks like me on the corner

Call me one more time
We can bury the birth of this
Dig a deep hole and lay it inside
And tenderly, if you please

There it is
My final chance
You look at me and I take one last glance

A miss is a good as a mile
And you have blue eyes
A miss is a good as a mile
And we have blue eyes

This life is not a situation that I can accept
This life is not a situation that we will accept

Saying will, different calls
So now be it
My dream has crumbled anyway
Oh now, so be it

We can no longer pretend
Neither you nor me
That you are what I meant
Oh baby, can't you see

My body's taken
Kittens like you always land on their feet
Please take care cause kittens like you, they always land on their feet

A miss is a good as a mile
And you have blue eyes
A miss is a good as a mile
And we have blue eyes

This life is not a situation that I can accept
This life is not a situation that we will accept

We can no longer pretend
Neither you nor me
That you are what I meant
Baby, can't you see

We can no longer pretend
Neither you nor me
That you are what I meant
Baby, can't you see"
"lyrics-000637","I think I know when to stop
I know when love leaked out the bottom of our cup
Will you ever feel a warm embrace holds you like mine?
What you thinking you're gonna do now
In the middle of the night?

I just got too, I just got too empty
I just got too, I just got too empty

I feel like we're failing
I feel like I'm waiting on you
The reasons are locked up
I feel like we're out of touch
The moment is fading
The moment is fading
I feel like we fucked up
I feel like we lost our love

I think we knew our time was up
My best days too far away to keep this up
Will you ever feel a warm embrace holds you like mine?
What you thinking you're gonna do now
In the middle of the night?

I just got too, I just got too empty
I just got too, I just got too empty
I just got too, just got too
I just got too, just got too

I feel like we're waiting,
I feel like I'm failing you
The reasons are locked up
I feel like we're out of touch
The moment is fading
The moment is fading
I feel like we fucked up
I feel like we lost our love

The moment is fading
The moment is fading
I feel like I'm waiting
I feel like I'm waiting
I've been waiting"
"lyrics-000638","And in one morning I was awakenend
Oh Bella ciao, bella ciao, bella ciao ciao ciao
And in one morning I was awakenend
And found the enemy was here
Oh Partisan, take me from this place
Oh Bella ciao, bella ciao, bella ciao ciao ciao
Oh Partisan, take me from this place
Because I feel I´m dying here

And if I die, up on that mountain
Oh bella ciao, bella ciao, bella ciao ciao ciao
And if I die, up on that mountain
Then you must bury me up there
Bury me high up, up on that mountain
Oh bella ciao, bella ciao, bella ciao ciao ciao
Bury me high up, up on that mountain
And let the flowers mark my grave

Oh Partisan, take me from this place
Oh Bella ciao, bella ciao, bella ciao ciao ciao
Oh Partisan, take me from this place
Because I feel I´m dying here

Ciao Ciao Ciao
"
"lyrics-000639","Chcę z Tobą patrzeć w ogień
Chcę z Tobą w ogień iść
To jedno wiem na pewno
I więcej nie wiem nic
Chcę z Tobą patrzeć w ciemność
Chcę z Tobą w ciemność iść
To jedno mam na pewno
Więcej nie mam nic

Kiedy myślę o Tobie
Moja skóra śpiewa
Wschodzi we mnie słońce
Rosną we mnie drzewa
Kiedy myślę o Tobie
Moja skóra śpiewa
Wschodzi we mnie słońce
Rosną we mnie drzewa

I nawet jeśli to koniec pieśni
Super było z tobą wierz mi
Ty jesteś mój brat mleczny
Dotknij moich piersi
Wyłączam światła, lecimy w noc
Trzymaj mnie mocno, spadamy stąd

Wyłączam światła światła, lecimy w noc
Trzymaj mnie, trzymaj mnie mocno
Ja nie mam nic
Ty nie masz nic
Razem mamy wszystko
Ja nie mam nic
Ty nie masz nic
Razem mamy wszystko

Wyłączam światła, lecimy w noc
Trzymaj mnie mocno, spadamy stąd
Wyłączam światła światła, lecimy w noc
Trzymaj mnie, trzymaj mnie mocno

Chcę z Tobą patrzeć w ogień
Chcę z Tobą w ogień iść
To jedno wiem na pewno
I więcej nie wiem nic
Chcę z Tobą patrzeć w ciemność
Chcę z Tobą w ciemność iść
To jedno mam na pewno
Więcej nie mam nic

Kiedy myślę o Tobie
Moja skóra śpiewa
Wschodzi we mnie słońce
Rosną we mnie drzewa
Kiedy myślę o Tobie
Moja skóra śpiewa
Wschodzi we mnie słońce
Rosną we mnie drzewa
I nawet jeśli to koniec pieśni
Super było z tobą wierz mi
Ty jesteś mój brat mleczny
Dotknij moich piersi
Wyłączam światła, lecimy w noc
Trzymaj mnie mocno, spadamy stąd
Wyłączam światła światła, lecimy w noc
Trzymaj mnie, trzymaj mnie mocno

Ja nie mam nic
Ty nie masz nic
Razem mamy wszystko
Ja nie mam nic
Ty nie masz nic
Razem mamy wszystko
Wyłączam światła, lecimy w noc
Trzymaj mnie mocno, spadamy stąd
Wyłączam światła światła, lecimy w noc
Trzymaj mnie, trzymaj mnie mocno"
"lyrics-000640","Extreme ways are back again
Extreme places I didn't know
I broke everything new again
Everything that I'd owned
I threw it out the windows came along
Extreme ways I know will part the colors of my scene
All perfect coloring

Extreme ways that held me
They held me out late at night
Extreme places I'd gone
And never seen any light
Dirty basements, dirty noise
Dirty places coming through
Extreme ways alone
Did you ever like it then?

Oh, I would stand in line for this
There's always room in life for this

Extreme sounds that told me
They held me out every night
Well, I didn't have much to say
I didn't give up the light
I closed my eyes, I closed myself, I closed my world
I'll never open up to anything
That could hurt me at all

I had to close down everything
I had to close down my mind
Too many things could cut me
Too much could make me blind
I've seen so much in so many places
So many heartaches, so many faces
So many dirty things
You couldn't even believe

Oh, I would stand in line for this
There's always room in life for this

Oh babe, oh babe
And it fell apart, it fell apart
Oh babe, oh babe
And it fell apart, it fell apart
Oh babe, oh babe
And it fell apart, it fell apart
Oh babe, oh babe
Like it always does, always does
Always does, always does"
"lyrics-000641","My first name, Angelene
Prettiest mess you've ever seen
Love for money is my sin
Any man calls I'll let him in

Rose is my color and white
Pretty mouth, and green my eyes
I see men come and go
But there will be one who will collect my soul and come to me

Two thousand miles away
He walks upon the coast
Two thousand miles away
It lays open like a road

Dear God, life ain't kind
People getting born then dying
But I've heard there's joy untold
Lays open like a road in front of me

Two thousand miles away
He walks upon the coast
Two thousand miles away
It lays open like a road

It seems so far away
I see men come and go
Two thousand miles until I reach that open road

My first name's Angelene"
"lyrics-000642","Baby, show me your love...
Baby, show me your love...
Baby, show me your love...

Show me your love...

Baby, show me your love...
Baby, show me your love...
Baby, show me your love...

Выйду на горушку, посмотрю в долинушку
Чи не їде, чи не йде серденятко моє?
Скажи, моя мила, с каких пор любить стала
С тех пор я люблю, как гуляла во саду

Я по садику гуляла, я у родителя свойго
Я по садику хожу, на якошко не гляжу
Что на этом окне ляжала примета
Ляжала примета с винограда вета

Виноград, мой виноград, виноград зелёный мой
Виноград висит на ветке, соловей поёт у клетки
Соловей мой, соловей, канареюшка моя
Спой песню свою про жизнь горькую мою

Спой песню свою про жизнь горькую мою
Жизнь горька моя, до чего ж ты довела
Лучше б я тебя не знала, незнакомая была
Моё б сердце не страдало, я б спокойная была

Болит сердце, знобит, сам не знает, что робит
Сам не знает, что робит, чи покинуть, чи любить
Чи такому кавалеру да любить таку холеру
Такому молодцу любить красну девицу

Baby, show me your love...

Жизнь горька моя, до чего ж ты довела
Лучше б я тебя не знала, не знакомая была

Выйду на горушку, посмотрю в долинушку (Ой, а що ж ти, Галочко)
Чи не їде, чи не йде серденятко моє?
Скажи, моя мила, с каких пор любить стала (Думала)
С тех пор я люблю, как гуляла во саду

Я по садику гуляла, я у родителя свойго (Як через тин білу ручейку)
Я по садику хожу, на якошко не гляжу
Что на этом окне ляжала примета (Давала)
Ляжала примета с винограда вета

Виноград, мой виноград, виноград зелёный мой (Ой, думала думочку)
Виноград висит на ветке, соловей поёт у клетки
Соловей мой, соловей, канареюшка моя (І не одну)
Спой песню свою про жизнь горькую мою

Спой песню свою про жизнь горькую мою (Як я к свойой свекорці)
Жизнь горька моя, до чего ж ты довела
Лучше б я тебя не знала, незнакомая была (Ой, догоджу)
Моё б сердце не страдало, я б спокойная была

Baby, show me your love...

Baby, show me your love..."
"lyrics-000643","Modern love
Is an exchange
Our young hearts
In close range

No light shines
In this age
Your love
Is my cage

I better start, I better start running
I better start, I better start running
Even if I can't escape
Your love is like an aeroplane
Going down then flying high
You take me for a ride

Modern love
Is to calculate
Be the first to hit
Or you fall in vain

No light shines
These dark days
Your love
Is my cage

I better start, I better start running
I better start, I better start running
Even if I can't escape
Your love is like an aeroplane
I better start, I better start running
I better start, I better start running
Even if I can't escape
Your love is like an aeroplane
Going down then flying high
You take me for a ride

Here I am
Still breathing
In open fields I breat
In open fields...

I better start, I better start running
I better start, I better start running
Even if I can't escape
Your love is like an aeroplane
I better start, I better start running
I better start, I better start running
Your love is like an aeroplane
Going down then flying high
You take me for a ride

You take me for a ride
Your love is like an aeroplane."
"lyrics-000644","Train is coming
Like a snake in the grass
He'll bite your heels if you're not fast enough
Hear the horn
The trumpet sound
Clear the tracks make way
The train's coming

Where are you going
Where have you been
Can you take me with you
Smoke machine

Where are you going
Where have you been
Can you take me with you
Smoke machine

Gari la moshi smoke machine
Joka linakuja skuma wiki green
Gari la moshi linaleta chakula
Kutoka mashambani ningeweza ningeenda

Where are you going
Where have you been
Can you take me with you
Smoke machine

Where are you going
Where have you been
Can you take me with you
Smoke machine

Skia tarumbeta inawaonya
Sauti ya kisiagi na sisi tumeona
Gari la moshi linapokuja
Watu hukimbia wasijewakajuta

Where are you going
Where have you been
Can you take me with you
Smoke machine

Where are you going
Where have you been
Can you take me with you
Smoke machine

Where are you going
Where have you been
Can you take me with you
Smoke machine

Where are you going
Where have you been
Can you take me with you
Smoke machine

Smoke machine
Smoke machine
Smoke machine
Smoke machine
Smoke machine
Smoke machine
Smoke machine
Smoke machine"
"lyrics-000645","Let the wind on your face
I'm gonna bring all the love in the room
Show you how different and tell you how soon
I'm gonna bring all the love in the room

We can search for a place
Far from the heavens, away from the race
All of the plans and the promises made
Far from the heavens, away from the race

And if we run too far

Let me show you the steps
Baby you run and I follow your trace
Too many miles that I want to embrace
Baby you run and I follow your trace

We can search for a dream
Flows like a river, you feel it within
Takes you to places that you've never been
Flows like a river, you feel it within

And if we run too far"
"lyrics-000646","On my road to the heaven
I'm gonna meet you and then
I'm gonna meet the God
On my road to the heaven
I'm gonna meet you and then
I'm gonna meet the God

As long the leaves falling babe
I want you badly
Exacly just the way you are
As long the sun keep on shining
I want you Honey
Exacly just the way you are

On my road to the heaven
I'm gonna meet you and then
I'm gonna meet the God
On my road to the heaven
I'm gonna meet you and then
I'm gonna meet the God

Don't really care about your weakness
And difference between us
As long as I can see your smile
Don't really care about your money
I want you Honey
Exacly just the way you are

So won't you comeback and name it
It's love and it's amazing
We can be lil'bit lazy
But tell me if you care about that
Dear God
And somewhere you've gone
It feels bad, you really care for me now
That's why

I'm on my way to the heaven
With you beside
Together we can reach the stars
I'm on my way to the heaven
With you beside
Together we can reach the stars

The day you leave and you wake up
Is make me believe that
You come again and stay for a while
The most colorful dreamings are losing their meanings
Without you, they seem so blind

I'm on my way to the heaven
With you beside
Together we can reach the stars
I'm on my way to the heaven
With you beside
Together we can reach the stars"
"lyrics-000647","Suction pulling your legs down
You're found, you're found, you're found
And you're acting like an animal
If you want this to work
It's work, it's work, it's work
And you're slowly disappearing now
I lost all my madness
I got caught in the rain
I was lost in the summertime
It was in the summertime, I was in the summertime
I lost all my madness
I got caught in the game
I was shot in the summertime
It was in the summertime, I was in the summertime
Suction pulling your legs down
You're found, you're found, you're found
And you're acting like an animal
And you're running to your phone
You know, you know, you know
That it's all faithful, no
I lost all my madness
I got caught in the rain
I was lost in the summertime
It was in the summertime, I was in the summertime
I lost all my madness
I got caught in the game
I was shot in the summertime
It was in the summertime, I was in the summertime
I lost all my madness
I got caught in the rain
I was lost in the summertime
It was in the summertime, I was in the summertime
I lost all my madness
I got caught in the game
I was shot in the summertime
It was in the summertime, I was in the summertime
(Lost in the summertime,
it was in the summertime, I was in the summertime)
(Lost in the summertime,
it was in the summertime, I was in the summertime)
(Lost in the summertime,
it was in the summertime, I was in the summertime)
(Lost in the summertime,
it was in the summertime, I was in the summertime)"
"lyrics-000648","Too young
Too young
Too young
Too young
Too young
Oh, too young
Oh, too young
Oh, too young
Oh, too young

Girl, the night's not over,
We're not getting older
They can't chase forever.

'Cause in the morning
There's a million years to choose from.
You don't care
Just take one.
Leave a place to rest on.

Because you're too young
Oh, you're too young
Oh, you're too young
Oh, you're too young
Oh, you're too young
Oh, too young
Oh, too young
Oh, too young
Oh, too young
Oh, too young
Oh, too young
Oh, too young
Oh, too young
Oh, too young
Oh, too young

There goes another morning
Just wrap it up
We own it
This night's so scared we own it
And in the morning
Why'd you tell me
That it's over?
You think you'd do better
To stick with someone older.

Because I'm too young
Too young
Too young
Too young
Too young
Too young
Too young
Too young
Too young
Too young
Too young

Oh yeah, we're too young
Oh yeah, we're too young
Oh yeah, we're too young
Oh yeah, we're too young
Oh yeah, we're too young
Oh yeah, we're too young
Oh yeah, we're too young
Oh yeah, we're too young
Oh yeah, we're too young
Oh yeah, we're too young
(In the morning)
(In the morning)
(In the morning)
(In the morning)
(In the morning)
(In the morning)
(In the morning)
(In the morning)
(In the morning)
(In the morning)
Too young
Too young
Too young
Too young
Too young
Too young
Too young
Too young"
"lyrics-000649","Jane, Jane, my lovely love
I'm gonna buy, three pretty little birds
One for her whistle, one for her singing
One for her to do most anything
Children go where I send thee, how shall I send thee?
Hey, hey, my lovely love

Well, I'm gonna send thee three by three
Three for the Hebrew children
Two for Paul and Silas
One for the itty bitty baby
Born, born, born in Bethlehem

Hey, hey, my lovely love
I'm gonna buy, three hunting dogs
One for the kill, one for the shall
One for to talk to, when I go out
Children go where I send thee, where shall I send thee?
Hey, hey, my lovely love

Well, I'm gonna send thee six by six
Six for the six who never got fixed
Five for the five who stayed alive
Four for the four who stood at the door
Three for the Hebrew children
Two for Paul and Silas
One for the itty bitty baby
Born, born, born in Bethlehem

Hey, hey I hope you know
I'm gonna buy three merry cows
One for the milk, one for the coat
One for the breakfast on Christmas morning
Children go where I send thee, how shall I send thee?
Hey, hey I hope you know

Well, I'm gonna send thee nine by nine
Nine for the nine that dressed so fine
Eight for the eight that stood at the gate
Seven for the seven that never got to heaven
Six for the six that never got fixed
Five for the five who stayed alive
Four for the four who stood at the door
Three for the Hebrew Children
Two for Paul and Silas
One for the itty bitty baby
Born, born, born in Bethlehem

Hey, hey, my lovely love
I'm gonna buy, three little blue birds
One for the beak, one for the mound
One for the breakfast, I am gone"
"lyrics-000650","Stuart:
I get that leaving feeling
This time it's here to stay
I've been weighing up the pulling
And pushing me away
The past is so heavy
But it's something that I can't leave
And this future's so certain
It just pushes me to my knees

Lhasa:
Is that your heart talking
Or just that we fight over mine
The people that you love
They change when you leave them behind

Stuart:
But this rope that is pulling
Is whittled down to a thread
And if I don't start climbing
Pretty soon it'll be over my head

Lhasa:
We all have dreams of leaving
We all wanna make a new start
Go and pack a little suitcase
With the pieces of our hearts
All those worries and those sorrows
We can just dust them away
Buy a coffee and a paper
And go step on to a train

(Bridge)

Stuart:
But I've been too long wandering
Limping around this town
With everything that's pulling me
It's pulling me further down

Lhasa:
Go make all your excuses
Go say all your goodbyes
But take a look in the mirror
It's the hardest one you'll ever find
All those worries and those sorrows
You can just dust them away
Go and find a new tomorrow
And forget about your yesterdays
So you and pat your kids
And kiss your dog goodbye
Leave the keys on the nail
With the sadness that's in your eyes

Stuart:
Maybe tomorrow
Today looks like it's bringing rain
And I'll leave everything in order
I don't want nothing standing in my way
There are jobs needing tending
And logs that are waiting to stack
And I'll leave everything in order
I don't want nothing that's gonna hold me back"
"lyrics-000651","It's late, getting later, later on
Have you faith, it ain't water I want?

If I don't think, I don't think of you
If I don't move, I don't follow
Set a place at the table and become my own stranger

Like, where you coming from?
I don't know your name
But I like the way you look at me in that unsuspicious way

Wasted, I'm wasted
Easy in my stride
No pain in the world left pushing my insides

If I don't think, I don't think of you
If I don't move, I don't follow
I'd save the cup for a spoonful
And today becomes tomorrow

Like, where you headed now?
Could we be the same?
I like the way you look at me in that unsuspicious way
Like there ain't nothing wrong
Nothing to be saved

Oh, have you faith, it ain't water that I want?
It ain't water that I want

It's late, and I'm hateful
Loving all the same
I'm nothing in freedom
The guilt with which I came

And I did what I done now
I'll do it again
Thinnin' my blood, leaving the way it came in

It ain't water that I want
It ain't water that I want

It ain't water that I want"
"lyrics-000652","And when the ice turns gray
Oh, and I've become
You call me up, in your words, you say
""Oh, I have begun""

And when the sheets are frayed
And when you walk alone
Your rolling eyes in your head, you say
""Oh, whoa-oh, oh""
""Oh, whoa-oh, oh""

And you can't wait 'til May
'Cause winter's just begun
Your eyes roll back in your head, you say
""What have I become?
Oh, what have I become?""

And when the ice turns gray
And the clarity is gone
Your eyes roll back in your head, you see
What have I become?

You're so sweet
You cheat
So sweet

And when the ice turns gray
And the clarity is gone
Your eyes roll back in your head, you see
What have I become?
Oh, what have I become?

You're so sweet
You cheat
So sweet"
"lyrics-000653","Wait here my friend
This is the end
Got tired to pretend
And well, the days are so few

Who is to say
And where do we pray
And who is it will pay
For all the things we do

Look further no more
Got nothing in store
On everyone we swore
Well they aren't here no more

You know our deal is done
And no one has won
The scene that is dead
Won't lead us to our bed

You were so easy
Down from the start
Been round to part
But that's something we both should know
You were so easy
Down from the start
Been round to part

Wait here my friend
This is the end
Got tired to pretend
And well, the days are so few

You know who is to say
And where do we pray
And who is it will pay
For all the things we do

You were so easy
Down from the start
Been round to part
But that's something we both should know
You were so easy
Down from the start
Been round to part"
"lyrics-000654","Fear for us got me here
I'm not giving up on fear
I'm just giving up on us
All love crimes are carried out
When you're scared and you're living doubt
That I'm giving up on us

Cold hard affection aggressively kind
We're living a life of love crime
And I'm giving up this time
And even the greatest of loves
Are made of muddy stuff that I'm giving up

I'm away, I'm away, I'm away, ooh
I'm away, I'm away, I'm away, oh
Even the greatest of love crimes
Even the greatest of loves
I'm away, I'm away, I'm away, ooh (I'm away)
I'm away, I'm away, I'm away, oh
Even the greatest of love crimes
Even the greatest of loves
Can be given up

I'm balaclava'ed, I'm dressed in stripes
You in your cape and tights
Even the greatest of loves
Can be given up
We're even
I'm leavin'

I'm away, I'm away, I'm away, ooh
I'm away, I'm away, I'm away, oh
Even the greatest of love crimes
Even he greatest of loves
I'm away, I'm away, I'm away, ooh (I'm away)
I'm away, I'm away, I'm away, oh
Even the greatest of love crimes
Even the greatest of loves

We're living a life of love crimes
And I'm giving up this time
We're living a life of love crimes
We're living a life of love crimes
And I'm giving up this time
And I'm giving up this time
We're living a life of love crimes (I'm away)
We're living a life of love crimes (I'm away, I'm away)
Even the greatest of love crimes
Even the greatest of loves
Can be given up"
"lyrics-000655","Some days are just lonely days
Some days it just rains
Some days are just lonely days
And they don't bring nothing but pain
And in those times, you know how I find
It just don't pay to cry
Just lie in the shade and drink
And let the world go by

Some nights are just lonely nights
Some nights there's no moon
Some nights are just lonely nights
When you're there all alone
And when they call, you just be strong
And push your window wide
And listen to the wind in the trees
And let the world go by

That is not for good you know
And no man owns the sun
No man's life has ended
Until his living is done

Some days are just lonely days
Some days it just rains
Some days are just lonely days
And they don't bring nothing but pain
And in those times, you know how I find
It just don't pay to cry
Just lie in the shade and drink
And let the world go by"
"lyrics-000656","Why do I deserve the science
To feel better about you?
At a loss I lost my cool
I denied that I found you

I tried to be a basket case
I did not surprise you
I'm trying to find a signal fire
Let me know when I should move

But you, amplified in the silence
Justified in the way you make me bruise

Magnified in the science
Anatomically proved that you don't need me

Why do I desire the space?
I was mourning after you
I was lost and lost my shape
There was nothing I could do

I don't want to waste away
It was all I gave to you
Take me back and take my place
I will rise right up for you

But you, amplified in the silence
Justified in the way you make me bruise

Magnified in the science
Anatomically proved that you don't need me

All the while you waste away, you're asking
""Did I really need another one to take me down?""
Everybody knows it's something that you had to live with darling
Nobody's gonna tear you down now
There is nothing you keep, there is only your reflection

There was nothing but quiet retractions
And families pleading, ""Don't look in that cabinet
There's far more bad than there's good, I don't know how it got there""
That was something your father had burned in me
20 hours out of Homestake eternity
You can go anywhere but you are where you came from

Little girl, you are cursed by my ancestry
There is nothing but darkness and agony
I can not only see, but you stopped me from blinking
Let me watch you as close as a memory
Let me hold you above all the misery
Let me open my eyes and be glad that I got here"
"lyrics-000657","Oh, I beg you
Can I follow?
Oh, I ask you
Why not always?

Be the ocean
Where I unravel
Be my only
Be the water where I'm wading

You're my river running high
Run deep, run wild

I follow, I follow you
Deep sea, baby, I follow you
I follow, I follow you
Dark room, honey
I follow you

He's a message
I'm the runner
He's a rebel
I'm a daughter waiting for you

You're my river running high
Run deep, run wild

I follow, I follow you
Deep sea, baby, I follow you
I follow, I follow you
Dark room, honey
I follow you

You're my river runnin' high
Run deep, run wild

I follow, I follow you
Deep sea, baby, I follow you
I follow, I follow you
Dark room, honey
I follow you"
"lyrics-000658","Come a little bit closer
Hear what I have to say
Just like children sleeping
We could dream this night away

But there's a full moon rising
Let's go dancing in the light
We know where the music's playing
Let's go out and feel the night

Because I'm still in love with you
I wanna see you dance again
Because I'm still in love with you
On this harvest moon

When we were strangers
I watched you from afar
When we were lovers
I loved you with all my heart

But now it's getting late
And the moon is climbing high
I wanna celebrate
See it shining in your eyes

Because I'm still in love with you
I wanna see you dance again
Because I'm still in love with you
On this harvest moon

Because I'm still in love with you
I wanna see you dance again
Because I'm still in love with you
I wanna see you dance again
Because I'm still in love with you
On this harvest moon"
"lyrics-000659","I've spent too much time staring into the sun
I don't know where I've been I don't know what I've done
Everything around has turned into dust
Cause it made me realize we were nothing in the past

Joe has a good life
One we dream about
I won't unpack
I won't come back

Please, stop the Earth from spinning around
Don't let the sun burn us all down
Now that it's up I feel it coming for us

I don't have the time to talk about it now
(Now that it's up, now that it's up)
But whenever I wake up I regret I'm being blind
(Now that it's up I feel it coming for us)
Everyone around has turned into past
It's funny how I thought it would never come to us

Joe has a good life
One we won't have
Wishing you luck
I won't come back

Please, stop the Earth from spinning around
Don't let the sun burn us all down

Please, stop the Earth from spinning around
Don't let the sun burn us all down
Please, stop the Earth from spinning around
Don't let the sun burn us all down

Now that it's up I feel it coming for us"
"lyrics-000660","Memory comes when memory's old
I am never the first to know
Following the stream up North
Where do people like us float
There is room in my lap
For bruises, asses, handclaps
I will never disappear
For forever, I'll be here

Whispering
Morning, keep the streets empty for me
Morning, keep the streets empty for me

I'm laying down, eating snow
My fur is hot, my tongue is cold
On a bed of spider web
I think of how to change myself
A lot of hope in a one man tent
There's no room for innocence
Take me home before the storm
Velvet moths will keep us warm

Whispering
Morning, keep the streets empty for me
Morning, keep the streets empty for me

Whispering
Morning, keep the streets empty for me
Morning, keep the streets empty for me

Uncover our heads and reveal our souls
We were hungry before we were born
Uncover our heads and reveal our souls
We were hungry before we were born
Uncover our heads and reveal our souls
We were hungry before we were born
Uncover our heads and reveal our souls
We were hungry before we were born"
"lyrics-000661","Every time i look down on this timeless town
Whether blue or gray be her skies
Whether loud be her cheers
Or whether soft be her tears
More and more do I realize that...

I love Paris in the spring time
I love Paris in the fall
I love Paris in the winter when it drizzles
I love Paris in the summer when it sizzles

I love Paris every moment
Every moment of the year
I love Paris, why oh why do I love Paris
Because my love is near

I love Paris in the spring time
I love Paris in the fall
I love Paris in the winter when it drizzles
I love Paris in the summer when it sizzles

I love Paris every moment
Every moment of the year
I love Paris, why oh why do I love Paris
Because my love is
Because my love is
Because my love is near"
"lyrics-000662","I caught your eyes
You've got me hypnotized
I'll take your hands
I'll get your heart
I'll get your eyes

I'll take it slow
But i'm just dying now to know
If you're still here
Catching my eyes
Playing my tunes

I caught your eyes
You've got me so suprised
I'll take your breast
I'll take your legs
I'll take your face

I'll take it slow
But i'm just dying now to know
If you're still here
Catching my eyes
Playing my tunes

And I...
I'll been watching for all planets
Until the day you'll close my eyes
My eyes

And I...
I've been chasing for your shadows
Until i found you are a ghost
And then I've lost my
And then I've lost my
And then I've lost my side

And I...
I've been chasing for your shadows
Until i found you are a ghost

And now
The way you look at me tonight
Send shivers get down my spine
And then i broke your
Then i broke your
Then i broke your heart"
"lyrics-000663","La vie, comme l'histoire, se répète
Oh, comme le temps a passé
Je crains de revivre sans le savoir
Cet instant qu'on a traversé

Où est passée ton âme?
Cariño, no lo sé
Oh,¿Dónde este mundo va?
Dis-le moi, s'il te plaît

Ils vivaient ensemble, attachés
J'en ai encore le cœur serré
Comme ils se ressemblaient, soulagés
De n'avoir plus à s'expliquer

Où est passée ton âme?
Cariño no lo sé
Oh, où est passée son âme?
Au fond, moi je le sais

Il n'y a rien après la mort
Elle va en beauté
Il n'y a rien que les corps
Je veux vivre et danser

Combien de plaisir peux-tu prendre
Dans le temps qu'on t'a accordé?
Je t'ai vu pâlir, te défendre
Je n'ai pas cessé de t'aimer

Où va passer ton âme?
Viens, je sais le secret

Il n'y a rien après la mort
Elle va en beauté
Il n'y a rien que les corps
Je veux vivre et danser

¿Dónde ha pasado el alma de tu cuerpo?
¿Dónde ha pasado el alma de tu cuerpo?
¿Dónde ha pasado el alma de tu cuerpo?

Non, il n'y a rien après la mort
Elle va en beauté
Il n'y a rien que les corps
Je veux vivre et danser

Même s'il n'y a rien après la mort
J'irai te chercher
Aussi loin que je pourrai
Aussi loin que je pourrai"
"lyrics-000664","Zu Asche, zu Staub
Dem Licht geraubt
Doch noch nicht jetzt
Wunder warten bis zuletzt
Ozean der Zeit
Ewiges Gesetz
Zu Asche, zu Staub
Zu Asche
Doch noch nicht jetzt
Zu Asche, zu Staub
Dem Licht geraubt
Doch noch nicht jetzt
Wunder warten
Doch noch nicht jetzt
Wunder warten bis zuletzt
Es ist doch nur ein Traum
Das bloße Haschen nach dem Wind
Wer weiß es schon genau?
Die Uhr an deiner Wand
Sie ist gefüllt mit Sand
Leg deine Hand in mein'
Und lass uns ewig sein
Du triffst nun deine Wahl
Und wirfst uns zwischen Glück und Qual
Doch kann ich dir verzeihen
Du bist dem Tod so nah
Und doch dein Blick so klar
Erkenne mich, ich bin bereit
Und such mir die Unsterblichkeit
Es ist doch nur ein Traum
Das bloße Haschen nach dem Wind
Wer weiß es schon genau?
Die Uhr an deiner Wand
Sie ist gefüllt mit Sand
Leg deine Hand in mein'
Und lass uns ewig sein
Du triffst nun deine Wahl
Und wirfst uns zwischen Glück und Qual
Doch kann ich dir verzeihen
Du bist dem Tod so nah
Und doch dein Blick so klar
Erkenne mich
Ich bin bereit
Und such mir die Unsterblichkeit"
"lyrics-000665","Cut from the act, a trail in the underpass
Fall on your feet, feigning morality
We're chained to the heat
We're bound up in ecstasy
It's on then it's off
It starts then it never stops, it's never enough

I burn to see the best of me
A made up fate alive on the breeze
A bird, a bee, humanity
Well it ain't all that much, it ain't all that much
Asleep on the job
Dreaming the hours lost
A meaningless feat consuming the whole of me
I jumped out of sight
To live for another night
To feast on the art
A splint for my crooked heart

I burn to see the best of me
A made up fate alive on the breeze
A bird, a bee, humanity
Well it ain't all that much, it ain't all that much

We're all born crazy, that's the way we're made to be
We're all born crazy now

Cut from the act, a trail in the underpass
It's on then it's off
It starts then it never stops, it's never enough"
"lyrics-000666","Beautiful tango, take me by the hand
Beautiful tango, oh, until you make me dance
How sweet it can be, if you make me dance?
How long will it last, baby, if we dance?

Come to the, come to the world
Come to the, come to the world
And baby, let me show you things

'Cause time is running and we can lose
Baby, come and dance, we gonna make it through
'Cause we've got time
Yes, we've got time

Beautiful stranger, don't want to know your name
Beautiful stranger, oh, just take me by the hand
'Cause how sweet it can be, if you make me dance?
How long will it last, oh baby, if we dance?

Come to the place where the skin speaks
The secret words in Spanish
Where the night turns out the lights of day
For us to show some courage

So don't go, if you wanna know
Don't go, if you don't know
Don't go, if you wanna know
Don't go, don't go, don't go

Beautiful stranger, take me by the hand
Make me dance all night, I wanna take the chance
'Cause I love the way you move, and the way you
Put your hands on my hips are moving while you take it slow
Makes me feel like I'm on a river flow
'Cause we've got time
And yes, we've got time

Beautiful stranger, I wanna lose my mind
Beautiful stranger, in the danger of your arms, oh-oh
Beautiful stranger, I want to lose myself
Beautiful stranger, in the danger of your arms

Of your arms
Oh-oh, oh-oh, hm

Tripping on, tripping on
Tripping on you, baby
Now you got me
Tripping on, tripping on
Tripping on you now
Tripping on you, baby
Got me tripping on you now, now, now, now
Hm-mm, hm-mm, hm-mm"
"lyrics-000667","Self-illusion, fake solution
(I don't need that) need that anymore
Cosmic savior, safe behavior
(I don't need that) need that anymore

Ch-ch-cherry lipstick, uh
Ch-ch-cherry lipstick, uh
On your mind
And now, and now
I just leave it
And now, and now
I just leave it

Broken mirrors, shattered figures
(I don't need that) need that anymore
Cold computers, fucked up rumors
(I don't need that) need that anymore

Ch-ch-cherry lipstick, uh
Ch-ch-cherry lipstick, uh
On your mind
And now, and now
I just leave it
And now, and now
I just leave it

Leave it
And I

You, my friend must accept yourself
As you are
You, my friend must accept yourself
As you are
You, my friend must accept yourself
As you are
You, my friend must accept yourself
As you are

And now I'm free
And now I'm free
And now I'm free
And now I'm free
And now I'm free
And now I'm free
And now I'm free
And now I'm free
And now I'm free
And now I'm free
And now I'm free"
"lyrics-000668","Easy, easy
Pull out your heart to make the being alone
Easy, easy
Pull out your heart to make the being alone
Easy, easy

Easy, easy
You break the bridle to make losing control
Easy, easy
Crushed what you're holding
So you can say letting go
Is easy, easy

Oh, easy, easy
Burn all your things to make the flight to forget
Easy, oh, easy
Burn all your things to make the flight to forget
Easy, oh, easy

Easy, easy
Pull out your heart to make the being alone
Easy, easy
Pull out your heart to make the being alone
Easy"
"lyrics-000669","Sag mir, wo die Blumen sind
Wo sind sie geblieben?
Sag mir, wo die Blumen sind
Was ist gescheh'n?

Sag mir, wo die Blumen sind
Mädchen pflückten sie geschwind
Wann wird man je versteh'n?
Wann wird man je versteh'n?

Sag mir, wo die Mädchen sind
Wo sind sie geblieben?
Sag mir, wo die Mädchen sind
Was ist gescheh'n?

Sag mir, wo die Mädchen sind
Männer nahmen sie geschwind
Wann wird man je versteh'n?
Wann wird man je versteh'n?

Sag mir, wo die Männer sind
Wo sind sie geblieben?
Sag mir, wo die Männer sind
Was ist gescheh'n?

Sag mir, wo die Männer sind
Zogen fort, der Krieg beginnt
Wann wird man je versteh'n?
Wann wird man je versteh'n?

Sag, wo die Soldaten sind
Wo sind sie geblieben?
Sag, wo die Soldaten sind
Was ist gescheh'n?

Sag, wo die Soldaten sind
Über Gräbern weht der Wind
Wann wird man je versteh'n?
Wann wird man je versteh'n?

Sag mir, wo die Gräber sind
Wo sind sie geblieben?
Sag mir, wo die Gräber sind
Was ist gescheh'n?

Sag mir, wo die Gräber sind
Blumen blüh'n im Sommerwind
Wann wird man je versteh'n?
Wann wird man je versteh'n?

Sag mir, wo die Blumen sind
Wo sind sie geblieben?
Sag mir, wo die Blumen sind
Was ist gescheh'n?

Sag mir, wo die Blumen sind
Mädchen pflückten sie geschwind
Wann wird man je versteh'n?
Wann wird man je versteh'n?"
"lyrics-000670","Träume, die bei Nacht entstehen
Und dem Tag vergehen
Sind meistens gar nicht wahr

Weil sie unter den Millionen
Unser Illusionen
Geboren sind

Träume sind wie ferne Wolken
Denen andere folgen
So lang es Leben gibt

Sag mir, sag wohin sie treiben
Wo sie einmal bleiben
Weiss nur der Wind

Wie ein Wunder ist die Welt
Jeder Baum und jedes Feld
Wie ein Wunder ist die Welt

Träume, die uns nichts bedeuten
Sollte man beizeiten
Mit andern Augen sehn

Weil sie oftmals unser Denken
Auf die Wege lenken
Die wir dann gehn"
"lyrics-000671","Ich sehe nicht wohin du gehst
Wenn Stille herrscht und Einsamkeit
Mir schwer macht das Gemüt und weht
Ein Wind aus Gram und Leid
Du willst nicht sagen mir wohin
Dein Reisen führt dein widrig Selbst
Dann muss ich leidvoll doch mit Sinn
Mich der Frage stellen die du stellst
Es hat so lang in mir gedräuet
Es hat so lang in mir gedrängt
Die Sehnsucht die wir einst gewesen
Der Unwill hat sie nun verdrängt.
Wir sind uns lang verloren gegangen
Wir sind uns fern geworden im Herz
Wir sind ein Schweif des gestrigen Zaubers
Und in der Seele brennt nichts als Schmerz
Das Gestern schmilzt das Morgen ist steinern
Die Hoffnung geht dem Untergang hin
In keiner Welt sind wir noch geborgen
Und einsam geh ich wer weiss wohin?
So reichlich Glück war uns beschieden
Nun ists erloschen in der Seel'
Dem langen Warten folgt das Weichen
S'ist kalt im Herz, ich mach kein Hehl
Wir sind uns lang verloren gegangen
Wir sind uns fern geworden im Herz
Wir sind ein Schweif des gestrigen Zaubers
Doch in der Seele brennt nichts als Schmerz"
"lyrics-000672","When you go away
I won't be following
Though I know
Though I know
Exactly where you'll be going
My hands are tied
Through the begging
I try, I try to run the race
But we've already hit the finish

Let me go
Let me go
Let me go
(I think we are doing better then we ever been
Ever been, ever been, oh-oh-oh)
(Why don't we start it over do it all again
All again, all again, oh-oh-oh)

A storm, this storm feels like me
Let me go
Let me be somebody
Let me go
A storm, this storm feels like me
This storm, this storm, feels like
Someday from my lonely room
I just think of you
Don't pull me back to you
Don't pull me back to you

Let me go
Let me go
Let me be somebody
(I think we are doing better then we ever been
Ever been, ever been, oh-oh-oh)
Let me be someone
Let me go
Why this storm, this storm
(Why don't we start it over do it all again
All again, all again, oh-oh-oh)
Don't feel like me
Don't feel like, don't feel like me
(I think we are doing better then we ever been
Ever been, ever been, oh-oh-oh)
This storm, this storm feels like me
Let me go
This storm, feels like me

(I think we are doing better then we ever been
Ever been, ever been, oh-oh-oh)
(Why don't we start it over do it all again
All again, all again, oh-oh-oh)
(Why don't we start it over do it all again
All again, all again, oh-oh-oh)"
"lyrics-000673","Did you really say ""No""?
Well I thought you meant ""Yes""
There were shadows in your hair
There were flowers on your dress

And flowers grew wild
And the shadows turned to trees
Were you happy as a child?
I saw you dancing in the breeze

Baby, baby on the floor
What did you come here for or
Did you really say ""No""?
Baby you used to grow old

Did you really say ""No""?
Well I thought you meant ""Please""
You were happy as a child
I was known to mind a youth

Then the flowers turned red
And the shadows grew tall
Did I make you disappear?
Were you ever her at all?

Baby, baby on the floor
What did you come here for or
Did you really say ""No""?
Baby you used to grow old

Baby, baby on the floor
What did you come here for or
Did you really say ""No""?
What did you come here for or

Baby, baby on the floor
What did you come here for or
Did you really say ""No""?
Baby I used to know how"
"lyrics-000674","Czemu na podeszwach butów wnosisz mi do domu brud
Mam na myśli wiadomości, plotki - nie uliczny kurz
Czemu w klapach płaszcza, na nogawkach i we wszystkich szwach
Znosisz mi do domu strachy, cudzy lament, zamiast róż

Kto się kłania Moskwie, kto podnóżkiem Ameryki jest
Kto ma berło, kto koronę - wielce nie obchodzi mnie

Nie chcę słuchać tych historii
Pojedźmy do lasu, do gór
Z Tobą wszędzie mi po drodze
Syjamsko Cię czuję i lgnę, czuję i lgnę, czuję i lgnę

Czemu na podeszwach butów wnosisz mi do domu brud
Czemu bukiet malkontencji ściskasz w dłoni zamiast róż...

Nie chcę słuchać tych historii
Pojedźmy do lasu, do gór
Z Tobą wszędzie mi po drodze
Syjamsko Cię czuję i lgnę

Nie chcę słuchać tych historii
Pojedźmy do lasu, do gór
Z Tobą wszędzie mi po drodze
Syjamsko Cię czuję i lgnę, czuję i lgnę, czuję i lgnę"
"lyrics-000675","Wake up from your sleep, take a deep
Breath and let it all out
Tear away your dreams by the seams
And throw them about
Fall back to your corner, it's over
The game was rigged from the start
Hold your body, embrace it, and taste it
As it's falling apart

Something out of nothing
Still amounts to nothing - at all
Oh no, you're not that strong
Something out of nothing
Still amounts to nothing - at all
Let's run and run and run and run

Get down from your feet take a seat
And watch it go by
Spend away your years through your fears
And let it all fly

Something out of nothing
Still amounts to nothing - at all
Oh no, you're not that strong
Something out of nothing
Still amounts to nothing - at all
(Nothing of us is ever going to last)
Let's run and run and run and run

Emancipated and sedated
Can't you tell?
Dilapidated, consecrated
To the art of singing –

(Nahnah nah nah nah nah nah nah nah)
The world is spinning under
(Nah nah nah nah nah nah nah nah nah)
And everybody's singing to their graves
(Nah nah nah nah nah nah nah nah nah)
And the world keeps spinning on
(Nah nah nah nah nah nah nah nah nah)
We're all racing to a point of no return
(Nah nah nah nah nah nah nah nah nah)
Keep singing like there's no tomorrow"
"lyrics-000676","In moments stolen from the ocean of time
Beyond the everlasting balance of mind
In the flow and field of music and rhyme
As a side effect of passion defying
We grow, oooh we still grow
Yeah, we grow, oooh we still grow
Like the sweet taste of a burgundy wine
Like the anchor of your heart borderline
We grow, oooh we still grow
Yeah, we grow, oooh we still grow"
"lyrics-000677","Kochanie, jestem w niebie
Oni nie wierzyli, oni nie wierzą
Że ja mogłem dostać się tam do Ciebie
Jestem w niebie, ooh, jestem w niebie

Nie klęczałem, nie błagałem
Wprosiłem się na czarno
Taki ktoś jak ja tam nie pasuje
Dostałem się do Ciebie

Uczyłem się średnio
Nie byłem ministrantem
Jechałem, jechałem po krawędzi
Kochanie, jestem w niebie

Oglądałem seriale
Paliłem przed śniadaniem
Paliłem przed zaśnięciem
Kochanie, jestem w niebie
Jestem w niebie

Chodzę po łąkach
Chodzę jak król
W oczach mam błysk
W oczach mam bunt
Niebo mnie wsysa
Tak że już mnie nie widać, nie widać

Chodzę po łąkach
Chodzę jak król
Liczę swoje hajsy
Zamykam dziób
Niebo mnie wsysa
Kocham cię razy miliard, razy miliard

Dostałem się do Ciebie, Ciebie
Jestem w niebie, w niebie, w niebie
Dostałem się do Ciebie, Ciebie
Jestem w niebie, w niebie

Kochanie, jestem w niebie
Oni nie wierzyli, oni nie wierzą
Że ja mogłem dostać się tam do Ciebie
Jestem w niebie, ooh, jestem w niebie

Nie uratowałem hostii
Ale byłem Ci wierny
Choć tak po ludzku
Złośliwy i wredny
Kochanie, jestem w niebie

Wbijam wzrok w ziemię
Niespokojne czasy
Ludzie dziwni, ludzie okrutni
Taki ktoś jak ja tu nie pasuje
Dostałem się do Ciebie

Kiedy chodzę na zebrania
Do naszych córek
Ludzie się pytają
""Kim jest ten człowiek?""
Jak to możliwe?
Jakim prawem dostałem się do Ciebie?

Chodzę po łąkach
Chodzę jak król
W oczach mam błysk
W oczach mam bunt
Niebo mnie wsysa
Tak że już mnie nie widać, nie widać

Chodzę po łąkach
Chodzę jak król
Liczę swoje hajsy
Zamykam dziób
Niebo mnie wsysa
Kocham cię razy miliard, razy miliard

Dostałem się do Ciebie, Ciebie
Jestem w niebie, w niebie, w niebie
Dostałem się do Ciebie, Ciebie
Jestem w niebie, w niebie"
"lyrics-000678","I gotta take a little time
A little time to think things over
I better read between the lines
In case I need it when I'm older

Now this mountain I must climb
Feels like a world upon my shoulders
I through the clouds I see love shine
It keeps me warm as life grows colder

In my life there's been heartache and pain
I don't know if I can face it again
Can't stop now, I've traveled so far
To change this lonely life

I wanna know what love is
I want you to show me
I wanna feel what love is
I know you can show me

I'm gonna take a little time
A little time to look around me
I've got nowhere left to hide
It looks like love has finally found me

In my life there's been heartache and pain
I don't know if I can face it again
I can't stop now, I've traveled so far
To change this lonely life

I wanna know what love is
I want you to show me
I wanna feel what love is
I know you can show me

I wanna know what love is
I want you to show me
And I wanna feel, I want to feel what love is
And I know, I know you can show me"
"lyrics-000679","Crazy, but that's how it goes
Millions of people living as foes
Maybe it's not too late
To learn how to love and forget how to hate

Mental wounds not healing
Life's a bitter shame

I'm going off the rails on a crazy train
I'm going off the rails on a crazy train

I've listened to preachers, I've listened to fools
I've watched all the dropouts who make their own rules
One person conditioned to rule and control
The media sells it and you live the role

Mental wounds still screaming
Driving me insane

I'm going off the rails on a crazy train
I'm going off the rails on a crazy train

I know that things are going wrong for me
You've got to listen to my words

Heirs of the cold war, that's what we've become
Inheriting troubles, I'm mentally numb
Crazy, I just cannot bear
I'm living with something that just isn't fair

Mental wounds not healing
Who and what's to blame?

I'm going off the rails on a crazy train
I'm going off the rails on a crazy train"
"lyrics-000680","Don't ask me
What you know is true
Don't have to tell you
I love your precious heart

I, I was standing
You were there
Two worlds collided
And they could never tear us apart

We could live
For a thousand years
But if I hurt you
I'd make wine from your tears

I told you
That we could fly
'Cause we all have wings
But some of us don't know why

I, I was standing
You were there
Two worlds collided
And they could never, ever tear us apart

I, I was standing (don't ask me, what you know is true)
You were there (worlds collided)
Two worlds collided
And they could never tear us apart

You, you were standing (don't ask me, what you know is true)
I was there (worlds collided)
Two worlds collided
And they could never tear us apart

I, I was standing (don't ask me, what you know is true)
You were there (worlds collided)
Two worlds collided
And they could never tear us apart"
"lyrics-000681","I was somewhere out west in El Paso
Or maybe it was Mexico
With a brown eyed girl
In a mezcal world
She was someone that I didn't know
I didn't didn't didn't know

Was headed for a little vacation
To get away from my sorrows
But it's an empty place
When you miss the face
Of the only love you've ever known

All the wild birds
Sing a cowboy song
On the Rio Grande
Cause my love is gone
Every single man
Rides off into the sun
On the Rio Grande
Drinking till the dawn
Cause my love is gone

It was somewhere out west in El Paso
Where they say I lost my soul
Yoy let the vultures fly
When you waved goodbye
Now I'm someone that I didn't know
I didn't didn't didn't know

Was headed for a little vacation
To get away form my sorrows
But the days are hot
And you're all I've got
Just a memory to keep me going

All the wild birds
Sing a cowboy song
On the Rio Grande
Cause my love is gone
Every single man
Rides off into the sun
On the Rio Grande
Drinking till the dawn
Cause my love is gone

I was walking away from El Paso
But it wouldn't let me go
I got carried away
In a river of wine
Faoun the basement of the Alamo
The Ala Alamo

Was looking for a little salvation
But wound up sleeping in a hole
Cause I crossed the wrong man
Whit a gun in his hand
Now I'm dying babe, I love you so

All the wild birds
Sing a cowboy song
On the Rio Grande
Cause my love is gone
Every single man
Rides off into the sun
On the Rio Grande
Drinking till the dawn
Cause my love is gone"
"lyrics-000682","All the people all around the world
Should come together where their hearts don't hurt
Here we don't matter what your spirit is
We can dance like Egyptians in the pyramids, uh
Put a Flagpole on a mountaintop
Why don't you, celebrate what you got or not
Why won't you, stop thinking and get out of your head
I got the remedy, feel that?

It makes you dance
It makes you sing
Transcends the ordinary things
Up in the igloos
All the way down to Beijing

Electric swing
Electric swing

Everybody's looking to the light
Let's give a celebrational high five
Kick off your shoes for the earthy grooves
And get indigenous tripping like a didgeridoo, uh
Sing a little like the birds and the bees
Why don't you, grab somebody in a friendlier squeeze
Why won't you, stop thinking and get out of your head
I got the remedy, feel that?

It makes you dance
It makes you sing
Transcends the ordinary things
Up in the igloos
All the way down to Beijing

Electric swing
Electric swing

Attention all the radio squeakers
The movements coming through your speakers
Black your telly-telly bunkum box
Close your Mac tops
Turn the message up
Get inside a gold kimono trip
Now break it down as with the CD skepticals

Electric swing
Electric swing
Electric swing"
"lyrics-000683","How do I walk this Earth?
So much work at first it goes
How should I walk this Earth?
So much worse the further, the further you go

Go, take off a load
Letting your wings unfold
And keeping everything down to a minimum
Everything a bit low
Tell 'em what you know
Not all that you know though
The truth be told
You need it more than you thought
But you're managing
That's how you evened out, out

Keep on walking that line, the fine line
Between the wrong and the right
You get yours, I'm gonna get mine
Is that what you signed for?
They're feeding you lines
To keep you on their side
It works every time

What you got to live for
Now you got the whole of the world at your feet?
And how much more
Can you pass yourself 'round?
What you got to live for
Now you got the whole of the world at your feet?
But you're still shaking
You need to make up some ground

Go take off a load
Letting your wings unfold
And keeping everything down to a minimum
Everything a bit low
Tell 'em what you know
Not all that you know though
The truth be told
You need it more than you thought
But you're managing
That's how you evened out, out"
"lyrics-000684","Krajał krawiec skórę
Na moją posturę
Fastrygował, we worek szył
Tak szył - żem ożył
A do wora - graty, gruz
Kości, krew, RH plus
Serce z duszą na ramieniu i dusza
Do smażenia w piekle na głębokim oleju

Serce mnie bije
Dusza (za)pije
Żyję
Serce mnie bije
Dusza (za)pije
Żyję
Serce mnie bije
Dusza (za)pije
Żyję
Serce mnie bije
Dusza (za)pije
Żyję

Słyszę
Pobierz tlen, pompuj krew
Kochasz kogoś - w podróż weź
Żyj i czuj, i swąd, i bez
Po co, po co?
Po kres

Słyszę
Może to nie raj, może to nie raj
Nie raj
Może to nie raj, ale to nie raj
Nie raj macht frei
Słyszę
Też słyszysz?

Serce mnie bije
Dusza (za)pije
Żyję
Serce mnie bije
Dusza (za)pije
Żyję
Serce mnie bije
Dusza (za)pije
Żyję
Serce mnie bije
Dusza (za)pije
Żyję

Niech żyje!

Delikatny to twór, ten wór"
"lyrics-000685","Just a young gun with a quick fuse
I was uptight, wanna let loose
I was dreaming of bigger things and
Wanna leave my own life behind
Not a ""Yes sir"", not a follower
Fit the box, fit the mold
Have a seat in the foyer, take a number
I was lightning before the thunder

Thunder, thunder
Thunder, thun-, thunder
Thun-thun-thunder, thunder
Thunder, thunder, thun-, thunder
Thun-thun-thunder, thunder

Thunder, feel the thunder
Lightning and the thunder
Thunder, feel the thunder
Lightning and the thunder
Thunder, thunder
Thunder

Kids were laughing in my classes
While I was scheming for the masses
Who do you think you are?
Dreaming 'bout being a big star
They say, ""You're basic"", they say, ""You're easy""
You're always riding in the backseat
Now I'm smiling from the stage while
You were clapping in the nosebleeds

Thunder, thunder, thun-
Thunder, thun-thun-thunder
Thunder, thunder
Thunder, thun-, thunder
Thun-thun-thunder, thunder

Thunder, feel the thunder
Lightning and the thunder
Thunder, feel the thunder
Lightning and the thunder
Thunder

Thunder, feel the thunder
Lightning and the thunder, thunder
Thunder, feel the thunder
Lightning and the thunder, thunder
Thunder, feel the thunder
Lightning and the thunder, thunder

Thunder, feel the thunder (never give up, never give up)
Lightning and the thunder, thunder (never give up, never give up)
Thunder, feel the thunder (never give up, never give up)
Lightning and the thunder, thunder (never give up)

Thunder, thunder, thun-
Thunder, thun-thun-thunder, thunder
Thunder, thunder, thun-
Thunder, thun-thun-thunder, thunder
Thunder, thunder, thun-
Thunder, thun-thun-thunder, thunder
Thunder, thunder, thun-, thunder
Thun-thun-thunder, thunder"
"lyrics-000686","Aklıma biri gelecekse, elim hep sana gidiyor
Bindiğimiz vapurlar, seferlerine devam ediyor
On geçeler, on kalalar
Sevmedin mi beni
Hoşçakal kadar

Hangi eczanede kahvaltı
Bir sabah seni unutturacak?
Ah, manzaralı mezara döndük
Sen ve ben fotoğraflara çıkıyorduk
Herkesle tanışamam artık
Günler gece gücüme gidiyor
Ettiğimiz danslar, sessiz kavgalar
Nerede, nerede, onlar da kaybolamaz
Yattığımız yataklar yavrum
Battığımız bataklar
Onlar da ikimizindi
Hoşçakal kadar

(Karşınızda KOFU)

Aklımda görkemli bir anahtarlık
Açılan hiçbir kapı yok
Üstümde yorganlar ve uçuşan halılar
Arkamda devrik bir krallık
Geride kaldı rujların tadı
Günaydın Serap nerede uyandın
Sen uykumuzu alıp götüreli beri
Çöllerin ortasında güneşlere boyandım
Aklımda görkemli bir anahtarlık
Açılan hiçbir kapı yok
Üstümde yorganlar ve uçuşan halılar
Arkamda devrik bir krallık
Geride kaldı rujların tadı
Günaydın Serap, nerede uyandın
Sen uykumuzu alıp götüreli beri
(Yüzlere bakıyorum,dinliyorum)
(Bi gece ben yokmuşumda korkmuşun)
(Eve dönünce boynuma sarılışın)
(Güvendiğim tek şey sensin)
(Ve kapının kilidi)

Sevmedin mi beni
Hoşçakal Kadar
Sevmedin mi beni
Hoşçakal Kadar
(Büyük Ev Ablukada Ve Korhan Futacı)
(Hoşçakal)"
"lyrics-000687","Try and step into my life
Step into a life where you hold
Nothing but your fire
Try to sooth a face, my face
Unfazed by wicked shame
No shoulders ache from blame
Just incandescent rage

I'm looking for the fight
Desperation bites
Suckered by no fantasy

It's what you do for love
No I don't understand
What you do for love
No I can't understand
What you do for love

Try and see another side
See yourself in her
In him, in them
You'd scream for rights
In your hands you hold the tools
To crush this vicious tide
With callouses like hide
Resistance detonates inside

We're looking for the fight
Waking up dead minds
Suckered by reality

It's what you do for love
No I don't understand
What you do for love
No I can't understand
What you do for love
No I can't understand
What you do for love

Love
Comically abused
Cliches overused
Do anything to prove
It's what you do for love

It's what you do for love
And I can't understand
What you do for love
No I can't understand
What you do for love
No I don't understand
What you do for love
No I can't understand
What you do for love"
"lyrics-000688","Stories, pour out your mouth
Bitter, trying to prove something
Believe me, there's no one to impress here
And your eyes bear the mark of shame
I'm questioning why i came

You're acting like a fool
Demanding respect
You're being a tool
With your cigarette
You're nothing but wild
Lost in yourself

Attention, why do you seek it
Redemption, taking over your eyes
Believe me, there's nothing for you here
A grown man missing his mother
Did you get smothered?

You're acting like a fool
Demanding respect
You're being a tool
With your cigarette
You're nothing but wild
Lost in yourself"
"lyrics-000689","I slowly take the picture with you
You share and say you love me too
What a poetry we've found
Sharing space without a sound

This land is my land
From Ventura to Vancouver
I feel so close to you
Are you sure you love me too?

I'm looking for a purpose
That doesn't take too long
Grab the things I see before me
Brands you know and love

I forge in you vision
This time I'm sure it's the one
I complete the revision
Just in time for summer fun"
"lyrics-000690","Strawberries, cherries and an angel's kiss in spring
My summer wine is really made from all these things
I walked in town on silver spurs that jingled to
A song that I had only sang to just a few
She saw my silver spurs and said let's pass some time
And I will give to you summer wine
Oh, oh summer wine
Strawberries, cherries and an angel's kiss in spring
My summer wine is really made from all these things
Take off your silver spurs and help me pass the time
And I will give to you summer wine
Oh, oh summer wine
My eyes grew heavy and my lips they could not speak
I tried to get up but I couldn't find my feet
She reassured me with an unfamiliar line
And then she gave to me more summer wine
Oh, oh summer wine
Strawberries cherries and an angel's kiss in spring
My summer wine is really made from all these things
Take off your silver spurs and help me pass the time
And I will give to you summer wine
Mmm-mm summer wine
When I woke up the sun was shining in my eyes
My silver spurs were gone, my head felt twice its size
She took my silver spurs, a dollar and a dime
And left me cravin' for more summer wine
Oh, oh summer wine
Strawberries, cherries and an angel's kiss in spring
My summer wine is really made from all these things
Take off your silver spurs and help me pass the time
And I will give to you my summer wine"
"lyrics-000691","Strawberries, cherries and an angel's kiss in spring
My summer wine is really made from all these things

I walked in town on silver spurs that jingled to
A song that I had only sang to just a few
She saw my silver spurs and said, ""Let's pass some time
And I will give to you summer wine""
Oh-oh, summer wine

Strawberries, cherries and an angel's kiss in spring
My summer wine is really made from all these things
Take off your silver spurs and help me pass the time
And I will give to you summer wine
Oh, summer wine

My eyes grew heavy and my lips they could not speak
I tried to get up but I couldn't find my feet
She reassured me with an unfamiliar line
And then she gave to me more summer wine
Oh-oh, summer wine

Strawberries cherries and an angel's kiss in spring
My summer wine is really made from all these things
Take off your silver spurs and help me pass the time
And I will give to you summer wine
Mmm-mm, summer wine

When I woke up the sun was shining in my eyes
My silver spurs were gone, my head felt twice its size
She took my silver spurs, a dollar and a dime
And left me cravin' for more summer wine
Oh-oh, summer wine

Strawberries, cherries and an angel's kiss in spring
My summer wine is really made from all these things
Take off your silver spurs and help me pass the time
And I will give to you summer wine
Oh-oh, summer wine"
"lyrics-000692","Are you facing in the right direction?
Are you facing in the right direction?
Are you facing in the right direction?
Are you facing in the right direction?
Are you facing in the right
Are you facing in the right
Are you facing in the right direction?
Are you facing in the right
Are you facing in the right
Are you facing in the right direction?

Are you facing in the right direction?
Can you catch the eyes of your reflection?
What I want to say is, past the expression
But it is of your love and your affection

Your affection
Your affection
Your affection
Your affection
Can you catch the eyes of your reflection? (Your affection)
Can you catch the eyes of your reflection? (Your affection)
Can you catch the eyes of your reflection? (Your affection)
Can you catch the eyes of your reflection? (Your affection)

Are you facing in the right
Are you facing in the right
Are you facing in the right direction?
Are you facing in the right direction?
Can you catch the eyes of your reflection?
Are you facing in the right
Are you facing in the right
Are you facing in the right direction?
Are you facing in the right
Are you facing in the right
Are you facing in the right direction?"
"lyrics-000693","My love, he holds my hand everywhere I go
Not mad 'cause where I'm going, I don't know
Nothing greater than our love
Isn't it lovely that he is all I'm thinking of

Sweet lie, you're mine
Truth hides in your eyes
No one calls me anymore
He's keeping me on his side of the door

Did I hurt you, baby?
Did I do something wrong?
A lie is just a lie
When you are so far gone

Did I hurt you, baby?
Did you feel left alone?
A lie is just a lie
When you are so far gone

My love, he stroke my hair and then struck me down
Romantic rose colored glasses shattered on the ground
No one calls me anymore
To pick up the pieces off the bedroom floor

Sweet lie, black eyes
Clear signs but I'm blind
No one calls me anymore
He's keeping me on his side of the door

Did I hurt you baby?
Did I do something wrong?
A lie is just a lie
When you are so far gone

Did I hurt you baby?
Did you feel left alone?
A lie is just a lie
When you are so far gone

If I leave, will it rip your thoughts apart?
Will I end up with more than a broken heart?

Did I hurt you baby?
Did I do something wrong?
A lie is just a lie
When you are so far gone

Did I hurt you baby?
Did you feel left alone?
A lie is just a lie
When you are so far gone
Did I hurt you baby?

Did I hurt you baby?
Did I do something wrong?
A lie is just a lie
When you are so far gone"
"lyrics-000694","When boy when boy when
You're gonna get your shit together
You're gonna ride through stormy weather
So you'll take it all back now

When boy when boy when
You're gonna get your shit together
You're gonna ride through stormy weather
So you'll take it all back now

When boy when boy when
You're gonna get your shit together
You're gonna ride through stormy weather
So you'll take it all back now

When boy when boy when
When boy when boy when

Nobody's perfect
It's haunting your dreams
You wake up at night
It's not how it seems
Your body can't move but your eyes are wide open
Body can't move but your eyes are wide open

Nobody's perfect
It's haunting your dreams
You wake up at night
It's not how it seems
Your body can't move but your eyes are wide open
Body can't move but your eyes are wide open

Nobody's perfect
It's haunting your dreams
You wake up at night
It's not how it seems
Your body can't move but your eyes are wide open
Body can't move but your eyes are wide open
But it's not how it seems

When boy when boy when
You're gonna get your shit together
You're gonna ride through stormy weather
So take it all back now
When boy when boy when
When boy when boy when

Nobody's perfect
It's haunting your dreams
You wake up at night
It's not how it seems
Your body can't move but your eyes are wide open
Body can't move but your eyes are wide open

Nobody's perfect
It's haunting your dreams
You wake up at night
It's not how it seems
Your body can't move but your eyes are wide open
Body can't move but your eyes are wide open

Nobody's perfect
But It's haunting your dreams
Oh You wake up at night
But it's not how it seems

Well, nobody's perfect (When boy when boy when)
But It's haunting your dreams
Oh You wake up at night (When boy when boy when)
But it's not how it seems

When boy when boy when
When boy when boy when
When boy when boy when
When boy when boy when"
"lyrics-000695","Des fraises, des cerises, un baiser d'ange au printemps
Mon vin d'été a toutes ses saveurs en même temps
I walked in town on silver spurs that jingled to
A song that I had only sang to just a few
She saw my silver spurs and said lets pass some time
And I will give to you summer wine
Oh oh summer wine
Des fraises, des cerises, un baiser d'ange au printemps
Mon vin d'été a toutes ces saveurs en même temps
Enlève tes éperons, fais-moi tout oublier
Et je te donnerai du vin d'été
Mm mm vin d'été
My eyes grew heavy and my lips they could not speak
I tried to get up but I could not find my feet
She reassured me with an unfamiliar line
And then she gave to me more summer wine
Mm mm summer wine
Des fraises, des cerises, un baiser d'ange au printemps
Mon vin d'été a toutes ces saveurs en même temps
Enlève tes éperons, fais-moi tout oublier
Et je te donnerai du vin d'été
Mm mm vin d'été
When I woke up the sun was shining in my eyes
My silver spurs were gone my head felt twice its size
She took my silver spurs, a dollar and a dime
And left me cravin' for more summer wine
Mm mm summer wine
Des fraises, des cerises, un baiser d'ange au printemps
Mon vin d'été a toutes ces saveurs en même temps
Enlève tes éperons, fais-moi tout oublier
Et je te donnerai du vin d'été
Mm mm vin d'été
Mm mm vin d'été
Mm mm vin d'été"
"lyrics-000696","Down by the river by the boat
Where everybody goes to be alone
Where you won't see any rising sun
Down to the river we will run

When by the water we drink to the dregs
Look at the stones on the riverbed
I can tell from your eyes
You've never been by the riverside

Down by the water, the riverbed
Somebody calls you, somebody says
""Swim with the current and float away""
Down by the river everyday

Oh my God
I see how everything is torn in the river deep
And I don't know why I go the way
Down by the riverside

When that old river runs past your eyes
To wash off the dirt on the riverside
Go to the water so very near
The river will be your eyes and ears

I walk to the borders on my own
Fall in the water just like a stone
Chilled to the marrow in them bones
Why do I go here all alone?

Oh my God
I see how everything is torn in the river deep
And I don't know why I go the way
Down by the riverside

Oh my God
I see how everything is torn in the river deep
And I don't know why I go the way
Down by the riverside

Oh, oh, I
Oh, oh, I
Oh, oh, I
Down by the riverside
Down by the riverside"
"lyrics-000697","Gründlich durchgecheckt
Steht sie da
Und wartet auf den Start
Alles klar
Experten streiten sich
Um ein paar Daten
Die Crew hat da noch
Ein paar Fragen, doch
Der Countdown läuft
Effektivität
Bestimmt das Handeln
Man verlässt sich blind
Auf den andern
Jeder weiß genau
Was von ihm abhängt
Jeder ist im Stress
Doch Major Tom
Macht einen Scherz
Dann hebt er ab und!
Völlig losgelöst
Von der Erde
Schwebt das Raumschiff
Völlig schwerelos
Die Erdanziehungskraft
Ist überwunden
Alles läuft perfekt
Schon seit Stunden
Wissenschaftliche
Experimente
Doch was nützen die
Am Ende
Denkt sich Major Tom
Im Kontrollzentrum
Da wird man panisch
Der Kurs der Kapsel der
Stimmt ja gar nicht
Hallo Major Tom
Können Sie hören
Wollen Sie das Projekt
Denn so zerstören?
Doch, er kann nichts hören
Er schwebt weiter
Völlig losgelöst
Von der Erde
Schwebt das Raumschiff
Völlig schwerelos
Die Erde schimmert blau
Sein letzter Funk kommt
Grüßt mir meine Frau!
Und er verstummt
Unten trauern noch
Die Egoisten
Major Tom denkt sich
Wenn die wüssten
Mich führt hier ein Licht
Durch das All
Das kennt ihr noch nicht
Ich komme bald
Mir wird kalt
Völlig losgelöst
Von der Erde
Schwebt das Raumschiff
Schwerelos
Völlig losgelöst
Von der Erde
Schwebt das Raumschiff
Schwerelos
Völlig losgelöst
Von der Erde
Schwebt das Raumschiff
Völlig schwerelo-o-o-o-s
Lo-o-o-o-s
Lo-o-o-o-s
Lo-o-o-o-s
Lo-o-o-o-s"
"lyrics-000698","It takes ten years just to get
Your stinking leg up
Then five more to make it
Not look like shit

Soviet children form a crowd
Sized and tested who will be a star
Hero of passion, of whom they'll say
She took her final breath in grand plié

Oh, my mother
Russian ballerina
You were a swan, but now you're swimming in the Caribbean

Oh, my mother
Russian ballerina
Nobody knows how you can live without the love of your life

Everybody's asking me
Where is Mary?
I don't see her at the theater
Or the parties

That's right, because she's carving bamboo
Far from the artistic milieu
Never thought she'd live without
Allegiance to a life of art

Oh, my mother
Russian ballerina
You were a swan, but now you're swimming in the Caribbean

Oh, my mother
Russian ballerina
Nobody knows how you can live without the love of your life

La la la, la la la la la
La la la, la la la la la
La la la, la la la la la
La la la, la la la la la

Life changes
One day it's eggshells and bread
Married to an intellect
The next you drive a Corvette

Things change
You live your life for the stage
'Til your kidney floats away
Throw in a car accident

A time for art, a time for living
Sometimes the two can be conflicting
And mama I'll meet you at Caribana
Together we're the highest form of art

Oh, my mother
Russian ballerina
You were a swan, but now you're swimming in the Caribbean

Oh, my mother
Russian ballerina
Nobody knows how you can live without the love of your life

Oh, my mother
Russian ballerina
Too bad, your pirouettes now look almost as bad as mine

Oh, my mother
Russian ballerina
Who needs that bullshit, we can drink at the casino all night

(Everybody now)
La la la, la la la la la
La la la, la la la la la
La la la, la la la la la
La la la, la la la la la
La la la, la la la la la
La la la..."
"lyrics-000699","Groups, causes, passions, flames

She told us about an offense
It was creepy and so intense
He said me too
Now we were the only ones who knew
It didn't change her view
She's saying let's get the guys
All her values slowly dies
Groups, causes, passions, flames
but the moment we start to demonize
It's the moment we start to demonize

Be careful, do not offend
Do not provoke
But do remember that I have this right
Because I have been offended
I have this right, I have this right
Because I have been offended
The rules have been amended
I have this right, I have this right

Groups, causes, passions, flames

They defended themselves and others
Everything it takes for their mothers
The other values went up in flames
Only hatred is what remains
the troop lost its aims
They're saying let's get the guys
All their values slowly dies
Groups, causes, passions, flames
but the moment we start to demonize
It's the moment we start to demonize

Be careful, do not offend
Do not provoke
But do remember that I have this right
Because I have been offended
I have this right, I have this right
Because I have been offended
The rules have been amended
I have this right, I have this right

Groups, causes, passions, flames
but the moment we start to demonize
It's the moment we start to demonize
Groups, causes, passions, flames
but it's the moment we start to demonize
It's the moment we start to demonize
Groups, causes, passions, flames"
"lyrics-000700","Kiedy umrę kochanie
Gdy się ze słońcem rozstanę
I będę długim przedmiotem smutnym

Czy mnie wtedy przygarniesz
Ramionami ogarniesz
Naprawisz co popsuł los okrutny

Często myślę o tobie
Często piszę do Ciebie
Głupie listy w nich miłość
Głupie listy w nich uśmiech

Często myślę o tobie
Często piszę do Ciebie
Głupie listy w nich miłość
Głupie listy w nich uśmiech

Potem w piecu je chowam
Płomień skacze po słowach
Nim spokojnie w popiele nie uśnie

Patrząc w płomień kochanie
Myślę co też się stanie
Z moim sercem miłości głodnym

A Ty nie pozwól przecież
Żebym umarł w świecie
Który ciemny jest który
Ciemny jest i chłodny

A Ty nie pozwól przecież
Żebym umarł w świecie
Który ciemny jest który
Ciemny jest i chłodny

Kiedy umrę kochanie
Gdy się ze słońcem rozstanę
I będę długim przedmiotem smutnym

Czy mnie wtedy przygarniesz
Ramionami ogarniesz
Naprawisz co popsuł los okrutny

Często myślę o tobie
Często piszę do Ciebie
Głupie listy w nich miłość
Głupie listy w nich uśmiech

A Ty nie pozwól przecież
Żebym umarł w świecie
Który ciemny jest który
Ciemny jest i chłodny"
"lyrics-000701","Willow, where are you hiding now?
Willow, where are you hiding now?

In the dappled light, deep in the trees
The spiders and the centipedes
Crawl across your hands, across your knees

Willow, do you walk across the sand?
Willow, do the waves crash and fall?

And their fingers tickle at your feet
And pull a little as they retreat
Do you feel the rushing forward
Though you're standing still?

Willow, are we rushing forward, are we standing still?
Willow, are we rushing forward, are we standing still?

Willow, do you crouch among the rooftops?
Willow, listening to the city wheezing?
And your dreams, they stretch beyond the clouds
And past the moon, into the stars
Do you feel the rushing forward
Though you're standing still?

Willow, are we rushing forward, are we standing still?
Willow, does this love hold a destination?
Willow, do you feel the wind run through your hair?
Willow, do you feel the sun upon your back?
A lover's hand?
A breath
An abyss"
"lyrics-000702","Jedyne co mam, to złudzenia
Że mogę mieć własne pragnienia
Jedyne co mam, to złudzenia
Że mogę je mieć
Jedyne co mam, to złudzenia
Że mogę mieć własne pragnienia
Jedyne co mam, to złudzenia
Że mogę je mieć

Miałam siebie na własność
Ktoś zabrał mi prywatność
Co mam zrobić bez siebie, jak żyć?
Bez siebie, jak żyć?
Miałam słowa własne
Ktoś stwierdził, że zbyt ciasne
Co mam zrobić bez słów, jak żyć?
Bez słów, jak żyć?

Jedyne co mam, to złudzenia
Że mogę mieć własne pragnienia
Jedyne co mam, to złudzenia
Że mogę je mieć
Jedyne co mam, to złudzenia
Że mogę mieć własne pragnienia
Jedyne co mam, to złudzenia
Że mogę je mieć

Miałam serce dla wszystkich
Ktoś klucz do niego obmyślił
Co mam zrobić? Bez serca jak żyć?
Bez serca jak żyć?
Miałam myśli spokojne
Lecz ktoś wywołał w nich wojnę
Co mam zrobić teraz, jak żyć?
Jak teraz żyć?

Jedyne co mam, to złudzenia
Że mogę mieć własne pragnienia
Jedyne co mam, to złudzenia
Że mogę je mieć
Jedyne co mam, to złudzenia
Że mogę mieć własne pragnienia
Jedyne co mam, to złudzenia
Że mogę je mieć
Jedyne co mam, to złudzenia
Że mogę mieć własne pragnienia
Jedyne co mam, to złudzenia
Że mogę je mieć"
"lyrics-000703","Poruszam nogą, ruszam ręką
To jest chyba pierwszy krok
Wolno poruszam się do przodu
Idę prosto, skręcam w bok

Myślałem, że mnie tutaj nie ma
Że już opuściłem kraj
Jednak powstałem, idę dalej
Mijam piekło, mijam raj

Więc dokąd, dokąd ta wędrówka?
Posmutniał król i zadął w róg ""łu-hu!""
Przeciwnik straszy, pielgrzym idzie
A pyta zawsze Bóg
Jeszcze raz

Mijam królestwa tego świata
Mijam miasta, krwawy tron
Mijam haremy, mijam dżungle
Cesarzy i ich zgon

Więc dokąd, dokąd ta wędrówka?
Posmutniał król i zadął w róg ""łu-hu!""
Przeciwnik straszy, pielgrzym idzie
A pyta zawsze Bóg
Więc dokąd, dokąd ta wędrówka?
Posmutniał król i zadął w róg ""łu-hu!""
Przeciwnik straszy, pielgrzym idzie
A pyta zawsze Bóg

Więc dokąd, dokąd ta wędrówka?
Posmutniał król i zadął w róg ""łu-hu!""
Przeciwnik straszy, pielgrzym idzie
A pyta zawsze Bóg
Więc dokąd, dokąd ta wędrówka?
Posmutniał król i zadął w róg ""łu-hu!""
Przeciwnik straszy, pielgrzym idzie
A pyta zawsze..."
"lyrics-000704","And now you press the first spot on the card
That stands for an organ in your body
And you imagine this organ
In the middle of this waterfall
Washed and cleaned by its amazing energy
And now you press the first spot on the card
That stands for an organ in your body
And you imagine this organ
In the middle of this waterfall
Washed and cleaned by its amazing energy

Cure, cure, cure, cure, cure, cure
Yea, yea, yea, yea
Cure, cure, cure, cure, cure, cure
Yea, yea, yea, yea

And now you press the second spot on the card
That stands for a situation in your life
And you imagine this situation
In the middle of this waterfall
Washed and cleaned by its amazing energy
And now you press the second spot on the card
That stands for a situation in your life
And you imagine this situation
In the middle of this waterfall
Washed and cleaned by its amazing energy

Cure, cure, cure, cure, cure, cure
Yea, yea, yea, yea
Cure, cure, cure, cure, cure, cure
Yea, yea, yea, yea

You're pressing my cure card
I'm pressing my cure card
You're pressing my cure card
I'm pressing my cure card

And now you press the third spot on the card
That stands for a person in your life
And you imagine this person
In the middle of this waterfall
Washed and cleaned by its amazing energy
And now you press the third spot on the card
That stands for a person in your life
And you imagine this person
In the middle of this waterfall
Washed and cleaned by its amazing energy

Cure, cure, cure
Cure, cure, cure

And now you press the fourth spot on the card
That stands for whatever you want
And you imagine this whatever you want
In the middle of this waterfall
Washed and cleaned by its amazing energy
And now you press the fourth spot on the card
That stands for whatever you want
And you imagine this whatever you want
In the middle of this waterfall
Washed and cleaned by its amazing energy

Cure, cure, cure
Cure, cure, cure

You're pressing my cure card
I'm pressing my cure card
You're pressing my cure card
I'm pressing my cure card
I'm pressing my"
"lyrics-000705","Lover take it as a sign
You're younger but I've got the time

I can never let you
You know that I can never be
You know that I can never let you fall in love with me

You push yourself a way down my heart
Right past the hound and the guard

The man you think I am is not the man that I'd ever be

So I can never let you
You know that I can never be
You know that I can never let you fall in love with me

I can never let you
You know that I can never be
You know that I can never let you fall in love with me

Would you come with me?
Keep me company?
Would you comfort me?

Would you come with me?
Keep me company?
Would come for me?

You think I'm too stupid to win this race
But my self-deception moves at an underestimated pace

The man you think I am is not the man that I'd ever be

So i can never let you
You know that I can never be
You know that I can never let you fall in love with me

I can never let you
You know that i can never be
You know that i can never let you fall in love with me

Would you come with me?
Keep me company?
Would you comfort me?

Would you come with me?
Keep me company?
Baby come for me

I can never let you
You know that I can never be
You know that I can never let you fall in love with me

I can never let you
You know that I can never be
You know that I can never let you fall in love with me

I can never let you
You know that I can never be
You know that I can never let you fall in love with me

I can never let you
You know that I can never be
You know that I can never let you fall in love with me

I can never let you
You know that I can never be
You know that I can never let you fall in love with me

I can never let you
You know that I can never be
You know that I can never let you fall in love with me"
"lyrics-000706","If you get the fever down in your heart
I'm sure that fever is gonna be hitting you hard, uh
You say it makes you feel you're alive
You call your father the moment that fever arrives, uh
It comes easy to, comes easy to you
Just like I do, too
Ooh
Ooh
You say your money means nothing to you, uh
But to be honest, your money was all that I knew
Great, another rich kid topping the charts
But then I heard it and it hit the soft spot in my heart
'Cause it comes easy to, comes easy to you
Just like I do, too, yeah
Ooh
Ooh
Ooh
Ooh
Ooh
Ooh
Ooh
Ooh
(No more rushing)
(No more rushing)
(No more rushing)
(No more rushing)
I get the fever (no more rushing)
Every time you cross my mind (no more rushing)
I get the fever (no more rushing)
Every time you cross my mind (no more rushing)
I get the fever (no more rushing)
Every time you cross my mind (no more rushing)
I get the fever (no more rushing)
Every time you cross my mind (no more rushing)
I get the fever every time you cross my mind
I get the fever every time you cross my mind
I get the fever every time you cross my mind (ooh)
I get the fever every time you cross my mind (ooh)
I get the fever every time you cross my mind (ooh)
I get the fever every time you cross my mind (ooh)"
"lyrics-000707","Will you let me in
Or take it away?
Let me choose you again
Tomorrow is a night away

If love's looking down
On all that we do
We're a provocative pair
Me and you

Love's a stranger
Until I see you again
Love's a stranger
Until I see you again
And we want to know how far that it can bend
We just want to know how far that it can bend

They say it's naive
How we're passing by
Trying to look
The entire world right in the eye

If angels decide
Will they let us be?
'Cause we're provocative, babe
You and me

Love's a stranger
Until I see you again
Love's a stranger
Until I see you again
And we want to know how far that it can bend
We just want to know how far that it can bend

Yeah, it's so hard to possess
It's a beautiful mess
Time after time
It's so hard to possess
It's a beautiful mess
Time after time

Oh, girl you're so hard to possess
But such a beautiful mess
Time after time
Oh, so hard to possess
We're a beautiful mess
Time after time
Now you sing it, girl

Love's a stranger
Until I see you again
Love's a stranger
Until I see you again
We want to know how far that it can bend
We want to know how far that it can bend

Love's a stranger
Until I see you again
Love's a stranger
Until I see you again
We just want to know how far that it can bend
We want to know how far that it can bend"
"lyrics-000708","Hmm, yeah
Do, do, do, do, do, do, do, do, do
Do, do, do, do, do, do, do
Do, do, do, do, do, do, do, do, do
Do, do, do, do, do, do, do
Tonight I want to give it all to you
In the darkness
There's so much I want to do
And tonight I want to lay it at your feet
'Cause girl, I was made for you
And girl, you were made for me
""I was made for lovin' you baby""
You were made for lovin' me
And I can't get enough of you baby
Can you get enough of me

Tonight I want to see it in your eyes
Feel the magic
There's something that drives me wild
And tonight we're gonna make it all come true
'Cause girl, you were made for me
And girl I was made for you

I was made for lovin' you baby
You were made for lovin' me
And I can't get enough of you baby
Can you get enough of me

I was made for lovin' you baby
You were made for lovin' me
And I can give it all to you baby
Can you give it all to me

Oh, can't get enough, oh, oh
I can't get enough, oh, oh
I can't get enough
Yeah, ha

Do, do, do, do, do, do, do, do, do
Do, do, do, do, do, do, do
Do, do, do, do, do, do, do, do, do
Do, do, do, do, do, do, do

I was made for lovin' you baby
You were made for lovin' me
And I can't get enough of you baby
Can you get enough of me

Oh, I was made, you were made
I can't get enough
No, I can't get enough

I was made for lovin' you baby
You were made for lovin' me
And I can't get enough of you baby
Can you get enough of me

I was made for lovin' you baby
You were made for lovin' me"
"lyrics-000709","oh you little boy, you little piece of joy, and you pretty girl,
you little wonderful world of loving,
why you're crying now ooh oooh oooh I know,
I know ooh oooh oooh I know,
I know you crying for the blood of those you love you crying now
because your world is gone and Im trying now to prove you're wrong
cos the only place of love,
the only real source of love is in your little wounded heart your
little wounded heart but i know that you wont listen and theres no
one that you believe in cos all you
pain is real and makes you want to kill.
and just feel that you wont make it you little lives i see them taken
cos already the gun is in your hands, the gun is in your hands,
the gun is in tour hands lalalalalala, lalalalalalala lalalalalala"
"lyrics-000710","I wasn't jealous before we met
Now every woman I see is a potential threat
And I'm possessive, it isn't nice
You've heard me saying that smoking was my only vice

But now it isn't true
Now everything is new
And all I've learned
Has overturned
I beg of you...

Don't go wasting your emotion
Lay all your love on me

It was like shooting a sitting duck
A little small talk, a smile, and, baby, I was stuck
I still don't know what you've done with me
A grown-up woman should never fall so easily

I feel a kind of fear
When I don't have you near
Unsatisfied
I skip my pride
I beg you, dear...

Don't go wasting your emotion
Lay all your love on me
Don't go sharing your devotion
Lay all your love on me

I've had a few little love affairs
They didn't last very long and they've been pretty scarce
I used to think that was sensible
It makes the truth even more incomprehensible

'Cause everything is new
And everything is you
And all I've learned
Has overturned
What can I do?

Don't go wasting your emotion
Lay all your love on me
Don't go sharing your devotion
Lay all your love on me

Don't go wasting your emotion
Lay all your love on me
Don't go sharing your devotion
Lay all your love on me

Don't go wasting your emotion
Lay all your love on me"
"lyrics-000711","It wasn't quite the curse of Tutankhamen
Or the kiss of death from Judas in the night
And it felt so far beyond the blue horizon
Tempting me with transports of delight
And then the devil took my hand and said
Come along with me

There I was, wide awake and dreaming
Reaching out for something in the sky
But I could not control that trembling feeling
Everything I want is slipping by
And then the devil took my hand and said
Something you should see

I never knew what happened to my nightmare
Everything went dark that August day
And the eclipse was on the other side of somewhere
But I was on the upside of afraid
And then an angel took my hand and said
Come along with me"
"lyrics-000712","Better wake up
I'd better shake up my head
I must be dreaming
Or maybe I'm losing my thread
And it's confusing
How every truth goes unsaid
I need a bright light
But I got a fright-night instead
I could bale out

Yeah I could sail out this place
Or I could fold up
I could be holed up in space
Be a pretender

I would surrender
With grace
I could be hiding
But I'd rather laugh
In their face
Ho ho!
Yeah, yeah, yeah
Ha ha!

Can you stand up
And putting your hand up
Be brave?
Making your mind up
Will you be free or a slave?
And all together

We are a true seventh wave
Ho ho! Yeah, yeah, yeah, ha ha!
I will be moving mountains
I will be making waves
Lighting a fire, building it higher

Hey hey hey!
I am a revolution
I am a ricochet
Don't make a sound
I'm underground

Hey hey hey!
Ho ho!
Yeah, yeah, yeah
Ha ha!"
"lyrics-000713","1, 2, 3, 4

(Na na na na na na na na na)

And from my corner at the bus stop
I stare at you for way too long
You've got your headphones on, almost dancin'
How can I not lose my mind?
(And then I) I light a smoke, (And then I) I started choking
(And then you) You tried to hide your petty smile

(So I wounder) Are you water?
Arе you fire?
(I get a feeling) [?]
You're Capricorn, I'm Gemini
You've got your ways and I've got mine
But if I want you, it's gotta be
It's gotta be a bad sign
It's gotta be a bad sign

(I know you) You can glow
Be uncontrolled
But now your eyes, your pretty eyes are cold
(Late at night) In my room, (I can't sleep) [?] at the moon
(So tired) Tired of livin' in a one-man tune

(So I wounder) Are you water?
(Or) Arе you fire?
(I get a feeling) We're gonna burn
You'rе Capricorn, I'm Gemini
You've got your ways and I've got mine
But if I want you, it's gotta be
It's gotta be a bad sign
You're Capricorn, I'm Gemini
You've got your ways and I've got mine
But if you want me, it's gotta be
It's gotta be a bad sign

(Na na na na na na na na na a bad sign)
(Na na na na na na na na na a bad sign)
(Na na na na na na na na na a bad sign)
(Na na na na na na na na na a bad sign)

(1, 2, 3, 4) You're Capricorn, I'm Gemini
You've got your ways and I've got mine
But if I want you, it's gotta be
It's gotta be a bad sign
You're Capricorn, I'm Gemini
You've got your ways and I've got mine
'Cause if you want me, it's gotta mean
You called me at a bad time
It's gotta be a bad sign
Oh, it's gotta be a bad sign"
"lyrics-000714","Why must you shed such tender tears
In the evening of your years
No other love could stem the tide
Of the loneliness I hide
Open your heart and let me live

All the promises I could give
The sun and moon and all the stars
They bow down to you whenever you pass
In a world of fading sadness
An emerald ring, a photograph

That look in your eyes the brush of your cheek
These are the moments in life that I seek
No reason or rhyme, no presence of mind
Just a dance to the music of time

Why must you shed such tender tears
In the evening of your years
No other love could stem the tide
Of the loneliness I hide
Inside out, upside down

Obscured by clouds, or underground
The sun and moon and all the stars
They bow down to you whenever you pass
Wherever you are, whenever you..."
"lyrics-000715","I try to keep from you
What you don't need to know
Though the story's yours
And yours alone
Everytime you need to hear I need you so

I can feel your heart break
Well before it will
I'll follow all it's smithereens
And I'll fit them in
Let it be the glitter when you face a storm
Let it be the glitter when you face a storm

Come out to find me
Where the dots align see
Sense will bind us two
I'd do anything for you

Please, please, please I can live error
I've crossed the sea before, oh silver waves
You know I'll always keep you safe off shore
You know I'll always keep you safe off shore
Every time you need to hear I need you so
Every time you need to hear I need you so

Come out to find me
Where the dots align see
Sense will bind us two
I'd do anything for you
I'll never see you fooled

Please, please, please, I can live error
I've crossed the sea before, oh silver waves
Let it be the glitter when you face the storm
Let it be the glitter when you face the storm
Oh you know I'll always keep you safe off shore

Every time you need to hear I need you so
Come out to find me
Where the dots align see
Sense will bind us two
I'll never see you fooled
I'd do anyting for you"
"lyrics-000716","I'm on an exit out, no you won't see me this time
I'm in and out of love but you know I can find it
I'm gonna let you go, no you won't see me around
See I didn't want it then and I don't want it now

Ah it's a lost day, man, for the newborn seeker
See, I'm a natural kind and you won't find what you like
Now it's the last amen for the newborn seeker

Let me know you're real
Let me know you're real

I don't mess around, no you won't see me in time
It's a death-defying act, you won't believe
It's a lost day, man, for the newborn seeker

Let me know you're real
Let me know you're real

Ah it's a lost day, man, for the newborn seeker
Now it's the last amen for the newborn seeker"
"lyrics-000717","My body is a cage
That keeps me from dancing with the one I love
My mind holds the key

My body is a cage
That keeps me from dancing with the one I love
But my mind holds the key

I'm standing on a stage
Of fear and self doubt
It's a hollow play
But they'll clap anyway

My body is a cage
That keeps me from dancing with the one I love
My mind holds the key

My mind holds the key

My mind holds the key

I'm living in an age
That calls darkness light
Though my language is dead
Still the shapes fill my head

I'm living in an age
Whose name I don't know
Though the fear keeps me moving
Still my heart beats so slow

My body is a
Is a
Is a
Is a
Is a
Is a
Is a
Is a
Is a

My body is a cage

My body is a cage
Oh
Hey hii
My mind holds the key

My body is a cage
We take what we're given
Just because you've forgotten
Doesn't mean you're forgiven
I'm living in an age
That screams my name at night
But when I get to the doorway
There's no one in sight
I'm living in an age
I realize I'm dancing with the one I love
But my mind holds the key

You're standing next to me
My mind holds the key
Set my spirit free
Set my spirit free
Set my body free
Set my body free
Set my body free"
"lyrics-000718","To, tre, fire

Der er så meget at løb' fra
Til sidst ka' benene ik' følge med
Nogle dage er det kviksand
Andre dage er det bounty strand, og ja

Det' svært
Det er der så meget der er
Det' et liv på godt og ondt
Men det' vores kontrakt
Mellem det vi ved og alt vi gerne vil forstå
Er det noget værd, eller skal det bare overstås?

Og der findes ingen let vej
Der findes ingen egentlig sammenhæng
Så kan du sige at ""det troede jeg
Og det var bedre end at tro på ingenting for længe""

Det' svært
Det er der så meget der er
Men det' et liv på godt og ondt
Og det' vores kontrakt
Mellem det vi ved og alt vi gerne vil forstå
Om det er mere værd end papiret det er skrevet på?

Og os, hvad skal der blive af os?
Faret vild i den samme skov
Dit råb om mere
Er et kald, jeg ik' vil høre fra et andet sted
Kald det kaos, kald det løgn
Jeg kalder det kærlighed"
"lyrics-000719","Life threw away his ideals
Now he finds himself believing
Work from the dawn 'till the day
That his memory fades

So he said
""Boy, don't you slide down this river
There are a lot of things to say, but we don't
Tried my best to hide it
Oh no, there's no lying
Boy, don't you try to be good""

Love ran away
But his job stayed the same
Oh every day, hope made him stay
But it also made his dreams turn grey

So he said
""Boy, don't you slide down this river
There are a lot of things to say, but we don't
Tried my best to hide it
Oh no, there's no lying
Boy, don't you try to be good""

So he said
""Boy
Don't you be good
All of my emotions will never be understood""

Oh no no no no my boy
Don't you be good
All of my emotions will never be understood

So he said
""Boy, don't you slide down this river
There are a lot of things to say, but we don't
Tried my best to hide it
Oh no, there's no lying
Boy, don't you try to be

Boy, don't you try to be good
There are a lot of things to say, but we don't
Tried my best to hide it
Oh no, there's no lying
Boy, don't you try to be good"""
"lyrics-000720","I saw your face in a crowd
You always have to be around
Take your car and drive away
I never wanted you to stay
(I never wanted you to stay
I never wanted you to stay
I never wanted you to stay
I never wanted you to stay)

Son, it's alright
It's the matter of time
Just the matter of time
Son, don't you cry
It's the matter of time
Just the matter of time

I left your place, nothing to say
I want to live my own way
I throw my soul into the night
I never want to see the light
Streets are dark full of ghosts
Don't know where I am but I think I'm lost
I loose my mind, can't find a way
Remember what my dad used to say

Son, it's alright
It's the matter of time
Just the matter of time
Son, don't you cry
It's the matter of time
Just the matter of time"
"lyrics-000721","Siamo ospiti a casa delle madri
A casa dei miei figli
A casa degli uomini
O dei ricchi con le case e i salotti
Siamo ospiti da quando abbiamo pianto
Siamo ospiti vestiti da padri
Vestiti da amici
Vestiti da cani
Chiusi fuori casa in fila coi numeri
Siamo ospiti notturni che fanno l'amore

Ora conta fino a quanto puoi
Scapperò a nascondermi
Sarò invisibile
Ora resta fino a quando vuoi
Cercami dove sei
Nascosta e tremula

Siamo ospiti con gli occhi distratti
Con gli occhi distrutti
Dal fumo negli occhi
Ladri dentro casa che gridano immobili
Siamo ospiti notturni che fanno rumore

Ora conta fino a quanto puoi
Scapperò a nascondermi
Sarò invisibile
Ora resta fino a quando vuoi
Cercami dove sei
Nascosta e tremula

Uno vieni qui
Due non andare via
Tre stammi lontano
Quattro sono i nostri occhi
Cinque dita della mano per sfiorarti nella notte
Sei la morte mia
Sette le meraviglie

Uno vieni qui
Due non andare via
Tre stammi lontano
Quattro sono i nostri occhi
Cinque dita della mano per sfiorarti nella notte
Sei la morte mia
Sette le meraviglie

Uno vieni qui
Due non andare via
Tre stammi lontano
Quattro sono i nostri occhi
Cinque dita della mano per sfiorarti nella notte
Sei la morte mia
Sette le meraviglie del mondo"
"lyrics-000722","W słońcu drzewa mają kolor niebieski
A oczy świecą jak lustro
Niebo bez chmur, czysty błękit
Gwarno, gdzie zazwyczaj pusto
W słońcu kontury wyraźniejsze
Uśmiechy szerokie i szczere
Białe włosy powiewają na wietrze
Anioły czuwają jeszcze hej

Co się ze mną dzieje? - Powiedz mi
Co za demon we mnie drzemie? - Powiedz mi
Co się ze mną dzieje? - Powiedz mi
Co za demon we mnie drzemie?
Nie wiem, nie wiem, nie wiem

W słońcu widoki nabierają uroku
Dziewczęta zmysłowe i piękne
Ciepły szmer zakłóca spokój
Rozjaśnia tajemnicze wnętrze
W słońcu twarze pogodniejsze
A w duszy nadziei więcej
Świerszcza świst przeszywa powietrze
Anioły czuwają jeszcze hej

Co się ze mną dzieje? - Powiedz mi
Co za demon we mnie drzemie? - Powiedz mi
Co się ze mną dzieje? - Powiedz mi
Co za demon we mnie drzemie?
Nie wiem, nie wiem, nie wiem

W słońcu błyszczą kolory tęczy
A woda jak perła przejrzysta
Karuzela marzenia kręci
A ogień wypala kryształ
W słońcu serce uderza do głowy
Pulsuje w gorącym deszczu
Usta jak róża o smaku malinowym
Anioły czuwają jeszcze hej

Co się ze mną dzieje? - Powiedz mi
Co za demon we mnie drzemie? - Powiedz mi
Co się ze mną dzieje? - Powiedz mi
Co za demon we mnie drzemie?- Powiedz mi"
"lyrics-000723","Zrobiłaś mi nunu
Zrobiłaś mi nanananaj w głowie

Każą nam biec przed siebie
Po co?
Nikt nie wie, po to bit klepie
Żeby w sobo sobą zająć się
W prawo i w lewo
I w górę, i w dół
Pupą rusz

Poka jak u Ciebie tańczą
Tu nie ma błędów, każdy jak lubi
Poka jak u Ciebie tańczą
Posłuchaj bębnów, krok na co drugi
Poka jak u Ciebie tańczą
Poka jak u Ciebie tańczą
Poka jak u Ciebie tańczą

Офигетили таймер
Супер брат орёт и орёт
Люди сходят с ума
Чё за концерт!

Pokaż jak się rusza
Dancehall queen
A ja pokażę Ci
Jak to robi herszt bandy

Daj mi proszę tylko czas
A będę twoim królem parkietu
To mój drugi dom, a nie tor przeszkód
Do dzieła zabrajmy się tu

Zrobiłaś mi nunu
Zrobiłaś mi nanananaj w głowie

Poka jak u Ciebie tańczą
Tu nie ma błędów, każdy jak lubi
Poka jak u Ciebie tańczą
Posłuchaj bębnów, krok na co drugi
Poka jak u Ciebie tańczą
Poka jak u Ciebie tańczą
Poka jak u Ciebie tańczą

Poka jak u Ciebie tańczą
Tu nie ma błędów, każdy jak lubi
Poka jak u Ciebie tańczą
Posłuchaj bębnów, krok na co drugi
Poka jak u Ciebie tańczą
Poka jak u Ciebie tańczą
(Poka jak u Ciebie tańczą)"
"lyrics-000724","Wodzirej prowadzi nas w las
A my tańczymy na raz
W rękawiczkach i maskach, smutnym korowodzie
Oddaleni od siebie o metr
Tańczymy, tańczymy po kres
W dzikim korowodzie, opętanym pochodzie
Wodzirej prowadzi nas hen
Gdzie nie ma przyszłości jest cień
W ukłonach, w koronach, w smutnym korowodzie
Oddaleni od siebie o metr
Tańczymy, tańczymy po kres
W dzikim korowodzie, opętanym pochodzie
Kto pierwszy zgubi krok
Kto pierwszy powie stop
Kto przerwie dziki tan
Kto pierwszy powie drań
Kto pierwszy powie nie
A kto przeleje krew
Kto pierwszy powie nie
A kto przeleje krew
Wodzirej prowadzi na śmierć
A my tańczymy na pięć
W szpitalach i domach, smutnym korowodzie
Oddaleni od siebie o metr
Tańczymy, tańczymy po kres
W dzikim korowodzie, opętanym pochodzie
Kto pierwszy zgubi krok
Kto pierwszy powie stop
Kto przerwie dziki tan
Kto pierwszy powie drań
Kto pierwszy powie nie
A kto przeleje krew
Kto pierwszy powie nie
A kto przeleje krew"
"lyrics-000725","If I go out alone
See it all the time
People that I want to know
Throw them a dime
Put myself at risk
Put myself in danger
When I get hung up,
hung up on a stranger

I fall in love, so easily in love
I fall in love, so easily, so easily
It never stops,
it never gets me high enough
I fall in love, so easily in love

Maybe I'm a faker
Maybe I'm the one
Hidden in the make up,
for when you come
I smile all the time
Looking like a clown
Look at all the faces,
Too many to count

I fall in love, so easily in love
I fall in love, so easily, so easily
It never stops,
it never gets me high enough
I fall in love, so easily in love

Step into the darkness,
queen of the night
Master of the drama,
turn out the light

I fall in love, so easily in love
I fall in love, so easily, so easily
It never stops,
it never gets me high enough
I fall in love, so easily in love"
"lyrics-000726","Jak się trzymać w pionie, kiedy wieje?
Jak zatańczyć, gdy się pali grunt? Dziki wschód
Walczę by przez chwilę poczuć siebie
Walnij mnie w głowę, gdzie jest skrót
Padam i już wiem, że ty

Gasisz we mnie wojny
I przykładasz lód
Bierzesz mnie za rękę
Gdy porywa nurt

I możemy milczeć
Tak normalnie milczeć
Jak poranny śnieg, jak biały dym
Aż ukoi
I możemy milczeć
Tak normalnie milczeć
Jak poranny śnieg, jak biały dym
Aż ukoi

Powiedz, skąd u ciebie taki spokój?
Gdy zapałkę znów ci gasi deszcz, tak na raz
Ja wciąż na to szczekam, ja na to warczę
Ratuj, nie wiem jak omijać czerń, przeżyć dzień

Gasisz we mnie wojny
I przykładasz lód
Bierzesz mnie za rękę
Gdy porywa nurt

I możemy milczeć
Tak normalnie milczeć
Jak poranny śnieg, jak biały dym
Aż ukoi
I możemy milczeć
Tak normalnie milczeć
Jak poranny śnieg, jak biały dym
Aż ukoi

I możemy milczeć
Tak normalnie milczeć
Jak poranny śnieg, jak biały dym
Aż ukoi
I możemy milczeć
Tak normalnie milczeć
Jak poranny śnieg, jak biały dym
Aż ukoi"
"lyrics-000727","Gonię Cię, ale zawsze jesteś o krok dalej
Tak mi dobrze, niech tak już zostanie
Rób tak dalej, rób tak dalej

Kiedy Cię dogonię, będzie koniec, więc bądź o krok dalej
Tak ma być, niech tak już zostanie
Rób tak dalej, rób tak dalej

Grajmy w tę grę, ja chcę w nią przegrywać
I kocham Twoją minę, gdy wygrywasz
Mówię prawdę, Bóg mi świadkiem (Bóg mi świadkiem)
Grajmy w tę grę, ona to ocali
Inaczej nikt z nas żywy nie zostanie
Grajmy w tę grę, inaczej nikt z nas żywy nie zostanie

Gonie Cię, ale Twoje kroki zawsze większe
Budzą żądzę, żeby raz choć dotrzeć prędzej
Idź tak dalej, idź tak dalej

Kiedy Cię dogonię będzie koniec, więc bądź o krok dalej
Tak ma być, niech tak już zostanie
Rób tak dalej, rób tak dalej

Grajmy w tę grę, ja chcę w nią przegrywać
I kocham Twoją minę, gdy wygrywasz
Mówię prawdę, Bóg mi świadkiem (Bóg mi świadkiem)
Grajmy w tę grę, ona to ocali
Inaczej nikt z nas żywy nie zostanie
Grajmy w tę grę, inaczej nikt z nas żywy nie zostanie

Grajmy w tę grę, ja chcę w nią przegrywać
I kocham Twoją minę, gdy wygrywasz
Mówię prawdę, Bóg mi świadkiem (Bóg mi świadkiem)
Grajmy w tę grę, ona to ocali
Inaczej nikt z nas żywy nie zostanie
Grajmy w tę grę, inaczej nikt z nas żywy nie zostanie"
"lyrics-000728","It's empty in the valley of your heart
The sun, it rises slowly as you walk
Away from all the fears
And all the faults you've left behind

The harvest left no food for you to eat
You cannibal, you meat-eater, you see
But I have seen the same
I know the shame in your defeat

But I will hold on hope
And I won't let you choke
On the noose around your neck

And I'll find strength in pain
And I will change my ways
I'll know my name as it's called again

'Cause I have other things to fill my time
You take what is yours and I'll take mine
Now let me at the truth
Which will refresh my broken mind

So tie me to a post and block my ears
I can see widows and orphans through my tears
I know my call despite my faults
And despite my growing fears

But I will hold on hope
And I won't let you choke
On the noose around your neck

And I'll find strength in pain
And I will change my ways
I'll know my name as it's called again

So come out of your cave walking on your hands
And see the world hanging upside down
You can understand dependence
When you know the maker's land

So make your siren's call
And sing all you want
I will not hear what you have to say

'Cause I need freedom now
And I need to know how
To live my life as it's meant to be

And I will hold on hope
And I won't let you choke
On the noose around your neck

And I'll find strength in pain
And I will change my ways
I'll know my name as it's called again"
"lyrics-000729","Time is running against us
Time is running against us
Time is running against us
Time is running against us
Time is running against us
Time is running against us

Take your time
And make in mind
What are the...
Me and My life is poverty
A comic's strip
Event to see

Sitting on the bad side
Tell me all the stories
That we've shared together
Tell me how you love me
Even if It won't be time
To adore you

Time is running against us
Time is running against us
Time is running against us
Time is running against us

Hold my hand
And watch it end
When this guy go grey
I will make my way
I remember the park
Where we sat in the dark
I were a choke
To ...

Sitting on the bad side
Tell me all the stories
That we've shared together
Tell me how you love me
No matter the weather
Soul will last forever

Time is running against us
Time is running against us
Time is running against us
Time is running against us"
"lyrics-000730","Happiness hit her like a train on a track
Coming towards her, stuck still, no turning back
She hid around corners and she hid under beds
She killed it with kisses and from it she fled
With every bubble, she sank with her drink
And washed it away down the kitchen sink

The dog days are over
The dog days are done
The horses are coming
So you better run

Run fast for your mother, run fast for your father
Run for your children, for your sisters and brothers
Leave all your love and your longing behind
You can't carry it with you if you want to survive
The dog days are over
The dog days are done
Can you hear the horses?
'Cause here they come

And I never wanted anything from you
Except everything you had
And what was left after that too, oh

Happiness hit her like a bullet in the back
Struck from a great height
By someone who should know better than that

The dog days are over
The dog days are done
Can you hear the horses?
'Cause here they come

Run fast for your mother, run fast for your father
Run for your children, for your sisters and brothers
Leave all your love and your longing behind
You can't carry it with you if you want to survive
The dog days are over
The dog days are done
Can you hear the horses?
'Cause here they come

The dog days are over
The dog days are done (here they come)
The horses are coming
So you better run (here they come)
The dog days are over
The dog days are done (here they come)
The horses are coming
So you better run"
"lyrics-000731","I see the moon
I see the moon
I see the moon
Oh, when you're looking at the sun

Not a fool
I'm not a fool
Not a fool
No, you are not fooling anyone

Oh, but when you're gone
When you're gone
When you're gone
Oh baby, all the lights go out

Thinking oh that, baby, I was wrong
I was wrong
I was wrong
Come back to me, baby
We can work this out

Oh baby, come on, let me get to know ya
Just another chance, so that I can show
That I won't let you down, and run
No, I won't let you down, and run
'Cause, I could be the one

I could be the one
I could be the one
I could be the one

I see in blue
I see in blue
I see in blue
Oh, when you see everything in red

There's nothing that I wouldn't do for you
Do for you
Do for you
Oh, 'cause you got inside my head

Oh, but when you're gone
When you're gone
When you're gone
Oh, baby, all the lights go out

Thinking oh that, baby, I was wrong
I was wrong
I was wrong
Come back to me, baby
We can work this out

Oh, baby, come on, let me get to know ya
Just another chance, so that I can show
That I won't let you down, and run
No, I won't let you down, and run
'Cause I could be the one

I could be the one
I could be the one

Be the one, be the one, be the one, be the one, be the one, be the one
(I could be the one)
Be the one, be the one, be the one, be the one, be the one, be the one
(I could be the one)
Be the one, be the one, be the one, be the one, be the one, be the one
(I could be the one)
Be the one, be the one, be the one, be the one
(Will you be mine?)

Oh, baby, come on, let me get to know ya
Just another chance, so that I can show
That I won't let you down, and run
No, I won't let you down, and run
'Cause I could be the one

I could be the one
I could be the one"
"lyrics-000732","Gloria
De ce nu vii
Gloria
Dacă ai știi
Cum port pe buzele mele
Numele tău
Cum port pe buzele mele
Numele tău
Hai să scriem istoria
Gloria

Gloria
Sărută-mă
Gloria
Îmbată-mă
Și să râdem apoi
Amândoi
Și să râdem apoi
Amândoi
Haide să scriem istoria

Și jur
Nu-mi trebuie nimic
Cu Gloria de mână
Și nu-mi mai trebuie nimic
Cu Gloria de mâna
Haide să scriem istoria
Gloria!
Gloria!
Gloria!
Gloria!
Gloria!
Gloria!"
"lyrics-000733","I'm a human, not a stone
I can make a change and go
Wherever I want to
They told me maybe I'm too old
But there's fire in my soul

The heat is getting higher
I feel that I'm on fire
The world is my desire
I feel that I'm on fire

Ooh ...

There's no doubt I'm strong enough
To reach the state I've dreamed of
It's gonna happen
And I will do what I can
Just to be a better man

The heat is getting higher
I feel that I'm on fire
The world is my desire
I feel that I'm on fire

Can't believe it took so long
To take an action and move on
No one can stop me
Through the clouds there comes the sun
And I'm ready for some fun
Uh

La-la-la-la-la, la-la-la-la-la, la-la-la-la-la, la-la-la-la-la-la
La-la-la-la-la, la-la-la-la-la, la-la-la-la-la

Come on, let's ride
Ooh

The heat is getting higher
I feel that I'm on fire
The world is my desire
I feel that I'm on fire

On fire
Ooh
On fire

The heat is getting higher"
"lyrics-000734","Już nie tak jak
Już nie jak tam
Już nie wstydzisz się, jak
Już nie chowasz się tam

Takie miejsca dobrze znam, jak kiedyś Ty
Takie miejsca dobrze znasz, jak kiedyś my
Takie miejsca dobrze znam, jak kiedyś Ty
Takie miejsce dobrze znasz, jak kiedyś...

W małych miastach kryję twarz
Zmywam brokat, chowam blask
Uciekam przed Tobą
Uciekam przed sobą

Jak na UFO patrzą się
Na rowerze szybciej mknę
Uciekam przed Tobą
Uciekam przed sobą

W dużych miastach zobacz mnie
Szyja pręży, pręży się
Znowu jestem sobą
Jestem, jestem sobą

W małych miastach patrzysz się
Oczy z orbit płyną precz
Co to za dziwoląg?
A co ludzie powiedzą?

Wiesz! Dziwnie, dziwnie czuję się
Kiedy tak lampisz się
Może mam być Tobą?
Blask wytrawić wodą?

Bez pardonu brzydka twarz
Krzyczysz, śmiejesz się ot tak
Pójdź, zajmij się sobą
I swoją basic żoną

Już nie wstydzę siebie się
Już nie boję Ciebie, nie
Krzyczę: ""Jestem sobą!""
I będę, będę sobą

Tatuaże, prężcie się
W kryminałach widzisz mnie
Jestem, jestem sobą
I nigdy, nigdy Tobą

Mam was w dupie, mam was gdzieś
Mówcie sobie gówno swe
Krzyczę: ""Jestem sobą!""
Jestem, jestem sobą

Krzywo patrzcie nadal się
Dumnie noszę pióra swe
Pod waszą komendę
Dla was żyć nie będę

Takie miejsca dobrze znam
Jak kiedyś Ty
Takie miejsca dobrze znasz
Jak kiedyś my
Takie miejsca dobrze znam
Jak kiedyś Ty
Takie miejsce dobrze znasz
Jak kiedyś...

Takie miejsca dobrze znam
Jak kiedyś Ty
Takie miejsca dobrze znasz
Jak kiedyś my
Takie miejsca dobrze znam
Jak kiedyś Ty
Takie miejsca dobrze znasz
Jak kiedyś..."
"lyrics-000735","Dangoraižiai stovi šaltame debesyje
Dangoraižiai stovi pilki šaltame debesy
Jie nuo mūsų lūšnynų pasislėpę rūke
Jie nuo mūsų lūšnynų tūno pasislėpę rūke
Atsitvėrę lietumi nuo įkyrių mūsų žvilgsnių
Lietum atsitvėrę nuo kančių ir smalsių mūsų akių
Padūmavusioj blausoj matos mano ranka
Padūmavusioj blausoj matos tik mano ranka

Baloje atsispindintis aukštis
Baloje
Baloje atsispindintis aukštis traukia
Baloje
Baloje atsispindintis aukštis traukia mane
Baloje traukia mane
Atsispirti į dugną, transformuotis į paukštį
transformuotis baloje

Įdomu kaip atrodo tikros Sirijaus žvaigždės
Stebiu, kaip vėluoja šviesa iš pirmųjų žvaigždžių
Ar ir jos sudarytos kaip ir mes iš dalių
Ar ir jos, kaip ir mes, sudarytos iš rūko dalių
Guluosi pastovėti tarp šaltų pastatų
Guluosi palyginti atspindį ir tikrąjį dangų
Pasitikrinti ar aš atsispindžiu tarp jų
Patikrinti ar aš atsispindžiu tarp šaltų pastatų"
"lyrics-000736","Chmury wiszą nad miastem
Ciemno i wstać nie mogę
Naciągam głębiej kołdrę
Znikam kulę się w sobie
Powietrze lepkie i gęste
Wilgoć osiada na twarzach
Ptak smętnie siedzi na drzewie
Leniwie pióra wygładza

Poranek przechodzi w południe
Bezwładnie mijają godziny
Czasem zabrzęczy mucha
W sidłach pajęczyny
A słońce wysoko wysoko
Świeci pilotom w oczy
Rozgrzewa niestrudzenie
Zimne niebieskie przestrzenie

Czekam na wiatr co rozgoni
Ciemne skłębione zasłony
Stanę wtedy na raz
Ze słońcem twarzą w twarz

Czekam na wiatr co rozgoni
Ciemne skłębione zasłony
Stanę wtedy na raz
Ze słońcem twarzą w twarz

Ulice mgłami spowite
Toną w ślepych kałużach
Przez okno patrzę znużona
Z tęsknotą myślę o burzy
A słońce wysoko wysoko
Świeci pilotom w oczy
Ogrzewa niestrudzenie
Zimne niebieskie przestrzenie

Czekam na wiatr co rozgoni
Ciemne skłębione zasłony
Stanę wtedy na raz
Ze słońcem twarzą w twarz

Czekam na wiatr co rozgoni
Ciemne skłębione zasłony
Stanę wtedy na raz
Ze słońcem twarzą w twarz"
"lyrics-000737","I'm only human
I'm only, I'm only
I'm only human, human

Maybe I'm foolish
Maybe I'm blind
Thinking I can see through this
And see what's behind
Got no way to prove it
So maybe I'm blind
But I'm only human after all
I'm only human after all
Don't put your blame on me
Don't put your blame on me

Take a look in the mirror
And what do you see
Do you see it clearer
Or are you deceived
In what you believe
'Cause I'm only human after all
You're only human after all
Don't put the blame on me
Don't put your blame on me

Some people got the real problems
Some people out of luck
Some people think I can solve them
Lord heavens above
I'm only human after all
I'm only human after all
Don't put the blame on me
Don't put the blame on me

Don't ask my opinion
Don't ask me to lie
Then beg for forgiveness
For making you cry
Making you cry
'Cause I'm only human after all
I'm only human after all
Don't put your blame on me
Don't put the blame on me

Oh, some people got the real problems
Some people out of luck
Some people think I can solve them
Lord heavens above
I'm only human after all
I'm only human after all
Don't put the blame on me
Don't put the blame on me

I'm only human
I make mistakes
I'm only human
That's all it takes
To put the blame on me
Don't put the blame on me

I'm no prophet or Messiah
Should go looking somewhere higher
I'm only human after all
I'm only human after all
Don't put the blame on me
Don't put the blame on me

I'm only human
I do what I can
I'm just a man
I do what I can
Don't put the blame on me
Don't put your blame on me"
"lyrics-000738","She still remembers a time that was uncomplicated
But sure as the sun rise she's seen things that you'll never see
Losses and heartaches amount to her strength
But oh how they all take their toll

She's still here fighting
Better know there's life in her yet

Time will take us all, and turn us into stones
It leaves us with regrets and picks apart the threads
Hung over fragile bones

Let her go
I can't let her go
I can't let her go

Her hands tell the story of hardships that we'll never know
Her face is a map of a lifetime on well-traveled roads
But those eyes tell nothing of a soul that is spared
A heart that is longing for death

She's still here fighting
Better know there's life in her yet

Time will take us all, and turn us into stones
It leaves us with regret, it picks apart the threads
Hung over fragile bones

Let her go
I can't let her go
I can't let her go
Let her go
I can't let her go
I can't let her go

Let her go
Let her go
Let her go"
"lyrics-000739","I don't wanna drown no more
I'm sick of the same old people
The kind that'll sell your soul
Trade it for a shining stone
Ain't nothing in this life for free
Running from the greatest evil
It finally dawned on me
A man's gotta fight temptation
Keep the wolves from the door
I hear them scratching like I don't know better
Won't you keep the wolves from the door
It won't be long before I cave in and open up the
And I don't wanna go back home
Too many staring faces
Wishing they could drag me down
Waiting to pull me under
I've shaken off my chains
But I still feel those shackles
Living inside of me
I know I've gotta fight temptation
Keep the wolves from the door
I hear them scratching like I don't know better
Won't you keep the wolves from the door
It won't be long before I cave in and open up the
Yo, money's short like my temper
But the bills still keep on coming
Staying on the grind January till December
Tryna lace this beats on a shoestring budget
Rent's due so I'm raiding the copper jar
Hard on the hustle for the sterling
Going all out, Putting work in
It's an uphill struggle but I'm working
I was homeless, having to sleep rough
On the streets feeling like I need to be drunk
I'm tryna turn grass roots to a tree trunk
When the man are only in it for the free lunch
See us we only deal with the real stuff
Brother, 'cause all that glitters ain't gold
Plus, I can hear the wolves outside my door
But money can't buy my soul, no
Keep the wolves from the door
I hear them scratching like I don't know better
Won't you keep the wolves from the door
It won't be long before I cave in and open up the
Keep the wolves from the door
I hear them scratching like I don't know better
Won't you keep the wolves from the door
It won't be long before I cave in and open up the door"
"lyrics-000740","I'd sit alone and watch your light
My only friend through teenage nights
And everything I had to know
I heard it on my radio

You gave them all those old time stars
Through wars of worlds invaded by Mars
You made 'em laugh, you made 'em cry
You made us feel like we could fly (radio)

So don't become some background noise
A backdrop for the girls and boys
Who just don't know, or just don't care
And just complain when you're not there

You had your time, you had the power
You've yet to have your finest hour
Radio (radio)

All we hear is radio ga ga
Radio goo goo
Radio ga ga
All we hear is radio ga ga
Radio blah blah
Radio, what's new?
Radio, someone still loves you

We watch the shows, we watch the stars
On videos for hours and hours
We hardly need to use our ears
How music changes through the years

Let's hope you never leave, old friend
Like all good things, on you we depend
So stick around, 'cause we might miss you
When we grow tired of all this visual

You had your time, you had the power
You've yet to have your finest hour
Radio (radio)

All we hear is radio ga ga
Radio goo goo
Radio ga ga
All we hear is radio ga ga
Radio goo goo
Radio ga ga

All we hear is radio ga ga
Radio blah blah
Radio, what's new?
Someone still loves you

Radio ga ga (radio ga ga)
Radio ga ga (radio ga ga)
Radio ga ga (radio ga ga)

You had your time, you had the power
You've yet to have your finest hour
Radio (radio)"
"lyrics-000741","When the outside temperature rises
And the meaning is, oh, so clear
One thousand and one yellow daffodils
Begin to dance in front of you, oh, dear

Are they trying to tell you something?
You're missing that one final screw
You're simply not in the pink, my dear
To be honest, you haven't got a clue

I'm going slightly mad
I'm going slightly mad
It finally happened, happened
It finally happened, uh-huh
It finally happened, I'm slightly mad
Oh, dear

I'm one card short of a full deck
I'm not quite the shilling
One wave short of a shipwreck
I'm not my usual top billing

I'm coming down with a fever
I'm really out to sea
This kettle is boiling over
I think I'm a banana tree
Oh, dear

I'm going slightly mad
I'm going slightly mad
It finally happened, happened
It finally happened, uh-huh
It finally happened, I'm slightly mad
Oh, dear

I'm knitting with only one needle
Unraveling fast, it's true
I'm driving only three wheels these days
But, my dear, how about you?

I, I, I'm going slightly mad
I'm going slightly mad
It finally happened
It finally happened, oh yes
It finally happened, I'm slightly mad
Just very slightly mad
And there you have it"
"lyrics-000742","On the day the wall came down
They threw the locks onto the ground
And with glasses high
We raised a cry for freedom had arrived

On the day the wall came down
The ship of fools had finally run aground
Promises lit up the night
Like paper doves in flight

I dreamed you had left my side
No warmth, not even pride remained
And even though you needed me
It was clear that I could not do a thing for you

Now life devalues day by day
As friends and neighbours turn away
And there's a change that even with regret
Cannot be undone

Now frontiers shift like desert sands
While nations wash their bloodied hands
Of loyalty, of history
In shades of grey

I woke to the sound of drums
The music played, the morning sun streamed in
I turned and I looked at you
And all but the bitter residues slipped away
Slipped away"
"lyrics-000743","Her love rains down on me easy as the breeze
I listen to her breathing it sounds like the waves on the sea
I was thinking all about her, burning with rage and desire
We were spinning into darkness the earth was on fire
She could take it back, she might take it back some day
So I spy on her, I lie to her, I make promises I cannot keep
Then I hear her laughter rising, rising from the deep
And I make her prove her love for me, I take all that I can take
I push her to the limit to see if she will break
She might take it back, she could take it back some day
Now I have seen the warnings, screaming from all sides
It's easy to ignore them, God knows I've tried
All of this temptation, you know it turned my faith to lies
Until I couldn't see the danger or hear the rising tide
She can take it back, she will take it back some day
She can take it back, she will take it back some day
She will take it back, she will take it back some day"
"lyrics-000744","Ta porąbana noc i porąbane sny
Znów z łóżka trzeba wstać i dalej jakoś żyć
Choć czasem nie wiem jak
Życie to stromy głaz
Na który trzeba wejść by później z niego spaść

Bo wszystko czego chcę
Całe życie być przy Tobie
Niech nie zgaśnie nigdy ogień, który płonie w Tobie
Wszystko czego chcę
Całe życie być przy Tobie
Niech nie zgaśnie nigdy ogień, który płonie w Tobie

Potykam się co krok
Czasami gubię sens
Lecz idę drogą swą, wiem dobrze gdzie to jest
Gdy droga skończy się dalej nie będzie nic
Choć chętnie by się szło nie będzie dokąd iść

Bo wszystko czego chcę
Całe życie być przy Tobie
Niech nie zgaśnie nigdy ogień, który płonie w Tobie
Wszystko czego chcę
Całe życie być przy Tobie
Niech nie zgaśnie nigdy ogień, który płonie w Tobie

Gdy rankiem skoro świt
Zawleką mnie pod mur
Aniele stróżu mój pod tym murem ze mną stój
Ta porąbana noc i porąbany sen
Znów z łóżka trzeba wstać i zacząć jakoś dzień

Bo wszystko czego chcę
Całe życie być przy Tobie
Niech nie zgaśnie nigdy ogień, który płonie w Tobie
Wszystko czego chcę
Całe życie być przy Tobie
Niech nie zgaśnie nigdy ogień, który płonie w Tobie

Ta porąbana noc"
"lyrics-000745","Wszystko gotowe wynajęta cała sala
Błyszczą talerze porcelana i lśni szkło
Ten bankiet potrwa dziś długo aż do rana
Społeczny pieniądz tu nikomu nie żal go
Wchodzi sekreta prokurator i pułkownik
Uprzejmym gestem przepuszczają się przez drzwi
Wczoraj w areszcie a dzisiaj jest już wolny
To pan oficer który pił przez cztery dni
Jest pan senator co z reguły bywa wszędzie
Ma brwi krzaczaste oraz strasznie długi wąs
I jeszcze w gości przyszedł a nie na kolędę
Po dwóch kielichach po cywilu Robak ksiądz
Bo to jest bankiet nad bankiety
Białe obrusy i schabowe kotlety
Wódka i szampan sokoły i śpiew
Jak chleb i ciało jak wino i krew
Jeszcze spóźniony pan prezydent i pan premier
Wszyscy czekali na nich nim zaczęli jeść
Z ust prezydenta oficjalne przemówienie
Baczność do hymnu oraz sztandarowi cześć
Z każda godziną bardziej zapełnia się parkiet
Twarze czerwone do głowy uderza krew
Orkiestra w rogu gra już głośniej na trzy czwarte
Białe mankiety hej sokoły wódka śpiew
Prezydent z pułkownikiem opuszczają sale
I chwiejnym krokiem wytaczają się na hol
Jeszcze w tym roku zrobię ciebie generałem
Mówi prezydent czule głaszcząc jego skroń
Przewodniczący na parkiecie tańczy śmielej
Jego imieniem nazwali niejeden most
Twarze pijane wyglądają dzisiaj szczerze
Ktoś się zatacza wymiotuje kaszle ktoś
Na ścianach kość słoniowa obrazy Rembrandta
Wszyscy świadomi swoich salonowych ról
W obrusy wsiąka najdroższy w kraju szampan
Każdy ubrany w swój najlepszy z szafy strój
Kończy się bankiet milkną śpiewy i uściski
Resztki jedzenia oraz nadgryziony tort
Gdy zgasną światła to będzie już po wszystkim
W lustrach pijane twarze zakazanych mord
Orkiestra gra ostatni refren na trzy czwarte
Senator wydłubuje zza paznokcia brud
Słabną toasty i pustoszeje parkiet
Milkną szemrane dźwięki salonowych nut"
"lyrics-000746","Znowu wieje wiatr
Może od Zawratu
Podzielił nas czas
Na wrogów i przyjaciół
Pamiętam Twoje oczy
W każdej jednej chwili
Pamiętam Twój zapach
Na Twojej twardej szyi

Powiedz, jak mnie tu znalazłaś
W tym rynsztoku w środku dnia
W kałuży z wyrzutów sumienia
W której odbijam się sam

Wciąż o Tobie myślę
Gdy nocą śpię przy ścianie
To tylko parę chwil
A może życie całe
Jak dwa samotne drzewa
W tym samym ogrodzie
Daleko nam do siebie
Nie mamy dokąd odejść

Powiedz, jak mnie tu znalazłaś
W tym rynsztoku w środku dnia
W kałuży z wyrzutów sumienia
W której odbijam się sam

Obce mijam miasta
Wśród śnieżnobiałych pól
Raz drzewa rosną w górę
Raz łamią się na pół
Jedni chcą mieć spokój
A drudzy chcą więcej
Chodź, pójdziemy razem
Zaśpiewam ci piosenkę

Powiedz, jak mnie tu znalazłaś
W tym rynsztoku w środku dnia
W kałuży z wyrzutów sumienia
W której odbijam się sam

Obce mijam miasta
Wśród śnieżno białych pól
Raz drzewa rosną w górę
Raz łamią się na pół"
"lyrics-000747","Hold me close and hold me fast
This magic spell you cast
This is La Vie En Rose
When you kiss me heaven sighs
And though I close my eyes
I see La Vie En Rose

When you press me to your heart
I'm in a world apart
A world where roses bloom

And when you speak angels sing from above
Everyday words seem to turn into love songs

Give your heart and soul to me
And life will always be
La Vie En Rose

And when you speak angels sing from above
Everyday words seem to turn into love songs

Give your heart and soul to me
And life will always be
La Vie En Rose"
"lyrics-000748","Hey!
Hey!
Hey!

I don't like walking around this old and empty house
So hold my hand, I'll walk with you my dear
The stairs creak as you sleep, it's keeping me awake
It's the house telling you to close your eyes

And some days I can't even dress myself
It's killing me to see you this way
'Cause though the truth may vary, this
Ship will carry our bodies safe to shore

Hey!
Hey!
Hey!

There's an old voice in my head that's holding me back
Well, tell her that I miss our little talks
Soon it will be over and buried with our past
We used to play outside when we were young
And full of life and full of love

Some day, I don't know if I am wrong or right
Your mind is playing tricks on you my dear
'Cause though the truth may vary, this
Ship will carry our bodies safe to shore
(Hey!)

Don't listen to a word I say (hey!)
The screams all sound the same (hey!)
Though the truth may vary, this
Ship will carry our bodies safe to shore

Hey!
Hey!

You're gone, gone, gone away, I watched you disappear
All that's left is a ghost of you
Now we're torn, torn, torn apart, there's nothing we can do
Just let me go, we'll meet again soon
Now wait, wait, wait for me, please hang around
I'll see you when I fall asleep
(Hey!)

Don't listen to a word I say (hey!)
The screams all sound the same (hey!)
Though the truth may vary, this
Ship will carry our bodies safe to shore

Don't listen to a word I say (hey!)
The screams all sound the same (hey!)
Though the truth may vary, this
Ship will carry our bodies safe to shore

Though the truth may vary, this
Ship will carry our bodies safe to shore
Though the truth may vary, this
Ship will carry our bodies safe to shore"
"lyrics-000749","When I stood in the park whisper words to the dark
It would come from the heart, sweaty hands and an old guitar
I was scared of things unknow, to walk the world on my own
But I have some less fear, not believe what I hear
Go get away

Why don't you come around here anymore?
Don't you love me anymore?
Don't you fear me at all?
Why did you go and you leave me all alone?
Don't you love me anymore?
Do I fear you at all?

When I stood in the dark whisper words in the park
It would come from the heart, sweaty hands and an old guitar

Why don't you come around here anymore?
Don't you love me anymore?
Don't you fear me at all?
Why did you go and you leave me all alone? (goin' down to the ocean)
Don't you love me anymore? (sides to me but I)
Do I fear you at all? (sold my heart)
Why don't you come around here anymore?
Don't you love me anymore?
Don't you fear me at all?
Why do you go and you leave me all alone? (goin' down to the ocean)
Don't you love me anymore? (sides to me but I)
Do I fear you at all? (sold my heart)

Why don't you come around here anymore? (goin' down to the ocean)
Don't you love me anymore? (sides to me but I)
Don't you fear me at all? (sold my heart)"
"lyrics-000750","I was Cleopatra, I was young and an actress
When you knelt by my mattress and asked for my hand
But I was sad, you asked it as I laid in a black dress
With my father in a casket, I had no plans, yeah

And I left the footprints, the mud stained on the carpet
And it hardened like my heart did when you left town
But I must admit it, that I would marry you in an instant
Damn your wife, I'd be your mistress just to have you around

But I was late for this, late for that
Late for the love of my life
And when I die alone, when I die alone
Die I'll be on time, I

And while the church discouraged any lust that burned within me
Yes, my flesh it was my currency, but I held true
So I drive a taxi, and the traffic distracts me
From the strangers in my backseat, they remind me of you

But I was late for this, late for that
Late for the love of my life
And when I die alone, when I die alone
When I die I'll be on time

The only gifts from my Lord
Were a birth and a divorce
But I've read this script and the costume fits
So I play my parts

I was Cleopatra, I was taller than the rafters
But that's all in the past, love, gone with the wind
And now a nurse in white shoes leads me back to my guestroom
It's a bed and a bathroom, and a place for the end

I won't be late for this, late for that
Late for the love of my life
And when I die alone, when I die alone
Die I'll be on time, I"
"lyrics-000751","I was out there
With the thirst and hunger
I was out where
I could feel much younger
I was kneeling
Await some revealing
Some release for these worn out knees
It don't matter what you say or do
What you're feeling comes right after you
Been losing everything
Been losing ever losing
It don't matter who saved you a seat
Down these wicked streets
Coming up now through the smoking night air
Get your kicks now
Down these wicked streets where
Where I was shaken
And I was preaching over again
Shouldn't come round if you don't want to feel a thing
Gets under your skin
God knows unlike anything that shows what you reaping you did so
It don't matter what you say or do
What you're feeling comes right after you
Been losing everything
Been losing ever losing
It don't matter who saved you a seat
Down these wicked streets
It don't matter what you say or do
What you're feeling comes right after you
Been losing everything
Been losing ever losing
It don't matter who saved you a seat
Down these wicked streets
It don't matter what you say or do
What you're feeling comes right after you
Been losing everything
Been losing ever losing
It don't matter who saved you a seat
Down these wicked streets"
"lyrics-000752","Now and then when you feel like war
Know that time has elapsed
You better hold that thought
Run wherever I will run

Stay with me feel the warmth inside
Put those cold dark feelings
To the back of your mind
Run
Until you hurt your pride
Run
Until you hurt your pride
If you stay another night then
I think you'll have to stay your whole life
If you stay another night then
I think you'll have to stay your whole life
Run
Wherever I will run
Run
Wherever I will run

Dance with me, if you want your heart wrenched out
With a scar on her back
Run
And ill run with you
Run
And ill run with you

If you stay another night then
I think you'll have to stay your whole life
If you stay another night then
I think you'll have to stay your whole life
If you stay another night then
I think you'll have to stay your whole life

Run
Wherever I will run
Run
Wherever I will run

Run"
"lyrics-000753","Run away-ay with me
Lost souls in revelry
Running wild and running free
Two kids, you and me

And I say
Hey, hey-hey-hey
Livin' like we're renegades

Hey-hey-hey
Hey-hey-hey
Livin' like we're renegades
Renegades
Renegades

Long live the pioneers
Rebels and mutineers
Go forth and have no fear
Come close and lend an ear

And I say
Hey, hey-hey-hey

Livin' like we're renegades
Hey-hey-hey
Hey-hey-hey
Livin' like we're renegades
Renegades
Renegades

All hail the underdogs
All hail the new kids
All hail the outlaws
Spielbergs and Kubricks

It's our time to make a move
It's our time to make amends
It's our time to break the rules
Let's begin

And I say
Hey, hey-hey-hey
Livin' like we're renegades
Hey-hey-hey
Hey-hey-hey
Livin' like we're renegades
Renegades
Renegades"
"lyrics-000754","Hey, look at me, Joe
What do you see, Joe?
How do you do, Joe?
Tell me, what's new, Joe?

(Ah, ah, ah, ah, ah, ah, ah)
(Ah-ah, ah, ah, ah, ah)

Get up on your feet, Joe
Make it though the heat, Joe
Baby, come on, set my soul on fire

The wheels are turning fast, Joe
Give it a good blast, Joe
Baby, come on, my soul on fire

The miles we go together, Joe
We'll never be apart
Right from the start, until the end of love

Hey, look at me, Joe
What do you see, Joe?

What you gonna do when the people come for you?
You said you've never wanted to be one of them

Hey, look at me, Joe
What do you see, Joe?
How do you do, Joe?
Tell me, what's new, Joe?

The miles we go together, we'll never be apart
Right from the start, until the end of love

Hey, look at me, Joe
What do you see, Joe?
How do you do, Joe?
Tell me, what's new, Joe?

(Ah, ah, ah, ah, ah, ah, ah)
(Ah-ah, ah, ah, ah, ah)
(Ah, ah, ah, ah, ah, ah, ah)
(Ah-ah, ah, ah, ah, ah)

Meet me at the bar, Joe
Get into my car, Joe
Meet me at the bar, Joe
Get into my car, Joe

Get into my car, Joe
Everything is good at the end"
"lyrics-000755","Open my chest and colour my spine
I'm giving you all, I'm giving you all
Swallow my breath and take what is mine
I'm giving you all, I'm giving you all

I'll be the blood, If you'll be the bones
I'm giving you all, I'm giving you all
So lift up my body, and lose all control
I'm giving you all, I'm giving you all

You hover like a hummingbird, haunt me in my sleep
You're sailing from another world, sinking in my sea
Oh, you're feeding on my energy
I'm letting go of it, she wants it

And I run from wolves, ooh
Breathing heavily at my feet
And I run from wolves, ooh
Tearing into me without teeth

I can see through you, we are the same
It's perfectly strange, you run in my veins
How can I keep you inside my lungs
I breathe what is yours, you breathe what is mine

You hover like a hummingbird, haunt me in my sleep
You're sailing from another world, sinking in my sea
Oh, you're feeding on my energy
I'm letting go of it, he wants it

And I run from wolves, ooh
Breathing heavily at my feet
And I run from wolves, ooh
Tearing into me without teeth

And you can follow
You can follow me
You can follow
You can follow me

You hover like a hummingbird, haunt me in my sleep
You're sailing from another world, sinking in my sea
Oh, you're feeding on my energy
I'm letting go of it, she wants it

And I run from wolves, ooh
Breathing heavily at my feet
And I run from wolves, ooh
Tearing into me without teeth

And you can follow
You can follow me
You can follow
You can follow me

You can follow
You can follow me
You can follow
You can follow me"
"lyrics-000756","And disciplinary remains mercifully
Yes and um, I’m with you, Derek, this star nonsense
Yes, yes
Now which is it?
I am sure of it

So, so you think you can tell
Heaven from Hell?
Blue skies from pain?
Can you tell a green field from a cold steel rail?
A smile from a veil?
Do you think you can tell?
Did they get you to trade your heroes for ghosts?
Hot ashes for trees? Hot air for a cool breeze?
Cold comfort for change?
Did you exchange
A walk-on part in the war for a lead role in a cage?

How I wish, how I wish you were here
We're just two lost souls swimming in a fishbowl, year after year
Running over the same old ground, what have we found?
The same old fears
Wish you were here
"
"lyrics-000757","I want to break free, I want to break free
I want to break free from your lies
You're so self-satisfied I don't need you
I've got to break free
God knows, God knows I want to break free

I've fallen in love
I've fallen in love for the first time
This time I know it's for real
I've fallen in love, yeah
God knows, God knows I've fallen in love

It's strange but it's true, hey
I can't get over the way you love me like you do

But I have to be sure when I walk out that door
Oh, I want to be free, baby
Oh, how I want to be free
Oh, I want to break free

But life still goes on
I can't get used to living without, living without
Living without you by my side
I don't want to live alone, hey
God knows, got to make it on my own
So, baby, can't you see I've got to break free?

I've got to break free
I want to break free, yeah

I want, I want, I want
I want to break free"
"lyrics-000758","Is this the real life? Is this just fantasy?
Caught in a landslide, no escape from reality
Open your eyes, look up to the skies and see
I'm just a poor boy, I need no sympathy
Because I'm easy come, easy go, little high, little low
Any way the wind blows doesn't really matter to me, to me

Mama, just killed a man
Put a gun against his head, pulled my trigger, now he's dead
Mama, life had just begun
But now I've gone and thrown it all away
Mama, ooh, didn't mean to make you cry
If I'm not back again this time tomorrow
Carry on, carry on as if nothing really matters

Too late, my time has come
Sends shivers down my spine, body's aching all the time
Goodbye, everybody, I've got to go
Gotta leave you all behind and face the truth
Mama, ooh (any way the wind blows)
I don't wanna die
I sometimes wish I'd never been born at all

I see a little silhouetto of a man
Scaramouche, Scaramouche, will you do the Fandango?
Thunderbolt and lightning, very, very frightening me
(Galileo) Galileo, (Galileo) Galileo, Galileo Figaro, magnifico
But I'm just a poor boy, nobody loves me
He's just a poor boy from a poor family
Spare him his life from this monstrosity

Easy come, easy go, will you let me go?
بِسْمِ ٱللَّٰهِ
No, we will not let you go (let him go)
بِسْمِ ٱللَّٰهِ
We will not let you go (let him go)
بِسْمِ ٱللَّٰهِ
We will not let you go (let me go)
Will not let you go (let me go)
Never, never, never, never let me go
No, no, no, no, no, no, no

Oh, mamma mia, mamma mia
Mamma mia, let me go
Beelzebub has a devil put aside for me, for me, for me

So you think you can stone me and spit in my eye?
So you think you can love me and leave me to die?
Oh, baby, can't do this to me, baby
Just gotta get out, just gotta get right outta here

Ooh
Ooh, yeah, ooh, yeah

Nothing really matters, anyone can see
Nothing really matters
Nothing really matters to me

(Any way the wind blows)"
"lyrics-000759","People try to put us d-down (talkin' 'bout my generation)
Just because we get around (talkin' 'bout my generation)
Things they do look awful c-c-cold (talkin' 'bout my generation)
I hope I die before I get old (talkin' 'bout my generation)

This is my generation
This is my generation, baby

Why don't you all f-fade away (talkin' 'bout my generation)
And don't try dig what we all s-s-say (talkin' 'bout my generation)
I'm not trying to cause a big s-s-sensation (talkin' 'bout my generation)
I'm just talkin' 'bout my g-g-generation (talkin' 'bout my generation)

My generation
This is my generation, baby

Why don't you all f-fade away (talkin' 'bout my generation)
And don't try d-dig what we all s-s-say (talkin' 'bout my generation)
I'm not trying to cause a big sensation (talkin' 'bout my generation)
I'm just talkin' 'bout my g-generation (talkin' 'bout my generation)

This is my generation
This is my generation, baby
My, my g-generation
My, my, my, my, my generation

People try to put us d-down (talkin' 'bout my generation)
Just because we g-g-get around (talkin' 'bout my generation)
Things they do look awful c-c-cold (talkin' 'bout my generation)
Yeah, I hope I die before I get old (talkin' 'bout my generation)

This is my generation
This is my generation, baby
My, my, my, my, my generation (generation)

Talkin' 'bout my generation (talkin' about)
Talkin' 'bout my generation (my generation)
Talkin' 'bout my generation (my generation)
Talkin' 'bout my generation (this is my generation, baby)

Talkin' 'bout my generation (this is my generation)
Talkin' 'bout my generation (generation)
Talkin' 'bout my generation (this is my generation)
Talkin' 'bout my generation (this is my generation)"
"lyrics-000760","Every breath you take
And every move you make
Every bond you break
Every step you take
I'll be watching you

Every single day
And every word you say
Every game you play
Every night you stay
I'll be watching you

Oh, can't you see
You belong to me?
How my poor heart aches
With every step you take?

Every move you make
And every vow you break
Every smile you fake
Every claim you stake
I'll be watching you

Since you've gone, I've been lost without a trace
I dream at night, I can only see your face
I look around, but it's you I can't replace
I feel so cold, and I long for your embrace
I keep crying, baby, baby please

(Hmm, hmm, hmm, hmm, hmm, hmm, hmm)

Oh, can't you see
You belong to me?
How my poor heart aches
With every step you take?

Every move you make
And every vow you break
Every smile you fake
Every claim you stake
I'll be watching you
Every move you make
Every step you take
I'll be watching you

I'll be watching you
(Every breath you take)
(Every move you make)
(Every bond you break)
(Every step you take) I'll be watching you

(Every single day)
(Every word you say)
(Every game you play)
(Every night you stay) I'll be watching you

(Every move you make)
(Every vow you break)
(Every smile you fake)
(Every claim you stake) I'll be watching you

(Every single day)
(Every word you say) whoo, hoo
(Every game you play)
(Every night you stay) I'll be watching you

(Every breath you take)
(Every move you make)
(Every bond you break)
(Every step you take) I'll be watching you

(Every single day)
(Every word you say)
(Every game you play)
(Every night you stay) I'll be watching you

(Every move you make)
(Every vow you break)
(Every smile you fake)
(Every claim you stake) I'll be watching you
(Every single day)
(Every word you say)
(Every game you play)
(Every night you stay) I'll be watching you"
"lyrics-000761","There's a lady who's sure
All that glitters is gold
And she's buying a stairway to Heaven
When she gets there, she knows
If the stores are all closed
With a word, she can get what she came for
Ooh-ooh-ooh, ooh, ooh-ooh-ooh-ooh
And she's buying a stairway to Heaven
There's a sign on the wall
But she wants to be sure
'Cause you know sometimes words have two meanings
In the tree by the brook
There's a songbird who sings
Sometimes all of our thoughts are misgiven
Ooh, it makes me wonder
Ooh, it makes me wonder
There's a feeling I get
When I look to the West
And my spirit is crying for leaving
In my thoughts, I have seen
Rings of smoke through the trees
And the voices of those who stand looking
Ooh, it makes me wonder
Ooh, it really makes me wonder
And it's whispered that soon
If we all call the tune
Then the piper will lead us to reason
And a new day will dawn
For those who stand long
And the forests will echo with laughter
Oh, oh, oh, oh, oh-oh-oh
If there's a bustle in your hedgerow, don't be alarmed now
It's just a spring clean for the May Queen
Yes, there are two paths you can go by, but in the long run
There's still time to change the road you're on
And it makes me wonder
Oh, oh-oh
Your head is humming and it won't go, in case you don't know
The piper's calling you to join him
Dear lady, can you hear the wind blow? And did you know
Your stairway lies on the whispering wind? Oh
And as we wind on down the road
Our shadows taller than our soul
There walks a lady we all know
Who shines white light and wants to show
How everything still turns to gold
And if you listen very hard
The tune will come to you at last
When all are one and one is all, yeah
To be a rock and not to roll
And she's buying a stairway to Heaven
"
"lyrics-000762","Hey Joe
Where you going with that gun in your hand?
Hey Joe
I said, where you going with that gun in your hand?

I'm going down to shoot my old lady
You know, I caught her messing around with another man
I'm going down to shoot my old lady
You know, I caught her messing around with another man
And that ain't too cool

Hey Joe
I heard you shot your woman down
You shot her down, now
Hey Joe
I heard you shot your old lady down
You shot her down to the ground
Yeah

Yes I did, I shot her
You know, I caught her messing around, messing around town
Yes I did, I shot her
You know, I caught my old lady messing around town
And I gave her the gun
I shot her!

Hey Joe (said now)
Where you going to run to now?
Where you going to run to?
Hey Joe (I said)
Where you going to run to now?
Where you, where you going to go?
Well, dig it

I'm going way down south
Way down to Mexico way
Alright
I'm going way down south
Way down where I can be free
There's no one going to find me

Ain't no hangman going to
He ain't gonna put a rope around me
You better believe it right now
I got to go now

Hey Joe
You better run on down
Goodbye everybody, ow!
Hey Joe, uh
Run on down"
"lyrics-000763","Mm ba ba de
Um bum ba de
Um bu bu bum da de
Pressure pushing down on me
Pressing down on you no man ask for
Under pressure that brings a building down
Splits a family in two
Puts people on streets
Um ba ba be
Um ba ba be
De day da
Ee day da - that's okay
It's the terror of knowing
What the world is about
Watching some good friends
Screaming 'Let me out'
Pray tomorrow gets me higher
Pressure on people
People on streets
Day day de mm hm
Da da da ba ba
Okay
Chippin' around - kick my brains around the floor
These are the days it never rains but it pours
Ee do ba be
Ee da ba ba ba
Um bo bo
Be lap
People on streets - ee da de da de
People on streets - ee da de da de da de da
It's the terror of knowing
What this world is about
Watching some good friends
Screaming 'Let me out'
Pray tomorrow - gets me higher, higher, high

Turned away from it all like a blind man
Sat on a fence but it don't work
Keep coming up with love but it's so slashed and torn
Why - why?
Love
Insanity laughs under pressure we're breaking
Can't we give ourselves one more chance
Why can't we give love that one more chance
Why can't we give love, give lov,e give love, give love
Give love, give love, give love, give love, give love
'Cause love's such an old fashioned word
And love dares you to care for
The people on the (People on streets) edge of the night
And loves (People on streets) dares you to change our way of
Caring about ourselves
This is our last dance
This is our last dance
This is ourselves
Under pressure
Under pressure
Pressure"
"lyrics-000764","All the leaves are brown (all the leaves are brown)
And the sky is gray (and the sky is gray)
I've been for a walk (I've been for a walk)
On a winter's day (on a winter's day)

I'd be safe and warm (I'd be safe and warm)
If I was in L.A. (if I was in L.A.)
California dreamin' (California dreamin')
On such a winter's day

Stopped into a church
I passed along the way
Well, I got down on my knees (I got down on my knees)
And I pretend to pray (I pretend to pray)

You know the preacher likes the cold (preacher likes the cold)
He knows I'm gonna stay (knows I'm gonna stay)
California dreamin' (California dreamin')
On such a winter's day

All the leaves are brown (all the leaves are brown)
And the sky is gray (and the sky is gray)
I've been for a walk (I've been for a walk)
On a winter's day (on a winter's day)

If I didn't tell her (if I didn't tell her)
I could leave today (I could leave today)
California dreamin' (California dreamin')
On such a winter's day (California dreamin')

On such a winter's day (California dreamin')
On such a winter's day"
"lyrics-000765","People are strange
When you're a stranger
Faces look ugly
When you're alone

Women seem wicked
When you're unwanted
Streets are uneven
When you're down

When you're strange
Faces come out of the rain
When you're strange
No one remembers your name
When you're strange
When you're strange
When you're strange

People are strange
When you're a stranger
Faces look ugly
When you're alone

Women seem wicked
When you're unwanted
Streets are uneven
When you're down

When you're strange
Faces come out of the rain
When you're strange
No one remembers your name
When you're strange
When you're strange
When you're strange
All right, yeah

When you're strange
Faces come out of the rain
When you're strange
No one remembers your name

When you're strange
When you're strange
When you're strange"
"lyrics-000766","Now I come before you
Moving through this tomb
Of vapor and perfume
And fog-filled rooms
Silent compass, anger at dawn
Locked down in the harness,
Drawn away from the low
The voice is barking of nausea and fear
An unholy jargon in the judgement seat
This knowledge that despite
The angel you assume
Commander alibi
I'll surrender to the fume
It's all flesh and fleshed out and forgotten now

I'll go away back to you
I'll go away back through your love
I'll go away back to you
I'll go away back through your love

Better sing a money tune
Light a cigarette
Raise the roof above this ruin
As the song repents
Order of the underground
As the sewer runs clear
Stretch your skin in front of me
Unto every other year

But now I come for you
I come for your womb
For your vapors and your perfume
For your fog-filled rooms
For your [?] compass
For the body you adorn
As a belt, as a necklace
As a mask, as a horn
It's all flesh and fleshed out and forgotten now

I'll go away back to you
I'll go away back through your love
I'll go away back to you
I'll go away back through your love

I'll go away back to you
I'll go away back through your love
I'll go away back to you
I'll go away back through your love,
Through your love,
Through your love,
Through your love,
Through your love"
"lyrics-000767","Yeah, you never said a word
You didn't send me no letter
Don't think I could forgive you

See, our world is slowly dying
I'm not wasting no more time
Don't think I could believe you

Yeah, you never said a word
You didn't send me no letter
Don't think I could forgive you

See, our world is slowly dying
I'm not wasting no more time
Don't think I could believe you

Yeah, our hands will get more wrinkled
And our hair will be gray
Don't think I could forgive you

And see, the children are starving
And their houses were destroyed
Don't think they could forgive you

Ey, when seas will cover lands
And when man will be no more
Don't think you can forgive you

Yeah, when there'll just be silence
And when life will be over
Don't think you will forgive you

Yeah, you never said a word
You didn't send me no letter
Don't think I could forgive you

See, our world is slowly dying
I'm not wasting no more time
Don't think I could believe you

Yeah, you never said a word
You didn't send me no letter
Don't think I could forgive you

See, our world is slowly dying
I'm not wasting no more time
Don't think I could believe you

Yeah, our hands will get more wrinkled
And our hair will be gray
Don't think I could forgive you

And see, the children are starving
And their houses were destroyed
Don't think they could forgive you

Ey, when seas will cover lands
And when man will be no more
Don't think you can forgive you

Yeah, when there'll just be silence
And when life will be over
Don't think you will forgive you"
"lyrics-000768","I need a dollar, dollar a dollar is what I need
(Hey hey)
Well I need a dollar, dollar a dollar is what I need
(Hey hey)
And I said I need dollar dollar, a dollar is what I need
And if I share with you my story would you share your dollar with me

Bad times are coming and I reap what I don't sow
(Hey hey)
Well let me tell you something all that glitters ain't gold
(Hey hey)
It's been a long old trouble long old troublesome road
And I'm looking for somebody come and help me carry this load

I need a dollar dollar, a dollar that's what I need
(Hey hey)
Well I need a dollar dollar, a dollar that's what I need

Well I don't know if I'm walking on solid ground
'Cause everything around me is falling down
And all I want is for someone to help me

I had a job but the boss man let me go
(He said)
I'm sorry but I won't be needing your help no more
(I said)
Please Mister Boss man I need this job more than you know
But he gave me my last paycheck and he sent me on out the door
Well I need a dollar dollar, a dollar that's what I need
(Hey hey)

Said I need a dollar dollar, a dollar that's what I need
(Hey hey)
And I need a dollar dollar, a dollar that's what I need
And if I share with you my story would you share your dollar with me

Well I don't know if I'm walking on solid ground
'Cause everything around me is crumbling down
And all I want is for someone to help me
What in the world am I gonna do tomorrow?

Is there someone with a dollar that I can borrow?
Who can help me take away my sorrow?
Maybe it's inside the bottle
Maybe it's inside the bottle

I had some good old buddies names of whiskey and wine
(Hey hey)
And for my good old buddy I spent my last dime
(Hey hey)
My wine is good to me it helps me pass the time
And my good old buddy whiskey keeps me warmer than sunshine
(Hey Hey)
Your mom of mayhem, bless the child that's got his own
(Hey Hey)
If God has plans for me, I hope it ain't written in stone
(Hey Hey)
Because I've been working, working myself down to the bone
And I swear on grandpa's grave I'll be paid when I come home
(Hey Hey)

Well I need a dollar dollar, a dollar that's what I need
(Hey hey)
Said need a dollar dollar, a dollar that's what I need
(Hey hey)
Well I need a dollar dollar, a dollar is what I need
And if I share with you my story would you share your dollar with me

Come on share your dollar with me
Go head share your dollar with me
Come on share your dollar, give me your dollar
Share your dollar with me
Come on share your dollar with me"
"lyrics-000769","Robert's got a quick hand
He'll look around the room, he won't tell you his plan
He's got a rolled cigarette
Hanging out his mouth, he's a cowboy kid

Yeah, he found a six-shooter gun
In his dad's closet with a box of fun things
And I don't even know what
But he's coming for you, yeah, he's coming for you, wait

All the other kids with the pumped up kicks
You'd better run, better run, outrun my gun
All the other kids with the pumped up kicks
You'd better run, better run faster than my bullet

All the other kids with the pumped up kicks
You'd better run, better run, outrun my gun
All the other kids with the pumped up kicks
You'd better run, better run faster than my bullet

Daddy works a long day
He'll be coming home late, yeah, he's coming home late
And he's bringing me a surprise
'Cause dinner's in the kitchen, and it's packed in ice

I've waited for a long time
Ye, the sleight of my hand is now a quick-pull trigger
I reason with my cigarette
And say, ""Your hair's on fire, you must have lost your wits, yeah""

All the other kids with the pumped up kicks
You'd better run, better run, outrun my gun
All the other kids with the pumped up kicks
You'd better run, better run faster than my bullet

All the other kids with the pumped up kicks
You'd better run, better run, outrun my gun
All the other kids with the pumped up kicks
You'd better run, better run faster than my bullet

Run, run, run, run, run, run
Run, run, run, run
Run, run, run, run, run, run
Run, run, run, run

All the other kids with the pumped up kicks
You'd better run, better run, outrun my gun
All the other kids with the pumped up kicks
You'd better run, better run faster than my bullet

All the other kids with the pumped up kicks
You'd better run, better run, outrun my gun
All the other kids with the pumped up kicks
You'd better run, better run faster than my bullet

All the other kids with the pumped up kicks
You'd better run, better run, outrun my gun
All the other kids with the pumped up kicks
You'd better run, better run faster than my bullet"
"lyrics-000770","How fickle my heart and how woozy my eyes
I struggle to find any truth in your lies
And now my heart stumbles on things I don't know
My weakness I feel I must finally show

Lend me your hand and we'll conquer them all
But lend me your heart and I'll just let you fall
Lend me your eyes I can change what you see
But your soul you must keep, totally free

Har har, har har, har har, har har

Awake my soul
Awake my soul

How fickle my heart and how woozy my eyes
I struggle to find any truth in your lies
And now my heart stumbles on things I don't know
My weakness I feel I must finally show

Har har, har har, har har, har har

In these bodies we will live, in these bodies we will die
And where you invest your love, you invest your life
In these bodies we will live, in these bodies we will die
And where you invest your love, you invest your life

Awake my soul
Awake my soul
Awake my soul
For you were made to meet your maker

Awake my soul
Awake my soul
Awake my soul
For you were made to meet your maker
You were made to meet your maker"
"lyrics-000771","Ooh-ooh-ooh
Ooh-ooh-ooh

Friday night, last orders at the pub
Get in the car and drive to the club
There's a massive crowd outside so we get in to the queue
It's quarter past eleven now, we won't get in till quarter two

It's quarter two and we get to the front
Girl on the guest list dressed like a c*nt
She asked security to check inside my shoes
You can play this game with me but you know you're gonna lose

Look me up and down
I don't make a sound
There's a lesson that I want you to learn
It's if you're gonna play with fire then you're gonna get burned

Don't try and test me 'cause you'll get a reaction
Another drink and I'm ready for action
I don't know who you think you are
But making people scared won't get you very far

Ooh-ooh-ooh
Ooh-ooh-ooh

In the club make our way to the bar
Good dancing love but you should of worn a bra
Guy on the mike and he's making too much noise
There's these girls in the corner want attention from the boys

I see these girls and they're shouting through the crowd
Don't understand why they're being really loud
Make their way over to me and try to push me out the way
I push her back, she looks at me and says
""What you tryna say?""

Looked me up and down
I don't make a sound
There's a lesson that I want you to learn
It's if you're gonna play with fire then you're gonna get burned

Don't try and test me 'cause you'll get a reaction
Another drink and I'm ready for action
I don't know who you think you are
But making people scared won't get you very far

Don't try and test me 'cause you'll get a reaction
Another drink and I'm ready for action
I don't know who you think you are
But making people scared won't get you very far

Ooh-ooh-ooh
Ooh-ooh-ooh"
"lyrics-000772","(Szerelemnek lángjával)
(Szerelemnek lángjával)

Teli kertem zsályával
Szerelemnek lángjával
Gyönyörű violám
A te szemed fekete
Az én szívem belepte
Gyönyörűszép rózsám
Szemöldököd szivárvány
A homlokod kőmárvány
Gyönyörű violám
Hajad le van eresztve
Tested frissen feresztve
Gyönyörűszép rózsám

Teli kertem zsályával
Szerelemnek lángjával
Gyönyörű violám
A te szemed fekete
Az én szívem belepte
Gyönyörűszép rózsám
Szemöldököd szivárvány
A homlokod kőmárvány
Gyönyörű violám
Hajad le van eresztve
Tested frissen feresztve
Gyönyörűszép rózsám

Teli kertem zsályával
Szerelemnek lángjával"
"lyrics-000773","Áldozatok fehér füstje
Téged hív, szólítá
Minden szándék ismerője
Jöjj ide, jöjj ide

Áldozatok fehér füstje
Téged is szólít ám
Minden szándék ismerője
Jöjj ide, jöjj ide

Jöjj ide, jöjj ide
Jöjj ide, jöjj ide
Jöjj ide, jöjj ide
Jöjj ide, jöjj ide

Fejem tetejét
Testem közepét
Földnek tetejét
Hátam belsejét

Fejem tetejét
Testem közepét
Földnek tetejét
Hátam belsejét

Fejem tetejét
Testem közepét
Gyógyíts meg

Földnek tetejét
Hátam belsejét
Gyógyíts meg"
"lyrics-000774","lubię za dużo za szybko za często zawsze i nigdy
nie wiem po co się martwisz i dokąd kierujesz modlitwy
jestem wiecznie zmęczony i zasypiam w spokoju serca
które we własnym rytmie bije rekordy Guinessa

moje serce to myśliwy
ciut samotny i leniwy

lubię kłamać i wiem kiedy o co należy zapytać
umiem słuchać i potrafię odnaleźć się w tajemnicach
prowokuje do walki i łatwo daje za wygraną
przecież szczęście to wojna niech smutni się zbroić przestaną

¡AMIGO, E!

jestem spięty za mocno by inni mogli odpocząć
śmiechem walczę ze stresem i dbam by za łatwo nie poszło
dobrze znam swoją cenę i wiecznie zaniżam wydatki
widzę w lustrze człowieka który lubi na zapas się martwić

moje serce to myśliwy
ciut samotny i leniwy

Mi corazón es un cazador, un poco solitario y perezoso

Mi corazón es un cazador
ciut samotny i leniwy
moje serce to myśliwy
ciut samotny i leniwy"
"lyrics-000775","Lewą ręką podtrzymuję twarz,
Paznokciem kciuka prawej skrobię stół.

I nagle elektryczny staję się.
Muszę wyjść, muszę wyjść natychmiast gdzieś.

I nie raz, i nie dwa, dużo więcej!
Będę czuł czystą moc, dzikość w sercu.

Wszyscy z drogi, idę jak czołg!
To miasto będzie dziś zdobyte
Poddajcie się, poddajcie się dziewczyny też.
Kto nie jest ze mną, na przeciwko jest
Tu będzie bal, będzie bal czy chcesz czy nie.

I nie raz, i nie dwa, dużo więcej! (Dużo więcej!)
Będę czuł czystą moc, dzikość w sercu. (Będę tu, taak!)

Leżę, stopą wystukując rytm.
Liczę każdą z sufitowych rys.

I nagle elektryczna staję się.
Muszę wyjść, muszę wyjść natychmiast gdzieś.

I nie raz, i nie dwa, dużo więcej!
Będę czuł czystą moc, dzikość w sercu. (Będziesz czuł to!)
I nie raz, i nie dwa, dużo więcej! (Aaa, dużo więcej!)
Będę czuł czystą moc, dzikość w sercu."
"lyrics-000776","R jak robota ta którą odwołano
mówili kwarantanna więc pierwsza kwarta rano
O jak odkażacz - niezbędnik bohatera
żywego srebra flaszka odkazi Cię do zera
Z jak zakupy - tłum patrzy przerażony
spokojnie ja po flaszkę a nie po makarony
L jak libacja akcyzy degustacja
ratujmy budżet państwa w gospodarce spacja

Już spacja! (x7)

Poczekaj zły mikrobie, poczekaj hola hola
Nie damy się chorobie, już czeka turbo-cola
Na dupie siedzę w domu, lecz wcale się nie gniewam
Nie sprzedam Cię nikomu, otwieram i rozlewam

rozlewam (x3)

E jak entuzjazm potrzeba dobra wola
nie oddajemy pola jest whisky i jest cola
W jak wirusy co infekują newsy
kieliszki będą pełne a puste autobusy
A jak abstrakcja do wczoraj byłem zerem
dziś nic nie robiąc w domu zostałem bohaterem
M jak maseczka co chroni słabe ciało
zdjąć znowu zapomniałem na boki się ulało

Ulało! (x7)

Poczekaj zły mikrobie, poczekaj hola hola
Nie damy się chorobie, już czeka turbo-cola
Na dupie siedzę w domu, lecz wcale się nie gniewam
Nie sprzedam Cię nikomu, otwieram i rozlewam

rozlewam (x3)

R jak remonty co cała Polska robi,
O jak oszczędzaj nie dawaj Owsiakowi
Z jak zwolnienie bo właśnie szefo dzwoni
L tak jak lekcje co robisz bombelkowi
E jak epoka dla ludzi gruboskórnych
W jak wybory - zabiorą Cię do urny
A jak alarmy co trzęsą Twoim gettem
M jak myj ręce śpiewając jakiś refren

Poczekaj zły mikrobie, poczekaj hola hola
Odpocznę chyba w grobie, nie dla mnie turbo-cola
A miało być tak cudnie, spokojne tęgie chlanie
Tymczasem portfel chudnie, przepraszam...

(odkurzyć miałeś!)"
"lyrics-000777","powtarzamy rytmy
ryty uśrednione
powtarzamy rytmy
rytmy są z gestów
rytmy są z gestów i odruchów
taki chów widocznie

kieliszki, kawy, lufki, domówki żarty
a każdy żart głupi jak drewniane 5 zł
udajemy świty
udajemy koty
potem do roboty

a przecież stoisz taki młody, taki młody
i podchodzi dziewczyna i pyta:
czy mogę od pana ogień?
a ty wiesz że to nie gramatycznie
i tylko popiół masz
od pana ogień?
podchodzi dziewczyna i pyta:
czy mogę od pana ogień?
a ty wiesz i tylko popiół masz

przegrywamy bitwy
by wygrywać wojny
ale nie wiadomo kiedy te się kończą
uznajemy zatem że to zawieszenie broni
nic się nie broni
goni nas czas

poklepuje zmarszczki
gorzkie piany piw
prawdy jak cukierki zawinięte w fałsze
wyparte farsze
o, wyparte farsze

a przecież stoisz taki młody, taki młody
i podchodzi dziewczyna i pyta:
czy mogę od pana ogień?
a ty wiesz że to nie gramatycznie
i tylko popiół masz
od pana ogień?
podchodzi dziewczyna i pyta:
czy mogę od pana ogień?
a ty wiesz i tylko popiół masz

powtarzamy rytmy
hit me baby one more time
łapiemy sie na blichtry
udając że to ironicznie
ślicznie sie snujemy w świetle latarni
marni, ale jeszcze nie zmarli
parlibyśmy na przód

tylko gdzie przód, a gdzie spód?
tylko gdzie przód, a gdzie spód?

a przecież stoisz taki młody, taki młody
i podchodzi dziewczyna i pyta:
czy mogę od pana ogień?
a ty wiesz że to nie gramatycznie
i tylko popiół masz
od pana ogień?
popiół masz
od pana ogień?
popiół masz
popiół masz"
"lyrics-000778","Gdzieś tam podobno jest sens
lecz ty ciągle tu
jesteś dziś taki męski jak pirat
mocno zaniedbany i trochę pijany, a niebo śmieje się do łez (2x)

Piękno co nie musi walczyć
a gdy idzie to tańczy
Najwyraźniej schudła i za rękę idzie z kimś
I w jednej chwili pękło serce
I widzisz że szczęśliwa jest
W podróży jest i jest tam z nim
a ty patrzysz

Chodź przez chwilę poczuć przypływ
niczym ślimak - ostrze brzytwy
przecież wie, na pewno wie
że tylko dla niej wiecznie bije czarne serce
i bliżej nikt nie będzie nigdy w żadnym innym mieście
tylko tam gdzie jesteś

Biegnij u jej stóp położyć na bezdusznym miasta tego progu - czarne serce
wszystko co dziś masz trochę wspomnień i nic wiecej - tylko czarne serce"
"lyrics-000779","Kiedy pali się dom
Dom odległy
Spłonąć może zaraz dom sąsiedni
Ciągle gra tu o tron
Tron ponętny
Co zamienia prawdę w mętny mętlik
Skąd tyle tu zła
Cierpień, walk, absurdu i bólu

I wspólny krach
Bomby strach
Kilometry wrogich murów

Czy to ten nowy łat
Lekkie życie wśród wolności wirów
Wielka żonglerka prawd
Spektakl błaznów
I gonitwa szczurów"
"lyrics-000780","Drżenie ud na Twój gest
Wnętrze mi kipi
Ty znów zawstydzasz mnie

Duszno mi, stawiam się
I robię uniki
Byś nie odgadł co mi jest

I tylko nie wiem czy będę
Nie wiem czy będę w stanie podnieść głos
By się temu sprzeciwić
Że zwiedzasz, badasz, czytasz mnie na wskroś

Plamy ci wskażą wiek
Blizny powiedzą
Że bywało u mnie źle

Piersi mam jednej mniej
Lecz Tobie to wisi
Mówisz, że zachwyca Cię

I tylko nie wiem czy będę
Nie wiem czy będę w stanie podnieść głos
By się temu sprzeciwić
Że zwiedzasz, badasz, czytasz mnie na wskroś"
"lyrics-000781","kiedy mi mówisz że mam piękną duszę
oboje wiemy co masz na myśli
kiedy tłumaczysz mi co ja muszę
zaraz skończysz tak jak oni wszyscy
jak wszyscy
podziwiają mnie że jestem odważna
a ja zawsze noszę strach w kieszeni
się uśmiecham, błyszczę na kolacjach
może wtedy ktoś się ze mną ożeni
może nie

pytasz czego chcę naprawdę
chcę nudnego roku
chwilę postać z boku
w końcu móc rozluźnić gardę
rozejść się z okopów
zgodzić się na pokój

myślę że śmierć to tylko namiastka
w porównaniu z tym co jest teraz
chcę oddychać, a tu wszędzie astma
chcę być miła, ale jestem szczera
zwyczajnie szczera

to z czym walczę jest takie małe
a ogromne to co walczy ze mną
ja to wygram jednym wystrzałem
i przeproszę, że miałam czelność

pytasz czego chcę naprawdę
chcę nudnego roku
chwilę postać z boku
w końcu móc rozluźnić gardę
rozejść się z okopów
zgodzić się na pokój"
"lyrics-000782","Moje niejasności zamiast się wyjaśnić, utrwaliły się.
Pytasz: ""Czy to dobrze?"" Spytaj kiedy indziej.
Jestem zbyt zajęta. Nie popełnić błędu staram się.

Ryżu z ulicy nie wyzbierasz, gdy raz rozsypany.
Cholerne gołębie wyjadły wszystko.
Został tylko kurz i kamień.
Dlaczego wszystko
jest tak proste,
jest tak proste,
jest tak proste
Póki nie przytrafi się Tobie?

Wasze wątpliwości pozostaną zawsze w tym temacie.
Brak przynależności. Gdy chcę jedną zyskać, drugą tracę.
Uśpię swoją czujność. Może tak przestanie mi przeszkadzać
Nadmiar możliwości. Gdy nie mogę kochać, nie mam jak zdradzać.

Moje niejasności i Twoje niejasności pokrywają się. Może będzie dobrze..."
"lyrics-000783","If I have to be crazy to say that i love you girl
i don't care no
if i have to leave the town to say that i need you girl
i'll be there
it's only emotions and it's coming back to you

something there in my mind
is telling me, it's time
which story i
should trust now
i wanted to keep them fine
i wanted to keep them good
and you know my style that i need some time
to tell you that
you're still looking fine
i wanted to keep them fine
i wanted to keep them good

and baby you know that i still got a plan
to get us back on track
but you've got to help me
i wanted to keep the fine
i wanted to keep the good"
"lyrics-000784","(Czego się nie robi dla takiego uśmiechu)

Skądś to znam
Balkony mijam od setek lat
Bezwładnie spadam do ziemi, trzask
Miarowy oddech, trzymam ten stan
Mam ten stan
Skądś to znam
Ktoś w mieście mówił ""to zacny pan""
Dobry dom, dobry jest i on za dnia
Nocami jednak łzy chłodzą twarz
Skok na ""raz""

Już nie ma takich jak my
Nie znajdziesz takich jak my
Już nie ma takich jak ty, ty
Już nie ma takich jak my
Nie znajdziesz takich jak my
Już nie ma takich jak ty, ty

Raz, trzask, widok nowy
Przesłoniły mi amory
Zmory, już się chowam
Już twarz chowam
W zakrwawionych dłoniach
Dwa, skacz, pruj balkony
Odcień ust miał malinowy
Skaczę, płaczę, śmieję, tnę nadzieję

Już nie ma takich jak my
Nie znajdziesz takich jak my
Już nie ma takich jak ty, ty
Już nie ma takich jak my
Nie znajdziesz takich jak my
Już nie ma takich jak ty, ty

(Czego się nie robi dla takiego uśmiechu)"
"lyrics-000785","Ponoć Duch
To z natury
Lekkoduch
To ryzykant gotów
Do szalonych lotów.

Jako ducha ofiara,
Przeoblekam się w Ikara
I tak trochę na HURA!
Obrastam w pióra.
Obrastam w pióra,
Jak ta kura.

Choć w strachu,
Rzucam się z dachu,
Chwilę szybuję,
I pikuję w tuje.

Ał.

Ryzykuję, szybuję
Robię Wow!
Coś psuję, pikuję,
Robię Ał.

Jedyne co ważne,
To czyny
Odważnie
Nierozważne.

Już mam dość upadków,
Mam swoje lata.
Już mi te latanie
I ryzyko lata.
Lecz ach,
Duch pcha na dach:
""Skacz, zaszalej,
Może
Upadniesz o krok, dwa dalej...

Upadniesz krok dalej
I może się dowiesz,
Że masz lepszy świat,
Spowity mgłami,
Gdzieś tam,
Za tymi cholernymi tujami""

Skacz!
Zaszalej!"
"lyrics-000786","Pozwól mi być z tobą tu
w cieple twym na skraju snów
pozwól pobyć w nich
wejść we włosów cień
pozwól, że w twym porcie moja licha łódź
znajdzie przystań swą
pozwól mi być z tobą

Zanim wstanie miasto, już nie będzie mnie
zanim wstanie miasto, biegnę znów do ciebie
biegnę do ciebie
przez mróz i upał, przestrzeń i czas
biegnę do ciebie
przez gaje wiosek, dżungle miast
biegnę do ciebie
nocą i za dnia
nie wiem, czy czekasz mnie
nie wiem, gdzie szukać cię mam

Głodno mi, więc nasyć mnie
chłodno mi, w zatoce dłoni pozwól ogrzać się
rzucił mnie tu sztorm
pozwól, że w twym porcie moja licha łódź
znajdzie przystań swą
pozwól mi być z tobą

Zanim wstanie miasto, już nie będzie mnie
zanim wstanie miasto, biegnę znów do ciebie
biegnę do ciebie
przez mróz i upał, przestrzeń, czas
biegnę do ciebie
przez gaje wiosek, dżungle miast
biegnę do ciebie
nocą i za dnia
nie wiem, czy czekasz mnie
nie wiem, gdzie szukać cię mam

Pozwól mi być z tobą tu
póki znów nie stanie w progu
białą stopą świt
mapę twoją zna
pozwól, że w twym porcie moja licha łódź
znajdzie przystań swą
pozwól mi być z tobą

Biegnę do ciebie
Biegnę do ciebie
Biegnę do ciebie
Biegnę do ciebie"
"lyrics-000787","Tak chciałabym - tak umiałabym
powiewną być - niby dym!
Królewną być - złote kwiatki rwać
i trenować nowe miny i przed lustrem stać!

Tak bym chciała damą być,
ach, damą być, ach, damą być
i na wyspach bananowych dyrdymały śnić!

Nie mam serca do czekania,
do liczenia, do zbierania,
Nie, mnie nie zrozumie pan!
Nie mam głowy do posady,
do parady, do ogłady -
to zbyt opłakany stan!

Chcę swój szyk jak dama mieć,
jak dama mieć, jak dama mieć,
i jak moja ciocia Jadzia z wrażliwości mdleć!

Nie mam serca do sieroty,
zgubionego wajdeloty
Nie, mnie nie zrozumie pan!
To nie mój styl z ""musztardówki"" pić
i z panem ""na wiarę"" żyć!
Wolałabym na stokrotkach spać
i trenować nowe miny, i przed lustrem stać!

Tak bym chciała damą być,
ach, damą być, ach, damą być
i na wyspach bananowych ""bananówkę"" pić!

Nie mam serca do pilności,
do piękności, do świętości,
to zbyt wyszukany stan!
Nie mam głowy do dyplomu,
do poziomu, zbiórki złomu,
nie, mnie nie zrozumie pan!

Damą być, ach, c'est si bon,
ach, c'est si bon, ach c'est si bon,
tylko gdzie te, gdzie te damy,
gdzie te damy są?
Z kochasiem gdzieś poszły w siną dal,
Odfrunęły z królikami, a głupiemu żal!"
"lyrics-000788","Puste plaże Juraty, zasnęły kosze już,
Tylko facet zawiany, podpiera nosem słup.
Szarą płachtę gazety, unosi w górę wiatr,
Dzisiaj nikt nie odczyta, co nam donosił świat.

Serce gryzie nostalgia, a duszę ścina lód,
W radiu śpiewa Mahalia swój czarny smętny blues.
Hotel wolnych pokoi, w recepcji pająk śpi,
W torby wkładam powoli, okruchy tamtych dni.

Już nie ma dzikich plaż, na których zbierałam bursztyny,
Gdy z psem do Ciebie szłam, a mewy ósemki kreśliły, kreśliły.
Już nie ma dzikich plaż i gwarnej kafejki przy molo,
Niejedna znikła twarz i wielu przegrało swą młodość, swą młodość.

Wsiadam w pociąg powrotny, ocieram jedną łzę,
Ludzie są samotni, czy tego chcą - czy nie.
Patrzę w oczy jesieni, nad morzem stada chmur,
Pejzaż moich nadziei umyka mi spod kół.

Serce gryzie nostalgia, a duszę ścina lód,
W radiu śpiewa Mahalia swój czarny smętny blues.
Hotel wolnych pokoi, w recepcji pająk śpi,
W torby wkładam powoli, okruchy tamtych dni.

Już nie ma dzikich plaż, na których zbierałam bursztyny,
Gdy z psem do Ciebie szłam, a mewy ósemki kreśliły, kreśliły.
Już nie ma dzikich plaż i gwarnej kafejki przy molo,
Niejedna znikła twarz i wielu przegrało swą młodość, swą młodość.

Już nie ma dzikich plaż starego sprzedawcy pamiątek
I tylko w szumie traw znajduję ten cichy zakątek, zakątek.
Już nie ma dzikich plaż, na których zbierałam bursztyny,
Gdy z psem do Ciebie szłam, a mewy ósemki kreśliły, kreśliły

Już nie ma dzikich plaż i gwarnej kafejki przy molo,
Niejedna znikła twarz i wielu przegrało swą młodość, swą młodość.."
"lyrics-000789","Historio, historio,
cóżeś ty za pani,
że dla ciebie giną,
że dla ciebie giną
chłopcy malowani.

Orszaki, dworaki,
szum pawich piór!
Orszaki, dworaki,
szum!

Historio, historio,
czarna dyskoteko,
nie pozwalasz wytchnąć
ludziom ani wiekom.

Orszaki, dworaki,
szum pawich piór!
Orszaki, dworaki,
szum!

Historio, historio,
ty macocho nasza
tak nam dałaś mało
oprócz ojczenasza.

Orszaki, dworaki,
szum pawich piór!
Orszaki, dworaki,
szum!

Historio, historio,
cóżeś ty za matnia,
pchamy się na scenę,
a to jeszcze szatnia.

Orszaki, dworaki,
szum pawich piór!
Orszaki, dworaki,
szum!

Historio, historio,
jaka w tobie siła,
żeś ty całe światy
z mapy poznosiła.

Orszaki, dworaki,
szum pawich piór!
Orszaki, dworaki,
szum!

Historio, historio,
ty ballado gorzka
czemu stale rosną
twoje własne koszta

Orszaki, dworaki,
szum pawich piór!
Orszaki, dworaki,
szum!

Historio, historio,
tania z ciebie dziewka,
miała być canzona,
a jest stara śpiewka.

Orszaki, dworaki,
szum pawich piór!
Orszaki, dworaki,
szum!

Historio, historio,
tyle w tobie marzeń,
często ciebie piszą
kłamcy i gówniarze.

Orszaki, dworaki,
szum pawich piór!
Orszaki, dworaki,
szum!

Historio, historio,
ty żarłoczny micie,
co dla ciebie znaczy
jedno ludzkie życie?

Orszaki, dworaki,
szum!"
"lyrics-000790","Remember when I was a ten
And did not look like a guy
My hair was long
I had clothes on
But now, I get nude and cry
Since the VMA's, all the people say
I am a total skank
Grinded Robin Thicke
Made the whole crowd sick
Especially the Smith's

I'm basically a wrecking ball
For the youth of America
All I want is to brainwash them all
With my massive nipples, under my tee
We must be like Miley

Now watch me ride, a ball and try
To, make a seductive face
But creepily, I totally
Look just like Nicholas Cage
Time to for me to lick
This hammer like its, a big metal penis
I'll lick anything
For more attention
This condom looks delish

I'm naked on a wrecking ball
Showing off my pale boobs and butt
Now I'm dry-humping a broken wall
I went from Disney to
Twerk-crazed and skanky
I need to get therapy

Excuse me I'm here for the porn
Bend over girl lets make this quick

What do you mean this is not porn

Then why the hell are you naked

Because I'm a wannabe whore
Who sluts it up to get more views

So that means we don't have to screw
Thank God

Excuse me?!

You are too dirty
For Ron Jeremy
Sorry sweetie its true

I ruined a beautiful song
With a disgusting video

Okay this has gone on way too long
You need to get off of
Our construction site

How do you expect us to work
With a crazy anorexic chick
Swinging naked from our equipment

And licking and humping
Everything she sees

Sorry, but I'm not leaving

Oh no, now she is twerking

Dear God, just kill us now please"
"lyrics-000791","One pill makes you larger
And one pill makes you small
And the ones that mother gives you
Don't do anything at all
Go ask Alice
When she's ten feet tall

Go ask Alice
I think she'll know
Remember what the dormouse said
Feed your head
Feed your head

And if you go chasing rabbits
And you know you're going to fall
Tell 'em a hookah-smoking caterpillar
Has given you the call
Call Alice
When she was just small

Go ask Alice
I think she'll know
Remember what the Dormouse said
Feed your head
Feed your head"
"lyrics-000792","Now and then I think of when we were together
Like when you said you felt so happy you could die
Told myself that you were right for me
But felt so lonely in your company
But that was love and it's an ache I still remember

But you didn't have to cut me off
Make out like it never happened and that we were nothing
And I don't even need your love
Butt you treat me like a stranger, and that feels so rough
No, you didn't have to stoop so low
Have your friends collect your records and then change your number
I guess that I don't need that though
Now you're just somebody that I used to know

Now you're just somebody that I used to know
Now you're just somebody that I used to know

Now you're just somebody that I used to know

Now and then I think of all the times you screwed me over
But had me believing it was always something that I'd done
But I don't wanna live that way
Reading into every word you say
You said that you could let it go
And I wouldn't catch you hung up on somebody that you used to know

But you didn't have cut me off
Make out like it never happened and that we were nothing
And I don't even need your love
But you treat me like a stranger, and that feels so rough
No, you didn't have to stoop so low
Have your friends collect your records and then change your number
I guess that I don't need that though
Now you're just somebody that I used to know

Now you're just somebody that I used to know"
"lyrics-000793","Now and then I think of when we were together
Like when you said you felt so happy you could die
Told myself that you were right for me
But felt so lonely in your company
But that was love, and it's an ache I still remember

You can get addicted to a certain kind of sadness
Like resignation to the end, always the end
So when we found that we could not make sense
Well, you said that we would still be friends
But I'll admit that I was glad it was over

But you didn't have to cut me off
Make out like it never happened and that we were nothing
And I don't even need your love
But you treat me like a stranger, and that feels so rough
No, you didn't have to stoop so low
Have your friends collect your records and then change your number
I guess that I don't need that, though
Now you're just somebody that I used to know

Now you're just somebody that I used to know

Now you're just somebody that I used to know

Now and then I think of all the times you screwed me over
But had me believing it was always something that I'd done

And I don't wanna live that way
Reading into every word you say
You said that you could let it go
And I wouldn't catch you hung up on somebody that you used to know

But you didn't have to cut me off
Make out like it never happened and that we were nothing (aah-ooh)
And I don't even need your love (ooh)
But you treat me like a stranger, and that feels so rough (aah)
No, you didn't have to stoop so low (ooh)
Have your friends collect your records and then change your number (aah)
I guess that I don't need that, though
Now you're just somebody that I used to know

Somebody (I used to know)
Somebody (now you're just somebody that I used to know)
Somebody (I used to know)
Somebody (now you're just somebody that I used to know)
I used to know
That I used to know
I used to know
Somebody"
"lyrics-000794","Right on time as I was thinking I'm nowhere
I caught your vibe and you were takin' me somewhere
And I can't wait
Don't hesitate
Hey, I can't hide it, my face says what's inside
And you take me every time
Just when I think the feeling's gone
I can't let go, I still belong
To a love that changes everything
You make me feel, you make think
To love, love someone like you
To love
There'll never be one like you
One like you
I can't change the way you're making me change, yeah
Well, that's okay, it's in the things that you don't say
But baby, please
Please believe me
I can't take it, it's easy
I've seen you naked
Believe me, we're gonna make it
Just when I think the feeling's gone
I can't let go, I still belong
To a love that changes everything
You make me feel, you make think
To love, love someone like you
To love
There'll never be one like you
One like you
If it's gone too far
When it's gone too far
Then it's gone too far to be gone
If it's what I want
And it's what you want
If it's what we want then it's on
♪
Just when I think the feeling's gone
I can't let go, I still belong
To a love that changes everything
You make me feel, you make think
To love, love someone like you
To love
There'll never be one like you
One like you, one like you
"
"lyrics-000795","Ground Control to Major Tom
Ground Control to Major Tom
Take your protein pills and put your helmet on

Ground Control to Major Tom
Commencing countdown, engines on

Check ignition and may God's love be with you

This is Ground Control to Major Tom
You've really made the grade

And the papers want to know whose shirts you wear
Now it's time to leave the capsule if you dare

This is Major Tom to Ground Control

I'm stepping through the door
And I'm floating in a most peculiar way
And the stars look very different today

For here

Am I sitting in a tin can
Far above the world
Planet Earth is blue
And there's nothing I can do

Though I'm past one hundred thousand miles
I'm feeling very still
And I think my spaceship knows which way to go
Tell my wife I love her very much she knows

Ground Control to Major Tom
Your circuit's dead, there's something wrong
Can you hear me, Major Tom?
Can you hear me, Major Tom?
Can you hear me, Major Tom?
Can you...
Here am I floating round my tin can
Far above the Moon
Planet Earth is blue
And there's nothing I can do"
"lyrics-000796","O Fortuna, velut luna
Statu variabilis
Semper crescis aut decrescis
Vita detestabilis

Nunc obdurat et tunc curat
Ludo mentis aciem
Egestatem, potestatem
Dissolvit ut glaciem

Sors immanis et inanis
Rota tu volubilis
Status malus, vana salus
Semper dissolubilis

Obumbrata et velata
Michi quoque niteris
Nunc per ludum, dorsum nudum
Fero tui sceleris

Semper crescis aut decrescis
Vita detestabilis

Nunc obdurat et tunc curat
Ludo mentis aciem
Egestatem, potestatem
Dissolvit ut glaciem

Sors inmanis et inanis
Rota tu volubilis
Status malus, vana salus
Semper dissolubilis

Obumbrata et velata
Michi quoque niteris
Nunc per ludum, dorsum nudum
Fero tui sceleris

Sors salutis et virtutis
Michi nunc contraria
Est affectus et deffectus
Semper in angaria

Hac in hora sine mora
Corde pulsum tangite
Quod per sortem sternit fortem
Mecum omnes plangite"
