dokument_kod	dokument_plik	dokument_tytul	url_stabilny	poziom	glebokosc	kolejnosc	sekcja_tytul	anchor	anchor_status	deep_link
A1	a1_POCZATEK_ZAMROZONE_kolumbryna-v3_5-2026-03-31-anchory.html	Kolumbryna — Wielka analiza systemowa · v3.5 · 31 marca 2026	https://maciektora-hue.github.io/rosja/kolumbryna/	H1	1	1	Kolumbryna 🐙	kolumbryna	OK	https://maciektora-hue.github.io/rosja/kolumbryna/#kolumbryna
A1	a1_POCZATEK_ZAMROZONE_kolumbryna-v3_5-2026-03-31-anchory.html	Kolumbryna — Wielka analiza systemowa · v3.5 · 31 marca 2026	https://maciektora-hue.github.io/rosja/kolumbryna/	H2	2	2	Rozdział 1. Front i spirala OPL — trójkąt spalania	front-spirala-opl	OK	https://maciektora-hue.github.io/rosja/kolumbryna/#front-spirala-opl
A1	a1_POCZATEK_ZAMROZONE_kolumbryna-v3_5-2026-03-31-anchory.html	Kolumbryna — Wielka analiza systemowa · v3.5 · 31 marca 2026	https://maciektora-hue.github.io/rosja/kolumbryna/	H2	2	3	Rozdział 2. Arsenał nuklearny — odstraszanie na papierze	arsenal-nuklearny	OK	https://maciektora-hue.github.io/rosja/kolumbryna/#arsenal-nuklearny
A1	a1_POCZATEK_ZAMROZONE_kolumbryna-v3_5-2026-03-31-anchory.html	Kolumbryna — Wielka analiza systemowa · v3.5 · 31 marca 2026	https://maciektora-hue.github.io/rosja/kolumbryna/	H2	2	4	Rozdział 3. Budżet, NWF i paradoks Hormuz	budzet-nwf-hormuz	OK	https://maciektora-hue.github.io/rosja/kolumbryna/#budzet-nwf-hormuz
A1	a1_POCZATEK_ZAMROZONE_kolumbryna-v3_5-2026-03-31-anchory.html	Kolumbryna — Wielka analiza systemowa · v3.5 · 31 marca 2026	https://maciektora-hue.github.io/rosja/kolumbryna/	H2	2	5	Rozdział 4. Eksport, dewizy i majątek — co jeszcze działa	eksport-dewizy-majatek	OK	https://maciektora-hue.github.io/rosja/kolumbryna/#eksport-dewizy-majatek
A1	a1_POCZATEK_ZAMROZONE_kolumbryna-v3_5-2026-03-31-anchory.html	Kolumbryna — Wielka analiza systemowa · v3.5 · 31 marca 2026	https://maciektora-hue.github.io/rosja/kolumbryna/	H2	2	6	Rozdział 5. Infrastruktura się sypie — kolej, rury, samoloty	infrastruktura-kolej-rury-samoloty	OK	https://maciektora-hue.github.io/rosja/kolumbryna/#infrastruktura-kolej-rury-samoloty
A1	a1_POCZATEK_ZAMROZONE_kolumbryna-v3_5-2026-03-31-anchory.html	Kolumbryna — Wielka analiza systemowa · v3.5 · 31 marca 2026	https://maciektora-hue.github.io/rosja/kolumbryna/	H2	2	7	Rozdział 6. Społeczeństwo na krawędzi — brain drain, pensje, policja	spoleczenstwo-na-krawedzi	OK	https://maciektora-hue.github.io/rosja/kolumbryna/#spoleczenstwo-na-krawedzi
A1	a1_POCZATEK_ZAMROZONE_kolumbryna-v3_5-2026-03-31-anchory.html	Kolumbryna — Wielka analiza systemowa · v3.5 · 31 marca 2026	https://maciektora-hue.github.io/rosja/kolumbryna/	H2	2	8	Rozdział 7. Bestiariusz — 24 szare nosorożce i ich sprzężenia	bestiariusz-szare-nosorozce	OK	https://maciektora-hue.github.io/rosja/kolumbryna/#bestiariusz-szare-nosorozce
A1	a1_POCZATEK_ZAMROZONE_kolumbryna-v3_5-2026-03-31-anchory.html	Kolumbryna — Wielka analiza systemowa · v3.5 · 31 marca 2026	https://maciektora-hue.github.io/rosja/kolumbryna/	H2	2	9	Rozdział 8. Patologia informacyjna i dlaczego nie Korea Północna	patologia-informacyjna	OK	https://maciektora-hue.github.io/rosja/kolumbryna/#patologia-informacyjna
A1	a1_POCZATEK_ZAMROZONE_kolumbryna-v3_5-2026-03-31-anchory.html	Kolumbryna — Wielka analiza systemowa · v3.5 · 31 marca 2026	https://maciektora-hue.github.io/rosja/kolumbryna/	H2	2	10	Rozdział 9. Chemia pożarów, uzależnienie i sezonowość	chemia-pozarow-uzaleznienie-sezonowosc	OK	https://maciektora-hue.github.io/rosja/kolumbryna/#chemia-pozarow-uzaleznienie-sezonowosc
A1	a1_POCZATEK_ZAMROZONE_kolumbryna-v3_5-2026-03-31-anchory.html	Kolumbryna — Wielka analiza systemowa · v3.5 · 31 marca 2026	https://maciektora-hue.github.io/rosja/kolumbryna/	H2	2	11	Rozdział 10. Jest już za późno — konkluzja Części I	za-pozno-konkluzja-czesci-i	OK	https://maciektora-hue.github.io/rosja/kolumbryna/#za-pozno-konkluzja-czesci-i
A1	a1_POCZATEK_ZAMROZONE_kolumbryna-v3_5-2026-03-31-anchory.html	Kolumbryna — Wielka analiza systemowa · v3.5 · 31 marca 2026	https://maciektora-hue.github.io/rosja/kolumbryna/	H2	2	12	Rozdział 11. Dlaczego to nie jest pytanie o pieniądze	nie-pytanie-o-pieniadze	OK	https://maciektora-hue.github.io/rosja/kolumbryna/#nie-pytanie-o-pieniadze
A1	a1_POCZATEK_ZAMROZONE_kolumbryna-v3_5-2026-03-31-anchory.html	Kolumbryna — Wielka analiza systemowa · v3.5 · 31 marca 2026	https://maciektora-hue.github.io/rosja/kolumbryna/	H2	2	13	Rozdział 12. Zasoby, skreślenia i dziewięć scenariuszy desperacji	zasoby-skreslenia-scenariusze-desperacji	OK	https://maciektora-hue.github.io/rosja/kolumbryna/#zasoby-skreslenia-scenariusze-desperacji
A1	a1_POCZATEK_ZAMROZONE_kolumbryna-v3_5-2026-03-31-anchory.html	Kolumbryna — Wielka analiza systemowa · v3.5 · 31 marca 2026	https://maciektora-hue.github.io/rosja/kolumbryna/	H2	2	14	Rozdział 13. Kiedy elity odłączą się od Putina?	elity-odlaczaja-sie-od-putina	OK	https://maciektora-hue.github.io/rosja/kolumbryna/#elity-odlaczaja-sie-od-putina
A1	a1_POCZATEK_ZAMROZONE_kolumbryna-v3_5-2026-03-31-anchory.html	Kolumbryna — Wielka analiza systemowa · v3.5 · 31 marca 2026	https://maciektora-hue.github.io/rosja/kolumbryna/	H2	2	15	Rozdział 14. Rozpad irańskiej państwowości i koncepcja operacyjna	rozpad-iranu-koncepcja-operacyjna	OK	https://maciektora-hue.github.io/rosja/kolumbryna/#rozpad-iranu-koncepcja-operacyjna
A1	a1_POCZATEK_ZAMROZONE_kolumbryna-v3_5-2026-03-31-anchory.html	Kolumbryna — Wielka analiza systemowa · v3.5 · 31 marca 2026	https://maciektora-hue.github.io/rosja/kolumbryna/	H2	2	16	Rozdział 15. Mapa aktorów i ryzyka krytyczne	mapa-aktorow-ryzyka-krytyczne	OK	https://maciektora-hue.github.io/rosja/kolumbryna/#mapa-aktorow-ryzyka-krytyczne
A1	a1_POCZATEK_ZAMROZONE_kolumbryna-v3_5-2026-03-31-anchory.html	Kolumbryna — Wielka analiza systemowa · v3.5 · 31 marca 2026	https://maciektora-hue.github.io/rosja/kolumbryna/	H2	2	17	Rozdział 16. Hanza 2.0 — porządek bez architekta	hanza-2-0	OK	https://maciektora-hue.github.io/rosja/kolumbryna/#hanza-2-0
A1	a1_POCZATEK_ZAMROZONE_kolumbryna-v3_5-2026-03-31-anchory.html	Kolumbryna — Wielka analiza systemowa · v3.5 · 31 marca 2026	https://maciektora-hue.github.io/rosja/kolumbryna/	H2	2	18	Rozdział 17. Od Ormuzu do panelu — struktura, szok i substytucja	od-ormuzu-do-panelu	OK	https://maciektora-hue.github.io/rosja/kolumbryna/#od-ormuzu-do-panelu
A1	a1_POCZATEK_ZAMROZONE_kolumbryna-v3_5-2026-03-31-anchory.html	Kolumbryna — Wielka analiza systemowa · v3.5 · 31 marca 2026	https://maciektora-hue.github.io/rosja/kolumbryna/	H2	2	19	Rozdział 18. Monopole i topologia władzy	monopole-topologia-wladzy	OK	https://maciektora-hue.github.io/rosja/kolumbryna/#monopole-topologia-wladzy
A1	a1_POCZATEK_ZAMROZONE_kolumbryna-v3_5-2026-03-31-anchory.html	Kolumbryna — Wielka analiza systemowa · v3.5 · 31 marca 2026	https://maciektora-hue.github.io/rosja/kolumbryna/	H2	2	20	Rozdział 19. Disinfolklore i Dark Legitimacy — trucizna i ciemna strona	disinfolklore-dark-legitimacy	OK	https://maciektora-hue.github.io/rosja/kolumbryna/#disinfolklore-dark-legitimacy
A1	a1_POCZATEK_ZAMROZONE_kolumbryna-v3_5-2026-03-31-anchory.html	Kolumbryna — Wielka analiza systemowa · v3.5 · 31 marca 2026	https://maciektora-hue.github.io/rosja/kolumbryna/	H2	2	21	Rozdział 20. Źródła, etyka i granice poznania	zrodla-etyka-granice-poznania	OK	https://maciektora-hue.github.io/rosja/kolumbryna/#zrodla-etyka-granice-poznania
A1	a1_POCZATEK_ZAMROZONE_kolumbryna-v3_5-2026-03-31-anchory.html	Kolumbryna — Wielka analiza systemowa · v3.5 · 31 marca 2026	https://maciektora-hue.github.io/rosja/kolumbryna/	H2	2	22	Rozdział 21. Steelmanning systemu — Chiny, inercja, zmęczenie Zachodu	steelmanning-systemu	OK	https://maciektora-hue.github.io/rosja/kolumbryna/#steelmanning-systemu
A1	a1_POCZATEK_ZAMROZONE_kolumbryna-v3_5-2026-03-31-anchory.html	Kolumbryna — Wielka analiza systemowa · v3.5 · 31 marca 2026	https://maciektora-hue.github.io/rosja/kolumbryna/	H2	2	23	Rozdział 22. Disinfolklore pod lupą — SWOT i przesłuchanie sądowe	disinfolklore-swot-przesluchanie	OK	https://maciektora-hue.github.io/rosja/kolumbryna/#disinfolklore-swot-przesluchanie
A1	a1_POCZATEK_ZAMROZONE_kolumbryna-v3_5-2026-03-31-anchory.html	Kolumbryna — Wielka analiza systemowa · v3.5 · 31 marca 2026	https://maciektora-hue.github.io/rosja/kolumbryna/	H2	2	24	Rozdział 23. Zrewidowana konkluzja — mapa, nie GPS	zrewidowana-konkluzja	OK	https://maciektora-hue.github.io/rosja/kolumbryna/#zrewidowana-konkluzja
A2	a2_ZAMROZONE-maj-2026-gradually-stalo-sie-suddenly-v25_00-2026-06-25.html	ZAMROZONE · maj 2026. gradually stalo sie suddenly · v25.00	https://maciektora-hue.github.io/rosja/gradually-suddenly/	H1	1	1	maj 2026. gradually stalo sie suddenly	gradually-stalo-sie-suddenly	OK	https://maciektora-hue.github.io/rosja/gradually-suddenly/#gradually-stalo-sie-suddenly
A2	a2_ZAMROZONE-maj-2026-gradually-stalo-sie-suddenly-v25_00-2026-06-25.html	ZAMROZONE · maj 2026. gradually stalo sie suddenly · v25.00	https://maciektora-hue.github.io/rosja/gradually-suddenly/	H2	2	2	I. Wstęp — co się zmieniło od daty Kolumbryny	wstep-jakosciowa-zmiana	OK	https://maciektora-hue.github.io/rosja/gradually-suddenly/#wstep-jakosciowa-zmiana
A2	a2_ZAMROZONE-maj-2026-gradually-stalo-sie-suddenly-v25_00-2026-06-25.html	ZAMROZONE · maj 2026. gradually stalo sie suddenly · v25.00	https://maciektora-hue.github.io/rosja/gradually-suddenly/	H3	3	3	Zmiana ilościowa — więcej tego samego, ale wykładniczo	zmiana-ilosciowa	OK	https://maciektora-hue.github.io/rosja/gradually-suddenly/#zmiana-ilosciowa
A2	a2_ZAMROZONE-maj-2026-gradually-stalo-sie-suddenly-v25_00-2026-06-25.html	ZAMROZONE · maj 2026. gradually stalo sie suddenly · v25.00	https://maciektora-hue.github.io/rosja/gradually-suddenly/	H3	3	4	Zmiana jakościowa — każdy aspekt wymagał osobnego rozdziału	zmiana-jakosciowa	OK	https://maciektora-hue.github.io/rosja/gradually-suddenly/#zmiana-jakosciowa
A2	a2_ZAMROZONE-maj-2026-gradually-stalo-sie-suddenly-v25_00-2026-06-25.html	ZAMROZONE · maj 2026. gradually stalo sie suddenly · v25.00	https://maciektora-hue.github.io/rosja/gradually-suddenly/	H6	6	5	Dokument o tym, jak dokument przestał być tym, czym miał być	dokument-o-dokumencie	OK	https://maciektora-hue.github.io/rosja/gradually-suddenly/#dokument-o-dokumencie
A2	a2_ZAMROZONE-maj-2026-gradually-stalo-sie-suddenly-v25_00-2026-06-25.html	ZAMROZONE · maj 2026. gradually stalo sie suddenly · v25.00	https://maciektora-hue.github.io/rosja/gradually-suddenly/	H2	2	6	II. Lista uderzeń — okresy dwutygodniowe, od maja tygodniowe	lista-uderzen	OK	https://maciektora-hue.github.io/rosja/gradually-suddenly/#lista-uderzen
A2	a2_ZAMROZONE-maj-2026-gradually-stalo-sie-suddenly-v25_00-2026-06-25.html	ZAMROZONE · maj 2026. gradually stalo sie suddenly · v25.00	https://maciektora-hue.github.io/rosja/gradually-suddenly/	H2	2	7	III. Nota metodologiczna — wnioskowanie przy braku danych	nota-metodologiczna	OK	https://maciektora-hue.github.io/rosja/gradually-suddenly/#nota-metodologiczna
A2	a2_ZAMROZONE-maj-2026-gradually-stalo-sie-suddenly-v25_00-2026-06-25.html	ZAMROZONE · maj 2026. gradually stalo sie suddenly · v25.00	https://maciektora-hue.github.io/rosja/gradually-suddenly/	H2	2	8	IV. Galeria celów — analiza najciekawszych uderzeń	galeria-celow	OK	https://maciektora-hue.github.io/rosja/gradually-suddenly/#galeria-celow
A2	a2_ZAMROZONE-maj-2026-gradually-stalo-sie-suddenly-v25_00-2026-06-25.html	ZAMROZONE · maj 2026. gradually stalo sie suddenly · v25.00	https://maciektora-hue.github.io/rosja/gradually-suddenly/	H3	3	9	Cele niekinetyczne — sygnał, doktryna, dekapitacja	cele-niekinetyczne	OK	https://maciektora-hue.github.io/rosja/gradually-suddenly/#cele-niekinetyczne
A2	a2_ZAMROZONE-maj-2026-gradually-stalo-sie-suddenly-v25_00-2026-06-25.html	ZAMROZONE · maj 2026. gradually stalo sie suddenly · v25.00	https://maciektora-hue.github.io/rosja/gradually-suddenly/	H2	2	10	V. Krym jako efekt uboczny — geometria likwidacji	krym-efekt-uboczny	OK	https://maciektora-hue.github.io/rosja/gradually-suddenly/#krym-efekt-uboczny
A2	a2_ZAMROZONE-maj-2026-gradually-stalo-sie-suddenly-v25_00-2026-06-25.html	ZAMROZONE · maj 2026. gradually stalo sie suddenly · v25.00	https://maciektora-hue.github.io/rosja/gradually-suddenly/	H3	3	11	Trzy wektory zaopatrzenia	trzy-wektory	OK	https://maciektora-hue.github.io/rosja/gradually-suddenly/#trzy-wektory
A2	a2_ZAMROZONE-maj-2026-gradually-stalo-sie-suddenly-v25_00-2026-06-25.html	ZAMROZONE · maj 2026. gradually stalo sie suddenly · v25.00	https://maciektora-hue.github.io/rosja/gradually-suddenly/	H3	3	12	Usunięcie cywilów z R-280 — koncesja, nie zarządzanie	r280-tarcza	OK	https://maciektora-hue.github.io/rosja/gradually-suddenly/#r280-tarcza
A2	a2_ZAMROZONE-maj-2026-gradually-stalo-sie-suddenly-v25_00-2026-06-25.html	ZAMROZONE · maj 2026. gradually stalo sie suddenly · v25.00	https://maciektora-hue.github.io/rosja/gradually-suddenly/	H6	6	13	Dekret jest mimowolnym przyznaniem, że dron pokonał tarczę	dekret-dron-tarcza	OK	https://maciektora-hue.github.io/rosja/gradually-suddenly/#dekret-dron-tarcza
A2	a2_ZAMROZONE-maj-2026-gradually-stalo-sie-suddenly-v25_00-2026-06-25.html	ZAMROZONE · maj 2026. gradually stalo sie suddenly · v25.00	https://maciektora-hue.github.io/rosja/gradually-suddenly/	H3	3	14	Most jako przynęta — dlaczego kolejność jest wymuszona	most-przyneta	OK	https://maciektora-hue.github.io/rosja/gradually-suddenly/#most-przyneta
A2	a2_ZAMROZONE-maj-2026-gradually-stalo-sie-suddenly-v25_00-2026-06-25.html	ZAMROZONE · maj 2026. gradually stalo sie suddenly · v25.00	https://maciektora-hue.github.io/rosja/gradually-suddenly/	H3	3	15	Most kerczeński na poziomie meta — wcześniej, na deser, czy ciągłe ciśnienie (i dlaczego to już poker, nie szachy)	most-poker-meta	OK	https://maciektora-hue.github.io/rosja/gradually-suddenly/#most-poker-meta
A2	a2_ZAMROZONE-maj-2026-gradually-stalo-sie-suddenly-v25_00-2026-06-25.html	ZAMROZONE · maj 2026. gradually stalo sie suddenly · v25.00	https://maciektora-hue.github.io/rosja/gradually-suddenly/	H3	3	16	Dlaczego port krymski nie wymaga ani jednego drona	krym-darmowy	OK	https://maciektora-hue.github.io/rosja/gradually-suddenly/#krym-darmowy
A2	a2_ZAMROZONE-maj-2026-gradually-stalo-sie-suddenly-v25_00-2026-06-25.html	ZAMROZONE · maj 2026. gradually stalo sie suddenly · v25.00	https://maciektora-hue.github.io/rosja/gradually-suddenly/	H3	3	17	Drugi koniec łańcucha na obu morzach — rejestr portów rosyjskich i okupowanych (bez Krymu)	morza-drugi-koniec	OK	https://maciektora-hue.github.io/rosja/gradually-suddenly/#morza-drugi-koniec
A2	a2_ZAMROZONE-maj-2026-gradually-stalo-sie-suddenly-v25_00-2026-06-25.html	ZAMROZONE · maj 2026. gradually stalo sie suddenly · v25.00	https://maciektora-hue.github.io/rosja/gradually-suddenly/	H4	4	18	Morze Czarne — rosyjskie wybrzeże Krasnodarskiego	morza-czarne	OK	https://maciektora-hue.github.io/rosja/gradually-suddenly/#morza-czarne
A2	a2_ZAMROZONE-maj-2026-gradually-stalo-sie-suddenly-v25_00-2026-06-25.html	ZAMROZONE · maj 2026. gradually stalo sie suddenly · v25.00	https://maciektora-hue.github.io/rosja/gradually-suddenly/	H4	4	19	Morze Azowskie — rosyjskie wybrzeże	morza-azowskie-ru	OK	https://maciektora-hue.github.io/rosja/gradually-suddenly/#morza-azowskie-ru
A2	a2_ZAMROZONE-maj-2026-gradually-stalo-sie-suddenly-v25_00-2026-06-25.html	ZAMROZONE · maj 2026. gradually stalo sie suddenly · v25.00	https://maciektora-hue.github.io/rosja/gradually-suddenly/	H4	4	20	Morze Azowskie — porty okupowane (Mariupol, Berdiańsk)	morza-azowskie-okup	OK	https://maciektora-hue.github.io/rosja/gradually-suddenly/#morza-azowskie-okup
A2	a2_ZAMROZONE-maj-2026-gradually-stalo-sie-suddenly-v25_00-2026-06-25.html	ZAMROZONE · maj 2026. gradually stalo sie suddenly · v25.00	https://maciektora-hue.github.io/rosja/gradually-suddenly/	H3	3	21	Krym przekształca się z półwyspu w wyspę	krym-wyspa	OK	https://maciektora-hue.github.io/rosja/gradually-suddenly/#krym-wyspa
A2	a2_ZAMROZONE-maj-2026-gradually-stalo-sie-suddenly-v25_00-2026-06-25.html	ZAMROZONE · maj 2026. gradually stalo sie suddenly · v25.00	https://maciektora-hue.github.io/rosja/gradually-suddenly/	H3	3	22	Powolne odcinanie Krymu od prądu — czwarty wektor, ukryty w gąszczu	krym-odcinanie-pradu	OK	https://maciektora-hue.github.io/rosja/gradually-suddenly/#krym-odcinanie-pradu
A2	a2_ZAMROZONE-maj-2026-gradually-stalo-sie-suddenly-v25_00-2026-06-25.html	ZAMROZONE · maj 2026. gradually stalo sie suddenly · v25.00	https://maciektora-hue.github.io/rosja/gradually-suddenly/	H3	3	23	Materialny wynik — kupony na paliwo na Krymie	krym-kupony	OK	https://maciektora-hue.github.io/rosja/gradually-suddenly/#krym-kupony
A2	a2_ZAMROZONE-maj-2026-gradually-stalo-sie-suddenly-v25_00-2026-06-25.html	ZAMROZONE · maj 2026. gradually stalo sie suddenly · v25.00	https://maciektora-hue.github.io/rosja/gradually-suddenly/	H6	6	24	Krym nie jest osobnym teatrem — jest efektem zewnętrznym	krym-efekt-zewnetrzny	OK	https://maciektora-hue.github.io/rosja/gradually-suddenly/#krym-efekt-zewnetrzny
A2	a2_ZAMROZONE-maj-2026-gradually-stalo-sie-suddenly-v25_00-2026-06-25.html	ZAMROZONE · maj 2026. gradually stalo sie suddenly · v25.00	https://maciektora-hue.github.io/rosja/gradually-suddenly/	H6	6	25	Wątki kontynuowane w innych sekcjach	krym-watki-kontynuowane	OK	https://maciektora-hue.github.io/rosja/gradually-suddenly/#krym-watki-kontynuowane
A2	a2_ZAMROZONE-maj-2026-gradually-stalo-sie-suddenly-v25_00-2026-06-25.html	ZAMROZONE · maj 2026. gradually stalo sie suddenly · v25.00	https://maciektora-hue.github.io/rosja/gradually-suddenly/	H2	2	26	VI. Ewolucja typologii celów — co się dywersyfikuje	ewolucja-typologii	OK	https://maciektora-hue.github.io/rosja/gradually-suddenly/#ewolucja-typologii
A2	a2_ZAMROZONE-maj-2026-gradually-stalo-sie-suddenly-v25_00-2026-06-25.html	ZAMROZONE · maj 2026. gradually stalo sie suddenly · v25.00	https://maciektora-hue.github.io/rosja/gradually-suddenly/	H3	3	27	Matryca 1: kategorie funkcjonalne celów	matryca-kategorie	OK	https://maciektora-hue.github.io/rosja/gradually-suddenly/#matryca-kategorie
A2	a2_ZAMROZONE-maj-2026-gradually-stalo-sie-suddenly-v25_00-2026-06-25.html	ZAMROZONE · maj 2026. gradually stalo sie suddenly · v25.00	https://maciektora-hue.github.io/rosja/gradually-suddenly/	H3	3	28	Matryca 2: wektory geograficzne	matryca-geograficzna	OK	https://maciektora-hue.github.io/rosja/gradually-suddenly/#matryca-geograficzna
A2	a2_ZAMROZONE-maj-2026-gradually-stalo-sie-suddenly-v25_00-2026-06-25.html	ZAMROZONE · maj 2026. gradually stalo sie suddenly · v25.00	https://maciektora-hue.github.io/rosja/gradually-suddenly/	H3	3	29	Synteza ewolucyjna — co się zmieniło między okresami	synteza-ewolucyjna	OK	https://maciektora-hue.github.io/rosja/gradually-suddenly/#synteza-ewolucyjna
A2	a2_ZAMROZONE-maj-2026-gradually-stalo-sie-suddenly-v25_00-2026-06-25.html	ZAMROZONE · maj 2026. gradually stalo sie suddenly · v25.00	https://maciektora-hue.github.io/rosja/gradually-suddenly/	H3	3	30	Syntetyczne obserwacje (od 04.01.2026)	syntetyczne-obserwacje	OK	https://maciektora-hue.github.io/rosja/gradually-suddenly/#syntetyczne-obserwacje
A2	a2_ZAMROZONE-maj-2026-gradually-stalo-sie-suddenly-v25_00-2026-06-25.html	ZAMROZONE · maj 2026. gradually stalo sie suddenly · v25.00	https://maciektora-hue.github.io/rosja/gradually-suddenly/	H3	3	31	Front Olexandrivka — terytorium jako nowa kategoria celu	front-olexandrivka	OK	https://maciektora-hue.github.io/rosja/gradually-suddenly/#front-olexandrivka
A2	a2_ZAMROZONE-maj-2026-gradually-stalo-sie-suddenly-v25_00-2026-06-25.html	ZAMROZONE · maj 2026. gradually stalo sie suddenly · v25.00	https://maciektora-hue.github.io/rosja/gradually-suddenly/	H6	6	32	Dlaczego front Olexandrivka wpisuje się w to opracowanie	front-olexandrivka-uzasadnienie	OK	https://maciektora-hue.github.io/rosja/gradually-suddenly/#front-olexandrivka-uzasadnienie
A2	a2_ZAMROZONE-maj-2026-gradually-stalo-sie-suddenly-v25_00-2026-06-25.html	ZAMROZONE · maj 2026. gradually stalo sie suddenly · v25.00	https://maciektora-hue.github.io/rosja/gradually-suddenly/	H2	2	33	VII. Budanov — gramatyka rozkładu i przebudowy	budanov-gramatyka	OK	https://maciektora-hue.github.io/rosja/gradually-suddenly/#budanov-gramatyka
A2	a2_ZAMROZONE-maj-2026-gradually-stalo-sie-suddenly-v25_00-2026-06-25.html	ZAMROZONE · maj 2026. gradually stalo sie suddenly · v25.00	https://maciektora-hue.github.io/rosja/gradually-suddenly/	H3	3	34	"Od „zwycięstwa"" do „jedności"" — czytanie przez przemilczenia"	budanov-negative-space	OK	https://maciektora-hue.github.io/rosja/gradually-suddenly/#budanov-negative-space
A2	a2_ZAMROZONE-maj-2026-gradually-stalo-sie-suddenly-v25_00-2026-06-25.html	ZAMROZONE · maj 2026. gradually stalo sie suddenly · v25.00	https://maciektora-hue.github.io/rosja/gradually-suddenly/	H6	6	35	"Negative space jako metoda — i jako lustro do „czterech trybów"""	negative-space-metoda	OK	https://maciektora-hue.github.io/rosja/gradually-suddenly/#negative-space-metoda
A2	a2_ZAMROZONE-maj-2026-gradually-stalo-sie-suddenly-v25_00-2026-06-25.html	ZAMROZONE · maj 2026. gradually stalo sie suddenly · v25.00	https://maciektora-hue.github.io/rosja/gradually-suddenly/	H6	6	36	Punkt zwrotny nazwany cztery lata za wcześnie — kalibracja przez własny track record	punkt-zwrotny-za-wczesnie	OK	https://maciektora-hue.github.io/rosja/gradually-suddenly/#punkt-zwrotny-za-wczesnie
A2	a2_ZAMROZONE-maj-2026-gradually-stalo-sie-suddenly-v25_00-2026-06-25.html	ZAMROZONE · maj 2026. gradually stalo sie suddenly · v25.00	https://maciektora-hue.github.io/rosja/gradually-suddenly/	H3	3	37	Jednoczesność sprzeczności — logika nieliniowa	budanov-nieliniowa	OK	https://maciektora-hue.github.io/rosja/gradually-suddenly/#budanov-nieliniowa
A2	a2_ZAMROZONE-maj-2026-gradually-stalo-sie-suddenly-v25_00-2026-06-25.html	ZAMROZONE · maj 2026. gradually stalo sie suddenly · v25.00	https://maciektora-hue.github.io/rosja/gradually-suddenly/	H6	6	38	Stoicyzm jako maska operacyjna	stoicyzm-maska-operacyjna	OK	https://maciektora-hue.github.io/rosja/gradually-suddenly/#stoicyzm-maska-operacyjna
A2	a2_ZAMROZONE-maj-2026-gradually-stalo-sie-suddenly-v25_00-2026-06-25.html	ZAMROZONE · maj 2026. gradually stalo sie suddenly · v25.00	https://maciektora-hue.github.io/rosja/gradually-suddenly/	H3	3	39	Znać reguły a rozumieć reguły	budanov-regfrom	OK	https://maciektora-hue.github.io/rosja/gradually-suddenly/#budanov-regfrom
A2	a2_ZAMROZONE-maj-2026-gradually-stalo-sie-suddenly-v25_00-2026-06-25.html	ZAMROZONE · maj 2026. gradually stalo sie suddenly · v25.00	https://maciektora-hue.github.io/rosja/gradually-suddenly/	H3	3	40	Jedność jako system operacyjny, nie posłuszeństwo	budanov-jednosc	OK	https://maciektora-hue.github.io/rosja/gradually-suddenly/#budanov-jednosc
A2	a2_ZAMROZONE-maj-2026-gradually-stalo-sie-suddenly-v25_00-2026-06-25.html	ZAMROZONE · maj 2026. gradually stalo sie suddenly · v25.00	https://maciektora-hue.github.io/rosja/gradually-suddenly/	H6	6	41	Antifragile kontra dark legitimacy — odwrócenie modelu rosyjskiego	antifragile-dark-legitimacy	OK	https://maciektora-hue.github.io/rosja/gradually-suddenly/#antifragile-dark-legitimacy
A2	a2_ZAMROZONE-maj-2026-gradually-stalo-sie-suddenly-v25_00-2026-06-25.html	ZAMROZONE · maj 2026. gradually stalo sie suddenly · v25.00	https://maciektora-hue.github.io/rosja/gradually-suddenly/	H3	3	42	"„Po Tupolewa nie idzie się do sklepu z Tupolewami"" — zasada zerwanego łańcucha zastępowalności"	po-tupolewa-do-sklepu	OK	https://maciektora-hue.github.io/rosja/gradually-suddenly/#po-tupolewa-do-sklepu
A2	a2_ZAMROZONE-maj-2026-gradually-stalo-sie-suddenly-v25_00-2026-06-25.html	ZAMROZONE · maj 2026. gradually stalo sie suddenly · v25.00	https://maciektora-hue.github.io/rosja/gradually-suddenly/	H6	6	43	Uwaga na marginesie — historia A-50 jako precedens	uwaga-a50-precedens	OK	https://maciektora-hue.github.io/rosja/gradually-suddenly/#uwaga-a50-precedens
A2	a2_ZAMROZONE-maj-2026-gradually-stalo-sie-suddenly-v25_00-2026-06-25.html	ZAMROZONE · maj 2026. gradually stalo sie suddenly · v25.00	https://maciektora-hue.github.io/rosja/gradually-suddenly/	H3	3	44	Mapa Dniepr 9.04.2026 — trzy warstwy fałszowania w jednym artefakcie	mapa-dniepr-trzy-warstwy	OK	https://maciektora-hue.github.io/rosja/gradually-suddenly/#mapa-dniepr-trzy-warstwy
A2	a2_ZAMROZONE-maj-2026-gradually-stalo-sie-suddenly-v25_00-2026-06-25.html	ZAMROZONE · maj 2026. gradually stalo sie suddenly · v25.00	https://maciektora-hue.github.io/rosja/gradually-suddenly/	H3	3	45	Saldo i blokada Leningradu — autodemaskacja przez język	saldo-leningrad-autodemaskacja	OK	https://maciektora-hue.github.io/rosja/gradually-suddenly/#saldo-leningrad-autodemaskacja
A2	a2_ZAMROZONE-maj-2026-gradually-stalo-sie-suddenly-v25_00-2026-06-25.html	ZAMROZONE · maj 2026. gradually stalo sie suddenly · v25.00	https://maciektora-hue.github.io/rosja/gradually-suddenly/	H3	3	46	Voenkory pękają — rozszczepienie warstwy milblogerskiej, marzec–maj 2026	voenkory-pekaja	OK	https://maciektora-hue.github.io/rosja/gradually-suddenly/#voenkory-pekaja
A2	a2_ZAMROZONE-maj-2026-gradually-stalo-sie-suddenly-v25_00-2026-06-25.html	ZAMROZONE · maj 2026. gradually stalo sie suddenly · v25.00	https://maciektora-hue.github.io/rosja/gradually-suddenly/	H3	3	47	"Sokolenko — „prosił, by nikogo nie obwiniać"" jako gramatyka przemilczenia"	sokolenko-prosil-nie-obwiniac	OK	https://maciektora-hue.github.io/rosja/gradually-suddenly/#sokolenko-prosil-nie-obwiniac
A2	a2_ZAMROZONE-maj-2026-gradually-stalo-sie-suddenly-v25_00-2026-06-25.html	ZAMROZONE · maj 2026. gradually stalo sie suddenly · v25.00	https://maciektora-hue.github.io/rosja/gradually-suddenly/	H3	3	48	"Sokolenko nie jest wyjątkiem — radziecko-rosyjska tradycja „samobójstwa"" elit"	tradycja-rosyjskiego-samobojstwa	OK	https://maciektora-hue.github.io/rosja/gradually-suddenly/#tradycja-rosyjskiego-samobojstwa
A2	a2_ZAMROZONE-maj-2026-gradually-stalo-sie-suddenly-v25_00-2026-06-25.html	ZAMROZONE · maj 2026. gradually stalo sie suddenly · v25.00	https://maciektora-hue.github.io/rosja/gradually-suddenly/	H3	3	49	838 stron — precyzja jako broń	budanov-838	OK	https://maciektora-hue.github.io/rosja/gradually-suddenly/#budanov-838
A2	a2_ZAMROZONE-maj-2026-gradually-stalo-sie-suddenly-v25_00-2026-06-25.html	ZAMROZONE · maj 2026. gradually stalo sie suddenly · v25.00	https://maciektora-hue.github.io/rosja/gradually-suddenly/	H3	3	50	Hipoteza neurodywergencji u szefów wywiadu	budanov-neurodywergencja	OK	https://maciektora-hue.github.io/rosja/gradually-suddenly/#budanov-neurodywergencja
A2	a2_ZAMROZONE-maj-2026-gradually-stalo-sie-suddenly-v25_00-2026-06-25.html	ZAMROZONE · maj 2026. gradually stalo sie suddenly · v25.00	https://maciektora-hue.github.io/rosja/gradually-suddenly/	H2	2	51	VIII. Sygnalizacja strategiczna i asymetria opcjonalności	sygnalizacja-i-asymetria	OK	https://maciektora-hue.github.io/rosja/gradually-suddenly/#sygnalizacja-i-asymetria
A2	a2_ZAMROZONE-maj-2026-gradually-stalo-sie-suddenly-v25_00-2026-06-25.html	ZAMROZONE · maj 2026. gradually stalo sie suddenly · v25.00	https://maciektora-hue.github.io/rosja/gradually-suddenly/	H3	3	52	Założenia metodologiczne	zalozenia-metodologiczne	OK	https://maciektora-hue.github.io/rosja/gradually-suddenly/#zalozenia-metodologiczne
A2	a2_ZAMROZONE-maj-2026-gradually-stalo-sie-suddenly-v25_00-2026-06-25.html	ZAMROZONE · maj 2026. gradually stalo sie suddenly · v25.00	https://maciektora-hue.github.io/rosja/gradually-suddenly/	H3	3	53	Studium przypadku: przemówienie Zełeńskiego 17.05.2026	studium-przemowienie	OK	https://maciektora-hue.github.io/rosja/gradually-suddenly/#studium-przemowienie
A2	a2_ZAMROZONE-maj-2026-gradually-stalo-sie-suddenly-v25_00-2026-06-25.html	ZAMROZONE · maj 2026. gradually stalo sie suddenly · v25.00	https://maciektora-hue.github.io/rosja/gradually-suddenly/	H3	3	54	Komunikat wielo-adresatowy — ścieżki interpretacji	komunikat-wieloadresatowy	OK	https://maciektora-hue.github.io/rosja/gradually-suddenly/#komunikat-wieloadresatowy
A2	a2_ZAMROZONE-maj-2026-gradually-stalo-sie-suddenly-v25_00-2026-06-25.html	ZAMROZONE · maj 2026. gradually stalo sie suddenly · v25.00	https://maciektora-hue.github.io/rosja/gradually-suddenly/	H3	3	55	Sekwencja zobowiązanie → pokaz → efekt skumulowany	sekwencja-commit	OK	https://maciektora-hue.github.io/rosja/gradually-suddenly/#sekwencja-commit
A2	a2_ZAMROZONE-maj-2026-gradually-stalo-sie-suddenly-v25_00-2026-06-25.html	ZAMROZONE · maj 2026. gradually stalo sie suddenly · v25.00	https://maciektora-hue.github.io/rosja/gradually-suddenly/	H4	4	56	Logika wstrzymaj i pokaż:	logika-wstrzymaj-pokaz	OK	https://maciektora-hue.github.io/rosja/gradually-suddenly/#logika-wstrzymaj-pokaz
A2	a2_ZAMROZONE-maj-2026-gradually-stalo-sie-suddenly-v25_00-2026-06-25.html	ZAMROZONE · maj 2026. gradually stalo sie suddenly · v25.00	https://maciektora-hue.github.io/rosja/gradually-suddenly/	H4	4	57	Sygnały wspierające tezę o świadomym wstrzymaniu:	sygnaly-wstrzymania	OK	https://maciektora-hue.github.io/rosja/gradually-suddenly/#sygnaly-wstrzymania
A2	a2_ZAMROZONE-maj-2026-gradually-stalo-sie-suddenly-v25_00-2026-06-25.html	ZAMROZONE · maj 2026. gradually stalo sie suddenly · v25.00	https://maciektora-hue.github.io/rosja/gradually-suddenly/	H4	4	58	"Alternatywa: ""lipiec przyspieszony przez wojnę w Iranie"""	alternatywa-lipiec	OK	https://maciektora-hue.github.io/rosja/gradually-suddenly/#alternatywa-lipiec
A2	a2_ZAMROZONE-maj-2026-gradually-stalo-sie-suddenly-v25_00-2026-06-25.html	ZAMROZONE · maj 2026. gradually stalo sie suddenly · v25.00	https://maciektora-hue.github.io/rosja/gradually-suddenly/	H3	3	59	Kampania ujawnienia (17–23.05.2026)	trzydniowa-kampania	OK	https://maciektora-hue.github.io/rosja/gradually-suddenly/#trzydniowa-kampania
A2	a2_ZAMROZONE-maj-2026-gradually-stalo-sie-suddenly-v25_00-2026-06-25.html	ZAMROZONE · maj 2026. gradually stalo sie suddenly · v25.00	https://maciektora-hue.github.io/rosja/gradually-suddenly/	H4	4	60	Kluczowe obserwacje strukturalne:	obserwacje-strukturalne	OK	https://maciektora-hue.github.io/rosja/gradually-suddenly/#obserwacje-strukturalne
A2	a2_ZAMROZONE-maj-2026-gradually-stalo-sie-suddenly-v25_00-2026-06-25.html	ZAMROZONE · maj 2026. gradually stalo sie suddenly · v25.00	https://maciektora-hue.github.io/rosja/gradually-suddenly/	H3	3	61	Druga kampania ujawnienia (25–27.05.2026) — oś białoruska	druga-kampania-bialoruska	OK	https://maciektora-hue.github.io/rosja/gradually-suddenly/#druga-kampania-bialoruska
A2	a2_ZAMROZONE-maj-2026-gradually-stalo-sie-suddenly-v25_00-2026-06-25.html	ZAMROZONE · maj 2026. gradually stalo sie suddenly · v25.00	https://maciektora-hue.github.io/rosja/gradually-suddenly/	H3	3	62	Krym jako wyspa logistyczna — transformacja jakościowa korytarza	krym-wyspa-logistyczna	OK	https://maciektora-hue.github.io/rosja/gradually-suddenly/#krym-wyspa-logistyczna
A2	a2_ZAMROZONE-maj-2026-gradually-stalo-sie-suddenly-v25_00-2026-06-25.html	ZAMROZONE · maj 2026. gradually stalo sie suddenly · v25.00	https://maciektora-hue.github.io/rosja/gradually-suddenly/	H3	3	63	Europejska oś instytucjonalna — warunki UE wobec Rosji	europejska-os-instytucjonalna	OK	https://maciektora-hue.github.io/rosja/gradually-suddenly/#europejska-os-instytucjonalna
A2	a2_ZAMROZONE-maj-2026-gradually-stalo-sie-suddenly-v25_00-2026-06-25.html	ZAMROZONE · maj 2026. gradually stalo sie suddenly · v25.00	https://maciektora-hue.github.io/rosja/gradually-suddenly/	H3	3	64	Test dyplomatyczny — kto został w Kijowie	test-dyplomatyczny-kijow	OK	https://maciektora-hue.github.io/rosja/gradually-suddenly/#test-dyplomatyczny-kijow
A2	a2_ZAMROZONE-maj-2026-gradually-stalo-sie-suddenly-v25_00-2026-06-25.html	ZAMROZONE · maj 2026. gradually stalo sie suddenly · v25.00	https://maciektora-hue.github.io/rosja/gradually-suddenly/	H3	3	65	Galați — rosyjski dron w bloku mieszkalnym państwa NATO	galati-rumunia-nato	OK	https://maciektora-hue.github.io/rosja/gradually-suddenly/#galati-rumunia-nato
A2	a2_ZAMROZONE-maj-2026-gradually-stalo-sie-suddenly-v25_00-2026-06-25.html	ZAMROZONE · maj 2026. gradually stalo sie suddenly · v25.00	https://maciektora-hue.github.io/rosja/gradually-suddenly/	H3	3	66	Gabala — Aliyev jako kandydat na mediatora alternatywnego	gabala-aliyev-mediator	OK	https://maciektora-hue.github.io/rosja/gradually-suddenly/#gabala-aliyev-mediator
A2	a2_ZAMROZONE-maj-2026-gradually-stalo-sie-suddenly-v25_00-2026-06-25.html	ZAMROZONE · maj 2026. gradually stalo sie suddenly · v25.00	https://maciektora-hue.github.io/rosja/gradually-suddenly/	H3	3	67	Pięć przegranych wyborów — piąty front erozji wpływu	cztery-przegrane-wybory	OK	https://maciektora-hue.github.io/rosja/gradually-suddenly/#cztery-przegrane-wybory
A2	a2_ZAMROZONE-maj-2026-gradually-stalo-sie-suddenly-v25_00-2026-06-25.html	ZAMROZONE · maj 2026. gradually stalo sie suddenly · v25.00	https://maciektora-hue.github.io/rosja/gradually-suddenly/	H3	3	68	Asymetria katalogów prawomocnych celów (MTK vs PA-I) — i pochwycenie ramy rozejmowej 4–9 maja	asymetria-katalogow-celow	OK	https://maciektora-hue.github.io/rosja/gradually-suddenly/#asymetria-katalogow-celow
A2	a2_ZAMROZONE-maj-2026-gradually-stalo-sie-suddenly-v25_00-2026-06-25.html	ZAMROZONE · maj 2026. gradually stalo sie suddenly · v25.00	https://maciektora-hue.github.io/rosja/gradually-suddenly/	H3	3	69	"Doktryna „long-range sanctions"" — nazwana 16.05, sformalizowana 30.05"	long-range-sanctions-doktryna	OK	https://maciektora-hue.github.io/rosja/gradually-suddenly/#long-range-sanctions-doktryna
A2	a2_ZAMROZONE-maj-2026-gradually-stalo-sie-suddenly-v25_00-2026-06-25.html	ZAMROZONE · maj 2026. gradually stalo sie suddenly · v25.00	https://maciektora-hue.github.io/rosja/gradually-suddenly/	H4	4	70	Dwa ortogonalne procesy — Proces A (degradacja frontu) i Proces B (strangulacja)	dwa-procesy-a-b	OK	https://maciektora-hue.github.io/rosja/gradually-suddenly/#dwa-procesy-a-b
A2	a2_ZAMROZONE-maj-2026-gradually-stalo-sie-suddenly-v25_00-2026-06-25.html	ZAMROZONE · maj 2026. gradually stalo sie suddenly · v25.00	https://maciektora-hue.github.io/rosja/gradually-suddenly/	H4	4	71	Twierdzenie Nyquista — dlaczego tempo bije OODA (dwa ortogonalne procesy)	nyquist-dwa-procesy	OK	https://maciektora-hue.github.io/rosja/gradually-suddenly/#nyquist-dwa-procesy
A2	a2_ZAMROZONE-maj-2026-gradually-stalo-sie-suddenly-v25_00-2026-06-25.html	ZAMROZONE · maj 2026. gradually stalo sie suddenly · v25.00	https://maciektora-hue.github.io/rosja/gradually-suddenly/	H3	3	72	Dwadzieścia miliardów — liczba jako teza (cena policzona, w zasięgu, podzielna)	dwadziescia-miliardow	OK	https://maciektora-hue.github.io/rosja/gradually-suddenly/#dwadziescia-miliardow
A2	a2_ZAMROZONE-maj-2026-gradually-stalo-sie-suddenly-v25_00-2026-06-25.html	ZAMROZONE · maj 2026. gradually stalo sie suddenly · v25.00	https://maciektora-hue.github.io/rosja/gradually-suddenly/	H4	4	73	P1-SUN — ta sama tania asymetria, odwrócona w obronę	p1-sun-tania-asymetria-obronna	OK	https://maciektora-hue.github.io/rosja/gradually-suddenly/#p1-sun-tania-asymetria-obronna
A2	a2_ZAMROZONE-maj-2026-gradually-stalo-sie-suddenly-v25_00-2026-06-25.html	ZAMROZONE · maj 2026. gradually stalo sie suddenly · v25.00	https://maciektora-hue.github.io/rosja/gradually-suddenly/	H3	3	74	Kubańska anomalia historyczna — czego Rosja nie może przyznać	kubanska-anomalia-historyczna	OK	https://maciektora-hue.github.io/rosja/gradually-suddenly/#kubanska-anomalia-historyczna
A2	a2_ZAMROZONE-maj-2026-gradually-stalo-sie-suddenly-v25_00-2026-06-25.html	ZAMROZONE · maj 2026. gradually stalo sie suddenly · v25.00	https://maciektora-hue.github.io/rosja/gradually-suddenly/	H3	3	75	Moskwa tonie co lato — trzy wektory jednej kałuży (korupcja, wojna, klimat)	moskwa-tonie-co-lato	OK	https://maciektora-hue.github.io/rosja/gradually-suddenly/#moskwa-tonie-co-lato
A2	a2_ZAMROZONE-maj-2026-gradually-stalo-sie-suddenly-v25_00-2026-06-25.html	ZAMROZONE · maj 2026. gradually stalo sie suddenly · v25.00	https://maciektora-hue.github.io/rosja/gradually-suddenly/	H3	3	76	Asymetria opcjonalności (wartość opcji wyboru)	asymetria-opcjonalnosci	OK	https://maciektora-hue.github.io/rosja/gradually-suddenly/#asymetria-opcjonalnosci
A2	a2_ZAMROZONE-maj-2026-gradually-stalo-sie-suddenly-v25_00-2026-06-25.html	ZAMROZONE · maj 2026. gradually stalo sie suddenly · v25.00	https://maciektora-hue.github.io/rosja/gradually-suddenly/	H4	4	77	Cena rezerwy strategicznej UA (szacunek przybliżony):	cena-rezerwy-ua	OK	https://maciektora-hue.github.io/rosja/gradually-suddenly/#cena-rezerwy-ua
A2	a2_ZAMROZONE-maj-2026-gradually-stalo-sie-suddenly-v25_00-2026-06-25.html	ZAMROZONE · maj 2026. gradually stalo sie suddenly · v25.00	https://maciektora-hue.github.io/rosja/gradually-suddenly/	H4	4	78	Rosja świadomie wydała opcjonalność:	rosja-wydala-opcje	OK	https://maciektora-hue.github.io/rosja/gradually-suddenly/#rosja-wydala-opcje
A2	a2_ZAMROZONE-maj-2026-gradually-stalo-sie-suddenly-v25_00-2026-06-25.html	ZAMROZONE · maj 2026. gradually stalo sie suddenly · v25.00	https://maciektora-hue.github.io/rosja/gradually-suddenly/	H3	3	79	Wniosek systemowy	wniosek-systemowy	OK	https://maciektora-hue.github.io/rosja/gradually-suddenly/#wniosek-systemowy
A2	a2_ZAMROZONE-maj-2026-gradually-stalo-sie-suddenly-v25_00-2026-06-25.html	ZAMROZONE · maj 2026. gradually stalo sie suddenly · v25.00	https://maciektora-hue.github.io/rosja/gradually-suddenly/	H2	2	80	IX. Atak na Kijów jako odpowiedź — czytanie timingu	odpowiedz-rosji	OK	https://maciektora-hue.github.io/rosja/gradually-suddenly/#odpowiedz-rosji
A2	a2_ZAMROZONE-maj-2026-gradually-stalo-sie-suddenly-v25_00-2026-06-25.html	ZAMROZONE · maj 2026. gradually stalo sie suddenly · v25.00	https://maciektora-hue.github.io/rosja/gradually-suddenly/	H3	3	81	Uderzenie w cywilów jest stałą — zmienną jest moment	timing-stala	OK	https://maciektora-hue.github.io/rosja/gradually-suddenly/#timing-stala
A2	a2_ZAMROZONE-maj-2026-gradually-stalo-sie-suddenly-v25_00-2026-06-25.html	ZAMROZONE · maj 2026. gradually stalo sie suddenly · v25.00	https://maciektora-hue.github.io/rosja/gradually-suddenly/	H3	3	82	Oreshnik — sygnał klasy, nie sygnał rutyny	oreshnik-klasa	OK	https://maciektora-hue.github.io/rosja/gradually-suddenly/#oreshnik-klasa
A2	a2_ZAMROZONE-maj-2026-gradually-stalo-sie-suddenly-v25_00-2026-06-25.html	ZAMROZONE · maj 2026. gradually stalo sie suddenly · v25.00	https://maciektora-hue.github.io/rosja/gradually-suddenly/	H3	3	83	Nie mogła czy nie chciała — pytania otwarte	nie-mogla-nie-chciala	OK	https://maciektora-hue.github.io/rosja/gradually-suddenly/#nie-mogla-nie-chciala
A2	a2_ZAMROZONE-maj-2026-gradually-stalo-sie-suddenly-v25_00-2026-06-25.html	ZAMROZONE · maj 2026. gradually stalo sie suddenly · v25.00	https://maciektora-hue.github.io/rosja/gradually-suddenly/	H3	3	84	Cztery tryby intencji — asymetria czytania obu stron	cztery-tryby	OK	https://maciektora-hue.github.io/rosja/gradually-suddenly/#cztery-tryby
A2	a2_ZAMROZONE-maj-2026-gradually-stalo-sie-suddenly-v25_00-2026-06-25.html	ZAMROZONE · maj 2026. gradually stalo sie suddenly · v25.00	https://maciektora-hue.github.io/rosja/gradually-suddenly/	H3	3	85	Co Oreshnik komunikuje — dodatek do pakietu czy osobne zdanie?	oreshnik-komunikat	OK	https://maciektora-hue.github.io/rosja/gradually-suddenly/#oreshnik-komunikat
A2	a2_ZAMROZONE-maj-2026-gradually-stalo-sie-suddenly-v25_00-2026-06-25.html	ZAMROZONE · maj 2026. gradually stalo sie suddenly · v25.00	https://maciektora-hue.github.io/rosja/gradually-suddenly/	H4	4	86	Przeszłość czy przyszłość — riposta czy uprzedzenie	oreshnik-czas	OK	https://maciektora-hue.github.io/rosja/gradually-suddenly/#oreshnik-czas
A2	a2_ZAMROZONE-maj-2026-gradually-stalo-sie-suddenly-v25_00-2026-06-25.html	ZAMROZONE · maj 2026. gradually stalo sie suddenly · v25.00	https://maciektora-hue.github.io/rosja/gradually-suddenly/	H4	4	87	Adresat — wobec kogo nadany	oreshnik-adresat	OK	https://maciektora-hue.github.io/rosja/gradually-suddenly/#oreshnik-adresat
A2	a2_ZAMROZONE-maj-2026-gradually-stalo-sie-suddenly-v25_00-2026-06-25.html	ZAMROZONE · maj 2026. gradually stalo sie suddenly · v25.00	https://maciektora-hue.github.io/rosja/gradually-suddenly/	H4	4	88	Noga techniczna — dlaczego Oreshnik zagraża właśnie Europie	oreshnik-przechwyt	OK	https://maciektora-hue.github.io/rosja/gradually-suddenly/#oreshnik-przechwyt
A2	a2_ZAMROZONE-maj-2026-gradually-stalo-sie-suddenly-v25_00-2026-06-25.html	ZAMROZONE · maj 2026. gradually stalo sie suddenly · v25.00	https://maciektora-hue.github.io/rosja/gradually-suddenly/	H3	3	89	Oreshnik jako szczebel eskalacji	oreshnik-szczebel	OK	https://maciektora-hue.github.io/rosja/gradually-suddenly/#oreshnik-szczebel
A2	a2_ZAMROZONE-maj-2026-gradually-stalo-sie-suddenly-v25_00-2026-06-25.html	ZAMROZONE · maj 2026. gradually stalo sie suddenly · v25.00	https://maciektora-hue.github.io/rosja/gradually-suddenly/	H3	3	90	Dwa pociski — trzy odczyty jednej liczby	dwa-pociski	OK	https://maciektora-hue.github.io/rosja/gradually-suddenly/#dwa-pociski
A2	a2_ZAMROZONE-maj-2026-gradually-stalo-sie-suddenly-v25_00-2026-06-25.html	ZAMROZONE · maj 2026. gradually stalo sie suddenly · v25.00	https://maciektora-hue.github.io/rosja/gradually-suddenly/	H2	2	91	X. Rejestr predykcji — kalibracja w czasie rzeczywistym	rejestr-predykcji	OK	https://maciektora-hue.github.io/rosja/gradually-suddenly/#rejestr-predykcji
A2	a2_ZAMROZONE-maj-2026-gradually-stalo-sie-suddenly-v25_00-2026-06-25.html	ZAMROZONE · maj 2026. gradually stalo sie suddenly · v25.00	https://maciektora-hue.github.io/rosja/gradually-suddenly/	H3	3	92	Predykcje taktyczne krótkoterminowe	predykcje-taktyczne-krotkoterminowe	OK	https://maciektora-hue.github.io/rosja/gradually-suddenly/#predykcje-taktyczne-krotkoterminowe
A2	a2_ZAMROZONE-maj-2026-gradually-stalo-sie-suddenly-v25_00-2026-06-25.html	ZAMROZONE · maj 2026. gradually stalo sie suddenly · v25.00	https://maciektora-hue.github.io/rosja/gradually-suddenly/	H3	3	93	Predykcje strukturalne	predykcje-strukturalne	OK	https://maciektora-hue.github.io/rosja/gradually-suddenly/#predykcje-strukturalne
A2	a2_ZAMROZONE-maj-2026-gradually-stalo-sie-suddenly-v25_00-2026-06-25.html	ZAMROZONE · maj 2026. gradually stalo sie suddenly · v25.00	https://maciektora-hue.github.io/rosja/gradually-suddenly/	H3	3	94	Prognozy zewnętrzne — kalibracja przez niezależne zegary	predykcje-zewnetrzne-zegary	OK	https://maciektora-hue.github.io/rosja/gradually-suddenly/#predykcje-zewnetrzne-zegary
A2	a2_ZAMROZONE-maj-2026-gradually-stalo-sie-suddenly-v25_00-2026-06-25.html	ZAMROZONE · maj 2026. gradually stalo sie suddenly · v25.00	https://maciektora-hue.github.io/rosja/gradually-suddenly/	H3	3	95	Predykcja operacyjna — kampania podstacji wysokiego napięcia (lipiec–wrzesień 2026)	predykcje-kampania-podstacji	OK	https://maciektora-hue.github.io/rosja/gradually-suddenly/#predykcje-kampania-podstacji
A2	a2_ZAMROZONE-maj-2026-gradually-stalo-sie-suddenly-v25_00-2026-06-25.html	ZAMROZONE · maj 2026. gradually stalo sie suddenly · v25.00	https://maciektora-hue.github.io/rosja/gradually-suddenly/	H4	4	96	Dlaczego podstacje, nie elektrownie	podstacje-vs-elektrownie	OK	https://maciektora-hue.github.io/rosja/gradually-suddenly/#podstacje-vs-elektrownie
A2	a2_ZAMROZONE-maj-2026-gradually-stalo-sie-suddenly-v25_00-2026-06-25.html	ZAMROZONE · maj 2026. gradually stalo sie suddenly · v25.00	https://maciektora-hue.github.io/rosja/gradually-suddenly/	H4	4	97	Tempo — jedna co dwa tygodnie jako optymalna kadencja	podstacje-tempo	OK	https://maciektora-hue.github.io/rosja/gradually-suddenly/#podstacje-tempo
A2	a2_ZAMROZONE-maj-2026-gradually-stalo-sie-suddenly-v25_00-2026-06-25.html	ZAMROZONE · maj 2026. gradually stalo sie suddenly · v25.00	https://maciektora-hue.github.io/rosja/gradually-suddenly/	H4	4	98	Maskowanie w gąszczu kampanii	podstacje-maskowanie	OK	https://maciektora-hue.github.io/rosja/gradually-suddenly/#podstacje-maskowanie
A2	a2_ZAMROZONE-maj-2026-gradually-stalo-sie-suddenly-v25_00-2026-06-25.html	ZAMROZONE · maj 2026. gradually stalo sie suddenly · v25.00	https://maciektora-hue.github.io/rosja/gradually-suddenly/	H4	4	99	Niemożliwość skonstruowania momentu eskalacji	podstacje-brak-triggera	OK	https://maciektora-hue.github.io/rosja/gradually-suddenly/#podstacje-brak-triggera
A2	a2_ZAMROZONE-maj-2026-gradually-stalo-sie-suddenly-v25_00-2026-06-25.html	ZAMROZONE · maj 2026. gradually stalo sie suddenly · v25.00	https://maciektora-hue.github.io/rosja/gradually-suddenly/	H3	3	100	Projekcja stanu UES na 18 września 2026 — operacyjne rozliczenie P6	predykcje-projekcja-18-wrzesnia	OK	https://maciektora-hue.github.io/rosja/gradually-suddenly/#predykcje-projekcja-18-wrzesnia
A2	a2_ZAMROZONE-maj-2026-gradually-stalo-sie-suddenly-v25_00-2026-06-25.html	ZAMROZONE · maj 2026. gradually stalo sie suddenly · v25.00	https://maciektora-hue.github.io/rosja/gradually-suddenly/	H3	3	101	Doktryna w dziesięciu punktach — manifest P6	predykcje-doktryna-syntetyczna	OK	https://maciektora-hue.github.io/rosja/gradually-suddenly/#predykcje-doktryna-syntetyczna
A2	a2_ZAMROZONE-maj-2026-gradually-stalo-sie-suddenly-v25_00-2026-06-25.html	ZAMROZONE · maj 2026. gradually stalo sie suddenly · v25.00	https://maciektora-hue.github.io/rosja/gradually-suddenly/	H2	2	102	XI. Kolumbryna kontra rzeczywistość — audyt prognozy po dwóch miesiącach	audyt-kolumbryny	OK	https://maciektora-hue.github.io/rosja/gradually-suddenly/#audyt-kolumbryny
A2	a2_ZAMROZONE-maj-2026-gradually-stalo-sie-suddenly-v25_00-2026-06-25.html	ZAMROZONE · maj 2026. gradually stalo sie suddenly · v25.00	https://maciektora-hue.github.io/rosja/gradually-suddenly/	H3	3	103	Bestiariusz po dwóch miesiącach — 24 nosorożce	audyt-nosorozce	OK	https://maciektora-hue.github.io/rosja/gradually-suddenly/#audyt-nosorozce
A2	a2_ZAMROZONE-maj-2026-gradually-stalo-sie-suddenly-v25_00-2026-06-25.html	ZAMROZONE · maj 2026. gradually stalo sie suddenly · v25.00	https://maciektora-hue.github.io/rosja/gradually-suddenly/	H3	3	104	Pozostałe kategorie bestiariusza — słoń, flamingi, łabędzie, tygrysy	audyt-bestiariusz-reszta	OK	https://maciektora-hue.github.io/rosja/gradually-suddenly/#audyt-bestiariusz-reszta
A2	a2_ZAMROZONE-maj-2026-gradually-stalo-sie-suddenly-v25_00-2026-06-25.html	ZAMROZONE · maj 2026. gradually stalo sie suddenly · v25.00	https://maciektora-hue.github.io/rosja/gradually-suddenly/	H3	3	105	Gdzie maj przeskoczył kategorię	audyt-przeskok	OK	https://maciektora-hue.github.io/rosja/gradually-suddenly/#audyt-przeskok
A2	a2_ZAMROZONE-maj-2026-gradually-stalo-sie-suddenly-v25_00-2026-06-25.html	ZAMROZONE · maj 2026. gradually stalo sie suddenly · v25.00	https://maciektora-hue.github.io/rosja/gradually-suddenly/	H3	3	106	Zbieżność zegarów — rewizja prognozy	audyt-zegary	OK	https://maciektora-hue.github.io/rosja/gradually-suddenly/#audyt-zegary
A2	a2_ZAMROZONE-maj-2026-gradually-stalo-sie-suddenly-v25_00-2026-06-25.html	ZAMROZONE · maj 2026. gradually stalo sie suddenly · v25.00	https://maciektora-hue.github.io/rosja/gradually-suddenly/	H3	3	107	Patrymonialny grid lock — dlaczego rozkład nie wytwarza natychmiastowego upadku	patrymonialny-grid-lock	OK	https://maciektora-hue.github.io/rosja/gradually-suddenly/#patrymonialny-grid-lock
A2	a2_ZAMROZONE-maj-2026-gradually-stalo-sie-suddenly-v25_00-2026-06-25.html	ZAMROZONE · maj 2026. gradually stalo sie suddenly · v25.00	https://maciektora-hue.github.io/rosja/gradually-suddenly/	H3	3	108	Wniosek audytu	audyt-wniosek	OK	https://maciektora-hue.github.io/rosja/gradually-suddenly/#audyt-wniosek
A2	a2_ZAMROZONE-maj-2026-gradually-stalo-sie-suddenly-v25_00-2026-06-25.html	ZAMROZONE · maj 2026. gradually stalo sie suddenly · v25.00	https://maciektora-hue.github.io/rosja/gradually-suddenly/	H3	3	109	Detekcja absencji jako metoda OSINT — metareflexja o własnej metodzie	audyt-metareflexja-osint	OK	https://maciektora-hue.github.io/rosja/gradually-suddenly/#audyt-metareflexja-osint
A2	a2_ZAMROZONE-maj-2026-gradually-stalo-sie-suddenly-v25_00-2026-06-25.html	ZAMROZONE · maj 2026. gradually stalo sie suddenly · v25.00	https://maciektora-hue.github.io/rosja/gradually-suddenly/	H4	4	110	Profil neurokognitywny AuDHD i Mottronowskie enhanced perceptual functioning	audhd-detekcja-absencji	OK	https://maciektora-hue.github.io/rosja/gradually-suddenly/#audhd-detekcja-absencji
A2	a2_ZAMROZONE-maj-2026-gradually-stalo-sie-suddenly-v25_00-2026-06-25.html	ZAMROZONE · maj 2026. gradually stalo sie suddenly · v25.00	https://maciektora-hue.github.io/rosja/gradually-suddenly/	H3	3	111	Świadome powtarzanie nieodwracalnego błędu — wzorzec instytucjonalny	audyt-powtorzenie-bledu	OK	https://maciektora-hue.github.io/rosja/gradually-suddenly/#audyt-powtorzenie-bledu
A2	a2_ZAMROZONE-maj-2026-gradually-stalo-sie-suddenly-v25_00-2026-06-25.html	ZAMROZONE · maj 2026. gradually stalo sie suddenly · v25.00	https://maciektora-hue.github.io/rosja/gradually-suddenly/	H2	2	112	XII. Stacje benzynowe i rynek paliw — siedem nakładających się braków	rynek-paliw-siedem-brakow	OK	https://maciektora-hue.github.io/rosja/gradually-suddenly/#rynek-paliw-siedem-brakow
A2	a2_ZAMROZONE-maj-2026-gradually-stalo-sie-suddenly-v25_00-2026-06-25.html	ZAMROZONE · maj 2026. gradually stalo sie suddenly · v25.00	https://maciektora-hue.github.io/rosja/gradually-suddenly/	H3	3	113	Chronologia — od sierpnia 2025 do kuponów	rynek-chronologia	OK	https://maciektora-hue.github.io/rosja/gradually-suddenly/#rynek-chronologia
A2	a2_ZAMROZONE-maj-2026-gradually-stalo-sie-suddenly-v25_00-2026-06-25.html	ZAMROZONE · maj 2026. gradually stalo sie suddenly · v25.00	https://maciektora-hue.github.io/rosja/gradually-suddenly/	H3	3	114	Ogniwo 1 — przerób: rafinerie wyłączone	rynek-rafinerie	OK	https://maciektora-hue.github.io/rosja/gradually-suddenly/#rynek-rafinerie
A2	a2_ZAMROZONE-maj-2026-gradually-stalo-sie-suddenly-v25_00-2026-06-25.html	ZAMROZONE · maj 2026. gradually stalo sie suddenly · v25.00	https://maciektora-hue.github.io/rosja/gradually-suddenly/	H3	3	115	Ogniwo 2 — substytucja: import z Białorusi jako plaster	rynek-import-bialorus	OK	https://maciektora-hue.github.io/rosja/gradually-suddenly/#rynek-import-bialorus
A2	a2_ZAMROZONE-maj-2026-gradually-stalo-sie-suddenly-v25_00-2026-06-25.html	ZAMROZONE · maj 2026. gradually stalo sie suddenly · v25.00	https://maciektora-hue.github.io/rosja/gradually-suddenly/	H3	3	116	Ogniwo 3 — przesył: rurociągi pod kontrolą ogniową	rynek-rurociagi	OK	https://maciektora-hue.github.io/rosja/gradually-suddenly/#rynek-rurociagi
A2	a2_ZAMROZONE-maj-2026-gradually-stalo-sie-suddenly-v25_00-2026-06-25.html	ZAMROZONE · maj 2026. gradually stalo sie suddenly · v25.00	https://maciektora-hue.github.io/rosja/gradually-suddenly/	H3	3	117	Ogniwo 4 — kolej: rozkład systemowy plus partyzanci	rynek-kolej	OK	https://maciektora-hue.github.io/rosja/gradually-suddenly/#rynek-kolej
A2	a2_ZAMROZONE-maj-2026-gradually-stalo-sie-suddenly-v25_00-2026-06-25.html	ZAMROZONE · maj 2026. gradually stalo sie suddenly · v25.00	https://maciektora-hue.github.io/rosja/gradually-suddenly/	H3	3	118	Ogniwo 5 — drogi: cysterny drogowe za małe	rynek-drogi	OK	https://maciektora-hue.github.io/rosja/gradually-suddenly/#rynek-drogi
A2	a2_ZAMROZONE-maj-2026-gradually-stalo-sie-suddenly-v25_00-2026-06-25.html	ZAMROZONE · maj 2026. gradually stalo sie suddenly · v25.00	https://maciektora-hue.github.io/rosja/gradually-suddenly/	H3	3	119	Ogniwo 6 — magazyny: zbiorniki płoną	rynek-magazyny	OK	https://maciektora-hue.github.io/rosja/gradually-suddenly/#rynek-magazyny
A2	a2_ZAMROZONE-maj-2026-gradually-stalo-sie-suddenly-v25_00-2026-06-25.html	ZAMROZONE · maj 2026. gradually stalo sie suddenly · v25.00	https://maciektora-hue.github.io/rosja/gradually-suddenly/	H3	3	120	Ogniwo 7 — sprzedaż detaliczna: kupony, kolejki, autodemaskacja	rynek-stacje	OK	https://maciektora-hue.github.io/rosja/gradually-suddenly/#rynek-stacje
A2	a2_ZAMROZONE-maj-2026-gradually-stalo-sie-suddenly-v25_00-2026-06-25.html	ZAMROZONE · maj 2026. gradually stalo sie suddenly · v25.00	https://maciektora-hue.github.io/rosja/gradually-suddenly/	H2	2	121	XIII. Matka natura nie odpuszcza Rosji — zmiany klimatu jako koherentny wektor presji	matka-natura-nie-odpuszcza	OK	https://maciektora-hue.github.io/rosja/gradually-suddenly/#matka-natura-nie-odpuszcza
A2	a2_ZAMROZONE-maj-2026-gradually-stalo-sie-suddenly-v25_00-2026-06-25.html	ZAMROZONE · maj 2026. gradually stalo sie suddenly · v25.00	https://maciektora-hue.github.io/rosja/gradually-suddenly/	H3	3	122	Asymetria klimatyczna — dlaczego Rosja, nie Ukraina i nie Europa	klimat-asymetria	OK	https://maciektora-hue.github.io/rosja/gradually-suddenly/#klimat-asymetria
A2	a2_ZAMROZONE-maj-2026-gradually-stalo-sie-suddenly-v25_00-2026-06-25.html	ZAMROZONE · maj 2026. gradually stalo sie suddenly · v25.00	https://maciektora-hue.github.io/rosja/gradually-suddenly/	H3	3	123	Wieczysta zmarzlina — 7 bln rubli wpisanych w bilans 2050	klimat-permafrost	OK	https://maciektora-hue.github.io/rosja/gradually-suddenly/#klimat-permafrost
A2	a2_ZAMROZONE-maj-2026-gradually-stalo-sie-suddenly-v25_00-2026-06-25.html	ZAMROZONE · maj 2026. gradually stalo sie suddenly · v25.00	https://maciektora-hue.github.io/rosja/gradually-suddenly/	H3	3	124	Zamrożenie wiedzy 2009–2012 — bibliografia, doktryna jako fasada, ustawy jako kaganiec	klimat-suppression-of-science	OK	https://maciektora-hue.github.io/rosja/gradually-suddenly/#klimat-suppression-of-science
A2	a2_ZAMROZONE-maj-2026-gradually-stalo-sie-suddenly-v25_00-2026-06-25.html	ZAMROZONE · maj 2026. gradually stalo sie suddenly · v25.00	https://maciektora-hue.github.io/rosja/gradually-suddenly/	H3	3	125	Infrastruktura na gruncie, który znika — kolej, torf, BAM jako fazy cyklu	klimat-infrastruktura-na-gruncie	OK	https://maciektora-hue.github.io/rosja/gradually-suddenly/#klimat-infrastruktura-na-gruncie
A2	a2_ZAMROZONE-maj-2026-gradually-stalo-sie-suddenly-v25_00-2026-06-25.html	ZAMROZONE · maj 2026. gradually stalo sie suddenly · v25.00	https://maciektora-hue.github.io/rosja/gradually-suddenly/	H4	4	126	Hałdy pogórnicze jako lądowy odpowiednik — analogia z Wałbrzycha do Bowanenkowo	haldy-walbrzych-jako-analogia	OK	https://maciektora-hue.github.io/rosja/gradually-suddenly/#haldy-walbrzych-jako-analogia
A2	a2_ZAMROZONE-maj-2026-gradually-stalo-sie-suddenly-v25_00-2026-06-25.html	ZAMROZONE · maj 2026. gradually stalo sie suddenly · v25.00	https://maciektora-hue.github.io/rosja/gradually-suddenly/	H3	3	127	Susze, powodzie, pożary 2025 — strukturalna zmiana mapy	klimat-powodzie-susze-2025	OK	https://maciektora-hue.github.io/rosja/gradually-suddenly/#klimat-powodzie-susze-2025
A2	a2_ZAMROZONE-maj-2026-gradually-stalo-sie-suddenly-v25_00-2026-06-25.html	ZAMROZONE · maj 2026. gradually stalo sie suddenly · v25.00	https://maciektora-hue.github.io/rosja/gradually-suddenly/	H3	3	128	Kaskada lato 2026 — chłodzenie elektrowni, deficyt energetyczny, ograniczenia transmisji	klimat-kaskada-lato-2026	OK	https://maciektora-hue.github.io/rosja/gradually-suddenly/#klimat-kaskada-lato-2026
A2	a2_ZAMROZONE-maj-2026-gradually-stalo-sie-suddenly-v25_00-2026-06-25.html	ZAMROZONE · maj 2026. gradually stalo sie suddenly · v25.00	https://maciektora-hue.github.io/rosja/gradually-suddenly/	H3	3	129	Cascade gradient — trzy sformalizowane ścieżki przekładania klimatu na budżet	klimat-cascade-gradient	OK	https://maciektora-hue.github.io/rosja/gradually-suddenly/#klimat-cascade-gradient
A2	a2_ZAMROZONE-maj-2026-gradually-stalo-sie-suddenly-v25_00-2026-06-25.html	ZAMROZONE · maj 2026. gradually stalo sie suddenly · v25.00	https://maciektora-hue.github.io/rosja/gradually-suddenly/	H3	3	130	Implikacje dla audytu Kolumbryny i kalibracji zegarów	klimat-implikacje	OK	https://maciektora-hue.github.io/rosja/gradually-suddenly/#klimat-implikacje
A2	a2_ZAMROZONE-maj-2026-gradually-stalo-sie-suddenly-v25_00-2026-06-25.html	ZAMROZONE · maj 2026. gradually stalo sie suddenly · v25.00	https://maciektora-hue.github.io/rosja/gradually-suddenly/	H2	2	131	XIV. Energetyka — sieć bez redundancji, fizyka rosyjskiego systemu pod presją	energetyka-siec-bez-redundancji	OK	https://maciektora-hue.github.io/rosja/gradually-suddenly/#energetyka-siec-bez-redundancji
A2	a2_ZAMROZONE-maj-2026-gradually-stalo-sie-suddenly-v25_00-2026-06-25.html	ZAMROZONE · maj 2026. gradually stalo sie suddenly · v25.00	https://maciektora-hue.github.io/rosja/gradually-suddenly/	H3	3	132	Stranded assets Jamału — gaz, którego nie ma jak wywieźć	energetyka-stranded-jamal	OK	https://maciektora-hue.github.io/rosja/gradually-suddenly/#energetyka-stranded-jamal
A2	a2_ZAMROZONE-maj-2026-gradually-stalo-sie-suddenly-v25_00-2026-06-25.html	ZAMROZONE · maj 2026. gradually stalo sie suddenly · v25.00	https://maciektora-hue.github.io/rosja/gradually-suddenly/	H3	3	133	Cykl Rankine'a — fizyka chłodzenia, której rzeki przestają zapewniać	energetyka-rankine-elektrownie	OK	https://maciektora-hue.github.io/rosja/gradually-suddenly/#energetyka-rankine-elektrownie
A2	a2_ZAMROZONE-maj-2026-gradually-stalo-sie-suddenly-v25_00-2026-06-25.html	ZAMROZONE · maj 2026. gradually stalo sie suddenly · v25.00	https://maciektora-hue.github.io/rosja/gradually-suddenly/	H3	3	134	Huty aluminium i kanibalizm wojskowo-przemysłowy	energetyka-aluminium-kanibalizm	OK	https://maciektora-hue.github.io/rosja/gradually-suddenly/#energetyka-aluminium-kanibalizm
A2	a2_ZAMROZONE-maj-2026-gradually-stalo-sie-suddenly-v25_00-2026-06-25.html	ZAMROZONE · maj 2026. gradually stalo sie suddenly · v25.00	https://maciektora-hue.github.io/rosja/gradually-suddenly/	H3	3	135	Topologia UES — siedem stref bez sensownej komunikacji	energetyka-ues-topologia	OK	https://maciektora-hue.github.io/rosja/gradually-suddenly/#energetyka-ues-topologia
A2	a2_ZAMROZONE-maj-2026-gradually-stalo-sie-suddenly-v25_00-2026-06-25.html	ZAMROZONE · maj 2026. gradually stalo sie suddenly · v25.00	https://maciektora-hue.github.io/rosja/gradually-suddenly/	H3	3	136	Brak importu awaryjnego — wyspa eurazjatycka bez sąsiada	energetyka-import-awaryjny	OK	https://maciektora-hue.github.io/rosja/gradually-suddenly/#energetyka-import-awaryjny
A2	a2_ZAMROZONE-maj-2026-gradually-stalo-sie-suddenly-v25_00-2026-06-25.html	ZAMROZONE · maj 2026. gradually stalo sie suddenly · v25.00	https://maciektora-hue.github.io/rosja/gradually-suddenly/	H3	3	137	Grid okupowanych terytoriów — Krym odcinany w gąszczu	energetyka-grid-okupowany	OK	https://maciektora-hue.github.io/rosja/gradually-suddenly/#energetyka-grid-okupowany
A2	a2_ZAMROZONE-maj-2026-gradually-stalo-sie-suddenly-v25_00-2026-06-25.html	ZAMROZONE · maj 2026. gradually stalo sie suddenly · v25.00	https://maciektora-hue.github.io/rosja/gradually-suddenly/	H3	3	138	Paradoks sowieckiej redundancji — nadmiar ilościowy, sztywność kierunkowa	energetyka-sztywnosc-kierunkowa	OK	https://maciektora-hue.github.io/rosja/gradually-suddenly/#energetyka-sztywnosc-kierunkowa
A2	a2_ZAMROZONE-maj-2026-gradually-stalo-sie-suddenly-v25_00-2026-06-25.html	ZAMROZONE · maj 2026. gradually stalo sie suddenly · v25.00	https://maciektora-hue.github.io/rosja/gradually-suddenly/	H3	3	139	Synteza — dlaczego klimat ugotuje sieć bez dronów	energetyka-synteza	OK	https://maciektora-hue.github.io/rosja/gradually-suddenly/#energetyka-synteza
A2	a2_ZAMROZONE-maj-2026-gradually-stalo-sie-suddenly-v25_00-2026-06-25.html	ZAMROZONE · maj 2026. gradually stalo sie suddenly · v25.00	https://maciektora-hue.github.io/rosja/gradually-suddenly/	H2	2	140	XV. Skorowidz ludzi — kto jest kim w tym dokumencie	skorowidz-ludzi	OK	https://maciektora-hue.github.io/rosja/gradually-suddenly/#skorowidz-ludzi
A2	a2_ZAMROZONE-maj-2026-gradually-stalo-sie-suddenly-v25_00-2026-06-25.html	ZAMROZONE · maj 2026. gradually stalo sie suddenly · v25.00	https://maciektora-hue.github.io/rosja/gradually-suddenly/	H3	3	141	Ukraina — polityka i wywiad	skorowidz-ukraina-polityka	OK	https://maciektora-hue.github.io/rosja/gradually-suddenly/#skorowidz-ukraina-polityka
A2	a2_ZAMROZONE-maj-2026-gradually-stalo-sie-suddenly-v25_00-2026-06-25.html	ZAMROZONE · maj 2026. gradually stalo sie suddenly · v25.00	https://maciektora-hue.github.io/rosja/gradually-suddenly/	H3	3	142	Ukraina — dowódcy operacyjni	skorowidz-ukraina-wojsko	OK	https://maciektora-hue.github.io/rosja/gradually-suddenly/#skorowidz-ukraina-wojsko
A2	a2_ZAMROZONE-maj-2026-gradually-stalo-sie-suddenly-v25_00-2026-06-25.html	ZAMROZONE · maj 2026. gradually stalo sie suddenly · v25.00	https://maciektora-hue.github.io/rosja/gradually-suddenly/	H3	3	143	Rosja — władza centralna i regionalna	skorowidz-rosja-wladza	OK	https://maciektora-hue.github.io/rosja/gradually-suddenly/#skorowidz-rosja-wladza
A2	a2_ZAMROZONE-maj-2026-gradually-stalo-sie-suddenly-v25_00-2026-06-25.html	ZAMROZONE · maj 2026. gradually stalo sie suddenly · v25.00	https://maciektora-hue.github.io/rosja/gradually-suddenly/	H3	3	144	Zachód — politycy, dyplomaci, wywiad	skorowidz-zachod	OK	https://maciektora-hue.github.io/rosja/gradually-suddenly/#skorowidz-zachod
A2	a2_ZAMROZONE-maj-2026-gradually-stalo-sie-suddenly-v25_00-2026-06-25.html	ZAMROZONE · maj 2026. gradually stalo sie suddenly · v25.00	https://maciektora-hue.github.io/rosja/gradually-suddenly/	H3	3	145	Region — Azerbejdżan, Białoruś, mediatorzy	skorowidz-region	OK	https://maciektora-hue.github.io/rosja/gradually-suddenly/#skorowidz-region
A2	a2_ZAMROZONE-maj-2026-gradually-stalo-sie-suddenly-v25_00-2026-06-25.html	ZAMROZONE · maj 2026. gradually stalo sie suddenly · v25.00	https://maciektora-hue.github.io/rosja/gradually-suddenly/	H3	3	146	Nasze źródła wywiadowcze — OSINT, analitycy, dziennikarze	skorowidz-osint	OK	https://maciektora-hue.github.io/rosja/gradually-suddenly/#skorowidz-osint
A2	a2_ZAMROZONE-maj-2026-gradually-stalo-sie-suddenly-v25_00-2026-06-25.html	ZAMROZONE · maj 2026. gradually stalo sie suddenly · v25.00	https://maciektora-hue.github.io/rosja/gradually-suddenly/	H3	3	147	Nauka, badania, ekspertyza	skorowidz-nauka	OK	https://maciektora-hue.github.io/rosja/gradually-suddenly/#skorowidz-nauka
A2	a2_ZAMROZONE-maj-2026-gradually-stalo-sie-suddenly-v25_00-2026-06-25.html	ZAMROZONE · maj 2026. gradually stalo sie suddenly · v25.00	https://maciektora-hue.github.io/rosja/gradually-suddenly/	H3	3	148	Postacie z tła kulturowego i historycznego	skorowidz-kultura	OK	https://maciektora-hue.github.io/rosja/gradually-suddenly/#skorowidz-kultura
A2	a2_ZAMROZONE-maj-2026-gradually-stalo-sie-suddenly-v25_00-2026-06-25.html	ZAMROZONE · maj 2026. gradually stalo sie suddenly · v25.00	https://maciektora-hue.github.io/rosja/gradually-suddenly/	H2	2	149	XVI. Motyw doktrynalny — stary wzorzec odwrócony	motyw-doktrynalny	OK	https://maciektora-hue.github.io/rosja/gradually-suddenly/#motyw-doktrynalny
A2	a2_ZAMROZONE-maj-2026-gradually-stalo-sie-suddenly-v25_00-2026-06-25.html	ZAMROZONE · maj 2026. gradually stalo sie suddenly · v25.00	https://maciektora-hue.github.io/rosja/gradually-suddenly/	H3	3	150	"Wzorzec literacki — „zabić wielu, by ukryć jedno"""	motyw-literacki	OK	https://maciektora-hue.github.io/rosja/gradually-suddenly/#motyw-literacki
A2	a2_ZAMROZONE-maj-2026-gradually-stalo-sie-suddenly-v25_00-2026-06-25.html	ZAMROZONE · maj 2026. gradually stalo sie suddenly · v25.00	https://maciektora-hue.github.io/rosja/gradually-suddenly/	H3	3	151	Historia doktrynalna — maskirowka jako narzędzie radzieckie i postradzieckie	motyw-doktrynalny-historia	OK	https://maciektora-hue.github.io/rosja/gradually-suddenly/#motyw-doktrynalny-historia
A2	a2_ZAMROZONE-maj-2026-gradually-stalo-sie-suddenly-v25_00-2026-06-25.html	ZAMROZONE · maj 2026. gradually stalo sie suddenly · v25.00	https://maciektora-hue.github.io/rosja/gradually-suddenly/	H3	3	152	Strukturalna ślepota Kremla — dlaczego znana doktryna pozostaje niewidzialna	motyw-strukturalna-slepota	OK	https://maciektora-hue.github.io/rosja/gradually-suddenly/#motyw-strukturalna-slepota
A2	a2_ZAMROZONE-maj-2026-gradually-stalo-sie-suddenly-v25_00-2026-06-25.html	ZAMROZONE · maj 2026. gradually stalo sie suddenly · v25.00	https://maciektora-hue.github.io/rosja/gradually-suddenly/	H3	3	153	Dynamika wojny w lustrze II wojny światowej — Bagration, Kampania Naftowa, zespolenie instrumentów	motyw-dynamika-iiws	OK	https://maciektora-hue.github.io/rosja/gradually-suddenly/#motyw-dynamika-iiws
A2	a2_ZAMROZONE-maj-2026-gradually-stalo-sie-suddenly-v25_00-2026-06-25.html	ZAMROZONE · maj 2026. gradually stalo sie suddenly · v25.00	https://maciektora-hue.github.io/rosja/gradually-suddenly/	H2	2	154	XVII. Źródła — instytucje, media, OSINT, ramy interpretacyjne	zrodla-dokumentu	OK	https://maciektora-hue.github.io/rosja/gradually-suddenly/#zrodla-dokumentu
A2	a2_ZAMROZONE-maj-2026-gradually-stalo-sie-suddenly-v25_00-2026-06-25.html	ZAMROZONE · maj 2026. gradually stalo sie suddenly · v25.00	https://maciektora-hue.github.io/rosja/gradually-suddenly/	H3	3	155	Prasa i instytucje analityczne	zrodla-prasa-instytucje	OK	https://maciektora-hue.github.io/rosja/gradually-suddenly/#zrodla-prasa-instytucje
A2	a2_ZAMROZONE-maj-2026-gradually-stalo-sie-suddenly-v25_00-2026-06-25.html	ZAMROZONE · maj 2026. gradually stalo sie suddenly · v25.00	https://maciektora-hue.github.io/rosja/gradually-suddenly/	H3	3	156	Telegram OSINT	zrodla-telegram-osint	OK	https://maciektora-hue.github.io/rosja/gradually-suddenly/#zrodla-telegram-osint
A2	a2_ZAMROZONE-maj-2026-gradually-stalo-sie-suddenly-v25_00-2026-06-25.html	ZAMROZONE · maj 2026. gradually stalo sie suddenly · v25.00	https://maciektora-hue.github.io/rosja/gradually-suddenly/	H3	3	157	Dane satelitarne i obrazowe	zrodla-satelita	OK	https://maciektora-hue.github.io/rosja/gradually-suddenly/#zrodla-satelita
A2	a2_ZAMROZONE-maj-2026-gradually-stalo-sie-suddenly-v25_00-2026-06-25.html	ZAMROZONE · maj 2026. gradually stalo sie suddenly · v25.00	https://maciektora-hue.github.io/rosja/gradually-suddenly/	H3	3	158	OSINT na Bluesky / X	zrodla-bluesky-x	OK	https://maciektora-hue.github.io/rosja/gradually-suddenly/#zrodla-bluesky-x
A2	a2_ZAMROZONE-maj-2026-gradually-stalo-sie-suddenly-v25_00-2026-06-25.html	ZAMROZONE · maj 2026. gradually stalo sie suddenly · v25.00	https://maciektora-hue.github.io/rosja/gradually-suddenly/	H3	3	159	Ramy interpretacyjne (akademickie)	zrodla-ramy-interpretacyjne	OK	https://maciektora-hue.github.io/rosja/gradually-suddenly/#zrodla-ramy-interpretacyjne
A3	a3_ZAMROZONE-lista-celow-v19_00-2026-06-25.html	ZAMROZONE · lista celów · v19.00	https://maciektora-hue.github.io/rosja/lista-celow/	H1	1	1	lista celów	lista-celow	OK	https://maciektora-hue.github.io/rosja/lista-celow/#lista-celow
A3	a3_ZAMROZONE-lista-celow-v19_00-2026-06-25.html	ZAMROZONE · lista celów · v19.00	https://maciektora-hue.github.io/rosja/lista-celow/	H2	2	2	II. Lista uderzeń — okresy dwutygodniowe, od maja tygodniowe	lista-uderzen	OK	https://maciektora-hue.github.io/rosja/lista-celow/#lista-uderzen
A3	a3_ZAMROZONE-lista-celow-v19_00-2026-06-25.html	ZAMROZONE · lista celów · v19.00	https://maciektora-hue.github.io/rosja/lista-celow/	H3	3	3	Wstęp — kluczowe daty, klasyfikacja, statystyki bazowe	lista-wstep	OK	https://maciektora-hue.github.io/rosja/lista-celow/#lista-wstep
A3	a3_ZAMROZONE-lista-celow-v19_00-2026-06-25.html	ZAMROZONE · lista celów · v19.00	https://maciektora-hue.github.io/rosja/lista-celow/	H3	3	4	okres 1 od 04.01 do 17.01	okres-1	OK	https://maciektora-hue.github.io/rosja/lista-celow/#okres-1
A3	a3_ZAMROZONE-lista-celow-v19_00-2026-06-25.html	ZAMROZONE · lista celów · v19.00	https://maciektora-hue.github.io/rosja/lista-celow/	H3	3	5	okres 2 od 18.01 do 31.01	okres-2	OK	https://maciektora-hue.github.io/rosja/lista-celow/#okres-2
A3	a3_ZAMROZONE-lista-celow-v19_00-2026-06-25.html	ZAMROZONE · lista celów · v19.00	https://maciektora-hue.github.io/rosja/lista-celow/	H3	3	6	okres 3 od 01.02 do 14.02	okres-3	OK	https://maciektora-hue.github.io/rosja/lista-celow/#okres-3
A3	a3_ZAMROZONE-lista-celow-v19_00-2026-06-25.html	ZAMROZONE · lista celów · v19.00	https://maciektora-hue.github.io/rosja/lista-celow/	H3	3	7	okres 4 od 15.02 do 28.02	okres-4	OK	https://maciektora-hue.github.io/rosja/lista-celow/#okres-4
A3	a3_ZAMROZONE-lista-celow-v19_00-2026-06-25.html	ZAMROZONE · lista celów · v19.00	https://maciektora-hue.github.io/rosja/lista-celow/	H4	4	8	Paradoks Hormuz — start kalendarzowy	okres-4-paradoks-hormuz	OK	https://maciektora-hue.github.io/rosja/lista-celow/#okres-4-paradoks-hormuz
A3	a3_ZAMROZONE-lista-celow-v19_00-2026-06-25.html	ZAMROZONE · lista celów · v19.00	https://maciektora-hue.github.io/rosja/lista-celow/	H3	3	9	okres 5 od 01.03 do 14.03	okres-5	OK	https://maciektora-hue.github.io/rosja/lista-celow/#okres-5
A3	a3_ZAMROZONE-lista-celow-v19_00-2026-06-25.html	ZAMROZONE · lista celów · v19.00	https://maciektora-hue.github.io/rosja/lista-celow/	H3	3	10	okres 6 od 15.03 do 28.03	okres-6	OK	https://maciektora-hue.github.io/rosja/lista-celow/#okres-6
A3	a3_ZAMROZONE-lista-celow-v19_00-2026-06-25.html	ZAMROZONE · lista celów · v19.00	https://maciektora-hue.github.io/rosja/lista-celow/	H3	3	11	okres 7 od 29.03 do 11.04	okres-7	OK	https://maciektora-hue.github.io/rosja/lista-celow/#okres-7
A3	a3_ZAMROZONE-lista-celow-v19_00-2026-06-25.html	ZAMROZONE · lista celów · v19.00	https://maciektora-hue.github.io/rosja/lista-celow/	H4	4	12	Korekta v1.2 — pauza wielkanocna nie była absolutna	okres-7-korekta-pauza	OK	https://maciektora-hue.github.io/rosja/lista-celow/#okres-7-korekta-pauza
A3	a3_ZAMROZONE-lista-celow-v19_00-2026-06-25.html	ZAMROZONE · lista celów · v19.00	https://maciektora-hue.github.io/rosja/lista-celow/	H3	3	13	okres 8 od 12.04 do 25.04	okres-8	OK	https://maciektora-hue.github.io/rosja/lista-celow/#okres-8
A3	a3_ZAMROZONE-lista-celow-v19_00-2026-06-25.html	ZAMROZONE · lista celów · v19.00	https://maciektora-hue.github.io/rosja/lista-celow/	H3	3	14	okres 9 od 26.04 do 09.05	okres-9	OK	https://maciektora-hue.github.io/rosja/lista-celow/#okres-9
A3	a3_ZAMROZONE-lista-celow-v19_00-2026-06-25.html	ZAMROZONE · lista celów · v19.00	https://maciektora-hue.github.io/rosja/lista-celow/	H3	3	15	okres 10 od 10.05 do 16.05	okres-10	OK	https://maciektora-hue.github.io/rosja/lista-celow/#okres-10
A3	a3_ZAMROZONE-lista-celow-v19_00-2026-06-25.html	ZAMROZONE · lista celów · v19.00	https://maciektora-hue.github.io/rosja/lista-celow/	H4	4	16	Nota o zmianie rytmu — od maja tydzień	okres-10-nota-rytm	OK	https://maciektora-hue.github.io/rosja/lista-celow/#okres-10-nota-rytm
A3	a3_ZAMROZONE-lista-celow-v19_00-2026-06-25.html	ZAMROZONE · lista celów · v19.00	https://maciektora-hue.github.io/rosja/lista-celow/	H3	3	17	okres 11 od 17.05 do 23.05	okres-11	OK	https://maciektora-hue.github.io/rosja/lista-celow/#okres-11
A3	a3_ZAMROZONE-lista-celow-v19_00-2026-06-25.html	ZAMROZONE · lista celów · v19.00	https://maciektora-hue.github.io/rosja/lista-celow/	H4	4	18	Trzydniowa kampania komunikacyjna 17–18.05	okres-11-trzydniowa-kampania	OK	https://maciektora-hue.github.io/rosja/lista-celow/#okres-11-trzydniowa-kampania
A3	a3_ZAMROZONE-lista-celow-v19_00-2026-06-25.html	ZAMROZONE · lista celów · v19.00	https://maciektora-hue.github.io/rosja/lista-celow/	H3	3	19	okres 12 od 24.05 do 30.05	okres-12	OK	https://maciektora-hue.github.io/rosja/lista-celow/#okres-12
A3	a3_ZAMROZONE-lista-celow-v19_00-2026-06-25.html	ZAMROZONE · lista celów · v19.00	https://maciektora-hue.github.io/rosja/lista-celow/	H4	4	20	27.05 — największy pakiet uderzeń głębokich w wojnie	okres-12-pakiet-2705	OK	https://maciektora-hue.github.io/rosja/lista-celow/#okres-12-pakiet-2705
A3	a3_ZAMROZONE-lista-celow-v19_00-2026-06-25.html	ZAMROZONE · lista celów · v19.00	https://maciektora-hue.github.io/rosja/lista-celow/	H3	3	21	Statystyki maja — Naczelny Dowódca ZSU (gen. Syrski)	statystyki-maja-syrski	OK	https://maciektora-hue.github.io/rosja/lista-celow/#statystyki-maja-syrski
A3	a3_ZAMROZONE-lista-celow-v19_00-2026-06-25.html	ZAMROZONE · lista celów · v19.00	https://maciektora-hue.github.io/rosja/lista-celow/	H3	3	22	okres 13 od 31.05 do 06.06	okres-13	OK	https://maciektora-hue.github.io/rosja/lista-celow/#okres-13
A3	a3_ZAMROZONE-lista-celow-v19_00-2026-06-25.html	ZAMROZONE · lista celów · v19.00	https://maciektora-hue.github.io/rosja/lista-celow/	H4	4	23	03.06 — uderzenie w dniu otwarcia SPIEF	okres-13-spief	OK	https://maciektora-hue.github.io/rosja/lista-celow/#okres-13-spief
A3	a3_ZAMROZONE-lista-celow-v19_00-2026-06-25.html	ZAMROZONE · lista celów · v19.00	https://maciektora-hue.github.io/rosja/lista-celow/	H3	3	24	okres 14 od 07.06 do 13.06	okres-14	OK	https://maciektora-hue.github.io/rosja/lista-celow/#okres-14
A3	a3_ZAMROZONE-lista-celow-v19_00-2026-06-25.html	ZAMROZONE · lista celów · v19.00	https://maciektora-hue.github.io/rosja/lista-celow/	H3	3	25	okres 15 od 14.06 do 20.06	okres-15	OK	https://maciektora-hue.github.io/rosja/lista-celow/#okres-15
A3	a3_ZAMROZONE-lista-celow-v19_00-2026-06-25.html	ZAMROZONE · lista celów · v19.00	https://maciektora-hue.github.io/rosja/lista-celow/	H3	3	26	okres 16 od 21.06 (w toku)	okres-16	OK	https://maciektora-hue.github.io/rosja/lista-celow/#okres-16
A4	a4_lipiec-2026-przejscie-na-hurt-v20_11-2026-08-01.html	lipiec 2026. przejscie na hurt — v20.11	https://maciektora-hue.github.io/rosja/przejscie-na-hurt/	H1	1	1	lipiec 2026. przejscie na hurt	tytul	OK	https://maciektora-hue.github.io/rosja/przejscie-na-hurt/#tytul
A4	a4_lipiec-2026-przejscie-na-hurt-v20_11-2026-08-01.html	lipiec 2026. przejscie na hurt — v20.11	https://maciektora-hue.github.io/rosja/przejscie-na-hurt/	H2	2	2	I. Skala hurtu	skala-hurtu	OK	https://maciektora-hue.github.io/rosja/przejscie-na-hurt/#skala-hurtu
A4	a4_lipiec-2026-przejscie-na-hurt-v20_11-2026-08-01.html	lipiec 2026. przejscie na hurt — v20.11	https://maciektora-hue.github.io/rosja/przejscie-na-hurt/	H3	3	3	1. Przerób — dno dwudziestolecia	przerob-dno-dwudziestolecia	OK	https://maciektora-hue.github.io/rosja/przejscie-na-hurt/#przerob-dno-dwudziestolecia
A4	a4_lipiec-2026-przejscie-na-hurt-v20_11-2026-08-01.html	lipiec 2026. przejscie na hurt — v20.11	https://maciektora-hue.github.io/rosja/przejscie-na-hurt/	H3	3	4	2. Tempo uderzeń	tempo-uderzen	OK	https://maciektora-hue.github.io/rosja/przejscie-na-hurt/#tempo-uderzen
A4	a4_lipiec-2026-przejscie-na-hurt-v20_11-2026-08-01.html	lipiec 2026. przejscie na hurt — v20.11	https://maciektora-hue.github.io/rosja/przejscie-na-hurt/	H6	6	5	"o „przerwie"", której nie było"	dygresja-o-lulu	OK	https://maciektora-hue.github.io/rosja/przejscie-na-hurt/#dygresja-o-lulu
A4	a4_lipiec-2026-przejscie-na-hurt-v20_11-2026-08-01.html	lipiec 2026. przejscie na hurt — v20.11	https://maciektora-hue.github.io/rosja/przejscie-na-hurt/	H3	3	6	3. Zasięg kryzysu po stronie rosyjskiej	zasieg-kryzysu	OK	https://maciektora-hue.github.io/rosja/przejscie-na-hurt/#zasieg-kryzysu
A4	a4_lipiec-2026-przejscie-na-hurt-v20_11-2026-08-01.html	lipiec 2026. przejscie na hurt — v20.11	https://maciektora-hue.github.io/rosja/przejscie-na-hurt/	H3	3	7	"4. Co znaczy „hurt"""	co-znaczy-hurt	OK	https://maciektora-hue.github.io/rosja/przejscie-na-hurt/#co-znaczy-hurt
A4	a4_lipiec-2026-przejscie-na-hurt-v20_11-2026-08-01.html	lipiec 2026. przejscie na hurt — v20.11	https://maciektora-hue.github.io/rosja/przejscie-na-hurt/	H2	2	8	II. Marketplace jako cel	marketplace-jako-cel	OK	https://maciektora-hue.github.io/rosja/przejscie-na-hurt/#marketplace-jako-cel
A4	a4_lipiec-2026-przejscie-na-hurt-v20_11-2026-08-01.html	lipiec 2026. przejscie na hurt — v20.11	https://maciektora-hue.github.io/rosja/przejscie-na-hurt/	H3	3	9	1. Kampania Wildberries	kampania-wildberries	OK	https://maciektora-hue.github.io/rosja/przejscie-na-hurt/#kampania-wildberries
A4	a4_lipiec-2026-przejscie-na-hurt-v20_11-2026-08-01.html	lipiec 2026. przejscie na hurt — v20.11	https://maciektora-hue.github.io/rosja/przejscie-na-hurt/	H6	6	10	o ewakuacji, której nie było	dygresja-ewakuacja	OK	https://maciektora-hue.github.io/rosja/przejscie-na-hurt/#dygresja-ewakuacja
A4	a4_lipiec-2026-przejscie-na-hurt-v20_11-2026-08-01.html	lipiec 2026. przejscie na hurt — v20.11	https://maciektora-hue.github.io/rosja/przejscie-na-hurt/	H3	3	11	2. Pierwszy Ozon	pierwszy-ozon	OK	https://maciektora-hue.github.io/rosja/przejscie-na-hurt/#pierwszy-ozon
A4	a4_lipiec-2026-przejscie-na-hurt-v20_11-2026-08-01.html	lipiec 2026. przejscie na hurt — v20.11	https://maciektora-hue.github.io/rosja/przejscie-na-hurt/	H3	3	12	3. Uzasadnienie celu	uzasadnienie-celu	OK	https://maciektora-hue.github.io/rosja/przejscie-na-hurt/#uzasadnienie-celu
A4	a4_lipiec-2026-przejscie-na-hurt-v20_11-2026-08-01.html	lipiec 2026. przejscie na hurt — v20.11	https://maciektora-hue.github.io/rosja/przejscie-na-hurt/	H3	3	13	4. Powód, nie pretekst — i przypieczętowanie przez UE	powod-nie-pretekst	OK	https://maciektora-hue.github.io/rosja/przejscie-na-hurt/#powod-nie-pretekst
A4	a4_lipiec-2026-przejscie-na-hurt-v20_11-2026-08-01.html	lipiec 2026. przejscie na hurt — v20.11	https://maciektora-hue.github.io/rosja/przejscie-na-hurt/	H4	4	14	Co mogła zrobić Unia	co-mogla-zrobic-ue	OK	https://maciektora-hue.github.io/rosja/przejscie-na-hurt/#co-mogla-zrobic-ue
A4	a4_lipiec-2026-przejscie-na-hurt-v20_11-2026-08-01.html	lipiec 2026. przejscie na hurt — v20.11	https://maciektora-hue.github.io/rosja/przejscie-na-hurt/	H3	3	15	5. Efekt finansowy i przerzucenie ryzyka	efekt-finansowy	OK	https://maciektora-hue.github.io/rosja/przejscie-na-hurt/#efekt-finansowy
A4	a4_lipiec-2026-przejscie-na-hurt-v20_11-2026-08-01.html	lipiec 2026. przejscie na hurt — v20.11	https://maciektora-hue.github.io/rosja/przejscie-na-hurt/	H2	2	16	III. Milczenie strategiczne Zachodu	milczenie-strategiczne	OK	https://maciektora-hue.github.io/rosja/przejscie-na-hurt/#milczenie-strategiczne
A4	a4_lipiec-2026-przejscie-na-hurt-v20_11-2026-08-01.html	lipiec 2026. przejscie na hurt — v20.11	https://maciektora-hue.github.io/rosja/przejscie-na-hurt/	H3	3	17	1. Luka między wiedzą a mową	luka-miedzy-wiedza-a-mowa	OK	https://maciektora-hue.github.io/rosja/przejscie-na-hurt/#luka-miedzy-wiedza-a-mowa
A4	a4_lipiec-2026-przejscie-na-hurt-v20_11-2026-08-01.html	lipiec 2026. przejscie na hurt — v20.11	https://maciektora-hue.github.io/rosja/przejscie-na-hurt/	H3	3	18	2. Słowo urzędującego to zobowiązanie, nie opinia	slowo-jako-zobowiazanie	OK	https://maciektora-hue.github.io/rosja/przejscie-na-hurt/#slowo-jako-zobowiazanie
A4	a4_lipiec-2026-przejscie-na-hurt-v20_11-2026-08-01.html	lipiec 2026. przejscie na hurt — v20.11	https://maciektora-hue.github.io/rosja/przejscie-na-hurt/	H3	3	19	3. Pytanie, którego nikt nie chce usłyszeć	pytanie-ktorego-nikt-nie-chce	OK	https://maciektora-hue.github.io/rosja/przejscie-na-hurt/#pytanie-ktorego-nikt-nie-chce
A4	a4_lipiec-2026-przejscie-na-hurt-v20_11-2026-08-01.html	lipiec 2026. przejscie na hurt — v20.11	https://maciektora-hue.github.io/rosja/przejscie-na-hurt/	H6	6	20	o cenie ropy	dygresja-cena-ropy	OK	https://maciektora-hue.github.io/rosja/przejscie-na-hurt/#dygresja-cena-ropy
A4	a4_lipiec-2026-przejscie-na-hurt-v20_11-2026-08-01.html	lipiec 2026. przejscie na hurt — v20.11	https://maciektora-hue.github.io/rosja/przejscie-na-hurt/	H3	3	21	4. Asymetria kosztu pomyłki	koszt-pomylki	OK	https://maciektora-hue.github.io/rosja/przejscie-na-hurt/#koszt-pomylki
A4	a4_lipiec-2026-przejscie-na-hurt-v20_11-2026-08-01.html	lipiec 2026. przejscie na hurt — v20.11	https://maciektora-hue.github.io/rosja/przejscie-na-hurt/	H3	3	22	5. Emeryci mówią — test kontrolny	emeryci-mowia	OK	https://maciektora-hue.github.io/rosja/przejscie-na-hurt/#emeryci-mowia
A4	a4_lipiec-2026-przejscie-na-hurt-v20_11-2026-08-01.html	lipiec 2026. przejscie na hurt — v20.11	https://maciektora-hue.github.io/rosja/przejscie-na-hurt/	H3	3	23	6. Media też — inny mechanizm, ten sam skutek	media-tez	OK	https://maciektora-hue.github.io/rosja/przejscie-na-hurt/#media-tez
A4	a4_lipiec-2026-przejscie-na-hurt-v20_11-2026-08-01.html	lipiec 2026. przejscie na hurt — v20.11	https://maciektora-hue.github.io/rosja/przejscie-na-hurt/	H3	3	24	7. Błąd ramy porównawczej	blad-ramy-porownawczej	OK	https://maciektora-hue.github.io/rosja/przejscie-na-hurt/#blad-ramy-porownawczej
A4	a4_lipiec-2026-przejscie-na-hurt-v20_11-2026-08-01.html	lipiec 2026. przejscie na hurt — v20.11	https://maciektora-hue.github.io/rosja/przejscie-na-hurt/	H3	3	25	8. Kto może zobaczyć, że król jest nagi	kto-moze-zobaczyc	OK	https://maciektora-hue.github.io/rosja/przejscie-na-hurt/#kto-moze-zobaczyc
A4	a4_lipiec-2026-przejscie-na-hurt-v20_11-2026-08-01.html	lipiec 2026. przejscie na hurt — v20.11	https://maciektora-hue.github.io/rosja/przejscie-na-hurt/	H2	2	26	IV. Budanow i Zełenski — zmiana języka	budanow-zelenski	OK	https://maciektora-hue.github.io/rosja/przejscie-na-hurt/#budanow-zelenski
A4	a4_lipiec-2026-przejscie-na-hurt-v20_11-2026-08-01.html	lipiec 2026. przejscie na hurt — v20.11	https://maciektora-hue.github.io/rosja/przejscie-na-hurt/	H3	3	27	1. Awans, który sam jest tezą	awans-ktory-jest-teza	OK	https://maciektora-hue.github.io/rosja/przejscie-na-hurt/#awans-ktory-jest-teza
A4	a4_lipiec-2026-przejscie-na-hurt-v20_11-2026-08-01.html	lipiec 2026. przejscie na hurt — v20.11	https://maciektora-hue.github.io/rosja/przejscie-na-hurt/	H3	3	28	2. Od przetrwania do terminu	od-przetrwania-do-terminu	OK	https://maciektora-hue.github.io/rosja/przejscie-na-hurt/#od-przetrwania-do-terminu
A4	a4_lipiec-2026-przejscie-na-hurt-v20_11-2026-08-01.html	lipiec 2026. przejscie na hurt — v20.11	https://maciektora-hue.github.io/rosja/przejscie-na-hurt/	H3	3	29	3. Doktryna maksymalizacji eskalacji	doktryna-maksymalizacji	OK	https://maciektora-hue.github.io/rosja/przejscie-na-hurt/#doktryna-maksymalizacji
A4	a4_lipiec-2026-przejscie-na-hurt-v20_11-2026-08-01.html	lipiec 2026. przejscie na hurt — v20.11	https://maciektora-hue.github.io/rosja/przejscie-na-hurt/	H3	3	30	4. Dosłowność jako narzędzie	doslownosc	OK	https://maciektora-hue.github.io/rosja/przejscie-na-hurt/#doslownosc
A4	a4_lipiec-2026-przejscie-na-hurt-v20_11-2026-08-01.html	lipiec 2026. przejscie na hurt — v20.11	https://maciektora-hue.github.io/rosja/przejscie-na-hurt/	H3	3	31	5. Rejestr mnicha-wojownika	rejestr-mnicha	OK	https://maciektora-hue.github.io/rosja/przejscie-na-hurt/#rejestr-mnicha
A4	a4_lipiec-2026-przejscie-na-hurt-v20_11-2026-08-01.html	lipiec 2026. przejscie na hurt — v20.11	https://maciektora-hue.github.io/rosja/przejscie-na-hurt/	H4	4	32	Ta sama brakująca warstwa	ta-sama-warstwa	OK	https://maciektora-hue.github.io/rosja/przejscie-na-hurt/#ta-sama-warstwa
A4	a4_lipiec-2026-przejscie-na-hurt-v20_11-2026-08-01.html	lipiec 2026. przejscie na hurt — v20.11	https://maciektora-hue.github.io/rosja/przejscie-na-hurt/	H4	4	33	Nawiązanie: gramatyka Budanowa	gramatyka-budanowa	OK	https://maciektora-hue.github.io/rosja/przejscie-na-hurt/#gramatyka-budanowa
A4	a4_lipiec-2026-przejscie-na-hurt-v20_11-2026-08-01.html	lipiec 2026. przejscie na hurt — v20.11	https://maciektora-hue.github.io/rosja/przejscie-na-hurt/	H3	3	34	6. Co mówią, a czego nadal nie	co-mowia-a-czego-nie	OK	https://maciektora-hue.github.io/rosja/przejscie-na-hurt/#co-mowia-a-czego-nie
A4	a4_lipiec-2026-przejscie-na-hurt-v20_11-2026-08-01.html	lipiec 2026. przejscie na hurt — v20.11	https://maciektora-hue.github.io/rosja/przejscie-na-hurt/	H2	2	35	V. Kasparow — stała odniesienia	kasparow	OK	https://maciektora-hue.github.io/rosja/przejscie-na-hurt/#kasparow
A4	a4_lipiec-2026-przejscie-na-hurt-v20_11-2026-08-01.html	lipiec 2026. przejscie na hurt — v20.11	https://maciektora-hue.github.io/rosja/przejscie-na-hurt/	H3	3	36	1. Dwadzieścia lat tej samej tezy	dwadziescia-lat-tej-samej-tezy	OK	https://maciektora-hue.github.io/rosja/przejscie-na-hurt/#dwadziescia-lat-tej-samej-tezy
A4	a4_lipiec-2026-przejscie-na-hurt-v20_11-2026-08-01.html	lipiec 2026. przejscie na hurt — v20.11	https://maciektora-hue.github.io/rosja/przejscie-na-hurt/	H3	3	37	2. Trzy rzeczy, których nie mówi nikt inny	trzy-rzeczy-ktorych-nikt-nie-mowi	OK	https://maciektora-hue.github.io/rosja/przejscie-na-hurt/#trzy-rzeczy-ktorych-nikt-nie-mowi
A4	a4_lipiec-2026-przejscie-na-hurt-v20_11-2026-08-01.html	lipiec 2026. przejscie na hurt — v20.11	https://maciektora-hue.github.io/rosja/przejscie-na-hurt/	H4	4	38	Po pierwsze: Rosja się rozpadnie	teza-rozpadnie-sie	OK	https://maciektora-hue.github.io/rosja/przejscie-na-hurt/#teza-rozpadnie-sie
A4	a4_lipiec-2026-przejscie-na-hurt-v20_11-2026-08-01.html	lipiec 2026. przejscie na hurt — v20.11	https://maciektora-hue.github.io/rosja/przejscie-na-hurt/	H4	4	39	Po drugie: Rosja powinna się rozpaść	teza-powinna-sie-rozpasc	OK	https://maciektora-hue.github.io/rosja/przejscie-na-hurt/#teza-powinna-sie-rozpasc
A4	a4_lipiec-2026-przejscie-na-hurt-v20_11-2026-08-01.html	lipiec 2026. przejscie na hurt — v20.11	https://maciektora-hue.github.io/rosja/przejscie-na-hurt/	H4	4	40	Po trzecie: na tej wojnie zarabiają Chiny, i właściwie nikt inny	teza-chiny-zyskuja	OK	https://maciektora-hue.github.io/rosja/przejscie-na-hurt/#teza-chiny-zyskuja
A4	a4_lipiec-2026-przejscie-na-hurt-v20_11-2026-08-01.html	lipiec 2026. przejscie na hurt — v20.11	https://maciektora-hue.github.io/rosja/przejscie-na-hurt/	H4	4	41	I wniosek, który wynika z trzech powyższych: to nic strasznego	teza-nic-strasznego	OK	https://maciektora-hue.github.io/rosja/przejscie-na-hurt/#teza-nic-strasznego
A4	a4_lipiec-2026-przejscie-na-hurt-v20_11-2026-08-01.html	lipiec 2026. przejscie na hurt — v20.11	https://maciektora-hue.github.io/rosja/przejscie-na-hurt/	H3	3	42	3. Dlaczego teraz brzmi inaczej	dlaczego-teraz-brzmi-inaczej	OK	https://maciektora-hue.github.io/rosja/przejscie-na-hurt/#dlaczego-teraz-brzmi-inaczej
A4	a4_lipiec-2026-przejscie-na-hurt-v20_11-2026-08-01.html	lipiec 2026. przejscie na hurt — v20.11	https://maciektora-hue.github.io/rosja/przejscie-na-hurt/	H3	3	43	4. Trzy głosy, jeden model	trzy-glosy-jeden-model	OK	https://maciektora-hue.github.io/rosja/przejscie-na-hurt/#trzy-glosy-jeden-model
A4	a4_lipiec-2026-przejscie-na-hurt-v20_11-2026-08-01.html	lipiec 2026. przejscie na hurt — v20.11	https://maciektora-hue.github.io/rosja/przejscie-na-hurt/	H2	2	44	VI. Jak niewinnie zaczął się hurt	geneza-hurtu	OK	https://maciektora-hue.github.io/rosja/przejscie-na-hurt/#geneza-hurtu
A4	a4_lipiec-2026-przejscie-na-hurt-v20_11-2026-08-01.html	lipiec 2026. przejscie na hurt — v20.11	https://maciektora-hue.github.io/rosja/przejscie-na-hurt/	H3	3	45	1. Drabina zaczęła się wcześniej	drabina-zaczela-sie-wczesniej	OK	https://maciektora-hue.github.io/rosja/przejscie-na-hurt/#drabina-zaczela-sie-wczesniej
A4	a4_lipiec-2026-przejscie-na-hurt-v20_11-2026-08-01.html	lipiec 2026. przejscie na hurt — v20.11	https://maciektora-hue.github.io/rosja/przejscie-na-hurt/	H3	3	46	2. Dwa motory w jednym kierunku	dwa-motory	OK	https://maciektora-hue.github.io/rosja/przejscie-na-hurt/#dwa-motory
A4	a4_lipiec-2026-przejscie-na-hurt-v20_11-2026-08-01.html	lipiec 2026. przejscie na hurt — v20.11	https://maciektora-hue.github.io/rosja/przejscie-na-hurt/	H3	3	47	3. Drabina lipcowa, dzień po dniu	drabina-lipcowa	OK	https://maciektora-hue.github.io/rosja/przejscie-na-hurt/#drabina-lipcowa
A4	a4_lipiec-2026-przejscie-na-hurt-v20_11-2026-08-01.html	lipiec 2026. przejscie na hurt — v20.11	https://maciektora-hue.github.io/rosja/przejscie-na-hurt/	H3	3	48	4. Odpowiedź podwójna — realna i wizerunkowa	odpowiedz-podwojna	OK	https://maciektora-hue.github.io/rosja/przejscie-na-hurt/#odpowiedz-podwojna
A4	a4_lipiec-2026-przejscie-na-hurt-v20_11-2026-08-01.html	lipiec 2026. przejscie na hurt — v20.11	https://maciektora-hue.github.io/rosja/przejscie-na-hurt/	H3	3	49	5. Pewność następnego kroku	pewnosc-nastepnego-kroku	OK	https://maciektora-hue.github.io/rosja/przejscie-na-hurt/#pewnosc-nastepnego-kroku
A4	a4_lipiec-2026-przejscie-na-hurt-v20_11-2026-08-01.html	lipiec 2026. przejscie na hurt — v20.11	https://maciektora-hue.github.io/rosja/przejscie-na-hurt/	H3	3	50	6. Przypadkowa trwałość	przypadkowa-trwalosc	OK	https://maciektora-hue.github.io/rosja/przejscie-na-hurt/#przypadkowa-trwalosc
A4	a4_lipiec-2026-przejscie-na-hurt-v20_11-2026-08-01.html	lipiec 2026. przejscie na hurt — v20.11	https://maciektora-hue.github.io/rosja/przejscie-na-hurt/	H2	2	51	VII. Inwersja historyczna	inwersja-historyczna	OK	https://maciektora-hue.github.io/rosja/przejscie-na-hurt/#inwersja-historyczna
A4	a4_lipiec-2026-przejscie-na-hurt-v20_11-2026-08-01.html	lipiec 2026. przejscie na hurt — v20.11	https://maciektora-hue.github.io/rosja/przejscie-na-hurt/	H3	3	52	1. Czym Rosja wygrywała wojny	czym-rosja-wygrywala	OK	https://maciektora-hue.github.io/rosja/przejscie-na-hurt/#czym-rosja-wygrywala
A4	a4_lipiec-2026-przejscie-na-hurt-v20_11-2026-08-01.html	lipiec 2026. przejscie na hurt — v20.11	https://maciektora-hue.github.io/rosja/przejscie-na-hurt/	H3	3	53	2. Amputacja własnego mięśnia	amputacja	OK	https://maciektora-hue.github.io/rosja/przejscie-na-hurt/#amputacja
A4	a4_lipiec-2026-przejscie-na-hurt-v20_11-2026-08-01.html	lipiec 2026. przejscie na hurt — v20.11	https://maciektora-hue.github.io/rosja/przejscie-na-hurt/	H3	3	54	3. Co z tego wynika dla tej wojny	co-z-tego-wynika	OK	https://maciektora-hue.github.io/rosja/przejscie-na-hurt/#co-z-tego-wynika
A4	a4_lipiec-2026-przejscie-na-hurt-v20_11-2026-08-01.html	lipiec 2026. przejscie na hurt — v20.11	https://maciektora-hue.github.io/rosja/przejscie-na-hurt/	H2	2	55	VIII. Prognoza dogania rzeczywistość	prognoza-dogania	OK	https://maciektora-hue.github.io/rosja/przejscie-na-hurt/#prognoza-dogania
A4	a4_lipiec-2026-przejscie-na-hurt-v20_11-2026-08-01.html	lipiec 2026. przejscie na hurt — v20.11	https://maciektora-hue.github.io/rosja/przejscie-na-hurt/	H3	3	56	1. Co napisano w marcu	co-napisano-w-marcu	OK	https://maciektora-hue.github.io/rosja/przejscie-na-hurt/#co-napisano-w-marcu
A4	a4_lipiec-2026-przejscie-na-hurt-v20_11-2026-08-01.html	lipiec 2026. przejscie na hurt — v20.11	https://maciektora-hue.github.io/rosja/przejscie-na-hurt/	H3	3	57	2. Co dopisano w czerwcu	co-dopisano-w-czerwcu	OK	https://maciektora-hue.github.io/rosja/przejscie-na-hurt/#co-dopisano-w-czerwcu
A4	a4_lipiec-2026-przejscie-na-hurt-v20_11-2026-08-01.html	lipiec 2026. przejscie na hurt — v20.11	https://maciektora-hue.github.io/rosja/przejscie-na-hurt/	H3	3	58	3. Co mówią teraz Zełenski i Budanow	co-mowia-teraz	OK	https://maciektora-hue.github.io/rosja/przejscie-na-hurt/#co-mowia-teraz
A4	a4_lipiec-2026-przejscie-na-hurt-v20_11-2026-08-01.html	lipiec 2026. przejscie na hurt — v20.11	https://maciektora-hue.github.io/rosja/przejscie-na-hurt/	H3	3	59	4. Czego wcześniej w obiegu nie było	czego-nie-bylo-w-obiegu	OK	https://maciektora-hue.github.io/rosja/przejscie-na-hurt/#czego-nie-bylo-w-obiegu
A4	a4_lipiec-2026-przejscie-na-hurt-v20_11-2026-08-01.html	lipiec 2026. przejscie na hurt — v20.11	https://maciektora-hue.github.io/rosja/przejscie-na-hurt/	H3	3	60	5. Dyscyplina — mapa, nie GPS	dyscyplina	OK	https://maciektora-hue.github.io/rosja/przejscie-na-hurt/#dyscyplina
A4	a4_lipiec-2026-przejscie-na-hurt-v20_11-2026-08-01.html	lipiec 2026. przejscie na hurt — v20.11	https://maciektora-hue.github.io/rosja/przejscie-na-hurt/	H2	2	61	IX. Zapaść w czasie teraźniejszym ciągłym	zapasc	OK	https://maciektora-hue.github.io/rosja/przejscie-na-hurt/#zapasc
A4	a4_lipiec-2026-przejscie-na-hurt-v20_11-2026-08-01.html	lipiec 2026. przejscie na hurt — v20.11	https://maciektora-hue.github.io/rosja/przejscie-na-hurt/	H3	3	62	1. Budżet — oficjalna dziura i paradoks naftowy	budzet	OK	https://maciektora-hue.github.io/rosja/przejscie-na-hurt/#budzet
A4	a4_lipiec-2026-przejscie-na-hurt-v20_11-2026-08-01.html	lipiec 2026. przejscie na hurt — v20.11	https://maciektora-hue.github.io/rosja/przejscie-na-hurt/	H4	4	63	Paradoks naftowy — spadek wpływów przy rekordowych cenach	paradoks-naftowy	OK	https://maciektora-hue.github.io/rosja/przejscie-na-hurt/#paradoks-naftowy
A4	a4_lipiec-2026-przejscie-na-hurt-v20_11-2026-08-01.html	lipiec 2026. przejscie na hurt — v20.11	https://maciektora-hue.github.io/rosja/przejscie-na-hurt/	H3	3	64	2. Zbiory — paliwo zjada plon, a technologia zjada resztę	zbiory	OK	https://maciektora-hue.github.io/rosja/przejscie-na-hurt/#zbiory
A4	a4_lipiec-2026-przejscie-na-hurt-v20_11-2026-08-01.html	lipiec 2026. przejscie na hurt — v20.11	https://maciektora-hue.github.io/rosja/przejscie-na-hurt/	H4	4	65	Degradacja technologiczna pod spodem	degradacja-technologiczna	OK	https://maciektora-hue.github.io/rosja/przejscie-na-hurt/#degradacja-technologiczna
A4	a4_lipiec-2026-przejscie-na-hurt-v20_11-2026-08-01.html	lipiec 2026. przejscie na hurt — v20.11	https://maciektora-hue.github.io/rosja/przejscie-na-hurt/	H4	4	66	Pogoda i pułapka płynności	pogoda-i-plynnosc	OK	https://maciektora-hue.github.io/rosja/przejscie-na-hurt/#pogoda-i-plynnosc
A4	a4_lipiec-2026-przejscie-na-hurt-v20_11-2026-08-01.html	lipiec 2026. przejscie na hurt — v20.11	https://maciektora-hue.github.io/rosja/przejscie-na-hurt/	H4	4	67	Wieś się wyżywi, miasta niekoniecznie	wies-i-miasto	OK	https://maciektora-hue.github.io/rosja/przejscie-na-hurt/#wies-i-miasto
A4	a4_lipiec-2026-przejscie-na-hurt-v20_11-2026-08-01.html	lipiec 2026. przejscie na hurt — v20.11	https://maciektora-hue.github.io/rosja/przejscie-na-hurt/	H3	3	68	3. Złoto — wyprzedaż stulecia	zloto	OK	https://maciektora-hue.github.io/rosja/przejscie-na-hurt/#zloto
A4	a4_lipiec-2026-przejscie-na-hurt-v20_11-2026-08-01.html	lipiec 2026. przejscie na hurt — v20.11	https://maciektora-hue.github.io/rosja/przejscie-na-hurt/	H3	3	69	4. Kolej — piąty rok spadku i degradacja pod spodem	kolej	OK	https://maciektora-hue.github.io/rosja/przejscie-na-hurt/#kolej
A4	a4_lipiec-2026-przejscie-na-hurt-v20_11-2026-08-01.html	lipiec 2026. przejscie na hurt — v20.11	https://maciektora-hue.github.io/rosja/przejscie-na-hurt/	H4	4	70	Paradoks pracy przewozowej	paradoks-gruzooborotu	OK	https://maciektora-hue.github.io/rosja/przejscie-na-hurt/#paradoks-gruzooborotu
A4	a4_lipiec-2026-przejscie-na-hurt-v20_11-2026-08-01.html	lipiec 2026. przejscie na hurt — v20.11	https://maciektora-hue.github.io/rosja/przejscie-na-hurt/	H4	4	71	Wyprzedaż majątku i ubytek ludzi	wyprzedaz-i-kadry	OK	https://maciektora-hue.github.io/rosja/przejscie-na-hurt/#wyprzedaz-i-kadry
A4	a4_lipiec-2026-przejscie-na-hurt-v20_11-2026-08-01.html	lipiec 2026. przejscie na hurt — v20.11	https://maciektora-hue.github.io/rosja/przejscie-na-hurt/	H4	4	72	Fałszowane remonty i zakazy załadunku	falszowane-remonty	OK	https://maciektora-hue.github.io/rosja/przejscie-na-hurt/#falszowane-remonty
A4	a4_lipiec-2026-przejscie-na-hurt-v20_11-2026-08-01.html	lipiec 2026. przejscie na hurt — v20.11	https://maciektora-hue.github.io/rosja/przejscie-na-hurt/	H3	3	73	5. Lotnictwo cywilne — awaria co tydzień	lotnictwo	OK	https://maciektora-hue.github.io/rosja/przejscie-na-hurt/#lotnictwo
A4	a4_lipiec-2026-przejscie-na-hurt-v20_11-2026-08-01.html	lipiec 2026. przejscie na hurt — v20.11	https://maciektora-hue.github.io/rosja/przejscie-na-hurt/	H3	3	74	6. Sektor korporacyjny — zarządzany upadek	sektor-korporacyjny	OK	https://maciektora-hue.github.io/rosja/przejscie-na-hurt/#sektor-korporacyjny
A4	a4_lipiec-2026-przejscie-na-hurt-v20_11-2026-08-01.html	lipiec 2026. przejscie na hurt — v20.11	https://maciektora-hue.github.io/rosja/przejscie-na-hurt/	H3	3	75	7. Dlaczego to już czas przyszły dokonany	czas-dokonany	OK	https://maciektora-hue.github.io/rosja/przejscie-na-hurt/#czas-dokonany
A4	a4_lipiec-2026-przejscie-na-hurt-v20_11-2026-08-01.html	lipiec 2026. przejscie na hurt — v20.11	https://maciektora-hue.github.io/rosja/przejscie-na-hurt/	H2	2	76	X. Mobilizacja cicha i pełna	mobilizacja	OK	https://maciektora-hue.github.io/rosja/przejscie-na-hurt/#mobilizacja
A4	a4_lipiec-2026-przejscie-na-hurt-v20_11-2026-08-01.html	lipiec 2026. przejscie na hurt — v20.11	https://maciektora-hue.github.io/rosja/przejscie-na-hurt/	H3	3	77	1. Werbunek siada	werbunek-siada	OK	https://maciektora-hue.github.io/rosja/przejscie-na-hurt/#werbunek-siada
A4	a4_lipiec-2026-przejscie-na-hurt-v20_11-2026-08-01.html	lipiec 2026. przejscie na hurt — v20.11	https://maciektora-hue.github.io/rosja/przejscie-na-hurt/	H3	3	78	2. Cicha mobilizacja — co już trwa	cicha-mobilizacja	OK	https://maciektora-hue.github.io/rosja/przejscie-na-hurt/#cicha-mobilizacja
A4	a4_lipiec-2026-przejscie-na-hurt-v20_11-2026-08-01.html	lipiec 2026. przejscie na hurt — v20.11	https://maciektora-hue.github.io/rosja/przejscie-na-hurt/	H3	3	79	3. Głos przeciwny — czy na pewno brakuje	glos-przeciwny	OK	https://maciektora-hue.github.io/rosja/przejscie-na-hurt/#glos-przeciwny
A4	a4_lipiec-2026-przejscie-na-hurt-v20_11-2026-08-01.html	lipiec 2026. przejscie na hurt — v20.11	https://maciektora-hue.github.io/rosja/przejscie-na-hurt/	H3	3	80	4. Pełna mobilizacja po wyborach	pelna-po-wyborach	OK	https://maciektora-hue.github.io/rosja/przejscie-na-hurt/#pelna-po-wyborach
A4	a4_lipiec-2026-przejscie-na-hurt-v20_11-2026-08-01.html	lipiec 2026. przejscie na hurt — v20.11	https://maciektora-hue.github.io/rosja/przejscie-na-hurt/	H3	3	81	5. Co by dała, a co zabrała	co-by-dala	OK	https://maciektora-hue.github.io/rosja/przejscie-na-hurt/#co-by-dala
A4	a4_lipiec-2026-przejscie-na-hurt-v20_11-2026-08-01.html	lipiec 2026. przejscie na hurt — v20.11	https://maciektora-hue.github.io/rosja/przejscie-na-hurt/	H4	4	82	Dałaby: masę piechoty, na jeden sezon	dalaby-piechote	OK	https://maciektora-hue.github.io/rosja/przejscie-na-hurt/#dalaby-piechote
A4	a4_lipiec-2026-przejscie-na-hurt-v20_11-2026-08-01.html	lipiec 2026. przejscie na hurt — v20.11	https://maciektora-hue.github.io/rosja/przejscie-na-hurt/	H4	4	83	Zabrałaby: ostatnie rezerwy rynku pracy	zabralaby-rynek-pracy	OK	https://maciektora-hue.github.io/rosja/przejscie-na-hurt/#zabralaby-rynek-pracy
A4	a4_lipiec-2026-przejscie-na-hurt-v20_11-2026-08-01.html	lipiec 2026. przejscie na hurt — v20.11	https://maciektora-hue.github.io/rosja/przejscie-na-hurt/	H4	4	84	Zabrałaby: specjalistów, których wojna potrzebuje najbardziej	zabralaby-specjalistow	OK	https://maciektora-hue.github.io/rosja/przejscie-na-hurt/#zabralaby-specjalistow
A4	a4_lipiec-2026-przejscie-na-hurt-v20_11-2026-08-01.html	lipiec 2026. przejscie na hurt — v20.11	https://maciektora-hue.github.io/rosja/przejscie-na-hurt/	H4	4	85	Zabrałaby: kolejną falę emigracji, tym razem trwałą	zabralaby-ludzi-za-granice	OK	https://maciektora-hue.github.io/rosja/przejscie-na-hurt/#zabralaby-ludzi-za-granice
A4	a4_lipiec-2026-przejscie-na-hurt-v20_11-2026-08-01.html	lipiec 2026. przejscie na hurt — v20.11	https://maciektora-hue.github.io/rosja/przejscie-na-hurt/	H4	4	86	Zabrałaby: spokój społeczny, którego nie da się odkupić	zabralaby-spokoj	OK	https://maciektora-hue.github.io/rosja/przejscie-na-hurt/#zabralaby-spokoj
A4	a4_lipiec-2026-przejscie-na-hurt-v20_11-2026-08-01.html	lipiec 2026. przejscie na hurt — v20.11	https://maciektora-hue.github.io/rosja/przejscie-na-hurt/	H2	2	87	XI. Chiński substytut komponentowy	chinski-substytut	OK	https://maciektora-hue.github.io/rosja/przejscie-na-hurt/#chinski-substytut
A4	a4_lipiec-2026-przejscie-na-hurt-v20_11-2026-08-01.html	lipiec 2026. przejscie na hurt — v20.11	https://maciektora-hue.github.io/rosja/przejscie-na-hurt/	H3	3	88	1. Skala zastąpienia	skala-zastapienia	OK	https://maciektora-hue.github.io/rosja/przejscie-na-hurt/#skala-zastapienia
A4	a4_lipiec-2026-przejscie-na-hurt-v20_11-2026-08-01.html	lipiec 2026. przejscie na hurt — v20.11	https://maciektora-hue.github.io/rosja/przejscie-na-hurt/	H3	3	89	2. Oficjalna kapitulacja programu niezależności	oficjalna-kapitulacja	OK	https://maciektora-hue.github.io/rosja/przejscie-na-hurt/#oficjalna-kapitulacja
A4	a4_lipiec-2026-przejscie-na-hurt-v20_11-2026-08-01.html	lipiec 2026. przejscie na hurt — v20.11	https://maciektora-hue.github.io/rosja/przejscie-na-hurt/	H3	3	90	3. Irtysz — procesor, który nie jest rosyjski	irtysz	OK	https://maciektora-hue.github.io/rosja/przejscie-na-hurt/#irtysz
A4	a4_lipiec-2026-przejscie-na-hurt-v20_11-2026-08-01.html	lipiec 2026. przejscie na hurt — v20.11	https://maciektora-hue.github.io/rosja/przejscie-na-hurt/	H3	3	91	4. Kanały szarej strefy	szarej-strefy	OK	https://maciektora-hue.github.io/rosja/przejscie-na-hurt/#szarej-strefy
A4	a4_lipiec-2026-przejscie-na-hurt-v20_11-2026-08-01.html	lipiec 2026. przejscie na hurt — v20.11	https://maciektora-hue.github.io/rosja/przejscie-na-hurt/	H3	3	92	5. Gaz — oba kierunki zamknięte	gaz-oba-kierunki	OK	https://maciektora-hue.github.io/rosja/przejscie-na-hurt/#gaz-oba-kierunki
A4	a4_lipiec-2026-przejscie-na-hurt-v20_11-2026-08-01.html	lipiec 2026. przejscie na hurt — v20.11	https://maciektora-hue.github.io/rosja/przejscie-na-hurt/	H3	3	93	6. To nie substytucja, to zamiana wierzyciela	zamiana-nie-substytucja	OK	https://maciektora-hue.github.io/rosja/przejscie-na-hurt/#zamiana-nie-substytucja
A4	a4_lipiec-2026-przejscie-na-hurt-v20_11-2026-08-01.html	lipiec 2026. przejscie na hurt — v20.11	https://maciektora-hue.github.io/rosja/przejscie-na-hurt/	H2	2	94	XII. Przemysł zbrojeniowy — cztery domknięcia	przemysl-domkniecia	OK	https://maciektora-hue.github.io/rosja/przejscie-na-hurt/#przemysl-domkniecia
A4	a4_lipiec-2026-przejscie-na-hurt-v20_11-2026-08-01.html	lipiec 2026. przejscie na hurt — v20.11	https://maciektora-hue.github.io/rosja/przejscie-na-hurt/	H3	3	95	1. Macierz powtórzeń	macierz-powtorzen	OK	https://maciektora-hue.github.io/rosja/przejscie-na-hurt/#macierz-powtorzen
A4	a4_lipiec-2026-przejscie-na-hurt-v20_11-2026-08-01.html	lipiec 2026. przejscie na hurt — v20.11	https://maciektora-hue.github.io/rosja/przejscie-na-hurt/	H3	3	96	2. Wąskim gardłem jest komponent, nie budynek	waskie-gardlo	OK	https://maciektora-hue.github.io/rosja/przejscie-na-hurt/#waskie-gardlo
A4	a4_lipiec-2026-przejscie-na-hurt-v20_11-2026-08-01.html	lipiec 2026. przejscie na hurt — v20.11	https://maciektora-hue.github.io/rosja/przejscie-na-hurt/	H3	3	97	3. KAB — jeden produkt, trzy ogniwa	kab-trzy-ogniwa	OK	https://maciektora-hue.github.io/rosja/przejscie-na-hurt/#kab-trzy-ogniwa
A4	a4_lipiec-2026-przejscie-na-hurt-v20_11-2026-08-01.html	lipiec 2026. przejscie na hurt — v20.11	https://maciektora-hue.github.io/rosja/przejscie-na-hurt/	H3	3	98	4. Trójkąt konkurencji o ludzi	trojkat-o-ludzi	OK	https://maciektora-hue.github.io/rosja/przejscie-na-hurt/#trojkat-o-ludzi
A4	a4_lipiec-2026-przejscie-na-hurt-v20_11-2026-08-01.html	lipiec 2026. przejscie na hurt — v20.11	https://maciektora-hue.github.io/rosja/przejscie-na-hurt/	H2	2	99	XIII. Strumień pod obciążeniem	strumien-pod-obciazeniem	OK	https://maciektora-hue.github.io/rosja/przejscie-na-hurt/#strumien-pod-obciazeniem
A4	a4_lipiec-2026-przejscie-na-hurt-v20_11-2026-08-01.html	lipiec 2026. przejscie na hurt — v20.11	https://maciektora-hue.github.io/rosja/przejscie-na-hurt/	H3	3	100	1. Strumień jest realny — liczby	strumien-jest-realny	OK	https://maciektora-hue.github.io/rosja/przejscie-na-hurt/#strumien-jest-realny
A4	a4_lipiec-2026-przejscie-na-hurt-v20_11-2026-08-01.html	lipiec 2026. przejscie na hurt — v20.11	https://maciektora-hue.github.io/rosja/przejscie-na-hurt/	H3	3	101	2. Strumień finansowany, nie darmowy	strumien-finansowany	OK	https://maciektora-hue.github.io/rosja/przejscie-na-hurt/#strumien-finansowany
A4	a4_lipiec-2026-przejscie-na-hurt-v20_11-2026-08-01.html	lipiec 2026. przejscie na hurt — v20.11	https://maciektora-hue.github.io/rosja/przejscie-na-hurt/	H3	3	102	3. Piechota — deficyt, którego nie łata technologia	piechota	OK	https://maciektora-hue.github.io/rosja/przejscie-na-hurt/#piechota
A4	a4_lipiec-2026-przejscie-na-hurt-v20_11-2026-08-01.html	lipiec 2026. przejscie na hurt — v20.11	https://maciektora-hue.github.io/rosja/przejscie-na-hurt/	H3	3	103	4. Energetyka — korekta własnej tezy	energetyka-korekta	OK	https://maciektora-hue.github.io/rosja/przejscie-na-hurt/#energetyka-korekta
A4	a4_lipiec-2026-przejscie-na-hurt-v20_11-2026-08-01.html	lipiec 2026. przejscie na hurt — v20.11	https://maciektora-hue.github.io/rosja/przejscie-na-hurt/	H3	3	104	5. Asymetria ograniczeń	asymetria-ograniczen	OK	https://maciektora-hue.github.io/rosja/przejscie-na-hurt/#asymetria-ograniczen
A4	a4_lipiec-2026-przejscie-na-hurt-v20_11-2026-08-01.html	lipiec 2026. przejscie na hurt — v20.11	https://maciektora-hue.github.io/rosja/przejscie-na-hurt/	H2	2	105	XIV. Czego Rosja nauczyła się dobrze	adaptacja	OK	https://maciektora-hue.github.io/rosja/przejscie-na-hurt/#adaptacja
A4	a4_lipiec-2026-przejscie-na-hurt-v20_11-2026-08-01.html	lipiec 2026. przejscie na hurt — v20.11	https://maciektora-hue.github.io/rosja/przejscie-na-hurt/	H3	3	106	1. Flota cieni — od obejścia do instytucji	flota-cieni	OK	https://maciektora-hue.github.io/rosja/przejscie-na-hurt/#flota-cieni
A4	a4_lipiec-2026-przejscie-na-hurt-v20_11-2026-08-01.html	lipiec 2026. przejscie na hurt — v20.11	https://maciektora-hue.github.io/rosja/przejscie-na-hurt/	H3	3	107	2. Nowy poziom: budowa mocy pod sankcjami	budowa-pod-sankcjami	OK	https://maciektora-hue.github.io/rosja/przejscie-na-hurt/#budowa-pod-sankcjami
A4	a4_lipiec-2026-przejscie-na-hurt-v20_11-2026-08-01.html	lipiec 2026. przejscie na hurt — v20.11	https://maciektora-hue.github.io/rosja/przejscie-na-hurt/	H3	3	108	3. Kontradaptacja: sankcje kinetyczne	sankcje-kinetyczne	OK	https://maciektora-hue.github.io/rosja/przejscie-na-hurt/#sankcje-kinetyczne
A4	a4_lipiec-2026-przejscie-na-hurt-v20_11-2026-08-01.html	lipiec 2026. przejscie na hurt — v20.11	https://maciektora-hue.github.io/rosja/przejscie-na-hurt/	H3	3	109	4. Pozostałe adaptacje	pozostale-adaptacje	OK	https://maciektora-hue.github.io/rosja/przejscie-na-hurt/#pozostale-adaptacje
A4	a4_lipiec-2026-przejscie-na-hurt-v20_11-2026-08-01.html	lipiec 2026. przejscie na hurt — v20.11	https://maciektora-hue.github.io/rosja/przejscie-na-hurt/	H3	3	110	5. Cena każdej adaptacji	cena-adaptacji	OK	https://maciektora-hue.github.io/rosja/przejscie-na-hurt/#cena-adaptacji
A4	a4_lipiec-2026-przejscie-na-hurt-v20_11-2026-08-01.html	lipiec 2026. przejscie na hurt — v20.11	https://maciektora-hue.github.io/rosja/przejscie-na-hurt/	H3	3	111	6. Dlaczego to wzmacnia tezę, a nie osłabia	dlaczego-to-wzmacnia-teze	OK	https://maciektora-hue.github.io/rosja/przejscie-na-hurt/#dlaczego-to-wzmacnia-teze
A4	a4_lipiec-2026-przejscie-na-hurt-v20_11-2026-08-01.html	lipiec 2026. przejscie na hurt — v20.11	https://maciektora-hue.github.io/rosja/przejscie-na-hurt/	H2	2	112	XV. Bankowość — najkrótszy zapalnik	bankowosc	OK	https://maciektora-hue.github.io/rosja/przejscie-na-hurt/#bankowosc
A4	a4_lipiec-2026-przejscie-na-hurt-v20_11-2026-08-01.html	lipiec 2026. przejscie na hurt — v20.11	https://maciektora-hue.github.io/rosja/przejscie-na-hurt/	H3	3	113	1. Formalnie kryzys już trwa	formalnie-juz-kryzys	OK	https://maciektora-hue.github.io/rosja/przejscie-na-hurt/#formalnie-juz-kryzys
A4	a4_lipiec-2026-przejscie-na-hurt-v20_11-2026-08-01.html	lipiec 2026. przejscie na hurt — v20.11	https://maciektora-hue.github.io/rosja/przejscie-na-hurt/	H3	3	114	2. Maskowanie przez restrukturyzację	maskowanie	OK	https://maciektora-hue.github.io/rosja/przejscie-na-hurt/#maskowanie
A4	a4_lipiec-2026-przejscie-na-hurt-v20_11-2026-08-01.html	lipiec 2026. przejscie na hurt — v20.11	https://maciektora-hue.github.io/rosja/przejscie-na-hurt/	H3	3	115	3. Marketplace'y jako przyspiesznik	marketplace-przyspiesznik	OK	https://maciektora-hue.github.io/rosja/przejscie-na-hurt/#marketplace-przyspiesznik
A4	a4_lipiec-2026-przejscie-na-hurt-v20_11-2026-08-01.html	lipiec 2026. przejscie na hurt — v20.11	https://maciektora-hue.github.io/rosja/przejscie-na-hurt/	H3	3	116	4. Ucieczka gotówki i niespłacalność	ucieczka-gotowki	OK	https://maciektora-hue.github.io/rosja/przejscie-na-hurt/#ucieczka-gotowki
A4	a4_lipiec-2026-przejscie-na-hurt-v20_11-2026-08-01.html	lipiec 2026. przejscie na hurt — v20.11	https://maciektora-hue.github.io/rosja/przejscie-na-hurt/	H3	3	117	5. Dlaczego to najkrótszy zapalnik	dlaczego-najkrotszy	OK	https://maciektora-hue.github.io/rosja/przejscie-na-hurt/#dlaczego-najkrotszy
A4	a4_lipiec-2026-przejscie-na-hurt-v20_11-2026-08-01.html	lipiec 2026. przejscie na hurt — v20.11	https://maciektora-hue.github.io/rosja/przejscie-na-hurt/	H2	2	118	XVI. Zima 2026/27 — zbieg wektorów	zima	OK	https://maciektora-hue.github.io/rosja/przejscie-na-hurt/#zima
A4	a4_lipiec-2026-przejscie-na-hurt-v20_11-2026-08-01.html	lipiec 2026. przejscie na hurt — v20.11	https://maciektora-hue.github.io/rosja/przejscie-na-hurt/	H3	3	119	1. Kalendarz zbieżności	kalendarz-zbieznosci	OK	https://maciektora-hue.github.io/rosja/przejscie-na-hurt/#kalendarz-zbieznosci
A4	a4_lipiec-2026-przejscie-na-hurt-v20_11-2026-08-01.html	lipiec 2026. przejscie na hurt — v20.11	https://maciektora-hue.github.io/rosja/przejscie-na-hurt/	H3	3	120	2. Ciepłownictwo — zużycie 70% przy budżecie ciętym 2,3 raza	cieplownictwo	OK	https://maciektora-hue.github.io/rosja/przejscie-na-hurt/#cieplownictwo
A4	a4_lipiec-2026-przejscie-na-hurt-v20_11-2026-08-01.html	lipiec 2026. przejscie na hurt — v20.11	https://maciektora-hue.github.io/rosja/przejscie-na-hurt/	H3	3	121	3. Przyznanie wpisane w dokument rządowy	przyznanie-w-dokumencie	OK	https://maciektora-hue.github.io/rosja/przejscie-na-hurt/#przyznanie-w-dokumencie
A4	a4_lipiec-2026-przejscie-na-hurt-v20_11-2026-08-01.html	lipiec 2026. przejscie na hurt — v20.11	https://maciektora-hue.github.io/rosja/przejscie-na-hurt/	H3	3	122	4. Dlaczego splot mnoży, a nie sumuje	dlaczego-splot-mnozy	OK	https://maciektora-hue.github.io/rosja/przejscie-na-hurt/#dlaczego-splot-mnozy
A4	a4_lipiec-2026-przejscie-na-hurt-v20_11-2026-08-01.html	lipiec 2026. przejscie na hurt — v20.11	https://maciektora-hue.github.io/rosja/przejscie-na-hurt/	H3	3	123	5. Co musiałoby pójść dobrze	co-musialoby-pojsc-dobrze	OK	https://maciektora-hue.github.io/rosja/przejscie-na-hurt/#co-musialoby-pojsc-dobrze
A4	a4_lipiec-2026-przejscie-na-hurt-v20_11-2026-08-01.html	lipiec 2026. przejscie na hurt — v20.11	https://maciektora-hue.github.io/rosja/przejscie-na-hurt/	H2	2	124	XVII. Tryb wojenny i cofnięcie się w czasie	tryb-wojenny	OK	https://maciektora-hue.github.io/rosja/przejscie-na-hurt/#tryb-wojenny
A4	a4_lipiec-2026-przejscie-na-hurt-v20_11-2026-08-01.html	lipiec 2026. przejscie na hurt — v20.11	https://maciektora-hue.github.io/rosja/przejscie-na-hurt/	H3	3	125	1. Co tryb wojenny faktycznie rozwiązuje	co-tryb-rozwiazuje	OK	https://maciektora-hue.github.io/rosja/przejscie-na-hurt/#co-tryb-rozwiazuje
A4	a4_lipiec-2026-przejscie-na-hurt-v20_11-2026-08-01.html	lipiec 2026. przejscie na hurt — v20.11	https://maciektora-hue.github.io/rosja/przejscie-na-hurt/	H3	3	126	2. Drzwi zamknięto przed decyzją	drzwi-zamkniete	OK	https://maciektora-hue.github.io/rosja/przejscie-na-hurt/#drzwi-zamkniete
A4	a4_lipiec-2026-przejscie-na-hurt-v20_11-2026-08-01.html	lipiec 2026. przejscie na hurt — v20.11	https://maciektora-hue.github.io/rosja/przejscie-na-hurt/	H3	3	127	3. Czego nie ma: dostaw sojuszniczych	brak-lend-lease	OK	https://maciektora-hue.github.io/rosja/przejscie-na-hurt/#brak-lend-lease
A4	a4_lipiec-2026-przejscie-na-hurt-v20_11-2026-08-01.html	lipiec 2026. przejscie na hurt — v20.11	https://maciektora-hue.github.io/rosja/przejscie-na-hurt/	H3	3	128	4. Trzy warstwy czasowe jednej gospodarki	trzy-warstwy-czasowe	OK	https://maciektora-hue.github.io/rosja/przejscie-na-hurt/#trzy-warstwy-czasowe
A4	a4_lipiec-2026-przejscie-na-hurt-v20_11-2026-08-01.html	lipiec 2026. przejscie na hurt — v20.11	https://maciektora-hue.github.io/rosja/przejscie-na-hurt/	H3	3	129	5. Przymus nowoczesny, produkcja archaiczna	przymus-nowoczesny	OK	https://maciektora-hue.github.io/rosja/przejscie-na-hurt/#przymus-nowoczesny
A4	a4_lipiec-2026-przejscie-na-hurt-v20_11-2026-08-01.html	lipiec 2026. przejscie na hurt — v20.11	https://maciektora-hue.github.io/rosja/przejscie-na-hurt/	H2	2	130	XVIII. Inwentarz opcji — co Rosji zostaje	inwentarz-opcji	OK	https://maciektora-hue.github.io/rosja/przejscie-na-hurt/#inwentarz-opcji
A4	a4_lipiec-2026-przejscie-na-hurt-v20_11-2026-08-01.html	lipiec 2026. przejscie na hurt — v20.11	https://maciektora-hue.github.io/rosja/przejscie-na-hurt/	H3	3	131	1. Opcje pozorne	opcje-puste	OK	https://maciektora-hue.github.io/rosja/przejscie-na-hurt/#opcje-puste
A4	a4_lipiec-2026-przejscie-na-hurt-v20_11-2026-08-01.html	lipiec 2026. przejscie na hurt — v20.11	https://maciektora-hue.github.io/rosja/przejscie-na-hurt/	H3	3	132	2. Opcje realne	opcje-realne	OK	https://maciektora-hue.github.io/rosja/przejscie-na-hurt/#opcje-realne
A4	a4_lipiec-2026-przejscie-na-hurt-v20_11-2026-08-01.html	lipiec 2026. przejscie na hurt — v20.11	https://maciektora-hue.github.io/rosja/przejscie-na-hurt/	H3	3	133	3. Pieniądz przestał być wiązaniem	pieniadz-nie-jest-wiazaniem	OK	https://maciektora-hue.github.io/rosja/przejscie-na-hurt/#pieniadz-nie-jest-wiazaniem
A4	a4_lipiec-2026-przejscie-na-hurt-v20_11-2026-08-01.html	lipiec 2026. przejscie na hurt — v20.11	https://maciektora-hue.github.io/rosja/przejscie-na-hurt/	H2	2	134	XIX. Co jeszcze może spłonąć	co-jeszcze-splonie	OK	https://maciektora-hue.github.io/rosja/przejscie-na-hurt/#co-jeszcze-splonie
A4	a4_lipiec-2026-przejscie-na-hurt-v20_11-2026-08-01.html	lipiec 2026. przejscie na hurt — v20.11	https://maciektora-hue.github.io/rosja/przejscie-na-hurt/	H2	2	135	XX. Granica analizy materialnej	granica-materii	OK	https://maciektora-hue.github.io/rosja/przejscie-na-hurt/#granica-materii
A4	a4_lipiec-2026-przejscie-na-hurt-v20_11-2026-08-01.html	lipiec 2026. przejscie na hurt — v20.11	https://maciektora-hue.github.io/rosja/przejscie-na-hurt/	H3	3	136	1. Założenie wypowiedziane wprost	zalozenie-jawne	OK	https://maciektora-hue.github.io/rosja/przejscie-na-hurt/#zalozenie-jawne
A4	a4_lipiec-2026-przejscie-na-hurt-v20_11-2026-08-01.html	lipiec 2026. przejscie na hurt — v20.11	https://maciektora-hue.github.io/rosja/przejscie-na-hurt/	H3	3	137	2. Materia daje warunki, sens daje moment	warunki-i-moment	OK	https://maciektora-hue.github.io/rosja/przejscie-na-hurt/#warunki-i-moment
A4	a4_lipiec-2026-przejscie-na-hurt-v20_11-2026-08-01.html	lipiec 2026. przejscie na hurt — v20.11	https://maciektora-hue.github.io/rosja/przejscie-na-hurt/	H3	3	138	3. Asymetria symboliczna	asymetria-symboliczna	OK	https://maciektora-hue.github.io/rosja/przejscie-na-hurt/#asymetria-symboliczna
A4	a4_lipiec-2026-przejscie-na-hurt-v20_11-2026-08-01.html	lipiec 2026. przejscie na hurt — v20.11	https://maciektora-hue.github.io/rosja/przejscie-na-hurt/	H6	6	139	o uzasadnieniach moralnych	uwaga-o-moralnosci	OK	https://maciektora-hue.github.io/rosja/przejscie-na-hurt/#uwaga-o-moralnosci
A4	a4_lipiec-2026-przejscie-na-hurt-v20_11-2026-08-01.html	lipiec 2026. przejscie na hurt — v20.11	https://maciektora-hue.github.io/rosja/przejscie-na-hurt/	H3	3	140	4. Cele symboliczne — inna logika	cele-symboliczne	OK	https://maciektora-hue.github.io/rosja/przejscie-na-hurt/#cele-symboliczne
A4	a4_lipiec-2026-przejscie-na-hurt-v20_11-2026-08-01.html	lipiec 2026. przejscie na hurt — v20.11	https://maciektora-hue.github.io/rosja/przejscie-na-hurt/	H3	3	141	5. Czego ten dokument nie mierzy	czego-ten-dokument-nie-mierzy	OK	https://maciektora-hue.github.io/rosja/przejscie-na-hurt/#czego-ten-dokument-nie-mierzy
A5	a5_ZAMROZONE-audyt-2rewizje-v03_00-2026-06-23-anchory.html	ZAMROZONE · audyt kolumbryny — dwie rewizje · v03.00	https://maciektora-hue.github.io/rosja/audyt/	H1	1	1	Kolumbryna kontra rzeczywistość — dwie rewizje	kolumbryna-kontra-rzeczywistosc	OK	https://maciektora-hue.github.io/rosja/audyt/#kolumbryna-kontra-rzeczywistosc
A5	a5_ZAMROZONE-audyt-2rewizje-v03_00-2026-06-23-anchory.html	ZAMROZONE · audyt kolumbryny — dwie rewizje · v03.00	https://maciektora-hue.github.io/rosja/audyt/	H2	2	2	Jak czytać	jak-czytac	OK	https://maciektora-hue.github.io/rosja/audyt/#jak-czytac
A5	a5_ZAMROZONE-audyt-2rewizje-v03_00-2026-06-23-anchory.html	ZAMROZONE · audyt kolumbryny — dwie rewizje · v03.00	https://maciektora-hue.github.io/rosja/audyt/	H2	2	3	Licznik rewizji	licznik-rewizji	OK	https://maciektora-hue.github.io/rosja/audyt/#licznik-rewizji
A5	a5_ZAMROZONE-audyt-2rewizje-v03_00-2026-06-23-anchory.html	ZAMROZONE · audyt kolumbryny — dwie rewizje · v03.00	https://maciektora-hue.github.io/rosja/audyt/	H2	2	4	24 nosorożce — stan na 31.05	nosorozce-stan-31-05	OK	https://maciektora-hue.github.io/rosja/audyt/#nosorozce-stan-31-05
A6	a6_ZAMROZONE-zapas-kontra-strumien-v02_00-2026-07-03.html	ZAMROZONE · zapas kontra strumień · v02.00	https://maciektora-hue.github.io/rosja/zapas-kontra-strumien/	H1	1	1	Zapas kontra strumień	tytul	OK	https://maciektora-hue.github.io/rosja/zapas-kontra-strumien/#tytul
A6	a6_ZAMROZONE-zapas-kontra-strumien-v02_00-2026-07-03.html	ZAMROZONE · zapas kontra strumień · v02.00	https://maciektora-hue.github.io/rosja/zapas-kontra-strumien/	H2	2	2	Część I — Materia: układ paliwowy Rosji	czesc-materia	OK	https://maciektora-hue.github.io/rosja/zapas-kontra-strumien/#czesc-materia
A6	a6_ZAMROZONE-zapas-kontra-strumien-v02_00-2026-07-03.html	ZAMROZONE · zapas kontra strumień · v02.00	https://maciektora-hue.github.io/rosja/zapas-kontra-strumien/	H3	3	3	1. Uderzenie 28.06 — trzy obiekty, skala zweryfikowana	uderzenie-2806	OK	https://maciektora-hue.github.io/rosja/zapas-kontra-strumien/#uderzenie-2806
A6	a6_ZAMROZONE-zapas-kontra-strumien-v02_00-2026-07-03.html	ZAMROZONE · zapas kontra strumień · v02.00	https://maciektora-hue.github.io/rosja/zapas-kontra-strumien/	H3	3	4	2. Moce nominalne kontra faktyczny przerób	moce-nominalne	OK	https://maciektora-hue.github.io/rosja/zapas-kontra-strumien/#moce-nominalne
A6	a6_ZAMROZONE-zapas-kontra-strumien-v02_00-2026-07-03.html	ZAMROZONE · zapas kontra strumień · v02.00	https://maciektora-hue.github.io/rosja/zapas-kontra-strumien/	H3	3	5	3. Piętnaście największych rafinerii — udział nominalny	top-rafinerie	OK	https://maciektora-hue.github.io/rosja/zapas-kontra-strumien/#top-rafinerie
A6	a6_ZAMROZONE-zapas-kontra-strumien-v02_00-2026-07-03.html	ZAMROZONE · zapas kontra strumień · v02.00	https://maciektora-hue.github.io/rosja/zapas-kontra-strumien/	H3	3	6	4. Bilans per-produkt i asymetria buforów	bilans-produktow	OK	https://maciektora-hue.github.io/rosja/zapas-kontra-strumien/#bilans-produktow
A6	a6_ZAMROZONE-zapas-kontra-strumien-v02_00-2026-07-03.html	ZAMROZONE · zapas kontra strumień · v02.00	https://maciektora-hue.github.io/rosja/zapas-kontra-strumien/	H3	3	7	5. Zapasy magazynowe — flow kontra stock	zapasy-magazynowe	OK	https://maciektora-hue.github.io/rosja/zapas-kontra-strumien/#zapasy-magazynowe
A6	a6_ZAMROZONE-zapas-kontra-strumien-v02_00-2026-07-03.html	ZAMROZONE · zapas kontra strumień · v02.00	https://maciektora-hue.github.io/rosja/zapas-kontra-strumien/	H3	3	8	6. Drabina zakazów i sprzężenie współproduktów	drabina-zakazow	OK	https://maciektora-hue.github.io/rosja/zapas-kontra-strumien/#drabina-zakazow
A6	a6_ZAMROZONE-zapas-kontra-strumien-v02_00-2026-07-03.html	ZAMROZONE · zapas kontra strumień · v02.00	https://maciektora-hue.github.io/rosja/zapas-kontra-strumien/	H6	6	9	"Zawory ciśnienia i „dziura w ziemi"""	dziura-w-ziemi	OK	https://maciektora-hue.github.io/rosja/zapas-kontra-strumien/#dziura-w-ziemi
A6	a6_ZAMROZONE-zapas-kontra-strumien-v02_00-2026-07-03.html	ZAMROZONE · zapas kontra strumień · v02.00	https://maciektora-hue.github.io/rosja/zapas-kontra-strumien/	H3	3	10	7. Offline ≈ slack — zmiana fazy	offline-slack	OK	https://maciektora-hue.github.io/rosja/zapas-kontra-strumien/#offline-slack
A6	a6_ZAMROZONE-zapas-kontra-strumien-v02_00-2026-07-03.html	ZAMROZONE · zapas kontra strumień · v02.00	https://maciektora-hue.github.io/rosja/zapas-kontra-strumien/	H3	3	11	8. Poziomy kreski i popyt stłumiony	poziomy-kreski	OK	https://maciektora-hue.github.io/rosja/zapas-kontra-strumien/#poziomy-kreski
A6	a6_ZAMROZONE-zapas-kontra-strumien-v02_00-2026-07-03.html	ZAMROZONE · zapas kontra strumień · v02.00	https://maciektora-hue.github.io/rosja/zapas-kontra-strumien/	H3	3	12	9. Cebula transportowa — cztery warstwy	cebula-transportowa	OK	https://maciektora-hue.github.io/rosja/zapas-kontra-strumien/#cebula-transportowa
A6	a6_ZAMROZONE-zapas-kontra-strumien-v02_00-2026-07-03.html	ZAMROZONE · zapas kontra strumień · v02.00	https://maciektora-hue.github.io/rosja/zapas-kontra-strumien/	H2	2	13	Część II — Strategia: pułapka jedynego decydenta	czesc-strategia	OK	https://maciektora-hue.github.io/rosja/zapas-kontra-strumien/#czesc-strategia
A6	a6_ZAMROZONE-zapas-kontra-strumien-v02_00-2026-07-03.html	ZAMROZONE · zapas kontra strumień · v02.00	https://maciektora-hue.github.io/rosja/zapas-kontra-strumien/	H3	3	14	1. Cztery osie zapas kontra strumień	cztery-osie	OK	https://maciektora-hue.github.io/rosja/zapas-kontra-strumien/#cztery-osie
A6	a6_ZAMROZONE-zapas-kontra-strumien-v02_00-2026-07-03.html	ZAMROZONE · zapas kontra strumień · v02.00	https://maciektora-hue.github.io/rosja/zapas-kontra-strumien/	H3	3	15	2. Odczyt przez absencję	odczyt-absencja	OK	https://maciektora-hue.github.io/rosja/zapas-kontra-strumien/#odczyt-absencja
A6	a6_ZAMROZONE-zapas-kontra-strumien-v02_00-2026-07-03.html	ZAMROZONE · zapas kontra strumień · v02.00	https://maciektora-hue.github.io/rosja/zapas-kontra-strumien/	H3	3	16	3. Generałowie i urojony obraz	generalowie	OK	https://maciektora-hue.github.io/rosja/zapas-kontra-strumien/#generalowie
A6	a6_ZAMROZONE-zapas-kontra-strumien-v02_00-2026-07-03.html	ZAMROZONE · zapas kontra strumień · v02.00	https://maciektora-hue.github.io/rosja/zapas-kontra-strumien/	H3	3	17	4. Zablokowana elita — inaczej niż 2010/2019	zablokowana-elita	OK	https://maciektora-hue.github.io/rosja/zapas-kontra-strumien/#zablokowana-elita
A6	a6_ZAMROZONE-zapas-kontra-strumien-v02_00-2026-07-03.html	ZAMROZONE · zapas kontra strumień · v02.00	https://maciektora-hue.github.io/rosja/zapas-kontra-strumien/	H3	3	18	5. Szachmat — freeze zamknięty od strony Rosji	szachmat	OK	https://maciektora-hue.github.io/rosja/zapas-kontra-strumien/#szachmat
A6	a6_ZAMROZONE-zapas-kontra-strumien-v02_00-2026-07-03.html	ZAMROZONE · zapas kontra strumień · v02.00	https://maciektora-hue.github.io/rosja/zapas-kontra-strumien/	H3	3	19	6. Załamanie ramy — Rosja = Putin	rosja-rowna-putin	OK	https://maciektora-hue.github.io/rosja/zapas-kontra-strumien/#rosja-rowna-putin
A6	a6_ZAMROZONE-zapas-kontra-strumien-v02_00-2026-07-03.html	ZAMROZONE · zapas kontra strumień · v02.00	https://maciektora-hue.github.io/rosja/zapas-kontra-strumien/	H3	3	20	7. Gambit NATO i casus belli	gambit-nato	OK	https://maciektora-hue.github.io/rosja/zapas-kontra-strumien/#gambit-nato
A6	a6_ZAMROZONE-zapas-kontra-strumien-v02_00-2026-07-03.html	ZAMROZONE · zapas kontra strumień · v02.00	https://maciektora-hue.github.io/rosja/zapas-kontra-strumien/	H4	4	21	Miękkie lądowanie — struktura, nie życzenie	miekkie-ladowanie	OK	https://maciektora-hue.github.io/rosja/zapas-kontra-strumien/#miekkie-ladowanie
A6	a6_ZAMROZONE-zapas-kontra-strumien-v02_00-2026-07-03.html	ZAMROZONE · zapas kontra strumień · v02.00	https://maciektora-hue.github.io/rosja/zapas-kontra-strumien/	H4	4	22	Casus belli — Polska 1939 (model Gliwice)	casus-belli-polska	OK	https://maciektora-hue.github.io/rosja/zapas-kontra-strumien/#casus-belli-polska
A6	a6_ZAMROZONE-zapas-kontra-strumien-v02_00-2026-07-03.html	ZAMROZONE · zapas kontra strumień · v02.00	https://maciektora-hue.github.io/rosja/zapas-kontra-strumien/	H3	3	23	8. Paradoks zapędzenia	paradoks-zapedzenia	OK	https://maciektora-hue.github.io/rosja/zapas-kontra-strumien/#paradoks-zapedzenia
A6	a6_ZAMROZONE-zapas-kontra-strumien-v02_00-2026-07-03.html	ZAMROZONE · zapas kontra strumień · v02.00	https://maciektora-hue.github.io/rosja/zapas-kontra-strumien/	H3	3	24	9. Advocatus diaboli — zebrane zawiasy	advocatus-zebrany	OK	https://maciektora-hue.github.io/rosja/zapas-kontra-strumien/#advocatus-zebrany
A7	a7_ZAMROZONE-jak-koncza-sie-panstwa-v02_00-2026-06-28.html	ZAMROZONE · jak koncza sie panstwa · v02.00	https://maciektora-hue.github.io/rosja/jak-koncza-sie-panstwa/	H1	1	1	jak kończą się państwa — fenomenologia, typologia, rachunek rosyjski	jak-koncza-sie-panstwa	OK	https://maciektora-hue.github.io/rosja/jak-koncza-sie-panstwa/#jak-koncza-sie-panstwa
A7	a7_ZAMROZONE-jak-koncza-sie-panstwa-v02_00-2026-06-28.html	ZAMROZONE · jak koncza sie panstwa · v02.00	https://maciektora-hue.github.io/rosja/jak-koncza-sie-panstwa/	H2	2	2	I. Ramy — fenomenologia, nie etiologia	ramy	OK	https://maciektora-hue.github.io/rosja/jak-koncza-sie-panstwa/#ramy
A7	a7_ZAMROZONE-jak-koncza-sie-panstwa-v02_00-2026-06-28.html	ZAMROZONE · jak koncza sie panstwa · v02.00	https://maciektora-hue.github.io/rosja/jak-koncza-sie-panstwa/	H2	2	3	II. Jak wyglądał upadek III Rzeszy	iii-rzesza	OK	https://maciektora-hue.github.io/rosja/jak-koncza-sie-panstwa/#iii-rzesza
A7	a7_ZAMROZONE-jak-koncza-sie-panstwa-v02_00-2026-06-28.html	ZAMROZONE · jak koncza sie panstwa · v02.00	https://maciektora-hue.github.io/rosja/jak-koncza-sie-panstwa/	H3	3	4	Dziesięć markerów	rzesza-markery	OK	https://maciektora-hue.github.io/rosja/jak-koncza-sie-panstwa/#rzesza-markery
A7	a7_ZAMROZONE-jak-koncza-sie-panstwa-v02_00-2026-06-28.html	ZAMROZONE · jak koncza sie panstwa · v02.00	https://maciektora-hue.github.io/rosja/jak-koncza-sie-panstwa/	H3	3	5	Dwa bieguny — 1945 vs 1918	rzesza-bieguny	OK	https://maciektora-hue.github.io/rosja/jak-koncza-sie-panstwa/#rzesza-bieguny
A7	a7_ZAMROZONE-jak-koncza-sie-panstwa-v02_00-2026-06-28.html	ZAMROZONE · jak koncza sie panstwa · v02.00	https://maciektora-hue.github.io/rosja/jak-koncza-sie-panstwa/	H2	2	6	III. Typologia trybów końca państwa	typologia	OK	https://maciektora-hue.github.io/rosja/jak-koncza-sie-panstwa/#typologia
A7	a7_ZAMROZONE-jak-koncza-sie-panstwa-v02_00-2026-06-28.html	ZAMROZONE · jak koncza sie panstwa · v02.00	https://maciektora-hue.github.io/rosja/jak-koncza-sie-panstwa/	H3	3	7	Osiem trybów	osiem-trybow	OK	https://maciektora-hue.github.io/rosja/jak-koncza-sie-panstwa/#osiem-trybow
A7	a7_ZAMROZONE-jak-koncza-sie-panstwa-v02_00-2026-06-28.html	ZAMROZONE · jak koncza sie panstwa · v02.00	https://maciektora-hue.github.io/rosja/jak-koncza-sie-panstwa/	H3	3	8	Wzorzec poprzeczny — śmierć i odrodzenie z rdzenia	dwustopniowy	OK	https://maciektora-hue.github.io/rosja/jak-koncza-sie-panstwa/#dwustopniowy
A7	a7_ZAMROZONE-jak-koncza-sie-panstwa-v02_00-2026-06-28.html	ZAMROZONE · jak koncza sie panstwa · v02.00	https://maciektora-hue.github.io/rosja/jak-koncza-sie-panstwa/	H3	3	9	Osie rozróżniające	osie	OK	https://maciektora-hue.github.io/rosja/jak-koncza-sie-panstwa/#osie
A7	a7_ZAMROZONE-jak-koncza-sie-panstwa-v02_00-2026-06-28.html	ZAMROZONE · jak koncza sie panstwa · v02.00	https://maciektora-hue.github.io/rosja/jak-koncza-sie-panstwa/	H2	2	10	IV. Filtr rosyjski	filtr-rosyjski	OK	https://maciektora-hue.github.io/rosja/jak-koncza-sie-panstwa/#filtr-rosyjski
A7	a7_ZAMROZONE-jak-koncza-sie-panstwa-v02_00-2026-06-28.html	ZAMROZONE · jak koncza sie panstwa · v02.00	https://maciektora-hue.github.io/rosja/jak-koncza-sie-panstwa/	H3	3	11	Które tryby odpadają	ktore-odpadaja	OK	https://maciektora-hue.github.io/rosja/jak-koncza-sie-panstwa/#ktore-odpadaja
A7	a7_ZAMROZONE-jak-koncza-sie-panstwa-v02_00-2026-06-28.html	ZAMROZONE · jak koncza sie panstwa · v02.00	https://maciektora-hue.github.io/rosja/jak-koncza-sie-panstwa/	H3	3	12	Dwa silniki samorozwiązania — ZSRR vs Austro-Węgry	dwa-silniki	OK	https://maciektora-hue.github.io/rosja/jak-koncza-sie-panstwa/#dwa-silniki
A7	a7_ZAMROZONE-jak-koncza-sie-panstwa-v02_00-2026-06-28.html	ZAMROZONE · jak koncza sie panstwa · v02.00	https://maciektora-hue.github.io/rosja/jak-koncza-sie-panstwa/	H3	3	13	Liczba 1,1 mln — armia frontu vs aparat trzymania	liczba-armii	OK	https://maciektora-hue.github.io/rosja/jak-koncza-sie-panstwa/#liczba-armii
A7	a7_ZAMROZONE-jak-koncza-sie-panstwa-v02_00-2026-06-28.html	ZAMROZONE · jak koncza sie panstwa · v02.00	https://maciektora-hue.github.io/rosja/jak-koncza-sie-panstwa/	H3	3	14	Monopol na przemoc jako przekonanie o sobie	monopol-przekonanie	OK	https://maciektora-hue.github.io/rosja/jak-koncza-sie-panstwa/#monopol-przekonanie
A7	a7_ZAMROZONE-jak-koncza-sie-panstwa-v02_00-2026-06-28.html	ZAMROZONE · jak koncza sie panstwa · v02.00	https://maciektora-hue.github.io/rosja/jak-koncza-sie-panstwa/	H2	2	15	V. Hierarchia zewnętrzna — z patrona w klienta	hierarchia	OK	https://maciektora-hue.github.io/rosja/jak-koncza-sie-panstwa/#hierarchia
A7	a7_ZAMROZONE-jak-koncza-sie-panstwa-v02_00-2026-06-28.html	ZAMROZONE · jak koncza sie panstwa · v02.00	https://maciektora-hue.github.io/rosja/jak-koncza-sie-panstwa/	H2	2	16	VI. Kto chce jakiej Rosji	kto-chce	OK	https://maciektora-hue.github.io/rosja/jak-koncza-sie-panstwa/#kto-chce
A7	a7_ZAMROZONE-jak-koncza-sie-panstwa-v02_00-2026-06-28.html	ZAMROZONE · jak koncza sie panstwa · v02.00	https://maciektora-hue.github.io/rosja/jak-koncza-sie-panstwa/	H3	3	17	Trzy stany — całość, siła, siła bez federacji	trzy-stany	OK	https://maciektora-hue.github.io/rosja/jak-koncza-sie-panstwa/#trzy-stany
A7	a7_ZAMROZONE-jak-koncza-sie-panstwa-v02_00-2026-06-28.html	ZAMROZONE · jak koncza sie panstwa · v02.00	https://maciektora-hue.github.io/rosja/jak-koncza-sie-panstwa/	H3	3	18	Chiny i norma integralności (vide Ukraina)	chiny-integralnosc	OK	https://maciektora-hue.github.io/rosja/jak-koncza-sie-panstwa/#chiny-integralnosc
A7	a7_ZAMROZONE-jak-koncza-sie-panstwa-v02_00-2026-06-28.html	ZAMROZONE · jak koncza sie panstwa · v02.00	https://maciektora-hue.github.io/rosja/jak-koncza-sie-panstwa/	H3	3	19	Iran na osi proliferacyjnej	iran-proliferacja	OK	https://maciektora-hue.github.io/rosja/jak-koncza-sie-panstwa/#iran-proliferacja
A7	a7_ZAMROZONE-jak-koncza-sie-panstwa-v02_00-2026-06-28.html	ZAMROZONE · jak koncza sie panstwa · v02.00	https://maciektora-hue.github.io/rosja/jak-koncza-sie-panstwa/	H3	3	20	Kategoria IV — Musk i Thiel	musk-thiel	OK	https://maciektora-hue.github.io/rosja/jak-koncza-sie-panstwa/#musk-thiel
A7	a7_ZAMROZONE-jak-koncza-sie-panstwa-v02_00-2026-06-28.html	ZAMROZONE · jak koncza sie panstwa · v02.00	https://maciektora-hue.github.io/rosja/jak-koncza-sie-panstwa/	H3	3	21	Bilans — kto realnie po której stronie	bilans-kto	OK	https://maciektora-hue.github.io/rosja/jak-koncza-sie-panstwa/#bilans-kto
A7	a7_ZAMROZONE-jak-koncza-sie-panstwa-v02_00-2026-06-28.html	ZAMROZONE · jak koncza sie panstwa · v02.00	https://maciektora-hue.github.io/rosja/jak-koncza-sie-panstwa/	H2	2	22	VII. Rozbrojenie straszaka uchodźczego	uchodzcy	OK	https://maciektora-hue.github.io/rosja/jak-koncza-sie-panstwa/#uchodzcy
A7	a7_ZAMROZONE-jak-koncza-sie-panstwa-v02_00-2026-06-28.html	ZAMROZONE · jak koncza sie panstwa · v02.00	https://maciektora-hue.github.io/rosja/jak-koncza-sie-panstwa/	H2	2	23	VIII. Spoiwo wewnętrzne — trzy warstwy	spoiwo	OK	https://maciektora-hue.github.io/rosja/jak-koncza-sie-panstwa/#spoiwo
A7	a7_ZAMROZONE-jak-koncza-sie-panstwa-v02_00-2026-06-28.html	ZAMROZONE · jak koncza sie panstwa · v02.00	https://maciektora-hue.github.io/rosja/jak-koncza-sie-panstwa/	H3	3	24	Warstwa I — siłowicy jako czujnik siły (~300 tys. + rodziny)	warstwa-silowicy	OK	https://maciektora-hue.github.io/rosja/jak-koncza-sie-panstwa/#warstwa-silowicy
A7	a7_ZAMROZONE-jak-koncza-sie-panstwa-v02_00-2026-06-28.html	ZAMROZONE · jak koncza sie panstwa · v02.00	https://maciektora-hue.github.io/rosja/jak-koncza-sie-panstwa/	H3	3	25	Warstwa II — biurokracja jako inercja (X mln federalnych i quasi-federalnych)	warstwa-inercja	OK	https://maciektora-hue.github.io/rosja/jak-koncza-sie-panstwa/#warstwa-inercja
A7	a7_ZAMROZONE-jak-koncza-sie-panstwa-v02_00-2026-06-28.html	ZAMROZONE · jak koncza sie panstwa · v02.00	https://maciektora-hue.github.io/rosja/jak-koncza-sie-panstwa/	H3	3	26	Warstwa III — oligarchowie jako zakładnicy	warstwa-oligarchowie	OK	https://maciektora-hue.github.io/rosja/jak-koncza-sie-panstwa/#warstwa-oligarchowie
A7	a7_ZAMROZONE-jak-koncza-sie-panstwa-v02_00-2026-06-28.html	ZAMROZONE · jak koncza sie panstwa · v02.00	https://maciektora-hue.github.io/rosja/jak-koncza-sie-panstwa/	H2	2	27	IX. Synteza — spoiwo to kalkulacja na dwóch zmiennych	synteza	OK	https://maciektora-hue.github.io/rosja/jak-koncza-sie-panstwa/#synteza
A7	a7_ZAMROZONE-jak-koncza-sie-panstwa-v02_00-2026-06-28.html	ZAMROZONE · jak koncza sie panstwa · v02.00	https://maciektora-hue.github.io/rosja/jak-koncza-sie-panstwa/	H2	2	28	X. Otwarte — peryferie vs rdzeń	otwarte	OK	https://maciektora-hue.github.io/rosja/jak-koncza-sie-panstwa/#otwarte
D1	d1-zamrozone-narzedzie-dark-legitimacy-horbyk-v01_00-2026-03-25-anchory.html	ZAMROZONE · Dark legitimacy: What Russia and Ukraine reveal about authoritarianism — Roman Horbyk · v01.00	https://maciektora-hue.github.io/rosja/dark-legitimacy/	H1	1	1	Dark legitimacy: What Russia and Ukraine reveal about authoritarianism	dark-legitimacy-authoritarianism	OK	https://maciektora-hue.github.io/rosja/dark-legitimacy/#dark-legitimacy-authoritarianism
D1	d1-zamrozone-narzedzie-dark-legitimacy-horbyk-v01_00-2026-03-25-anchory.html	ZAMROZONE · Dark legitimacy: What Russia and Ukraine reveal about authoritarianism — Roman Horbyk · v01.00	https://maciektora-hue.github.io/rosja/dark-legitimacy/	H2	2	2	Abstract	abstract	OK	https://maciektora-hue.github.io/rosja/dark-legitimacy/#abstract
D1	d1-zamrozone-narzedzie-dark-legitimacy-horbyk-v01_00-2026-03-25-anchory.html	ZAMROZONE · Dark legitimacy: What Russia and Ukraine reveal about authoritarianism — Roman Horbyk · v01.00	https://maciektora-hue.github.io/rosja/dark-legitimacy/	H2	2	3	An affirmative concept of legitimacy	affirmative-concept-legitimacy	OK	https://maciektora-hue.github.io/rosja/dark-legitimacy/#affirmative-concept-legitimacy
D1	d1-zamrozone-narzedzie-dark-legitimacy-horbyk-v01_00-2026-03-25-anchory.html	ZAMROZONE · Dark legitimacy: What Russia and Ukraine reveal about authoritarianism — Roman Horbyk · v01.00	https://maciektora-hue.github.io/rosja/dark-legitimacy/	H2	2	4	Governmentality: Affirmative legitimacy beyond democracy	governmentality-affirmative-legitimacy	OK	https://maciektora-hue.github.io/rosja/dark-legitimacy/#governmentality-affirmative-legitimacy
D1	d1-zamrozone-narzedzie-dark-legitimacy-horbyk-v01_00-2026-03-25-anchory.html	ZAMROZONE · Dark legitimacy: What Russia and Ukraine reveal about authoritarianism — Roman Horbyk · v01.00	https://maciektora-hue.github.io/rosja/dark-legitimacy/	H2	2	5	Legitimacy crisis in the Soviet and post-Soviet context	legitimacy-crisis-soviet-post-soviet	OK	https://maciektora-hue.github.io/rosja/dark-legitimacy/#legitimacy-crisis-soviet-post-soviet
D1	d1-zamrozone-narzedzie-dark-legitimacy-horbyk-v01_00-2026-03-25-anchory.html	ZAMROZONE · Dark legitimacy: What Russia and Ukraine reveal about authoritarianism — Roman Horbyk · v01.00	https://maciektora-hue.github.io/rosja/dark-legitimacy/	H2	2	6	Dark legitimacy: Bad is good	dark-legitimacy-bad-is-good	OK	https://maciektora-hue.github.io/rosja/dark-legitimacy/#dark-legitimacy-bad-is-good
D1	d1-zamrozone-narzedzie-dark-legitimacy-horbyk-v01_00-2026-03-25-anchory.html	ZAMROZONE · Dark legitimacy: What Russia and Ukraine reveal about authoritarianism — Roman Horbyk · v01.00	https://maciektora-hue.github.io/rosja/dark-legitimacy/	H2	2	7	Russia-Ukraine: The war over legitimacy	russia-ukraine-war-over-legitimacy	OK	https://maciektora-hue.github.io/rosja/dark-legitimacy/#russia-ukraine-war-over-legitimacy
D1	d1-zamrozone-narzedzie-dark-legitimacy-horbyk-v01_00-2026-03-25-anchory.html	ZAMROZONE · Dark legitimacy: What Russia and Ukraine reveal about authoritarianism — Roman Horbyk · v01.00	https://maciektora-hue.github.io/rosja/dark-legitimacy/	H2	2	8	Consequences of dark legitimacy	consequences-dark-legitimacy	OK	https://maciektora-hue.github.io/rosja/dark-legitimacy/#consequences-dark-legitimacy
D1	d1-zamrozone-narzedzie-dark-legitimacy-horbyk-v01_00-2026-03-25-anchory.html	ZAMROZONE · Dark legitimacy: What Russia and Ukraine reveal about authoritarianism — Roman Horbyk · v01.00	https://maciektora-hue.github.io/rosja/dark-legitimacy/	H2	2	9	Acknowledgments	acknowledgments	OK	https://maciektora-hue.github.io/rosja/dark-legitimacy/#acknowledgments
D1	d1-zamrozone-narzedzie-dark-legitimacy-horbyk-v01_00-2026-03-25-anchory.html	ZAMROZONE · Dark legitimacy: What Russia and Ukraine reveal about authoritarianism — Roman Horbyk · v01.00	https://maciektora-hue.github.io/rosja/dark-legitimacy/	H2	2	10	References	references	OK	https://maciektora-hue.github.io/rosja/dark-legitimacy/#references
D2	d2-zamrozone-narzedzie-disinfolklore-kompilacja-v01_00-2026-03-25-anchory.html	ZAMROZONE · Disinfolklore — Kompilacja Głównych Tez · v01.00	https://maciektora-hue.github.io/rosja/disinfolklore/	H1	1	1	DISINFOLKLORE	disinfolklore	OK	https://maciektora-hue.github.io/rosja/disinfolklore/#disinfolklore
D2	d2-zamrozone-narzedzie-disinfolklore-kompilacja-v01_00-2026-03-25-anchory.html	ZAMROZONE · Disinfolklore — Kompilacja Głównych Tez · v01.00	https://maciektora-hue.github.io/rosja/disinfolklore/	H2	2	2	Spis treści	spis-tresci	OK	https://maciektora-hue.github.io/rosja/disinfolklore/#spis-tresci
D2	d2-zamrozone-narzedzie-disinfolklore-kompilacja-v01_00-2026-03-25-anchory.html	ZAMROZONE · Disinfolklore — Kompilacja Głównych Tez · v01.00	https://maciektora-hue.github.io/rosja/disinfolklore/	H2	2	3	IGeneza: most, trolle i folklor	geneza-most-trolle-folklor	OK	https://maciektora-hue.github.io/rosja/disinfolklore/#geneza-most-trolle-folklor
D2	d2-zamrozone-narzedzie-disinfolklore-kompilacja-v01_00-2026-03-25-anchory.html	ZAMROZONE · Disinfolklore — Kompilacja Głównych Tez · v01.00	https://maciektora-hue.github.io/rosja/disinfolklore/	H2	2	4	IICzym jest Disinfolklore — definicja i zakres	definicja-i-zakres	OK	https://maciektora-hue.github.io/rosja/disinfolklore/#definicja-i-zakres
D2	d2-zamrozone-narzedzie-disinfolklore-kompilacja-v01_00-2026-03-25-anchory.html	ZAMROZONE · Disinfolklore — Kompilacja Głównych Tez · v01.00	https://maciektora-hue.github.io/rosja/disinfolklore/	H2	2	5	IIIDwanaście narzędzi metody analitycznej	dwanascie-narzedzi	OK	https://maciektora-hue.github.io/rosja/disinfolklore/#dwanascie-narzedzi
D2	d2-zamrozone-narzedzie-disinfolklore-kompilacja-v01_00-2026-03-25-anchory.html	ZAMROZONE · Disinfolklore — Kompilacja Głównych Tez · v01.00	https://maciektora-hue.github.io/rosja/disinfolklore/	H4	4	6	Archetypal Disinfolklore Literacy	archetypal-disinfolklore-literacy	OK	https://maciektora-hue.github.io/rosja/disinfolklore/#archetypal-disinfolklore-literacy
D2	d2-zamrozone-narzedzie-disinfolklore-kompilacja-v01_00-2026-03-25-anchory.html	ZAMROZONE · Disinfolklore — Kompilacja Głównych Tez · v01.00	https://maciektora-hue.github.io/rosja/disinfolklore/	H4	4	7	Incoming-Outgoing Troll Radars	troll-radars	OK	https://maciektora-hue.github.io/rosja/disinfolklore/#troll-radars
D2	d2-zamrozone-narzedzie-disinfolklore-kompilacja-v01_00-2026-03-25-anchory.html	ZAMROZONE · Disinfolklore — Kompilacja Głównych Tez · v01.00	https://maciektora-hue.github.io/rosja/disinfolklore/	H4	4	8	Look for the Mana in the Meme!	mana-in-the-meme	OK	https://maciektora-hue.github.io/rosja/disinfolklore/#mana-in-the-meme
D2	d2-zamrozone-narzedzie-disinfolklore-kompilacja-v01_00-2026-03-25-anchory.html	ZAMROZONE · Disinfolklore — Kompilacja Głównych Tez · v01.00	https://maciektora-hue.github.io/rosja/disinfolklore/	H4	4	9	Archetypal Structures	archetypal-structures	OK	https://maciektora-hue.github.io/rosja/disinfolklore/#archetypal-structures
D2	d2-zamrozone-narzedzie-disinfolklore-kompilacja-v01_00-2026-03-25-anchory.html	ZAMROZONE · Disinfolklore — Kompilacja Głównych Tez · v01.00	https://maciektora-hue.github.io/rosja/disinfolklore/	H4	4	10	Trigger → Experience → Reaction	trigger-experience-reaction	OK	https://maciektora-hue.github.io/rosja/disinfolklore/#trigger-experience-reaction
D2	d2-zamrozone-narzedzie-disinfolklore-kompilacja-v01_00-2026-03-25-anchory.html	ZAMROZONE · Disinfolklore — Kompilacja Głównych Tez · v01.00	https://maciektora-hue.github.io/rosja/disinfolklore/	H4	4	11	Code of Positive Trolls	code-of-positive-trolls	OK	https://maciektora-hue.github.io/rosja/disinfolklore/#code-of-positive-trolls
D2	d2-zamrozone-narzedzie-disinfolklore-kompilacja-v01_00-2026-03-25-anchory.html	ZAMROZONE · Disinfolklore — Kompilacja Głównych Tez · v01.00	https://maciektora-hue.github.io/rosja/disinfolklore/	H4	4	12	Accusation in a Mirror	accusation-in-a-mirror	OK	https://maciektora-hue.github.io/rosja/disinfolklore/#accusation-in-a-mirror
D2	d2-zamrozone-narzedzie-disinfolklore-kompilacja-v01_00-2026-03-25-anchory.html	ZAMROZONE · Disinfolklore — Kompilacja Głównych Tez · v01.00	https://maciektora-hue.github.io/rosja/disinfolklore/	H4	4	13	Provocation Logic Cycle	provocation-logic-cycle	OK	https://maciektora-hue.github.io/rosja/disinfolklore/#provocation-logic-cycle
D2	d2-zamrozone-narzedzie-disinfolklore-kompilacja-v01_00-2026-03-25-anchory.html	ZAMROZONE · Disinfolklore — Kompilacja Głównych Tez · v01.00	https://maciektora-hue.github.io/rosja/disinfolklore/	H4	4	14	Witch Switch	witch-switch	OK	https://maciektora-hue.github.io/rosja/disinfolklore/#witch-switch
D2	d2-zamrozone-narzedzie-disinfolklore-kompilacja-v01_00-2026-03-25-anchory.html	ZAMROZONE · Disinfolklore — Kompilacja Głównych Tez · v01.00	https://maciektora-hue.github.io/rosja/disinfolklore/	H4	4	15	Coercive Control	coercive-control	OK	https://maciektora-hue.github.io/rosja/disinfolklore/#coercive-control
D2	d2-zamrozone-narzedzie-disinfolklore-kompilacja-v01_00-2026-03-25-anchory.html	ZAMROZONE · Disinfolklore — Kompilacja Głównych Tez · v01.00	https://maciektora-hue.github.io/rosja/disinfolklore/	H4	4	16	Re-Archetyping	re-archetyping	OK	https://maciektora-hue.github.io/rosja/disinfolklore/#re-archetyping
D2	d2-zamrozone-narzedzie-disinfolklore-kompilacja-v01_00-2026-03-25-anchory.html	ZAMROZONE · Disinfolklore — Kompilacja Głównych Tez · v01.00	https://maciektora-hue.github.io/rosja/disinfolklore/	H4	4	17	Understanding Rashist Construction	rashist-construction	OK	https://maciektora-hue.github.io/rosja/disinfolklore/#rashist-construction
D2	d2-zamrozone-narzedzie-disinfolklore-kompilacja-v01_00-2026-03-25-anchory.html	ZAMROZONE · Disinfolklore — Kompilacja Głównych Tez · v01.00	https://maciektora-hue.github.io/rosja/disinfolklore/	H2	2	18	IVTrzy archetypy: Druidy Don, Duncey Putin, Komik	trzy-archetypy	OK	https://maciektora-hue.github.io/rosja/disinfolklore/#trzy-archetypy
D2	d2-zamrozone-narzedzie-disinfolklore-kompilacja-v01_00-2026-03-25-anchory.html	ZAMROZONE · Disinfolklore — Kompilacja Głównych Tez · v01.00	https://maciektora-hue.github.io/rosja/disinfolklore/	H4	4	19	Druidy Don (Trump)	druidy-don	OK	https://maciektora-hue.github.io/rosja/disinfolklore/#druidy-don
D2	d2-zamrozone-narzedzie-disinfolklore-kompilacja-v01_00-2026-03-25-anchory.html	ZAMROZONE · Disinfolklore — Kompilacja Głównych Tez · v01.00	https://maciektora-hue.github.io/rosja/disinfolklore/	H4	4	20	Duncey Putin	duncey-putin	OK	https://maciektora-hue.github.io/rosja/disinfolklore/#duncey-putin
D2	d2-zamrozone-narzedzie-disinfolklore-kompilacja-v01_00-2026-03-25-anchory.html	ZAMROZONE · Disinfolklore — Kompilacja Głównych Tez · v01.00	https://maciektora-hue.github.io/rosja/disinfolklore/	H4	4	21	Komik (Zełenski)	komik-zelenski	OK	https://maciektora-hue.github.io/rosja/disinfolklore/#komik-zelenski
D2	d2-zamrozone-narzedzie-disinfolklore-kompilacja-v01_00-2026-03-25-anchory.html	ZAMROZONE · Disinfolklore — Kompilacja Głównych Tez · v01.00	https://maciektora-hue.github.io/rosja/disinfolklore/	H2	2	22	VMana — energia w memach	mana-energia-w-memach	OK	https://maciektora-hue.github.io/rosja/disinfolklore/#mana-energia-w-memach
D2	d2-zamrozone-narzedzie-disinfolklore-kompilacja-v01_00-2026-03-25-anchory.html	ZAMROZONE · Disinfolklore — Kompilacja Głównych Tez · v01.00	https://maciektora-hue.github.io/rosja/disinfolklore/	H2	2	23	VIAccusation in a Mirror i Provocation Logic	accusation-in-a-mirror-i-provocation-logic	OK	https://maciektora-hue.github.io/rosja/disinfolklore/#accusation-in-a-mirror-i-provocation-logic
D2	d2-zamrozone-narzedzie-disinfolklore-kompilacja-v01_00-2026-03-25-anchory.html	ZAMROZONE · Disinfolklore — Kompilacja Głównych Tez · v01.00	https://maciektora-hue.github.io/rosja/disinfolklore/	H3	3	24	Oskarżenie w lustrze (Accusation in a Mirror)	oskarzenie-w-lustrze	OK	https://maciektora-hue.github.io/rosja/disinfolklore/#oskarzenie-w-lustrze
D2	d2-zamrozone-narzedzie-disinfolklore-kompilacja-v01_00-2026-03-25-anchory.html	ZAMROZONE · Disinfolklore — Kompilacja Głównych Tez · v01.00	https://maciektora-hue.github.io/rosja/disinfolklore/	H3	3	25	Cykl logiki prowokacji (Provocation Logic Cycle)	cykl-logiki-prowokacji	OK	https://maciektora-hue.github.io/rosja/disinfolklore/#cykl-logiki-prowokacji
D2	d2-zamrozone-narzedzie-disinfolklore-kompilacja-v01_00-2026-03-25-anchory.html	ZAMROZONE · Disinfolklore — Kompilacja Głównych Tez · v01.00	https://maciektora-hue.github.io/rosja/disinfolklore/	H2	2	26	VIIWitch Switch — przełącznik czarownicy	witch-switch-przelacznik-czarownicy	OK	https://maciektora-hue.github.io/rosja/disinfolklore/#witch-switch-przelacznik-czarownicy
D2	d2-zamrozone-narzedzie-disinfolklore-kompilacja-v01_00-2026-03-25-anchory.html	ZAMROZONE · Disinfolklore — Kompilacja Głównych Tez · v01.00	https://maciektora-hue.github.io/rosja/disinfolklore/	H2	2	27	VIIIData Resistant Archetypes — mentalne modele oporne na fakty	data-resistant-archetypes	OK	https://maciektora-hue.github.io/rosja/disinfolklore/#data-resistant-archetypes
D2	d2-zamrozone-narzedzie-disinfolklore-kompilacja-v01_00-2026-03-25-anchory.html	ZAMROZONE · Disinfolklore — Kompilacja Głównych Tez · v01.00	https://maciektora-hue.github.io/rosja/disinfolklore/	H2	2	28	IXFinding Manuland — indoeuropejskie fundamenty	finding-manuland	OK	https://maciektora-hue.github.io/rosja/disinfolklore/#finding-manuland
D2	d2-zamrozone-narzedzie-disinfolklore-kompilacja-v01_00-2026-03-25-anchory.html	ZAMROZONE · Disinfolklore — Kompilacja Głównych Tez · v01.00	https://maciektora-hue.github.io/rosja/disinfolklore/	H3	3	29	Główne tezy Finding Manuland	finding-manuland-glowne-tezy	OK	https://maciektora-hue.github.io/rosja/disinfolklore/#finding-manuland-glowne-tezy
D2	d2-zamrozone-narzedzie-disinfolklore-kompilacja-v01_00-2026-03-25-anchory.html	ZAMROZONE · Disinfolklore — Kompilacja Głównych Tez · v01.00	https://maciektora-hue.github.io/rosja/disinfolklore/	H2	2	30	XDisinfolklore a FIMI UE — komplementarność ram	disinfolklore-fimi	OK	https://maciektora-hue.github.io/rosja/disinfolklore/#disinfolklore-fimi
D2	d2-zamrozone-narzedzie-disinfolklore-kompilacja-v01_00-2026-03-25-anchory.html	ZAMROZONE · Disinfolklore — Kompilacja Głównych Tez · v01.00	https://maciektora-hue.github.io/rosja/disinfolklore/	H3	3	31	Co FIMI robi dobrze	fimi-co-robi-dobrze	OK	https://maciektora-hue.github.io/rosja/disinfolklore/#fimi-co-robi-dobrze
D2	d2-zamrozone-narzedzie-disinfolklore-kompilacja-v01_00-2026-03-25-anchory.html	ZAMROZONE · Disinfolklore — Kompilacja Głównych Tez · v01.00	https://maciektora-hue.github.io/rosja/disinfolklore/	H3	3	32	Czego FIMI nie widzi — a Disinfolklore tak	fimi-czego-nie-widzi	OK	https://maciektora-hue.github.io/rosja/disinfolklore/#fimi-czego-nie-widzi
D2	d2-zamrozone-narzedzie-disinfolklore-kompilacja-v01_00-2026-03-25-anchory.html	ZAMROZONE · Disinfolklore — Kompilacja Głównych Tez · v01.00	https://maciektora-hue.github.io/rosja/disinfolklore/	H2	2	33	XICounter-Disinfolklore — narzędzia obrony	counter-disinfolklore	OK	https://maciektora-hue.github.io/rosja/disinfolklore/#counter-disinfolklore
D2	d2-zamrozone-narzedzie-disinfolklore-kompilacja-v01_00-2026-03-25-anchory.html	ZAMROZONE · Disinfolklore — Kompilacja Głównych Tez · v01.00	https://maciektora-hue.github.io/rosja/disinfolklore/	H2	2	34	XIIWnioski i kierunki dalszych badań	wnioski-i-kierunki	OK	https://maciektora-hue.github.io/rosja/disinfolklore/#wnioski-i-kierunki
D3	d3-zamrozone-narzedzie-disinfolklore-swot-advocatus-v01_00-2026-03-25-anchory.html	ZAMROZONE · Disinfolklore — Analiza SWOT · Advocatus Diaboli · Przesłuchanie · v01.00	https://maciektora-hue.github.io/rosja/disinfolklore-swot/	H1	1	1	Disinfolklore: SWOT,Advocatus Diaboli,Przesłuchanie	disinfolklore-swot-advocatus-przesluchanie	OK	https://maciektora-hue.github.io/rosja/disinfolklore-swot/#disinfolklore-swot-advocatus-przesluchanie
D3	d3-zamrozone-narzedzie-disinfolklore-swot-advocatus-v01_00-2026-03-25-anchory.html	ZAMROZONE · Disinfolklore — Analiza SWOT · Advocatus Diaboli · Przesłuchanie · v01.00	https://maciektora-hue.github.io/rosja/disinfolklore-swot/	H2	2	2	Analiza SWOT	analiza-swot	OK	https://maciektora-hue.github.io/rosja/disinfolklore-swot/#analiza-swot
D3	d3-zamrozone-narzedzie-disinfolklore-swot-advocatus-v01_00-2026-03-25-anchory.html	ZAMROZONE · Disinfolklore — Analiza SWOT · Advocatus Diaboli · Przesłuchanie · v01.00	https://maciektora-hue.github.io/rosja/disinfolklore-swot/	H3	3	3	Strengths — Siły	strengths-sily	OK	https://maciektora-hue.github.io/rosja/disinfolklore-swot/#strengths-sily
D3	d3-zamrozone-narzedzie-disinfolklore-swot-advocatus-v01_00-2026-03-25-anchory.html	ZAMROZONE · Disinfolklore — Analiza SWOT · Advocatus Diaboli · Przesłuchanie · v01.00	https://maciektora-hue.github.io/rosja/disinfolklore-swot/	H3	3	4	Weaknesses — Słabości	weaknesses-slabosci	OK	https://maciektora-hue.github.io/rosja/disinfolklore-swot/#weaknesses-slabosci
D3	d3-zamrozone-narzedzie-disinfolklore-swot-advocatus-v01_00-2026-03-25-anchory.html	ZAMROZONE · Disinfolklore — Analiza SWOT · Advocatus Diaboli · Przesłuchanie · v01.00	https://maciektora-hue.github.io/rosja/disinfolklore-swot/	H3	3	5	Opportunities — Szanse	opportunities-szanse	OK	https://maciektora-hue.github.io/rosja/disinfolklore-swot/#opportunities-szanse
D3	d3-zamrozone-narzedzie-disinfolklore-swot-advocatus-v01_00-2026-03-25-anchory.html	ZAMROZONE · Disinfolklore — Analiza SWOT · Advocatus Diaboli · Przesłuchanie · v01.00	https://maciektora-hue.github.io/rosja/disinfolklore-swot/	H3	3	6	Threats — Zagrożenia	threats-zagrozenia	OK	https://maciektora-hue.github.io/rosja/disinfolklore-swot/#threats-zagrozenia
D3	d3-zamrozone-narzedzie-disinfolklore-swot-advocatus-v01_00-2026-03-25-anchory.html	ZAMROZONE · Disinfolklore — Analiza SWOT · Advocatus Diaboli · Przesłuchanie · v01.00	https://maciektora-hue.github.io/rosja/disinfolklore-swot/	H3	3	7	Synteza strategiczna	synteza-strategiczna	OK	https://maciektora-hue.github.io/rosja/disinfolklore-swot/#synteza-strategiczna
D3	d3-zamrozone-narzedzie-disinfolklore-swot-advocatus-v01_00-2026-03-25-anchory.html	ZAMROZONE · Disinfolklore — Analiza SWOT · Advocatus Diaboli · Przesłuchanie · v01.00	https://maciektora-hue.github.io/rosja/disinfolklore-swot/	H2	2	8	Advocatus Diaboli	advocatus-diaboli	OK	https://maciektora-hue.github.io/rosja/disinfolklore-swot/#advocatus-diaboli
D3	d3-zamrozone-narzedzie-disinfolklore-swot-advocatus-v01_00-2026-03-25-anchory.html	ZAMROZONE · Disinfolklore — Analiza SWOT · Advocatus Diaboli · Przesłuchanie · v01.00	https://maciektora-hue.github.io/rosja/disinfolklore-swot/	H4	4	9	Jeśli archetypowanie jest bronią — to czy re-archetypowanie nie jest tą samą bronią z odwróconym ostrzem?	archetypowanie-jako-bron	OK	https://maciektora-hue.github.io/rosja/disinfolklore-swot/#archetypowanie-jako-bron
D3	d3-zamrozone-narzedzie-disinfolklore-swot-advocatus-v01_00-2026-03-25-anchory.html	ZAMROZONE · Disinfolklore — Analiza SWOT · Advocatus Diaboli · Przesłuchanie · v01.00	https://maciektora-hue.github.io/rosja/disinfolklore-swot/	H4	4	10	Obserwator w polu bitwy: czy można badać zaklęcia, nie będąc samemu zaczarowanym?	obserwator-w-polu-bitwy	OK	https://maciektora-hue.github.io/rosja/disinfolklore-swot/#obserwator-w-polu-bitwy
D3	d3-zamrozone-narzedzie-disinfolklore-swot-advocatus-v01_00-2026-03-25-anchory.html	ZAMROZONE · Disinfolklore — Analiza SWOT · Advocatus Diaboli · Przesłuchanie · v01.00	https://maciektora-hue.github.io/rosja/disinfolklore-swot/	H4	4	11	Mana: czy pojęcie niefalsyfikowalne zachowuje moc analityczną?	mana-falsyfikowalnosc	OK	https://maciektora-hue.github.io/rosja/disinfolklore-swot/#mana-falsyfikowalnosc
D3	d3-zamrozone-narzedzie-disinfolklore-swot-advocatus-v01_00-2026-03-25-anchory.html	ZAMROZONE · Disinfolklore — Analiza SWOT · Advocatus Diaboli · Przesłuchanie · v01.00	https://maciektora-hue.github.io/rosja/disinfolklore-swot/	H4	4	12	"Czy twierdzenie „Ukraina to cywilizacja źródłowa Zachodu"" nie jest samo w sobie aktem Disinfolklore?"	ukraina-jako-disinfolklore	OK	https://maciektora-hue.github.io/rosja/disinfolklore-swot/#ukraina-jako-disinfolklore
D3	d3-zamrozone-narzedzie-disinfolklore-swot-advocatus-v01_00-2026-03-25-anchory.html	ZAMROZONE · Disinfolklore — Analiza SWOT · Advocatus Diaboli · Przesłuchanie · v01.00	https://maciektora-hue.github.io/rosja/disinfolklore-swot/	H4	4	13	Indoeuropocentryzm jako ślepy punkt: co z umysłami, które ukształtowały inne matryce?	indoeuropocentryzm	OK	https://maciektora-hue.github.io/rosja/disinfolklore-swot/#indoeuropocentryzm
D3	d3-zamrozone-narzedzie-disinfolklore-swot-advocatus-v01_00-2026-03-25-anchory.html	ZAMROZONE · Disinfolklore — Analiza SWOT · Advocatus Diaboli · Przesłuchanie · v01.00	https://maciektora-hue.github.io/rosja/disinfolklore-swot/	H4	4	14	Problem skali: 1,5 miliona słów vs. 15-sekundowy TikTok. Czy antywirusem na snajpera jest encyklopedia?	problem-skali	OK	https://maciektora-hue.github.io/rosja/disinfolklore-swot/#problem-skali
D3	d3-zamrozone-narzedzie-disinfolklore-swot-advocatus-v01_00-2026-03-25-anchory.html	ZAMROZONE · Disinfolklore — Analiza SWOT · Advocatus Diaboli · Przesłuchanie · v01.00	https://maciektora-hue.github.io/rosja/disinfolklore-swot/	H4	4	15	Granica między narzędziem a systemem wierzeń: kiedy analityk staje się kapłanem?	narzedzie-czy-system-wierzen	OK	https://maciektora-hue.github.io/rosja/disinfolklore-swot/#narzedzie-czy-system-wierzen
D3	d3-zamrozone-narzedzie-disinfolklore-swot-advocatus-v01_00-2026-03-25-anchory.html	ZAMROZONE · Disinfolklore — Analiza SWOT · Advocatus Diaboli · Przesłuchanie · v01.00	https://maciektora-hue.github.io/rosja/disinfolklore-swot/	H4	4	16	Czy demokratyczna broń może przetrwać kontakt z demokratycznym wyborcą?	demokratyczna-bron-i-wyborca	OK	https://maciektora-hue.github.io/rosja/disinfolklore-swot/#demokratyczna-bron-i-wyborca
D3	d3-zamrozone-narzedzie-disinfolklore-swot-advocatus-v01_00-2026-03-25-anchory.html	ZAMROZONE · Disinfolklore — Analiza SWOT · Advocatus Diaboli · Przesłuchanie · v01.00	https://maciektora-hue.github.io/rosja/disinfolklore-swot/	H4	4	17	Fabuła o trzech postaciach: czy redukcja geopolityki do bajki nie jest formą tego, co Pan krytykuje?	trzy-postacie-redukcja-geopolityki	OK	https://maciektora-hue.github.io/rosja/disinfolklore-swot/#trzy-postacie-redukcja-geopolityki
D3	d3-zamrozone-narzedzie-disinfolklore-swot-advocatus-v01_00-2026-03-25-anchory.html	ZAMROZONE · Disinfolklore — Analiza SWOT · Advocatus Diaboli · Przesłuchanie · v01.00	https://maciektora-hue.github.io/rosja/disinfolklore-swot/	H4	4	18	Ostateczna aporia: czy można zbudować post-narracyjne narzędzie wyłącznie z narracji?	postnarracyjne-narzedzie-z-narracji	OK	https://maciektora-hue.github.io/rosja/disinfolklore-swot/#postnarracyjne-narzedzie-z-narracji
D3	d3-zamrozone-narzedzie-disinfolklore-swot-advocatus-v01_00-2026-03-25-anchory.html	ZAMROZONE · Disinfolklore — Analiza SWOT · Advocatus Diaboli · Przesłuchanie · v01.00	https://maciektora-hue.github.io/rosja/disinfolklore-swot/	H2	2	19	Przesłuchanie informacyjne biegłegow trybie art. 278 i nast. k.p.c.	przesluchanie-bieglego	OK	https://maciektora-hue.github.io/rosja/disinfolklore-swot/#przesluchanie-bieglego
D3	d3-zamrozone-narzedzie-disinfolklore-swot-advocatus-v01_00-2026-03-25-anchory.html	ZAMROZONE · Disinfolklore — Analiza SWOT · Advocatus Diaboli · Przesłuchanie · v01.00	https://maciektora-hue.github.io/rosja/disinfolklore-swot/	H4	4	20	Panie biegły, proszę wskazać, w jakim recenzowanym piśmie naukowym opublikował Pan pełny opis metody Disinfolklore, wraz z recenzjami zewnętrznymi.	publikacja-i-recenzja-metody	OK	https://maciektora-hue.github.io/rosja/disinfolklore-swot/#publikacja-i-recenzja-metody
D3	d3-zamrozone-narzedzie-disinfolklore-swot-advocatus-v01_00-2026-03-25-anchory.html	ZAMROZONE · Disinfolklore — Analiza SWOT · Advocatus Diaboli · Przesłuchanie · v01.00	https://maciektora-hue.github.io/rosja/disinfolklore-swot/	H4	4	21	Czy dwóch niezależnych analityków, stosujących Pana dwunastoelementowy algorytm do tego samego memu, dojdzie do identycznej konkluzji co do jego klasyfikacji jako Disinfolklore?	powtarzalnosc-klasyfikacji	OK	https://maciektora-hue.github.io/rosja/disinfolklore-swot/#powtarzalnosc-klasyfikacji
D3	d3-zamrozone-narzedzie-disinfolklore-swot-advocatus-v01_00-2026-03-25-anchory.html	ZAMROZONE · Disinfolklore — Analiza SWOT · Advocatus Diaboli · Przesłuchanie · v01.00	https://maciektora-hue.github.io/rosja/disinfolklore-swot/	H4	4	22	"Panie biegły, Pan posługuje się pojęciem „mana"" jako kluczowym wskaźnikiem analitycznym. Proszę wskazać, jaki wynik empiryczny sfalsyfikowałby twierdzenie, że dany mem „zawiera silną manę""."	mana-kryterium-falsyfikacji	OK	https://maciektora-hue.github.io/rosja/disinfolklore-swot/#mana-kryterium-falsyfikacji
D3	d3-zamrozone-narzedzie-disinfolklore-swot-advocatus-v01_00-2026-03-25-anchory.html	ZAMROZONE · Disinfolklore — Analiza SWOT · Advocatus Diaboli · Przesłuchanie · v01.00	https://maciektora-hue.github.io/rosja/disinfolklore-swot/	H4	4	23	Pana wykształcenie formalne i doświadczenie zawodowe to dyplomacja i mediacja w kontekście OBWE. Proszę wskazać Pana kwalifikacje w zakresie lingwistyki porównawczej, folklorystyki, psychologii poznawczej i archeogenetyki — dyscyplin, na których opiera Pan swoją metodę.	kwalifikacje-bieglego	OK	https://maciektora-hue.github.io/rosja/disinfolklore-swot/#kwalifikacje-bieglego
D3	d3-zamrozone-narzedzie-disinfolklore-swot-advocatus-v01_00-2026-03-25-anchory.html	ZAMROZONE · Disinfolklore — Analiza SWOT · Advocatus Diaboli · Przesłuchanie · v01.00	https://maciektora-hue.github.io/rosja/disinfolklore-swot/	H4	4	24	"Pan jest publicznie zaangażowanym obrońcą sprawy ukraińskiej. Prowadzi Pan fundację Volya, współpracuje z NAFO, określa Rosję terminem „Ruschia"". Jak Pan zapewnia sąd o swojej bezstronności jako biegłego w sprawie, w której jedną ze stron jest podmiot powiązany z Federacją Rosyjską?"	bezstronnosc-bieglego	OK	https://maciektora-hue.github.io/rosja/disinfolklore-swot/#bezstronnosc-bieglego
D3	d3-zamrozone-narzedzie-disinfolklore-swot-advocatus-v01_00-2026-03-25-anchory.html	ZAMROZONE · Disinfolklore — Analiza SWOT · Advocatus Diaboli · Przesłuchanie · v01.00	https://maciektora-hue.github.io/rosja/disinfolklore-swot/	H4	4	25	"Proszę podać precyzyjną, operacyjną definicję pojęcia „archetyp"" w Pana metodzie, odróżniającą je od definicji Junga, Campbella i Proppa — na tyle ścisłą, by dwóch prawników mogło niezależnie zastosować ją do tego samego stanu faktycznego."	operacyjna-definicja-archetypu	OK	https://maciektora-hue.github.io/rosja/disinfolklore-swot/#operacyjna-definicja-archetypu
D3	d3-zamrozone-narzedzie-disinfolklore-swot-advocatus-v01_00-2026-03-25-anchory.html	ZAMROZONE · Disinfolklore — Analiza SWOT · Advocatus Diaboli · Przesłuchanie · v01.00	https://maciektora-hue.github.io/rosja/disinfolklore-swot/	H4	4	26	Czy Pan dysponuje danymi empirycznymi — w formie badań eksperymentalnych, quasi-eksperymentalnych lub choćby studium przypadku z grupą kontrolną — potwierdzającymi, że zastosowanie metody Disinfolklore zwiększa odporność odbiorców na dezinformację?	dane-empiryczne-odpornosc-na-dezinformacje	OK	https://maciektora-hue.github.io/rosja/disinfolklore-swot/#dane-empiryczne-odpornosc-na-dezinformacje
D3	d3-zamrozone-narzedzie-disinfolklore-swot-advocatus-v01_00-2026-03-25-anchory.html	ZAMROZONE · Disinfolklore — Analiza SWOT · Advocatus Diaboli · Przesłuchanie · v01.00	https://maciektora-hue.github.io/rosja/disinfolklore-swot/	H4	4	27	"Pan twierdzi, że dźwięk M-N stanowi „najistotniejsze odkrycie w lingwistyce indoeuropejskiej od czasów de Saussure'a"". Proszę wskazać, ilu profesorów lingwistyki indoeuropejskiej — choćby jeden — publicznie poparło to twierdzenie."	m-n-poparcie-lingwistow	OK	https://maciektora-hue.github.io/rosja/disinfolklore-swot/#m-n-poparcie-lingwistow
D3	d3-zamrozone-narzedzie-disinfolklore-swot-advocatus-v01_00-2026-03-25-anchory.html	ZAMROZONE · Disinfolklore — Analiza SWOT · Advocatus Diaboli · Przesłuchanie · v01.00	https://maciektora-hue.github.io/rosja/disinfolklore-swot/	H4	4	28	Proszę wskazać konkretny przypadek, w którym Pana metoda dałaby wynik fałszywie pozytywny — tj. zidentyfikowałaby jako Disinfolklore komunikat, który nim nie jest.	falszywie-pozytywny	OK	https://maciektora-hue.github.io/rosja/disinfolklore-swot/#falszywie-pozytywny
D3	d3-zamrozone-narzedzie-disinfolklore-swot-advocatus-v01_00-2026-03-25-anchory.html	ZAMROZONE · Disinfolklore — Analiza SWOT · Advocatus Diaboli · Przesłuchanie · v01.00	https://maciektora-hue.github.io/rosja/disinfolklore-swot/	H4	4	29	"Pan twierdzi, że „Accusation in a Mirror"" jest strukturą wspólną dla wszystkich ludobójstw — sprawca oskarża ofiarę o to, co sam planuje. Ale wzajemne oskarżenia są codziennością polityki. Proszę podać precyzyjne kryterium, na podstawie którego sąd mógłby odróżnić autentyczne oskarżenie od „Accusation in a Mirror""."	accusation-in-a-mirror-kryterium	OK	https://maciektora-hue.github.io/rosja/disinfolklore-swot/#accusation-in-a-mirror-kryterium
D3	d3-zamrozone-narzedzie-disinfolklore-swot-advocatus-v01_00-2026-03-25-anchory.html	ZAMROZONE · Disinfolklore — Analiza SWOT · Advocatus Diaboli · Przesłuchanie · v01.00	https://maciektora-hue.github.io/rosja/disinfolklore-swot/	H4	4	30	W jakim typie postępowania cywilnego — o ochronę dóbr osobistych, o naruszenie praw autorskich, o zadośćuczynienie — Pana metoda miałaby walor dowodowy? Proszę wskazać konkretny przepis k.c. lub k.p.c., który dopuszczałby opinię opartą na tej metodzie.	walor-dowodowy	OK	https://maciektora-hue.github.io/rosja/disinfolklore-swot/#walor-dowodowy
D3	d3-zamrozone-narzedzie-disinfolklore-swot-advocatus-v01_00-2026-03-25-anchory.html	ZAMROZONE · Disinfolklore — Analiza SWOT · Advocatus Diaboli · Przesłuchanie · v01.00	https://maciektora-hue.github.io/rosja/disinfolklore-swot/	H4	4	31	Panie biegły, ostatnie pytanie: czy Pan, jako twórca tej metody, jest w stanie wskazać warunki, w których sam uznałby ją za obaloną?	warunki-obalenia-metody	OK	https://maciektora-hue.github.io/rosja/disinfolklore-swot/#warunki-obalenia-metody
D4	d4-zamrozone-rosyjskie-samobojstwa-taksonomia-v08_01-2026-06-13-anchory.html	ZAMROZONE · Taksonomia rosyjskiego samobójstwa — katalog metod · v08.01	https://maciektora-hue.github.io/rosja/rosyjskie-samobojstwa/	H1	1	1	☠️ Taksonomia rosyjskiego samobójstwa	taksonomia-rosyjskiego-samobojstwa	OK	https://maciektora-hue.github.io/rosja/rosyjskie-samobojstwa/#taksonomia-rosyjskiego-samobojstwa
D4	d4-zamrozone-rosyjskie-samobojstwa-taksonomia-v08_01-2026-06-13-anchory.html	ZAMROZONE · Taksonomia rosyjskiego samobójstwa — katalog metod · v08.01	https://maciektora-hue.github.io/rosja/rosyjskie-samobojstwa/	H2	2	2	I. Defenestracja (upadek z okna)	defenestracja	OK	https://maciektora-hue.github.io/rosja/rosyjskie-samobojstwa/#defenestracja
D4	d4-zamrozone-rosyjskie-samobojstwa-taksonomia-v08_01-2026-06-13-anchory.html	ZAMROZONE · Taksonomia rosyjskiego samobójstwa — katalog metod · v08.01	https://maciektora-hue.github.io/rosja/rosyjskie-samobojstwa/	H2	2	3	II. Broń palna	bron-palna	OK	https://maciektora-hue.github.io/rosja/rosyjskie-samobojstwa/#bron-palna
D4	d4-zamrozone-rosyjskie-samobojstwa-taksonomia-v08_01-2026-06-13-anchory.html	ZAMROZONE · Taksonomia rosyjskiego samobójstwa — katalog metod · v08.01	https://maciektora-hue.github.io/rosja/rosyjskie-samobojstwa/	H2	2	4	III. Powieszenie / uduszenie	powieszenie-uduszenie	OK	https://maciektora-hue.github.io/rosja/rosyjskie-samobojstwa/#powieszenie-uduszenie
D4	d4-zamrozone-rosyjskie-samobojstwa-taksonomia-v08_01-2026-06-13-anchory.html	ZAMROZONE · Taksonomia rosyjskiego samobójstwa — katalog metod · v08.01	https://maciektora-hue.github.io/rosja/rosyjskie-samobojstwa/	H2	2	5	IV. Utonięcie / upadek z jednostki pływającej	utoniecie-upadek-z-jednostki	OK	https://maciektora-hue.github.io/rosja/rosyjskie-samobojstwa/#utoniecie-upadek-z-jednostki
D4	d4-zamrozone-rosyjskie-samobojstwa-taksonomia-v08_01-2026-06-13-anchory.html	ZAMROZONE · Taksonomia rosyjskiego samobójstwa — katalog metod · v08.01	https://maciektora-hue.github.io/rosja/rosyjskie-samobojstwa/	H2	2	6	"V. Nagły zawał / „ostre niewydolności"""	nagly-zawal-niewydolnosc	OK	https://maciektora-hue.github.io/rosja/rosyjskie-samobojstwa/#nagly-zawal-niewydolnosc
D4	d4-zamrozone-rosyjskie-samobojstwa-taksonomia-v08_01-2026-06-13-anchory.html	ZAMROZONE · Taksonomia rosyjskiego samobójstwa — katalog metod · v08.01	https://maciektora-hue.github.io/rosja/rosyjskie-samobojstwa/	H2	2	7	VI. Trucizny i substancje egzotyczne	trucizny-substancje-egzotyczne	OK	https://maciektora-hue.github.io/rosja/rosyjskie-samobojstwa/#trucizny-substancje-egzotyczne
D4	d4-zamrozone-rosyjskie-samobojstwa-taksonomia-v08_01-2026-06-13-anchory.html	ZAMROZONE · Taksonomia rosyjskiego samobójstwa — katalog metod · v08.01	https://maciektora-hue.github.io/rosja/rosyjskie-samobojstwa/	H2	2	8	VII. Śmierć w więzieniu / kolonii karnej	smierc-w-wiezieniu	OK	https://maciektora-hue.github.io/rosja/rosyjskie-samobojstwa/#smierc-w-wiezieniu
D4	d4-zamrozone-rosyjskie-samobojstwa-taksonomia-v08_01-2026-06-13-anchory.html	ZAMROZONE · Taksonomia rosyjskiego samobójstwa — katalog metod · v08.01	https://maciektora-hue.github.io/rosja/rosyjskie-samobojstwa/	H2	2	9	VIII. Znaleziony martwy (bez wyjaśnienia)	znaleziony-martwy	OK	https://maciektora-hue.github.io/rosja/rosyjskie-samobojstwa/#znaleziony-martwy
D4	d4-zamrozone-rosyjskie-samobojstwa-taksonomia-v08_01-2026-06-13-anchory.html	ZAMROZONE · Taksonomia rosyjskiego samobójstwa — katalog metod · v08.01	https://maciektora-hue.github.io/rosja/rosyjskie-samobojstwa/	H2	2	10	IX. Katastrofa lotnicza (cel = grupa)	katastrofa-lotnicza	OK	https://maciektora-hue.github.io/rosja/rosyjskie-samobojstwa/#katastrofa-lotnicza
D4	d4-zamrozone-rosyjskie-samobojstwa-taksonomia-v08_01-2026-06-13-anchory.html	ZAMROZONE · Taksonomia rosyjskiego samobójstwa — katalog metod · v08.01	https://maciektora-hue.github.io/rosja/rosyjskie-samobojstwa/	H2	2	11	X. Dekapitacja	dekapitacja	OK	https://maciektora-hue.github.io/rosja/rosyjskie-samobojstwa/#dekapitacja
D4	d4-zamrozone-rosyjskie-samobojstwa-taksonomia-v08_01-2026-06-13-anchory.html	ZAMROZONE · Taksonomia rosyjskiego samobójstwa — katalog metod · v08.01	https://maciektora-hue.github.io/rosja/rosyjskie-samobojstwa/	H2	2	12	XI. Metoda podwójna (combo)	metoda-podwojna	OK	https://maciektora-hue.github.io/rosja/rosyjskie-samobojstwa/#metoda-podwojna
D4	d4-zamrozone-rosyjskie-samobojstwa-taksonomia-v08_01-2026-06-13-anchory.html	ZAMROZONE · Taksonomia rosyjskiego samobójstwa — katalog metod · v08.01	https://maciektora-hue.github.io/rosja/rosyjskie-samobojstwa/	H2	2	13	XII. Metaanaliza — co mówi taksonomia	metaanaliza-taksonomii	OK	https://maciektora-hue.github.io/rosja/rosyjskie-samobojstwa/#metaanaliza-taksonomii
D5	d5-zamrozone-putin-cornered-animal-v03_00-2026-03-24-anchory.html	ZAMROZONE · Putin — chytry plan? cornered animal edition · v03.00	https://maciektora-hue.github.io/rosja/putin-cornered/	H1	1	1	🐀 Putin — cornered animal edition (v3)	putin-cornered-animal	OK	https://maciektora-hue.github.io/rosja/putin-cornered/#putin-cornered-animal
D5	d5-zamrozone-putin-cornered-animal-v03_00-2026-03-24-anchory.html	ZAMROZONE · Putin — chytry plan? cornered animal edition · v03.00	https://maciektora-hue.github.io/rosja/putin-cornered/	H2	2	2	0. Dlaczego to nie jest pytanie o pieniądze	nie-pytanie-o-pieniadze	OK	https://maciektora-hue.github.io/rosja/putin-cornered/#nie-pytanie-o-pieniadze
D5	d5-zamrozone-putin-cornered-animal-v03_00-2026-03-24-anchory.html	ZAMROZONE · Putin — chytry plan? cornered animal edition · v03.00	https://maciektora-hue.github.io/rosja/putin-cornered/	H2	2	3	I. Co mu realnie zostaje (po wszystkich korektach)	co-mu-zostaje	OK	https://maciektora-hue.github.io/rosja/putin-cornered/#co-mu-zostaje
D5	d5-zamrozone-putin-cornered-animal-v03_00-2026-03-24-anchory.html	ZAMROZONE · Putin — chytry plan? cornered animal edition · v03.00	https://maciektora-hue.github.io/rosja/putin-cornered/	H2	2	4	II. Co nie działa (skreślone)	co-nie-dziala	OK	https://maciektora-hue.github.io/rosja/putin-cornered/#co-nie-dziala
D5	d5-zamrozone-putin-cornered-animal-v03_00-2026-03-24-anchory.html	ZAMROZONE · Putin — chytry plan? cornered animal edition · v03.00	https://maciektora-hue.github.io/rosja/putin-cornered/	H2	2	5	III. Ukryty majątek — $1 bln dark money	ukryty-majatek-dark-money	OK	https://maciektora-hue.github.io/rosja/putin-cornered/#ukryty-majatek-dark-money
D5	d5-zamrozone-putin-cornered-animal-v03_00-2026-03-24-anchory.html	ZAMROZONE · Putin — chytry plan? cornered animal edition · v03.00	https://maciektora-hue.github.io/rosja/putin-cornered/	H2	2	6	IV. Cornered animal — scenariusze desperacji	scenariusze-desperacji	OK	https://maciektora-hue.github.io/rosja/putin-cornered/#scenariusze-desperacji
D5	d5-zamrozone-putin-cornered-animal-v03_00-2026-03-24-anchory.html	ZAMROZONE · Putin — chytry plan? cornered animal edition · v03.00	https://maciektora-hue.github.io/rosja/putin-cornered/	H2	2	7	V. Kluczowe pytanie: kiedy elity odłączą się od Putina?	kiedy-elity-odlacza-sie-od-putina	OK	https://maciektora-hue.github.io/rosja/putin-cornered/#kiedy-elity-odlacza-sie-od-putina
D5	d5-zamrozone-putin-cornered-animal-v03_00-2026-03-24-anchory.html	ZAMROZONE · Putin — chytry plan? cornered animal edition · v03.00	https://maciektora-hue.github.io/rosja/putin-cornered/	H3	3	8	Synteza v3: Projekt życia mu nie wyszedł	projekt-zycia-mu-nie-wyszedl	OK	https://maciektora-hue.github.io/rosja/putin-cornered/#projekt-zycia-mu-nie-wyszedl
D6	d6-zamrozone-jalta-3-analiza-strategiczna-v01_00-2026-03-08-anchory.html	ZAMROZONE · Jałta 3.0 — Analiza Strategiczna · v01.00	https://maciektora-hue.github.io/rosja/jalta-3/	H1	1	1	Jałta 3.0	jalta-3-0	OK	https://maciektora-hue.github.io/rosja/jalta-3/#jalta-3-0
D6	d6-zamrozone-jalta-3-analiza-strategiczna-v01_00-2026-03-08-anchory.html	ZAMROZONE · Jałta 3.0 — Analiza Strategiczna · v01.00	https://maciektora-hue.github.io/rosja/jalta-3/	H3	3	2	Spis treści	spis-tresci	OK	https://maciektora-hue.github.io/rosja/jalta-3/#spis-tresci
D6	d6-zamrozone-jalta-3-analiza-strategiczna-v01_00-2026-03-08-anchory.html	ZAMROZONE · Jałta 3.0 — Analiza Strategiczna · v01.00	https://maciektora-hue.github.io/rosja/jalta-3/	H2	2	3	1. Wizja — Synteza	wizja-synteza	OK	https://maciektora-hue.github.io/rosja/jalta-3/#wizja-synteza
D6	d6-zamrozone-jalta-3-analiza-strategiczna-v01_00-2026-03-08-anchory.html	ZAMROZONE · Jałta 3.0 — Analiza Strategiczna · v01.00	https://maciektora-hue.github.io/rosja/jalta-3/	H3	3	4	Filary wizji	filary-wizji	OK	https://maciektora-hue.github.io/rosja/jalta-3/#filary-wizji
D6	d6-zamrozone-jalta-3-analiza-strategiczna-v01_00-2026-03-08-anchory.html	ZAMROZONE · Jałta 3.0 — Analiza Strategiczna · v01.00	https://maciektora-hue.github.io/rosja/jalta-3/	H2	2	5	2. Koncepcja operacyjna	koncepcja-operacyjna	OK	https://maciektora-hue.github.io/rosja/jalta-3/#koncepcja-operacyjna
D6	d6-zamrozone-jalta-3-analiza-strategiczna-v01_00-2026-03-08-anchory.html	ZAMROZONE · Jałta 3.0 — Analiza Strategiczna · v01.00	https://maciektora-hue.github.io/rosja/jalta-3/	H3	3	6	2.1 Rzeka Aras — klucz do operacji azerskiej	rzeka-aras	OK	https://maciektora-hue.github.io/rosja/jalta-3/#rzeka-aras
D6	d6-zamrozone-jalta-3-analiza-strategiczna-v01_00-2026-03-08-anchory.html	ZAMROZONE · Jałta 3.0 — Analiza Strategiczna · v01.00	https://maciektora-hue.github.io/rosja/jalta-3/	H3	3	7	2.2 Pas 30 km — logika operacyjna	pas-30-km	OK	https://maciektora-hue.github.io/rosja/jalta-3/#pas-30-km
D6	d6-zamrozone-jalta-3-analiza-strategiczna-v01_00-2026-03-08-anchory.html	ZAMROZONE · Jałta 3.0 — Analiza Strategiczna · v01.00	https://maciektora-hue.github.io/rosja/jalta-3/	H3	3	8	2.3 Zagros — domena kurdyjska	zagros-domena-kurdyjska	OK	https://maciektora-hue.github.io/rosja/jalta-3/#zagros-domena-kurdyjska
D6	d6-zamrozone-jalta-3-analiza-strategiczna-v01_00-2026-03-08-anchory.html	ZAMROZONE · Jałta 3.0 — Analiza Strategiczna · v01.00	https://maciektora-hue.github.io/rosja/jalta-3/	H3	3	9	2.4 Wielki deal — Władywostok za Kaukaz	wielki-deal-wladywostok-za-kaukaz	OK	https://maciektora-hue.github.io/rosja/jalta-3/#wielki-deal-wladywostok-za-kaukaz
D6	d6-zamrozone-jalta-3-analiza-strategiczna-v01_00-2026-03-08-anchory.html	ZAMROZONE · Jałta 3.0 — Analiza Strategiczna · v01.00	https://maciektora-hue.github.io/rosja/jalta-3/	H3	3	10	2.5 Model końcowy — Hanza 2.0	hanza-2-0	OK	https://maciektora-hue.github.io/rosja/jalta-3/#hanza-2-0
D6	d6-zamrozone-jalta-3-analiza-strategiczna-v01_00-2026-03-08-anchory.html	ZAMROZONE · Jałta 3.0 — Analiza Strategiczna · v01.00	https://maciektora-hue.github.io/rosja/jalta-3/	H2	2	11	3. Mapa driverów — aktor po aktorze	mapa-driverow	OK	https://maciektora-hue.github.io/rosja/jalta-3/#mapa-driverow
D6	d6-zamrozone-jalta-3-analiza-strategiczna-v01_00-2026-03-08-anchory.html	ZAMROZONE · Jałta 3.0 — Analiza Strategiczna · v01.00	https://maciektora-hue.github.io/rosja/jalta-3/	H2	2	12	4. Analizy przeprowadzone	analizy-przeprowadzone	OK	https://maciektora-hue.github.io/rosja/jalta-3/#analizy-przeprowadzone
D6	d6-zamrozone-jalta-3-analiza-strategiczna-v01_00-2026-03-08-anchory.html	ZAMROZONE · Jałta 3.0 — Analiza Strategiczna · v01.00	https://maciektora-hue.github.io/rosja/jalta-3/	H3	3	13	4.1 Analiza rozpadu irańskiej państwowości	rozpad-iranskiej-panstwowosci	OK	https://maciektora-hue.github.io/rosja/jalta-3/#rozpad-iranskiej-panstwowosci
D6	d6-zamrozone-jalta-3-analiza-strategiczna-v01_00-2026-03-08-anchory.html	ZAMROZONE · Jałta 3.0 — Analiza Strategiczna · v01.00	https://maciektora-hue.github.io/rosja/jalta-3/	H4	4	14	Argumenty za rozpoczęciem rozpadu	argumenty-za-rozpadem	OK	https://maciektora-hue.github.io/rosja/jalta-3/#argumenty-za-rozpadem
D6	d6-zamrozone-jalta-3-analiza-strategiczna-v01_00-2026-03-08-anchory.html	ZAMROZONE · Jałta 3.0 — Analiza Strategiczna · v01.00	https://maciektora-hue.github.io/rosja/jalta-3/	H4	4	15	Argumenty przeciw	argumenty-przeciw-rozpadowi	OK	https://maciektora-hue.github.io/rosja/jalta-3/#argumenty-przeciw-rozpadowi
D6	d6-zamrozone-jalta-3-analiza-strategiczna-v01_00-2026-03-08-anchory.html	ZAMROZONE · Jałta 3.0 — Analiza Strategiczna · v01.00	https://maciektora-hue.github.io/rosja/jalta-3/	H3	3	16	4.2 Analiza utraty aury strachu przez IRGC	utrata-aury-strachu-irgc	OK	https://maciektora-hue.github.io/rosja/jalta-3/#utrata-aury-strachu-irgc
D6	d6-zamrozone-jalta-3-analiza-strategiczna-v01_00-2026-03-08-anchory.html	ZAMROZONE · Jałta 3.0 — Analiza Strategiczna · v01.00	https://maciektora-hue.github.io/rosja/jalta-3/	H4	4	17	Wnioski	wnioski-irgc	OK	https://maciektora-hue.github.io/rosja/jalta-3/#wnioski-irgc
D6	d6-zamrozone-jalta-3-analiza-strategiczna-v01_00-2026-03-08-anchory.html	ZAMROZONE · Jałta 3.0 — Analiza Strategiczna · v01.00	https://maciektora-hue.github.io/rosja/jalta-3/	H3	3	18	4.3 Analiza operacji azerskiej	operacja-azerska	OK	https://maciektora-hue.github.io/rosja/jalta-3/#operacja-azerska
D6	d6-zamrozone-jalta-3-analiza-strategiczna-v01_00-2026-03-08-anchory.html	ZAMROZONE · Jałta 3.0 — Analiza Strategiczna · v01.00	https://maciektora-hue.github.io/rosja/jalta-3/	H4	4	19	Feasibility	feasibility-operacji-azerskiej	OK	https://maciektora-hue.github.io/rosja/jalta-3/#feasibility-operacji-azerskiej
D6	d6-zamrozone-jalta-3-analiza-strategiczna-v01_00-2026-03-08-anchory.html	ZAMROZONE · Jałta 3.0 — Analiza Strategiczna · v01.00	https://maciektora-hue.github.io/rosja/jalta-3/	H3	3	20	4.4 Analiza konwergencji interesów sojuszników	konwergencja-interesow-sojusznikow	OK	https://maciektora-hue.github.io/rosja/jalta-3/#konwergencja-interesow-sojusznikow
D6	d6-zamrozone-jalta-3-analiza-strategiczna-v01_00-2026-03-08-anchory.html	ZAMROZONE · Jałta 3.0 — Analiza Strategiczna · v01.00	https://maciektora-hue.github.io/rosja/jalta-3/	H4	4	21	Zbieżności	zbieznosci-sojusznikow	OK	https://maciektora-hue.github.io/rosja/jalta-3/#zbieznosci-sojusznikow
D6	d6-zamrozone-jalta-3-analiza-strategiczna-v01_00-2026-03-08-anchory.html	ZAMROZONE · Jałta 3.0 — Analiza Strategiczna · v01.00	https://maciektora-hue.github.io/rosja/jalta-3/	H4	4	22	Sprzeczności	sprzecznosci-sojusznikow	OK	https://maciektora-hue.github.io/rosja/jalta-3/#sprzecznosci-sojusznikow
D6	d6-zamrozone-jalta-3-analiza-strategiczna-v01_00-2026-03-08-anchory.html	ZAMROZONE · Jałta 3.0 — Analiza Strategiczna · v01.00	https://maciektora-hue.github.io/rosja/jalta-3/	H3	3	23	4.5 Analiza roli Rosji	rola-rosji	OK	https://maciektora-hue.github.io/rosja/jalta-3/#rola-rosji
D6	d6-zamrozone-jalta-3-analiza-strategiczna-v01_00-2026-03-08-anchory.html	ZAMROZONE · Jałta 3.0 — Analiza Strategiczna · v01.00	https://maciektora-hue.github.io/rosja/jalta-3/	H4	4	24	Dlaczego Rosja się nie liczy	dlaczego-rosja-sie-nie-liczy	OK	https://maciektora-hue.github.io/rosja/jalta-3/#dlaczego-rosja-sie-nie-liczy
D6	d6-zamrozone-jalta-3-analiza-strategiczna-v01_00-2026-03-08-anchory.html	ZAMROZONE · Jałta 3.0 — Analiza Strategiczna · v01.00	https://maciektora-hue.github.io/rosja/jalta-3/	H3	3	25	4.6 Analiza modelu finansowania	model-finansowania	OK	https://maciektora-hue.github.io/rosja/jalta-3/#model-finansowania
D6	d6-zamrozone-jalta-3-analiza-strategiczna-v01_00-2026-03-08-anchory.html	ZAMROZONE · Jałta 3.0 — Analiza Strategiczna · v01.00	https://maciektora-hue.github.io/rosja/jalta-3/	H4	4	26	Źródła kapitału	zrodla-kapitalu	OK	https://maciektora-hue.github.io/rosja/jalta-3/#zrodla-kapitalu
D6	d6-zamrozone-jalta-3-analiza-strategiczna-v01_00-2026-03-08-anchory.html	ZAMROZONE · Jałta 3.0 — Analiza Strategiczna · v01.00	https://maciektora-hue.github.io/rosja/jalta-3/	H3	3	27	4.7 Analiza szoku jako akceleratora	szok-jako-akcelerator	OK	https://maciektora-hue.github.io/rosja/jalta-3/#szok-jako-akcelerator
D6	d6-zamrozone-jalta-3-analiza-strategiczna-v01_00-2026-03-08-anchory.html	ZAMROZONE · Jałta 3.0 — Analiza Strategiczna · v01.00	https://maciektora-hue.github.io/rosja/jalta-3/	H4	4	28	Precedensy historyczne	precedensy-historyczne	OK	https://maciektora-hue.github.io/rosja/jalta-3/#precedensy-historyczne
D6	d6-zamrozone-jalta-3-analiza-strategiczna-v01_00-2026-03-08-anchory.html	ZAMROZONE · Jałta 3.0 — Analiza Strategiczna · v01.00	https://maciektora-hue.github.io/rosja/jalta-3/	H2	2	29	5. Zidentyfikowane dziury i ryzyka	dziury-i-ryzyka	OK	https://maciektora-hue.github.io/rosja/jalta-3/#dziury-i-ryzyka
D6	d6-zamrozone-jalta-3-analiza-strategiczna-v01_00-2026-03-08-anchory.html	ZAMROZONE · Jałta 3.0 — Analiza Strategiczna · v01.00	https://maciektora-hue.github.io/rosja/jalta-3/	H4	4	30	RYZYKO KRYTYCZNE 1: 440 kg uranu w rozpadającym się państwie	ryzyko-uran-440-kg	OK	https://maciektora-hue.github.io/rosja/jalta-3/#ryzyko-uran-440-kg
D6	d6-zamrozone-jalta-3-analiza-strategiczna-v01_00-2026-03-08-anchory.html	ZAMROZONE · Jałta 3.0 — Analiza Strategiczna · v01.00	https://maciektora-hue.github.io/rosja/jalta-3/	H4	4	31	RYZYKO KRYTYCZNE 2: Globalny szok naftowy	ryzyko-globalny-szok-naftowy	OK	https://maciektora-hue.github.io/rosja/jalta-3/#ryzyko-globalny-szok-naftowy
D6	d6-zamrozone-jalta-3-analiza-strategiczna-v01_00-2026-03-08-anchory.html	ZAMROZONE · Jałta 3.0 — Analiza Strategiczna · v01.00	https://maciektora-hue.github.io/rosja/jalta-3/	H4	4	32	RYZYKO 3: Pakistan i Beludżystan	ryzyko-pakistan-beludzystan	OK	https://maciektora-hue.github.io/rosja/jalta-3/#ryzyko-pakistan-beludzystan
D6	d6-zamrozone-jalta-3-analiza-strategiczna-v01_00-2026-03-08-anchory.html	ZAMROZONE · Jałta 3.0 — Analiza Strategiczna · v01.00	https://maciektora-hue.github.io/rosja/jalta-3/	H4	4	33	RYZYKO 4: Tożsamość irańskich Azerów	ryzyko-tozsamosc-iranskich-azerow	OK	https://maciektora-hue.github.io/rosja/jalta-3/#ryzyko-tozsamosc-iranskich-azerow
D6	d6-zamrozone-jalta-3-analiza-strategiczna-v01_00-2026-03-08-anchory.html	ZAMROZONE · Jałta 3.0 — Analiza Strategiczna · v01.00	https://maciektora-hue.github.io/rosja/jalta-3/	H4	4	34	RYZYKO 5: Mission creep i eskalacja	ryzyko-mission-creep-eskalacja	OK	https://maciektora-hue.github.io/rosja/jalta-3/#ryzyko-mission-creep-eskalacja
D6	d6-zamrozone-jalta-3-analiza-strategiczna-v01_00-2026-03-08-anchory.html	ZAMROZONE · Jałta 3.0 — Analiza Strategiczna · v01.00	https://maciektora-hue.github.io/rosja/jalta-3/	H4	4	35	RYZYKO 6: Fragmentacja kurdyjska	ryzyko-fragmentacja-kurdyjska	OK	https://maciektora-hue.github.io/rosja/jalta-3/#ryzyko-fragmentacja-kurdyjska
D6	d6-zamrozone-jalta-3-analiza-strategiczna-v01_00-2026-03-08-anchory.html	ZAMROZONE · Jałta 3.0 — Analiza Strategiczna · v01.00	https://maciektora-hue.github.io/rosja/jalta-3/	H4	4	36	RYZYKO 7: Sekwencja zdarzeń	ryzyko-sekwencja-zdarzen	OK	https://maciektora-hue.github.io/rosja/jalta-3/#ryzyko-sekwencja-zdarzen
D6	d6-zamrozone-jalta-3-analiza-strategiczna-v01_00-2026-03-08-anchory.html	ZAMROZONE · Jałta 3.0 — Analiza Strategiczna · v01.00	https://maciektora-hue.github.io/rosja/jalta-3/	H2	2	37	6. Werdykt końcowy	werdykt-koncowy	OK	https://maciektora-hue.github.io/rosja/jalta-3/#werdykt-koncowy
D6	d6-zamrozone-jalta-3-analiza-strategiczna-v01_00-2026-03-08-anchory.html	ZAMROZONE · Jałta 3.0 — Analiza Strategiczna · v01.00	https://maciektora-hue.github.io/rosja/jalta-3/	H3	3	38	Ocena analityka	ocena-analityka	OK	https://maciektora-hue.github.io/rosja/jalta-3/#ocena-analityka
D7	d7-zamrozone-jalta-3-apendyks-v01_00-2026-03-08-anchory.html	ZAMROZONE · Jałta 3.0 — Apendyks: Dlaczego to zadziała(ć może) · v01.00	https://maciektora-hue.github.io/rosja/jalta-3-apendyks/	H1	1	1	Jałta 3.0	jalta-3-0	OK	https://maciektora-hue.github.io/rosja/jalta-3-apendyks/#jalta-3-0
D7	d7-zamrozone-jalta-3-apendyks-v01_00-2026-03-08-anchory.html	ZAMROZONE · Jałta 3.0 — Apendyks: Dlaczego to zadziała(ć może) · v01.00	https://maciektora-hue.github.io/rosja/jalta-3-apendyks/	H2	2	2	1 Warstwa kognitywna — AuDHD jako styl decyzyjny	warstwa-kognitywna	OK	https://maciektora-hue.github.io/rosja/jalta-3-apendyks/#warstwa-kognitywna
D7	d7-zamrozone-jalta-3-apendyks-v01_00-2026-03-08-anchory.html	ZAMROZONE · Jałta 3.0 — Apendyks: Dlaczego to zadziała(ć może) · v01.00	https://maciektora-hue.github.io/rosja/jalta-3-apendyks/	H3	3	3	Hipoteza	hipoteza-warstwa-kognitywna	OK	https://maciektora-hue.github.io/rosja/jalta-3-apendyks/#hipoteza-warstwa-kognitywna
D7	d7-zamrozone-jalta-3-apendyks-v01_00-2026-03-08-anchory.html	ZAMROZONE · Jałta 3.0 — Apendyks: Dlaczego to zadziała(ć może) · v01.00	https://maciektora-hue.github.io/rosja/jalta-3-apendyks/	H4	4	4	Trump — podręcznikowy profil ADHD	trump-profil-adhd	OK	https://maciektora-hue.github.io/rosja/jalta-3-apendyks/#trump-profil-adhd
D7	d7-zamrozone-jalta-3-apendyks-v01_00-2026-03-08-anchory.html	ZAMROZONE · Jałta 3.0 — Apendyks: Dlaczego to zadziała(ć może) · v01.00	https://maciektora-hue.github.io/rosja/jalta-3-apendyks/	H4	4	5	Aliyev — AuDHD w trybie strategicznym	aliyev-audhd-strategiczne	OK	https://maciektora-hue.github.io/rosja/jalta-3-apendyks/#aliyev-audhd-strategiczne
D7	d7-zamrozone-jalta-3-apendyks-v01_00-2026-03-08-anchory.html	ZAMROZONE · Jałta 3.0 — Apendyks: Dlaczego to zadziała(ć może) · v01.00	https://maciektora-hue.github.io/rosja/jalta-3-apendyks/	H4	4	6	Izrael — państwo z AuDHD	izrael-panstwo-z-audhd	OK	https://maciektora-hue.github.io/rosja/jalta-3-apendyks/#izrael-panstwo-z-audhd
D7	d7-zamrozone-jalta-3-apendyks-v01_00-2026-03-08-anchory.html	ZAMROZONE · Jałta 3.0 — Apendyks: Dlaczego to zadziała(ć może) · v01.00	https://maciektora-hue.github.io/rosja/jalta-3-apendyks/	H2	2	7	2 Warstwa tożsamościowa — trzy narody bez państwa	warstwa-tozsamosciowa	OK	https://maciektora-hue.github.io/rosja/jalta-3-apendyks/#warstwa-tozsamosciowa
D7	d7-zamrozone-jalta-3-apendyks-v01_00-2026-03-08-anchory.html	ZAMROZONE · Jałta 3.0 — Apendyks: Dlaczego to zadziała(ć może) · v01.00	https://maciektora-hue.github.io/rosja/jalta-3-apendyks/	H3	3	8	Fundament koalicji	fundament-koalicji	OK	https://maciektora-hue.github.io/rosja/jalta-3-apendyks/#fundament-koalicji
D7	d7-zamrozone-jalta-3-apendyks-v01_00-2026-03-08-anchory.html	ZAMROZONE · Jałta 3.0 — Apendyks: Dlaczego to zadziała(ć może) · v01.00	https://maciektora-hue.github.io/rosja/jalta-3-apendyks/	H4	4	9	Wspólna cecha 1: Państwo jako projekt, nie dana	panstwo-jako-projekt	OK	https://maciektora-hue.github.io/rosja/jalta-3-apendyks/#panstwo-jako-projekt
D7	d7-zamrozone-jalta-3-apendyks-v01_00-2026-03-08-anchory.html	ZAMROZONE · Jałta 3.0 — Apendyks: Dlaczego to zadziała(ć może) · v01.00	https://maciektora-hue.github.io/rosja/jalta-3-apendyks/	H4	4	10	Wspólna cecha 2: Wzajemne rozpoznanie	wzajemne-rozpoznanie	OK	https://maciektora-hue.github.io/rosja/jalta-3-apendyks/#wzajemne-rozpoznanie
D7	d7-zamrozone-jalta-3-apendyks-v01_00-2026-03-08-anchory.html	ZAMROZONE · Jałta 3.0 — Apendyks: Dlaczego to zadziała(ć może) · v01.00	https://maciektora-hue.github.io/rosja/jalta-3-apendyks/	H4	4	11	Wspólna cecha 3: Samowystarczalność jako imperatyw przetrwania	samowystarczalnosc-przetrwanie	OK	https://maciektora-hue.github.io/rosja/jalta-3-apendyks/#samowystarczalnosc-przetrwanie
D7	d7-zamrozone-jalta-3-apendyks-v01_00-2026-03-08-anchory.html	ZAMROZONE · Jałta 3.0 — Apendyks: Dlaczego to zadziała(ć może) · v01.00	https://maciektora-hue.github.io/rosja/jalta-3-apendyks/	H3	3	12	Trzy tysiące lat wspólnej historii	trzy-tysiace-lat-historii	OK	https://maciektora-hue.github.io/rosja/jalta-3-apendyks/#trzy-tysiace-lat-historii
D7	d7-zamrozone-jalta-3-apendyks-v01_00-2026-03-08-anchory.html	ZAMROZONE · Jałta 3.0 — Apendyks: Dlaczego to zadziała(ć może) · v01.00	https://maciektora-hue.github.io/rosja/jalta-3-apendyks/	H3	3	13	Abraham w górach Zagros	abraham-w-zagros	OK	https://maciektora-hue.github.io/rosja/jalta-3-apendyks/#abraham-w-zagros
D7	d7-zamrozone-jalta-3-apendyks-v01_00-2026-03-08-anchory.html	ZAMROZONE · Jałta 3.0 — Apendyks: Dlaczego to zadziała(ć może) · v01.00	https://maciektora-hue.github.io/rosja/jalta-3-apendyks/	H2	2	14	3 Warstwa paradoksu — nieufność jako stabilizator	warstwa-paradoksu	OK	https://maciektora-hue.github.io/rosja/jalta-3-apendyks/#warstwa-paradoksu
D7	d7-zamrozone-jalta-3-apendyks-v01_00-2026-03-08-anchory.html	ZAMROZONE · Jałta 3.0 — Apendyks: Dlaczego to zadziała(ć może) · v01.00	https://maciektora-hue.github.io/rosja/jalta-3-apendyks/	H3	3	15	Teza	teza-nieufnosc-stabilizator	OK	https://maciektora-hue.github.io/rosja/jalta-3-apendyks/#teza-nieufnosc-stabilizator
D7	d7-zamrozone-jalta-3-apendyks-v01_00-2026-03-08-anchory.html	ZAMROZONE · Jałta 3.0 — Apendyks: Dlaczego to zadziała(ć może) · v01.00	https://maciektora-hue.github.io/rosja/jalta-3-apendyks/	H3	3	16	Precedensy zdrady	precedensy-zdrady	OK	https://maciektora-hue.github.io/rosja/jalta-3-apendyks/#precedensy-zdrady
D7	d7-zamrozone-jalta-3-apendyks-v01_00-2026-03-08-anchory.html	ZAMROZONE · Jałta 3.0 — Apendyks: Dlaczego to zadziała(ć może) · v01.00	https://maciektora-hue.github.io/rosja/jalta-3-apendyks/	H3	3	17	Pięć mechanizmów, przez które nieufność wzmacnia projekt	piec-mechanizmow-nieufnosci	OK	https://maciektora-hue.github.io/rosja/jalta-3-apendyks/#piec-mechanizmow-nieufnosci
D7	d7-zamrozone-jalta-3-apendyks-v01_00-2026-03-08-anchory.html	ZAMROZONE · Jałta 3.0 — Apendyks: Dlaczego to zadziała(ć może) · v01.00	https://maciektora-hue.github.io/rosja/jalta-3-apendyks/	H4	4	18	Mechanizm 1: Autonomia działania	autonomia-dzialania	OK	https://maciektora-hue.github.io/rosja/jalta-3-apendyks/#autonomia-dzialania
D7	d7-zamrozone-jalta-3-apendyks-v01_00-2026-03-08-anchory.html	ZAMROZONE · Jałta 3.0 — Apendyks: Dlaczego to zadziała(ć może) · v01.00	https://maciektora-hue.github.io/rosja/jalta-3-apendyks/	H4	4	19	Mechanizm 2: Struktury niepodległe od patrona	struktury-niezalezne-od-patrona	OK	https://maciektora-hue.github.io/rosja/jalta-3-apendyks/#struktury-niezalezne-od-patrona
D7	d7-zamrozone-jalta-3-apendyks-v01_00-2026-03-08-anchory.html	ZAMROZONE · Jałta 3.0 — Apendyks: Dlaczego to zadziała(ć może) · v01.00	https://maciektora-hue.github.io/rosja/jalta-3-apendyks/	H4	4	20	Mechanizm 3: Uniezależnienie od attention spanu Trumpa	niezaleznosc-od-attention-spanu-trumpa	OK	https://maciektora-hue.github.io/rosja/jalta-3-apendyks/#niezaleznosc-od-attention-spanu-trumpa
D7	d7-zamrozone-jalta-3-apendyks-v01_00-2026-03-08-anchory.html	ZAMROZONE · Jałta 3.0 — Apendyks: Dlaczego to zadziała(ć może) · v01.00	https://maciektora-hue.github.io/rosja/jalta-3-apendyks/	H4	4	21	Mechanizm 4: Eliminacja pułapki zależności	eliminacja-pulapki-zaleznosci	OK	https://maciektora-hue.github.io/rosja/jalta-3-apendyks/#eliminacja-pulapki-zaleznosci
D7	d7-zamrozone-jalta-3-apendyks-v01_00-2026-03-08-anchory.html	ZAMROZONE · Jałta 3.0 — Apendyks: Dlaczego to zadziała(ć może) · v01.00	https://maciektora-hue.github.io/rosja/jalta-3-apendyks/	H4	4	22	Mechanizm 5: Budowa legitymacji wewnętrznej, nie zewnętrznej	legitymacja-wewnetrzna	OK	https://maciektora-hue.github.io/rosja/jalta-3-apendyks/#legitymacja-wewnetrzna
D7	d7-zamrozone-jalta-3-apendyks-v01_00-2026-03-08-anchory.html	ZAMROZONE · Jałta 3.0 — Apendyks: Dlaczego to zadziała(ć może) · v01.00	https://maciektora-hue.github.io/rosja/jalta-3-apendyks/	H2	2	23	4 Warstwa matematyczna — równowagi Nasha	warstwa-matematyczna	OK	https://maciektora-hue.github.io/rosja/jalta-3-apendyks/#warstwa-matematyczna
D7	d7-zamrozone-jalta-3-apendyks-v01_00-2026-03-08-anchory.html	ZAMROZONE · Jałta 3.0 — Apendyks: Dlaczego to zadziała(ć może) · v01.00	https://maciektora-hue.github.io/rosja/jalta-3-apendyks/	H3	3	24	Definicja	definicja-rownowagi-nasha	OK	https://maciektora-hue.github.io/rosja/jalta-3-apendyks/#definicja-rownowagi-nasha
D7	d7-zamrozone-jalta-3-apendyks-v01_00-2026-03-08-anchory.html	ZAMROZONE · Jałta 3.0 — Apendyks: Dlaczego to zadziała(ć może) · v01.00	https://maciektora-hue.github.io/rosja/jalta-3-apendyks/	H3	3	25	Test Nasha: trójkąt Żydzi — Azerowie — Kurdowie	nash-trojkat-zydzi-azerowie-kurdowie	OK	https://maciektora-hue.github.io/rosja/jalta-3-apendyks/#nash-trojkat-zydzi-azerowie-kurdowie
D7	d7-zamrozone-jalta-3-apendyks-v01_00-2026-03-08-anchory.html	ZAMROZONE · Jałta 3.0 — Apendyks: Dlaczego to zadziała(ć może) · v01.00	https://maciektora-hue.github.io/rosja/jalta-3-apendyks/	H4	4	26	Izrael defektuje?	izrael-defektuje	OK	https://maciektora-hue.github.io/rosja/jalta-3-apendyks/#izrael-defektuje
D7	d7-zamrozone-jalta-3-apendyks-v01_00-2026-03-08-anchory.html	ZAMROZONE · Jałta 3.0 — Apendyks: Dlaczego to zadziała(ć może) · v01.00	https://maciektora-hue.github.io/rosja/jalta-3-apendyks/	H4	4	27	Azerbejdżan defektuje?	azerbejdzan-defektuje	OK	https://maciektora-hue.github.io/rosja/jalta-3-apendyks/#azerbejdzan-defektuje
D7	d7-zamrozone-jalta-3-apendyks-v01_00-2026-03-08-anchory.html	ZAMROZONE · Jałta 3.0 — Apendyks: Dlaczego to zadziała(ć może) · v01.00	https://maciektora-hue.github.io/rosja/jalta-3-apendyks/	H4	4	28	Kurdowie defektują?	kurdowie-defektuja	OK	https://maciektora-hue.github.io/rosja/jalta-3-apendyks/#kurdowie-defektuja
D7	d7-zamrozone-jalta-3-apendyks-v01_00-2026-03-08-anchory.html	ZAMROZONE · Jałta 3.0 — Apendyks: Dlaczego to zadziała(ć może) · v01.00	https://maciektora-hue.github.io/rosja/jalta-3-apendyks/	H3	3	29	Test Nasha: czworokąt z USA	nash-czworokat-z-usa	OK	https://maciektora-hue.github.io/rosja/jalta-3-apendyks/#nash-czworokat-z-usa
D7	d7-zamrozone-jalta-3-apendyks-v01_00-2026-03-08-anchory.html	ZAMROZONE · Jałta 3.0 — Apendyks: Dlaczego to zadziała(ć może) · v01.00	https://maciektora-hue.github.io/rosja/jalta-3-apendyks/	H4	4	30	USA defektują?	usa-defektuja	OK	https://maciektora-hue.github.io/rosja/jalta-3-apendyks/#usa-defektuja
D7	d7-zamrozone-jalta-3-apendyks-v01_00-2026-03-08-anchory.html	ZAMROZONE · Jałta 3.0 — Apendyks: Dlaczego to zadziała(ć może) · v01.00	https://maciektora-hue.github.io/rosja/jalta-3-apendyks/	H4	4	31	Trójkąt defektuje wobec USA?	trojkat-defektuje-wobec-usa	OK	https://maciektora-hue.github.io/rosja/jalta-3-apendyks/#trojkat-defektuje-wobec-usa
D7	d7-zamrozone-jalta-3-apendyks-v01_00-2026-03-08-anchory.html	ZAMROZONE · Jałta 3.0 — Apendyks: Dlaczego to zadziała(ć może) · v01.00	https://maciektora-hue.github.io/rosja/jalta-3-apendyks/	H3	3	32	Test Nasha: pełny system	nash-pelny-system	OK	https://maciektora-hue.github.io/rosja/jalta-3-apendyks/#nash-pelny-system
D7	d7-zamrozone-jalta-3-apendyks-v01_00-2026-03-08-anchory.html	ZAMROZONE · Jałta 3.0 — Apendyks: Dlaczego to zadziała(ć może) · v01.00	https://maciektora-hue.github.io/rosja/jalta-3-apendyks/	H4	4	33	Turcja defektuje? → irracjonalne	turcja-defektuje	OK	https://maciektora-hue.github.io/rosja/jalta-3-apendyks/#turcja-defektuje
D7	d7-zamrozone-jalta-3-apendyks-v01_00-2026-03-08-anchory.html	ZAMROZONE · Jałta 3.0 — Apendyks: Dlaczego to zadziała(ć może) · v01.00	https://maciektora-hue.github.io/rosja/jalta-3-apendyks/	H4	4	34	Armenia defektuje? → irracjonalne	armenia-defektuje	OK	https://maciektora-hue.github.io/rosja/jalta-3-apendyks/#armenia-defektuje
D7	d7-zamrozone-jalta-3-apendyks-v01_00-2026-03-08-anchory.html	ZAMROZONE · Jałta 3.0 — Apendyks: Dlaczego to zadziała(ć może) · v01.00	https://maciektora-hue.github.io/rosja/jalta-3-apendyks/	H4	4	35	UE defektuje? → irracjonalne	ue-defektuje	OK	https://maciektora-hue.github.io/rosja/jalta-3-apendyks/#ue-defektuje
D7	d7-zamrozone-jalta-3-apendyks-v01_00-2026-03-08-anchory.html	ZAMROZONE · Jałta 3.0 — Apendyks: Dlaczego to zadziała(ć może) · v01.00	https://maciektora-hue.github.io/rosja/jalta-3-apendyks/	H4	4	36	GCC defektuje? → irracjonalne	gcc-defektuje	OK	https://maciektora-hue.github.io/rosja/jalta-3-apendyks/#gcc-defektuje
D7	d7-zamrozone-jalta-3-apendyks-v01_00-2026-03-08-anchory.html	ZAMROZONE · Jałta 3.0 — Apendyks: Dlaczego to zadziała(ć może) · v01.00	https://maciektora-hue.github.io/rosja/jalta-3-apendyks/	H4	4	37	Chiny defektują? → irracjonalne (jeśli deal Władywostok)	chiny-defektuja	OK	https://maciektora-hue.github.io/rosja/jalta-3-apendyks/#chiny-defektuja
D7	d7-zamrozone-jalta-3-apendyks-v01_00-2026-03-08-anchory.html	ZAMROZONE · Jałta 3.0 — Apendyks: Dlaczego to zadziała(ć może) · v01.00	https://maciektora-hue.github.io/rosja/jalta-3-apendyks/	H3	3	38	Trzy zagnieżdżone równowagi	trzy-zagniezdzone-rownowagi	OK	https://maciektora-hue.github.io/rosja/jalta-3-apendyks/#trzy-zagniezdzone-rownowagi
D7	d7-zamrozone-jalta-3-apendyks-v01_00-2026-03-08-anchory.html	ZAMROZONE · Jałta 3.0 — Apendyks: Dlaczego to zadziała(ć może) · v01.00	https://maciektora-hue.github.io/rosja/jalta-3-apendyks/	H2	2	39	5 Warstwa epistemologiczna — dlaczego ta analiza wygląda tak, jak wygląda	warstwa-epistemologiczna	OK	https://maciektora-hue.github.io/rosja/jalta-3-apendyks/#warstwa-epistemologiczna
D7	d7-zamrozone-jalta-3-apendyks-v01_00-2026-03-08-anchory.html	ZAMROZONE · Jałta 3.0 — Apendyks: Dlaczego to zadziała(ć może) · v01.00	https://maciektora-hue.github.io/rosja/jalta-3-apendyks/	H3	3	40	Odwrócona metoda naukowa	odwrocona-metoda-naukowa	OK	https://maciektora-hue.github.io/rosja/jalta-3-apendyks/#odwrocona-metoda-naukowa
D7	d7-zamrozone-jalta-3-apendyks-v01_00-2026-03-08-anchory.html	ZAMROZONE · Jałta 3.0 — Apendyks: Dlaczego to zadziała(ć może) · v01.00	https://maciektora-hue.github.io/rosja/jalta-3-apendyks/	H2	2	41	Synteza: dlaczego to zadziała(ć może)	synteza-dlaczego-moze-zadzialac	OK	https://maciektora-hue.github.io/rosja/jalta-3-apendyks/#synteza-dlaczego-moze-zadzialac
D7	d7-zamrozone-jalta-3-apendyks-v01_00-2026-03-08-anchory.html	ZAMROZONE · Jałta 3.0 — Apendyks: Dlaczego to zadziała(ć może) · v01.00	https://maciektora-hue.github.io/rosja/jalta-3-apendyks/	H3	3	42	Pięć warstw = pięć powodów	piec-warstw-piec-powodow	OK	https://maciektora-hue.github.io/rosja/jalta-3-apendyks/#piec-warstw-piec-powodow
D7	d7-zamrozone-jalta-3-apendyks-v01_00-2026-03-08-anchory.html	ZAMROZONE · Jałta 3.0 — Apendyks: Dlaczego to zadziała(ć może) · v01.00	https://maciektora-hue.github.io/rosja/jalta-3-apendyks/	H3	3	43	Ostatnie zdanie	ostatnie-zdanie	OK	https://maciektora-hue.github.io/rosja/jalta-3-apendyks/#ostatnie-zdanie
E1	ropa-gaz-geopolityka-analiza-v01_00-2026-03-17-anchory.html	Ropa, gaz i geopolityka: analiza strukturalna popytu i trwałości monopoli energetycznych · v01.00 · 2026-03-17	https://maciektora-hue.github.io/rosja/ropa-gaz/	H1	1	1	Ropa, gaz i geopolityka	ropa-gaz-geopolityka	OK	https://maciektora-hue.github.io/rosja/ropa-gaz/#ropa-gaz-geopolityka
E1	ropa-gaz-geopolityka-analiza-v01_00-2026-03-17-anchory.html	Ropa, gaz i geopolityka: analiza strukturalna popytu i trwałości monopoli energetycznych · v01.00 · 2026-03-17	https://maciektora-hue.github.io/rosja/ropa-gaz/	H2	2	2	1. Struktura globalnego popytu na ropę i gaz (2024)	globalny-popyt-ropa-gaz-2024	OK	https://maciektora-hue.github.io/rosja/ropa-gaz/#globalny-popyt-ropa-gaz-2024
E1	ropa-gaz-geopolityka-analiza-v01_00-2026-03-17-anchory.html	Ropa, gaz i geopolityka: analiza strukturalna popytu i trwałości monopoli energetycznych · v01.00 · 2026-03-17	https://maciektora-hue.github.io/rosja/ropa-gaz/	H3	3	3	1.1. Transport — podział wewnętrzny	transport-podzial-wewnetrzny	OK	https://maciektora-hue.github.io/rosja/ropa-gaz/#transport-podzial-wewnetrzny
E1	ropa-gaz-geopolityka-analiza-v01_00-2026-03-17-anchory.html	Ropa, gaz i geopolityka: analiza strukturalna popytu i trwałości monopoli energetycznych · v01.00 · 2026-03-17	https://maciektora-hue.github.io/rosja/ropa-gaz/	H2	2	4	"2. Substytucja: co można zastąpić „już teraz""?"	substytucja-juz-teraz	OK	https://maciektora-hue.github.io/rosja/ropa-gaz/#substytucja-juz-teraz
E1	ropa-gaz-geopolityka-analiza-v01_00-2026-03-17-anchory.html	Ropa, gaz i geopolityka: analiza strukturalna popytu i trwałości monopoli energetycznych · v01.00 · 2026-03-17	https://maciektora-hue.github.io/rosja/ropa-gaz/	H3	3	5	2.1. Transport drogowy + generacja prądu i ciepła (~267 EJ, 78%)	transport-drogi-prad-cieplo	OK	https://maciektora-hue.github.io/rosja/ropa-gaz/#transport-drogi-prad-cieplo
E1	ropa-gaz-geopolityka-analiza-v01_00-2026-03-17-anchory.html	Ropa, gaz i geopolityka: analiza strukturalna popytu i trwałości monopoli energetycznych · v01.00 · 2026-03-17	https://maciektora-hue.github.io/rosja/ropa-gaz/	H3	3	6	2.2. Surowiec do procesów przemysłowych (~35 EJ, 10%)	surowiec-procesy-przemyslowe	OK	https://maciektora-hue.github.io/rosja/ropa-gaz/#surowiec-procesy-przemyslowe
E1	ropa-gaz-geopolityka-analiza-v01_00-2026-03-17-anchory.html	Ropa, gaz i geopolityka: analiza strukturalna popytu i trwałości monopoli energetycznych · v01.00 · 2026-03-17	https://maciektora-hue.github.io/rosja/ropa-gaz/	H3	3	7	2.3. Nawozy — szczególny przypadek feedstocku	nawozy-feedstock	OK	https://maciektora-hue.github.io/rosja/ropa-gaz/#nawozy-feedstock
E1	ropa-gaz-geopolityka-analiza-v01_00-2026-03-17-anchory.html	Ropa, gaz i geopolityka: analiza strukturalna popytu i trwałości monopoli energetycznych · v01.00 · 2026-03-17	https://maciektora-hue.github.io/rosja/ropa-gaz/	H2	2	8	3. Scenariusz Ormuz: inflacja ≠ głód	scenariusz-ormuz	OK	https://maciektora-hue.github.io/rosja/ropa-gaz/#scenariusz-ormuz
E1	ropa-gaz-geopolityka-analiza-v01_00-2026-03-17-anchory.html	Ropa, gaz i geopolityka: analiza strukturalna popytu i trwałości monopoli energetycznych · v01.00 · 2026-03-17	https://maciektora-hue.github.io/rosja/ropa-gaz/	H3	3	9	3.1. Kluczowa dystynkcja: szok cenowy vs. fizyczny brak	szok-cenowy-vs-fizyczny-brak	OK	https://maciektora-hue.github.io/rosja/ropa-gaz/#szok-cenowy-vs-fizyczny-brak
E1	ropa-gaz-geopolityka-analiza-v01_00-2026-03-17-anchory.html	Ropa, gaz i geopolityka: analiza strukturalna popytu i trwałości monopoli energetycznych · v01.00 · 2026-03-17	https://maciektora-hue.github.io/rosja/ropa-gaz/	H3	3	10	3.2. Skala szoku: porównanie z Lehman Brothers / dot-com	skala-szoku-lehman-dot-com	OK	https://maciektora-hue.github.io/rosja/ropa-gaz/#skala-szoku-lehman-dot-com
E1	ropa-gaz-geopolityka-analiza-v01_00-2026-03-17-anchory.html	Ropa, gaz i geopolityka: analiza strukturalna popytu i trwałości monopoli energetycznych · v01.00 · 2026-03-17	https://maciektora-hue.github.io/rosja/ropa-gaz/	H3	3	11	3.3. Paradoks szybkiego szoku	paradoks-szybkiego-szoku	OK	https://maciektora-hue.github.io/rosja/ropa-gaz/#paradoks-szybkiego-szoku
E1	ropa-gaz-geopolityka-analiza-v01_00-2026-03-17-anchory.html	Ropa, gaz i geopolityka: analiza strukturalna popytu i trwałości monopoli energetycznych · v01.00 · 2026-03-17	https://maciektora-hue.github.io/rosja/ropa-gaz/	H2	2	12	4. Geopolityka energii: substytucja jako zmiana topologii władzy	geopolityka-energii-topologia-wladzy	OK	https://maciektora-hue.github.io/rosja/ropa-gaz/#geopolityka-energii-topologia-wladzy
E1	ropa-gaz-geopolityka-analiza-v01_00-2026-03-17-anchory.html	Ropa, gaz i geopolityka: analiza strukturalna popytu i trwałości monopoli energetycznych · v01.00 · 2026-03-17	https://maciektora-hue.github.io/rosja/ropa-gaz/	H3	3	13	4.1. Gdyby a.1 + b były zelektryfikowane	elektryfikacja-transportu-i-generacji	OK	https://maciektora-hue.github.io/rosja/ropa-gaz/#elektryfikacja-transportu-i-generacji
E1	ropa-gaz-geopolityka-analiza-v01_00-2026-03-17-anchory.html	Ropa, gaz i geopolityka: analiza strukturalna popytu i trwałości monopoli energetycznych · v01.00 · 2026-03-17	https://maciektora-hue.github.io/rosja/ropa-gaz/	H3	3	14	4.2. Stary paradygmat vs. nowy: centralizacja vs. decentralizacja	centralizacja-vs-decentralizacja	OK	https://maciektora-hue.github.io/rosja/ropa-gaz/#centralizacja-vs-decentralizacja
E1	ropa-gaz-geopolityka-analiza-v01_00-2026-03-17-anchory.html	Ropa, gaz i geopolityka: analiza strukturalna popytu i trwałości monopoli energetycznych · v01.00 · 2026-03-17	https://maciektora-hue.github.io/rosja/ropa-gaz/	H3	3	15	4.3. Panel to capital good, baryłka to consumable	panel-capital-good-barylka-consumable	OK	https://maciektora-hue.github.io/rosja/ropa-gaz/#panel-capital-good-barylka-consumable
E1	ropa-gaz-geopolityka-analiza-v01_00-2026-03-17-anchory.html	Ropa, gaz i geopolityka: analiza strukturalna popytu i trwałości monopoli energetycznych · v01.00 · 2026-03-17	https://maciektora-hue.github.io/rosja/ropa-gaz/	H2	2	16	5. Monopole surowcowe: trwałość saudyjska vs. chińska	monopole-surowcowe	OK	https://maciektora-hue.github.io/rosja/ropa-gaz/#monopole-surowcowe
E1	ropa-gaz-geopolityka-analiza-v01_00-2026-03-17-anchory.html	Ropa, gaz i geopolityka: analiza strukturalna popytu i trwałości monopoli energetycznych · v01.00 · 2026-03-17	https://maciektora-hue.github.io/rosja/ropa-gaz/	H3	3	17	5.1. Saudyjska dźwignia cenowa: autoimmunologia	saudyjska-dzwignia-autoimmunologia	OK	https://maciektora-hue.github.io/rosja/ropa-gaz/#saudyjska-dzwignia-autoimmunologia
E1	ropa-gaz-geopolityka-analiza-v01_00-2026-03-17-anchory.html	Ropa, gaz i geopolityka: analiza strukturalna popytu i trwałości monopoli energetycznych · v01.00 · 2026-03-17	https://maciektora-hue.github.io/rosja/ropa-gaz/	H3	3	18	5.2. Chiński monopol na surowce krytyczne: aktywny i czasowy	chinski-monopol-surowcow-krytycznych	OK	https://maciektora-hue.github.io/rosja/ropa-gaz/#chinski-monopol-surowcow-krytycznych
E1	ropa-gaz-geopolityka-analiza-v01_00-2026-03-17-anchory.html	Ropa, gaz i geopolityka: analiza strukturalna popytu i trwałości monopoli energetycznych · v01.00 · 2026-03-17	https://maciektora-hue.github.io/rosja/ropa-gaz/	H3	3	19	"5.3. Dlaczego chiński „OPEC na surowce krytyczne"" ma wbudowany zegar samozniszczenia"	chinski-opec-zegar-samozniszczenia	OK	https://maciektora-hue.github.io/rosja/ropa-gaz/#chinski-opec-zegar-samozniszczenia
E1	ropa-gaz-geopolityka-analiza-v01_00-2026-03-17-anchory.html	Ropa, gaz i geopolityka: analiza strukturalna popytu i trwałości monopoli energetycznych · v01.00 · 2026-03-17	https://maciektora-hue.github.io/rosja/ropa-gaz/	H2	2	20	6. Wymiar etyczny: kryzysy, moralność i transformacja	wymiar-etyczny-transformacji	OK	https://maciektora-hue.github.io/rosja/ropa-gaz/#wymiar-etyczny-transformacji
E1	ropa-gaz-geopolityka-analiza-v01_00-2026-03-17-anchory.html	Ropa, gaz i geopolityka: analiza strukturalna popytu i trwałości monopoli energetycznych · v01.00 · 2026-03-17	https://maciektora-hue.github.io/rosja/ropa-gaz/	H3	3	21	6.1. Tani surowiec od dyktatorów jako moralny hazard	tani-surowiec-moralny-hazard	OK	https://maciektora-hue.github.io/rosja/ropa-gaz/#tani-surowiec-moralny-hazard
E1	ropa-gaz-geopolityka-analiza-v01_00-2026-03-17-anchory.html	Ropa, gaz i geopolityka: analiza strukturalna popytu i trwałości monopoli energetycznych · v01.00 · 2026-03-17	https://maciektora-hue.github.io/rosja/ropa-gaz/	H3	3	22	6.2. Kryzysy nie zawsze moralizują — warunek: substytut	kryzys-warunek-substytut	OK	https://maciektora-hue.github.io/rosja/ropa-gaz/#kryzys-warunek-substytut
E1	ropa-gaz-geopolityka-analiza-v01_00-2026-03-17-anchory.html	Ropa, gaz i geopolityka: analiza strukturalna popytu i trwałości monopoli energetycznych · v01.00 · 2026-03-17	https://maciektora-hue.github.io/rosja/ropa-gaz/	H3	3	23	6.3. Kto przyspieszył dekarbonizację?	kto-przyspieszyl-dekarbonizacje	OK	https://maciektora-hue.github.io/rosja/ropa-gaz/#kto-przyspieszyl-dekarbonizacje
E1	ropa-gaz-geopolityka-analiza-v01_00-2026-03-17-anchory.html	Ropa, gaz i geopolityka: analiza strukturalna popytu i trwałości monopoli energetycznych · v01.00 · 2026-03-17	https://maciektora-hue.github.io/rosja/ropa-gaz/	H3	3	24	6.4. Energia jako narzędzie sprawiedliwości	energia-sprawiedliwosc	OK	https://maciektora-hue.github.io/rosja/ropa-gaz/#energia-sprawiedliwosc
E1	ropa-gaz-geopolityka-analiza-v01_00-2026-03-17-anchory.html	Ropa, gaz i geopolityka: analiza strukturalna popytu i trwałości monopoli energetycznych · v01.00 · 2026-03-17	https://maciektora-hue.github.io/rosja/ropa-gaz/	H2	2	25	7. Podsumowanie tez	podsumowanie-tez	OK	https://maciektora-hue.github.io/rosja/ropa-gaz/#podsumowanie-tez
E2	monopole-moralnosc-transformacja-zrodla-v01_00-2026-03-17-anchory.html	Monopole, moralność i transformacja: analiza źródłowa aspektów geopolitycznych · v01.00 · 2026-03-17	https://maciektora-hue.github.io/rosja/monopole/	H1	1	1	Monopole, moralność i transformacja	monopole-moralnosc-transformacja	OK	https://maciektora-hue.github.io/rosja/monopole/#monopole-moralnosc-transformacja
E2	monopole-moralnosc-transformacja-zrodla-v01_00-2026-03-17-anchory.html	Monopole, moralność i transformacja: analiza źródłowa aspektów geopolitycznych · v01.00 · 2026-03-17	https://maciektora-hue.github.io/rosja/monopole/	H2	2	2	1. Saudyjska dźwignia cenowa: anatomia samolikwidacji	saudyjska-dzwignia-samolikwidacja	OK	https://maciektora-hue.github.io/rosja/monopole/#saudyjska-dzwignia-samolikwidacja
E2	monopole-moralnosc-transformacja-zrodla-v01_00-2026-03-17-anchory.html	Monopole, moralność i transformacja: analiza źródłowa aspektów geopolitycznych · v01.00 · 2026-03-17	https://maciektora-hue.github.io/rosja/monopole/	H2	2	3	2. Chiński monopol na REE i lit: strategia, mechanizm, erozja	chinski-monopol-ree-lit	OK	https://maciektora-hue.github.io/rosja/monopole/#chinski-monopol-ree-lit
E2	monopole-moralnosc-transformacja-zrodla-v01_00-2026-03-17-anchory.html	Monopole, moralność i transformacja: analiza źródłowa aspektów geopolitycznych · v01.00 · 2026-03-17	https://maciektora-hue.github.io/rosja/monopole/	H3	3	4	"2.1. Strategia: „nie geologia, lecz processing"""	strategia-processing	OK	https://maciektora-hue.github.io/rosja/monopole/#strategia-processing
E2	monopole-moralnosc-transformacja-zrodla-v01_00-2026-03-17-anchory.html	Monopole, moralność i transformacja: analiza źródłowa aspektów geopolitycznych · v01.00 · 2026-03-17	https://maciektora-hue.github.io/rosja/monopole/	H3	3	5	2.2. Erozja: czy zegar samozniszczenia naprawdę tyka?	erozja-zegar-samozniszczenia	OK	https://maciektora-hue.github.io/rosja/monopole/#erozja-zegar-samozniszczenia
E2	monopole-moralnosc-transformacja-zrodla-v01_00-2026-03-17-anchory.html	Monopole, moralność i transformacja: analiza źródłowa aspektów geopolitycznych · v01.00 · 2026-03-17	https://maciektora-hue.github.io/rosja/monopole/	H2	2	6	3. Wandel durch Handel: anatomia moralnego hazardu energetycznego	wandel-durch-handel-moralny-hazard	OK	https://maciektora-hue.github.io/rosja/monopole/#wandel-durch-handel-moralny-hazard
E2	monopole-moralnosc-transformacja-zrodla-v01_00-2026-03-17-anchory.html	Monopole, moralność i transformacja: analiza źródłowa aspektów geopolitycznych · v01.00 · 2026-03-17	https://maciektora-hue.github.io/rosja/monopole/	H3	3	7	3.1. Niemiecka zależność od rosyjskiego gazu jako case study	niemiecka-zaleznosc-rosyjski-gaz	OK	https://maciektora-hue.github.io/rosja/monopole/#niemiecka-zaleznosc-rosyjski-gaz
E2	monopole-moralnosc-transformacja-zrodla-v01_00-2026-03-17-anchory.html	Monopole, moralność i transformacja: analiza źródłowa aspektów geopolitycznych · v01.00 · 2026-03-17	https://maciektora-hue.github.io/rosja/monopole/	H3	3	8	"3.2. „Nowe kraje członkowskie"" vs. „stare"""	nowe-vs-stare-kraje-czlonkowskie	OK	https://maciektora-hue.github.io/rosja/monopole/#nowe-vs-stare-kraje-czlonkowskie
E2	monopole-moralnosc-transformacja-zrodla-v01_00-2026-03-17-anchory.html	Monopole, moralność i transformacja: analiza źródłowa aspektów geopolitycznych · v01.00 · 2026-03-17	https://maciektora-hue.github.io/rosja/monopole/	H2	2	9	4. Kryzysy a moralność: kiedy szok prowadzi do solidarności, a kiedy do sauve qui peut?	kryzysy-moralnosc-solidarnosc-sauve-qui-peut	OK	https://maciektora-hue.github.io/rosja/monopole/#kryzysy-moralnosc-solidarnosc-sauve-qui-peut
E2	monopole-moralnosc-transformacja-zrodla-v01_00-2026-03-17-anchory.html	Monopole, moralność i transformacja: analiza źródłowa aspektów geopolitycznych · v01.00 · 2026-03-17	https://maciektora-hue.github.io/rosja/monopole/	H3	3	10	4.1. 1973 vs. 2022: dwa tryby reakcji	1973-vs-2022	OK	https://maciektora-hue.github.io/rosja/monopole/#1973-vs-2022
E2	monopole-moralnosc-transformacja-zrodla-v01_00-2026-03-17-anchory.html	Monopole, moralność i transformacja: analiza źródłowa aspektów geopolitycznych · v01.00 · 2026-03-17	https://maciektora-hue.github.io/rosja/monopole/	H3	3	11	4.2. Asymetria kosztów: kto płaci za transformację?	asymetria-kosztow-transformacji	OK	https://maciektora-hue.github.io/rosja/monopole/#asymetria-kosztow-transformacji
E2	monopole-moralnosc-transformacja-zrodla-v01_00-2026-03-17-anchory.html	Monopole, moralność i transformacja: analiza źródłowa aspektów geopolitycznych · v01.00 · 2026-03-17	https://maciektora-hue.github.io/rosja/monopole/	H2	2	12	5. Podsumowanie korekt	podsumowanie-korekt	OK	https://maciektora-hue.github.io/rosja/monopole/#podsumowanie-korekt
